Date,Min temperature (°C),Max temperature (°C),Total Rainfall (mm),Time of maximum gust,Direction of wind,max wind speed (km/h),max gust speed(km/h),max pressure (hPa),Max Humidity (%),Min Humidity (%),source_file,day,month,year,month_name,weekday,rain_indicator
2015-01-01,13.6,26.1,0.0, 17:00,SSW,20.0,28.0,1015.9,92.0,35.0,Weather archive 2015-2026,1,1,2015,January,Thursday,0
2015-01-02,15.5,38.2,0.0,13:30,NNW,22.0,33.0,1015.5,92.0,12.0,Weather archive 2015-2026,2,1,2015,January,Friday,0
2015-01-03,21.8,37.7,0.0,14:30,N,37.0,57.0,1012.6,84.0,19.0,Weather archive 2015-2026,3,1,2015,January,Saturday,0
2015-01-04,16.0,22.4,4.2,2:30,NNE,20.0,41.0,1020.4,93.0,33.0,Weather archive 2015-2026,4,1,2015,January,Sunday,1
2015-01-05,15.1,21.5,0.0,18:00,SSW,22.0,41.0,1021.0,86.0,60.0,Weather archive 2015-2026,5,1,2015,January,Monday,0
2015-01-06,18.0,25.9,0.0,16:30,S,17.0,28.0,1020.4,89.0,52.0,Weather archive 2015-2026,6,1,2015,January,Tuesday,0
2015-01-07,19.1,37.3,19.0,13:47,NW,39.0,61.0,1017.0,95.0,27.0,Weather archive 2015-2026,7,1,2015,January,Wednesday,1
2015-01-08,21.2,27.8,19.4,16:30,WSW,11.0,28.0,1012.0,87.0,56.0,Weather archive 2015-2026,8,1,2015,January,Thursday,1
2015-01-09,13.6,20.8,3.6,4:00,SSW,15.0,24.0,1012.9,99.0,73.0,Weather archive 2015-2026,9,1,2015,January,Friday,1
2015-01-10,13.9,18.8,5.2,15:00,S,11.0,20.0,1014.9,96.0,71.0,Weather archive 2015-2026,10,1,2015,January,Saturday,1
2015-01-11,17.7,26.8,0.0,18:30,SE,26.0,44.0,1015.9,94.0,52.0,Weather archive 2015-2026,11,1,2015,January,Sunday,0
2015-01-12,16.1,31.0,0.0,15:30,S,19.0,35.0,1019.0,95.0,32.0,Weather archive 2015-2026,12,1,2015,January,Monday,0
2015-01-13,20.2,25.4,13.6,18:00,N,24.0,37.0,1007.7,90.0,47.0,Weather archive 2015-2026,13,1,2015,January,Tuesday,1
2015-01-14,17.1,22.0,15.8,14:30,WSW,17.0,33.0,1007.9,98.0,63.0,Weather archive 2015-2026,14,1,2015,January,Wednesday,1
2015-01-15,16.1,19.8,0.0,20:30,S,17.0,30.0,1010.7,74.0,62.0,Weather archive 2015-2026,15,1,2015,January,Thursday,0
2015-01-16,13.3,27.0,0.0,16:30,NW,20.0,35.0,1010.1,80.0,30.0,Weather archive 2015-2026,16,1,2015,January,Friday,0
2015-01-17,16.2,24.7,0.0,17:30,S,20.0,39.0,1014.3,72.0,35.0,Weather archive 2015-2026,17,1,2015,January,Saturday,0
2015-01-18,15.4,19.4,0.0,14:00,SSE,20.0,33.0,1018.8,77.0,47.0,Weather archive 2015-2026,18,1,2015,January,Sunday,0
2015-01-19,13.7,23.4,0.0,18:00,S,19.0,35.0,1018.7,84.0,33.0,Weather archive 2015-2026,19,1,2015,January,Monday,0
2015-01-20,13.1,29.9,0.0,9:30,N,24.0,43.0,1011.5,85.0,31.0,Weather archive 2015-2026,20,1,2015,January,Tuesday,0
2015-01-21,19.8,32.6,0.0,19:30,SE,20.0,33.0,1010.4,84.0,28.0,Weather archive 2015-2026,21,1,2015,January,Wednesday,0
2015-01-22,19.0,35.0,0.0,19:30,SSW,24.0,41.0,1012.3,90.0,26.0,Weather archive 2015-2026,22,1,2015,January,Thursday,0
2015-01-23,17.1,24.7,0.0,16:00,S,20.0,37.0,1008.9,83.0,46.0,Weather archive 2015-2026,23,1,2015,January,Friday,0
2015-01-24,15.9,26.0,0.0,17:30,SSW,19.0,28.0,1008.2,83.0,41.0,Weather archive 2015-2026,24,1,2015,January,Saturday,0
2015-01-25,14.7,21.3,0.0,5:30,W,20.0,43.0,1013.6,79.0,33.0,Weather archive 2015-2026,25,1,2015,January,Sunday,0
2015-01-26,11.7,19.5,1.0,16:00,S,20.0,39.0,1017.9,86.0,46.0,Weather archive 2015-2026,26,1,2015,January,Monday,1
2015-01-27,11.8,18.7,0.6,18:00,S,20.0,39.0,1018.3,77.0,48.0,Weather archive 2015-2026,27,1,2015,January,Tuesday,1
2015-01-28,13.4,24.5,0.0,19:00,SSE,26.0,46.0,1019.8,77.0,35.0,Weather archive 2015-2026,28,1,2015,January,Wednesday,0
2015-01-29,12.9,20.8,0.0,17:00,S,24.0,43.0,1020.9,78.0,38.0,Weather archive 2015-2026,29,1,2015,January,Thursday,0
2015-01-30,13.3,20.8,0.0,13:00,S,22.0,35.0,1018.0,81.0,44.0,Weather archive 2015-2026,30,1,2015,January,Friday,0
2015-01-31,14.4,19.8,2.4,13:30,S,22.0,39.0,1013.7,92.0,59.0,Weather archive 2015-2026,31,1,2015,January,Saturday,1
2015-02-01,13.3,18.6,9.2,18:00,SSW,22.0,41.0,1017.2,97.0,73.0,Weather archive 2015-2026,1,2,2015,February,Sunday,1
2015-02-02,15.7,20.5,3.8,18:30,S,20.0,43.0,1023.3,84.0,59.0,Weather archive 2015-2026,2,2,2015,February,Monday,1
2015-02-03,16.2,19.5,0.0,17:00,S,17.0,35.0,1023.2,72.0,56.0,Weather archive 2015-2026,3,2,2015,February,Tuesday,0
2015-02-04,15.1,18.3,0.0,14:30,SSW,20.0,41.0,1021.0,82.0,53.0,Weather archive 2015-2026,4,2,2015,February,Wednesday,0
2015-02-05,13.5,23.6,0.0,17:00,SSW,20.0,35.0,1024.1,86.0,50.0,Weather archive 2015-2026,5,2,2015,February,Thursday,0
2015-02-06,14.7,35.4,0.0,17:30,SE,13.0,22.0,1025.4,95.0,23.0,Weather archive 2015-2026,6,2,2015,February,Friday,0
2015-02-07,23.0,33.8,0.0,12:00,N,26.0,41.0,1020.6,54.0,26.0,Weather archive 2015-2026,7,2,2015,February,Saturday,0
2015-02-08,17.5,23.7,0.0,8:30,SSW,20.0,32.0,1025.3,86.0,48.0,Weather archive 2015-2026,8,2,2015,February,Sunday,0
2015-02-09,13.8,27.8,0.0,19:30,SE,17.0,28.0,1025.4,78.0,44.0,Weather archive 2015-2026,9,2,2015,February,Monday,0
2015-02-10,16.6,27.1,0.0,18:30,SSW,15.0,26.0,1022.0,94.0,53.0,Weather archive 2015-2026,10,2,2015,February,Tuesday,0
2015-02-11,18.2,26.5,0.0,18:30,S,24.0,39.0,1023.6,98.0,58.0,Weather archive 2015-2026,11,2,2015,February,Wednesday,0
2015-02-12,18.0,21.7,0.0,17:30,SW,17.0,33.0,1025.6,81.0,54.0,Weather archive 2015-2026,12,2,2015,February,Thursday,0
2015-02-13,16.3,31.9,11.0,16:30,S,20.0,35.0,1023.3,95.0,31.0,Weather archive 2015-2026,13,2,2015,February,Friday,1
2015-02-14,19.0,24.8,19.6,8:30,N,0.0,7.0,1020.2,100.0,62.0,Weather archive 2015-2026,14,2,2015,February,Saturday,1
2015-02-15,18.5,34.2,0.4,18:00,SE,7.0,15.0,1017.9,92.0,24.0,Weather archive 2015-2026,15,2,2015,February,Sunday,1
2015-02-16,17.5,27.8,0.0,18:00,S,20.0,39.0,1019.3,77.0,45.0,Weather archive 2015-2026,16,2,2015,February,Monday,0
2015-02-17,17.7,20.0,0.0,18:30,SSW,17.0,26.0,1019.7,76.0,67.0,Weather archive 2015-2026,17,2,2015,February,Tuesday,0
2015-02-18,17.8,20.9,0.0,20:30,SSE,13.0,24.0,1021.9,84.0,66.0,Weather archive 2015-2026,18,2,2015,February,Wednesday,0
2015-02-19,18.8,26.4,0.0,18:00,SSW,11.0,20.0,1019.4,86.0,57.0,Weather archive 2015-2026,19,2,2015,February,Thursday,0
2015-02-20,17.5,23.3,0.0,15:00,SSW,19.0,30.0,1016.4,100.0,63.0,Weather archive 2015-2026,20,2,2015,February,Friday,0
2015-02-21,18.2,35.8,1.6,12:00,N,22.0,35.0,1016.2,93.0,26.0,Weather archive 2015-2026,21,2,2015,February,Saturday,1
2015-02-22,23.0,34.7,1.6,10:00,N,24.0,37.0,1013.6,72.0,27.0,Weather archive 2015-2026,22,2,2015,February,Sunday,1
2015-02-23,16.8,28.9,3.2,12:00,S,19.0,39.0,1019.7,94.0,45.0,Weather archive 2015-2026,23,2,2015,February,Monday,1
2015-02-24,16.0,19.9,3.2,16:30,SSW,20.0,37.0,1021.0,73.0,46.0,Weather archive 2015-2026,24,2,2015,February,Tuesday,1
2015-02-25,14.2,26.6,0.0,2:00,SSE,11.0,20.0,1017.3,95.0,46.0,Weather archive 2015-2026,25,2,2015,February,Wednesday,0
2015-02-26,17.6,22.9,0.0,3:00,WSW,9.0,19.0,1011.8,88.0,58.0,Weather archive 2015-2026,26,2,2015,February,Thursday,0
2015-02-27,14.9,23.8,0.0,15:30,S,13.0,20.0,1011.8,98.0,45.0,Weather archive 2015-2026,27,2,2015,February,Friday,0
2015-02-28,18.0,32.1,13.2,20:30,W,22.0,48.0,1010.5,100.0,26.0,Weather archive 2015-2026,28,2,2015,February,Saturday,1
2015-03-01,15.3,20.4,15.8,8:00,W,9.0,20.0,1018.3,100.0,54.0,Weather archive 2015-2026,1,3,2015,March,Sunday,1
2015-03-02,11.7,22.4,0.0,16:30,SSW,13.0,24.0,1018.7,93.0,38.0,Weather archive 2015-2026,2,3,2015,March,Monday,0
2015-03-03,15.7,22.4,0.0,15:30,S,15.0,24.0,1017.6,77.0,44.0,Weather archive 2015-2026,3,3,2015,March,Tuesday,0
2015-03-04,15.4,23.4,0.0,10:00,W,11.0,20.0,1016.4,83.0,44.0,Weather archive 2015-2026,4,3,2015,March,Wednesday,0
2015-03-05,12.7,19.6,0.8,3:30,WSW,22.0,59.0,1018.0,85.0,39.0,Weather archive 2015-2026,5,3,2015,March,Thursday,1
2015-03-06,14.3,20.0,,14:00,S,20.0,33.0,1014.2,89.0,54.0,Weather archive 2015-2026,6,3,2015,March,Friday,0
2015-03-07,15.7,22.0,,10:30,W,11.0,22.0,1012.9,91.0,51.0,Weather archive 2015-2026,7,3,2015,March,Saturday,0
2015-03-08,16.4,24.3,0.0,16:00,SSW,17.0,24.0,1012.8,88.0,49.0,Weather archive 2015-2026,8,3,2015,March,Sunday,0
2015-03-09,14.5,23.3,0.0,18:00,S,24.0,37.0,1018.0,91.0,42.0,Weather archive 2015-2026,9,3,2015,March,Monday,0
2015-03-10,14.6,21.2,0.0,17:00,S,17.0,26.0,1018.8,74.0,49.0,Weather archive 2015-2026,10,3,2015,March,Tuesday,0
2015-03-11,11.4,23.3,0.0,14:30,S,20.0,32.0,1017.0,93.0,34.0,Weather archive 2015-2026,11,3,2015,March,Wednesday,0
2015-03-12,13.2,19.1,0.0,14:00,SSW,20.0,37.0,1022.7,90.0,43.0,Weather archive 2015-2026,12,3,2015,March,Thursday,0
2015-03-13,13.5,19.7,0.0,16:00,SSW,19.0,32.0,1024.1,74.0,40.0,Weather archive 2015-2026,13,3,2015,March,Friday,0
2015-03-14,9.5,29.7,,15:07,N,28.0,46.0,1019.8,94.0,18.0,Weather archive 2015-2026,14,3,2015,March,Saturday,0
2015-03-15,14.6,17.9,,16:00,SSW,20.0,37.0,1019.2,93.0,48.0,Weather archive 2015-2026,15,3,2015,March,Sunday,0
2015-03-16,10.5,24.5,0.0,15:30,N,17.0,28.0,1015.9,92.0,36.0,Weather archive 2015-2026,16,3,2015,March,Monday,0
2015-03-17,17.2,26.0,0.0,15:07,N,28.0,46.0,1008.4,83.0,32.0,Weather archive 2015-2026,17,3,2015,March,Tuesday,0
2015-03-18,17.1,23.4,1.4,9:00,NNW,11.0,20.0,1007.7,95.0,54.0,Weather archive 2015-2026,18,3,2015,March,Wednesday,1
2015-03-19,17.1,33.4,0.0,10:30,N,37.0,67.0,1012.3,94.0,28.0,Weather archive 2015-2026,19,3,2015,March,Thursday,0
2015-03-20,14.0,18.9,0.0,16:00,S,19.0,37.0,1026.1,69.0,46.0,Weather archive 2015-2026,20,3,2015,March,Friday,0
2015-03-21,12.0,21.5,0.0,11:00,ESE,17.0,33.0,1027.2,78.0,37.0,Weather archive 2015-2026,21,3,2015,March,Saturday,0
2015-03-22,11.5,28.6,0.0,13:30,NNW,22.0,33.0,1023.3,86.0,29.0,Weather archive 2015-2026,22,3,2015,March,Sunday,0
2015-03-23,15.7,26.8,1.2,18:00,SSW,22.0,39.0,1014.6,89.0,36.0,Weather archive 2015-2026,23,3,2015,March,Monday,1
2015-03-24,12.7,15.1,1.4,16:00,S,19.0,32.0,1020.1,76.0,56.0,Weather archive 2015-2026,24,3,2015,March,Tuesday,1
2015-03-25,13.3,19.7,0.4,16:30,S,13.0,22.0,1019.9,75.0,46.0,Weather archive 2015-2026,25,3,2015,March,Wednesday,1
2015-03-26,10.2,17.7,0.4,14:00,NNW,24.0,50.0,1019.1,79.0,33.0,Weather archive 2015-2026,26,3,2015,March,Thursday,1
2015-03-27,13.2,18.0,0.2,12:30,S,20.0,39.0,1025.0,76.0,52.0,Weather archive 2015-2026,27,3,2015,March,Friday,1
2015-03-28,11.9,18.6,0.0,18:30,SSW,11.0,20.0,1026.2,88.0,51.0,Weather archive 2015-2026,28,3,2015,March,Saturday,0
2015-03-29,8.6,22.4,0.0,21:00,SE,13.0,20.0,1024.1,90.0,41.0,Weather archive 2015-2026,29,3,2015,March,Sunday,0
2015-03-30,10.9,22.7,0.0,20:30,SSE,13.0,20.0,1026.5,93.0,43.0,Weather archive 2015-2026,30,3,2015,March,Monday,0
2015-03-31,11.4,24.8,0.0,15:00,SSW,11.0,19.0,1027.2,99.0,46.0,Weather archive 2015-2026,31,3,2015,March,Tuesday,0
2015-04-01,15.0,28.8,0.0,13:35,N,28.0,46.0,1021.9,96.0,29.0,Weather archive 2015-2026,1,4,2015,April,Wednesday,0
2015-04-02,12.3,21.9,0.2,11:30,S,28.0,44.0,1026.1,82.0,41.0,Weather archive 2015-2026,2,4,2015,April,Thursday,1
2015-04-03,8.3,20.7,0.0,15:00,SE,17.0,32.0,1026.0,90.0,34.0,Weather archive 2015-2026,3,4,2015,April,Friday,0
2015-04-04,8.6,23.4,0.0,15:00,SSW,11.0,17.0,1021.3,94.0,34.0,Weather archive 2015-2026,4,4,2015,April,Saturday,0
2015-04-05,11.1,18.0,0.0,17:30,S,13.0,26.0,1014.8,95.0,67.0,Weather archive 2015-2026,5,4,2015,April,Sunday,0
2015-04-06,11.3,18.1,0.0,15:30,S,11.0,20.0,1009.5,81.0,40.0,Weather archive 2015-2026,6,4,2015,April,Monday,0
2015-04-07,12.4,16.7,5.4,16:00,S,24.0,46.0,1019.1,95.0,63.0,Weather archive 2015-2026,7,4,2015,April,Tuesday,1
2015-04-08,12.6,17.4,5.6,2:00,S,20.0,39.0,1026.3,83.0,57.0,Weather archive 2015-2026,8,4,2015,April,Wednesday,1
2015-04-09,8.9,18.7,0.0,10:00,SSE,15.0,24.0,1026.8,99.0,53.0,Weather archive 2015-2026,9,4,2015,April,Thursday,0
2015-04-10,8.9,17.9,0.0,17:30,SSW,19.0,32.0,1027.3,97.0,53.0,Weather archive 2015-2026,10,4,2015,April,Friday,0
2015-04-11,11.6,23.2,0.0,16:30,S,15.0,26.0,1023.8,99.0,43.0,Weather archive 2015-2026,11,4,2015,April,Saturday,0
2015-04-12,9.0,17.9,0.0,16:00,S,17.0,32.0,1024.1,93.0,57.0,Weather archive 2015-2026,12,4,2015,April,Sunday,0
2015-04-13,7.4,18.6,0.0,14:00,SSW,11.0,19.0,1023.4,98.0,54.0,Weather archive 2015-2026,13,4,2015,April,Monday,0
2015-04-14,13.0,24.4,1.6,16:00,N,15.0,24.0,1020.7,91.0,41.0,Weather archive 2015-2026,14,4,2015,April,Tuesday,1
2015-04-15,17.2,27.3,2.4,13:00,N,28.0,46.0,1019.6,90.0,37.0,Weather archive 2015-2026,15,4,2015,April,Wednesday,1
2015-04-16,13.9,17.4,0.0,2:30,W,17.0,30.0,1026.5,87.0,58.0,Weather archive 2015-2026,16,4,2015,April,Thursday,0
2015-04-17,10.1,16.7,3.0,14:30,NNE,11.0,15.0,1024.5,94.0,57.0,Weather archive 2015-2026,17,4,2015,April,Friday,1
2015-04-18,11.1,21.3,3.6,18:26,S,20.0,43.0,1014.2,100.0,39.0,Weather archive 2015-2026,18,4,2015,April,Saturday,1
2015-04-19,9.7,14.1,6.4,14:30,S,22.0,56.0,1035.1,87.0,45.0,Weather archive 2015-2026,19,4,2015,April,Sunday,1
2015-04-20,7.0,15.8,1.4,16:00,SSE,19.0,37.0,1037.1,86.0,42.0,Weather archive 2015-2026,20,4,2015,April,Monday,1
2015-04-21,6.6,17.3,0.0,13:30,SSE,19.0,28.0,1034.5,93.0,47.0,Weather archive 2015-2026,21,4,2015,April,Tuesday,0
2015-04-22,9.3,19.2,0.0,10:30,SE,15.0,28.0,1028.5,91.0,63.0,Weather archive 2015-2026,22,4,2015,April,Wednesday,0
2015-04-23,12.5,19.0,0.0,12:00,SSE,17.0,26.0,1021.2,98.0,69.0,Weather archive 2015-2026,23,4,2015,April,Thursday,0
2015-04-24,13.3,20.4,1.8,21:30,NW,19.0,32.0,1008.3,97.0,56.0,Weather archive 2015-2026,24,4,2015,April,Friday,1
2015-04-25,11.6,14.9,5.2,22:30,SSW,22.0,44.0,1014.4,100.0,70.0,Weather archive 2015-2026,25,4,2015,April,Saturday,1
2015-04-26,10.4,15.1,3.6,3:00,SSW,17.0,32.0,1021.3,98.0,58.0,Weather archive 2015-2026,26,4,2015,April,Sunday,1
2015-04-27,11.0,14.8,4.0,4:00,W,15.0,30.0,1026.1,89.0,70.0,Weather archive 2015-2026,27,4,2015,April,Monday,1
2015-04-28,8.9,15.4,1.6,16:00,S,15.0,30.0,1030.4,96.0,55.0,Weather archive 2015-2026,28,4,2015,April,Tuesday,1
2015-04-29,7.4,16.4,0.0,14:00,SSW,13.0,20.0,1032.2,93.0,54.0,Weather archive 2015-2026,29,4,2015,April,Wednesday,0
2015-04-30,6.5,19.5,0.0,16:30,SSE,11.0,19.0,1032.2,99.0,42.0,Weather archive 2015-2026,30,4,2015,April,Thursday,0
2015-05-01,8.2,22.8,0.0,15:00,NNE,15.0,24.0,1029.1,97.0,38.0,Weather archive 2015-2026,1,5,2015,May,Friday,0
2015-05-02,12.1,22.1,0.0,11:30,N,24.0,41.0,1020.2,97.0,49.0,Weather archive 2015-2026,2,5,2015,May,Saturday,0
2015-05-03,9.9,17.8,0.0,15:30,S,9.0,17.0,1020.4,100.0,58.0,Weather archive 2015-2026,3,5,2015,May,Sunday,0
2015-05-04,7.6,22.0,0.0,23:30,N,32.0,48.0,1017.5,100.0,39.0,Weather archive 2015-2026,4,5,2015,May,Monday,0
2015-05-05,11.8,17.3,1.4,11:46,NNW,33.0,56.0,1009.6,78.0,41.0,Weather archive 2015-2026,5,5,2015,May,Tuesday,1
2015-05-06,9.7,16.1,2.2,19:00,WSW,13.0,30.0,1017.2,81.0,51.0,Weather archive 2015-2026,6,5,2015,May,Wednesday,1
2015-05-07,10.5,14.6,2.2,15:00,W,20.0,39.0,1020.7,75.0,51.0,Weather archive 2015-2026,7,5,2015,May,Thursday,1
2015-05-08,10.7,15.6,0.2,15:00,NNW,19.0,33.0,1020.1,75.0,53.0,Weather archive 2015-2026,8,5,2015,May,Friday,1
2015-05-09,13.0,18.2,0.0,21:00,N,26.0,44.0,1014.8,74.0,50.0,Weather archive 2015-2026,9,5,2015,May,Saturday,0
2015-05-10,12.9,16.0,8.6,14:30,W,20.0,50.0,1007.9,91.0,52.0,Weather archive 2015-2026,10,5,2015,May,Sunday,1
2015-05-11,12.5,15.6,2.6,9:30,WSW,15.0,33.0,1014.6,94.0,56.0,Weather archive 2015-2026,11,5,2015,May,Monday,1
2015-05-12,8.3,16.4,2.0,14:30,W,19.0,44.0,1015.6,72.0,43.0,Weather archive 2015-2026,12,5,2015,May,Tuesday,1
2015-05-13,6.4,12.7,6.8,14:00,SSW,19.0,35.0,1028.2,89.0,55.0,Weather archive 2015-2026,13,5,2015,May,Wednesday,1
2015-05-14,10.1,14.2,4.4,14:30,SSW,17.0,35.0,1034.1,98.0,75.0,Weather archive 2015-2026,14,5,2015,May,Thursday,1
2015-05-15,11.6,14.1,1.8,12:30,S,15.0,28.0,1036.8,100.0,70.0,Weather archive 2015-2026,15,5,2015,May,Friday,1
2015-05-16,9.0,15.9,0.0,16:00,SSW,11.0,19.0,1037.2,99.0,62.0,Weather archive 2015-2026,16,5,2015,May,Saturday,0
2015-05-17,7.6,20.4,0.0,11:30,N,20.0,30.0,1034.0,100.0,46.0,Weather archive 2015-2026,17,5,2015,May,Sunday,0
2015-05-18,7.3,19.8,0.0,15:00,N,17.0,28.0,1031.4,92.0,44.0,Weather archive 2015-2026,18,5,2015,May,Monday,0
2015-05-19,13.4,16.1,2.4,0:00,N,22.0,39.0,1019.1,87.0,46.0,Weather archive 2015-2026,19,5,2015,May,Tuesday,1
2015-05-20,11.3,17.6,4.0,0:30,N,22.0,39.0,1019.7,100.0,53.0,Weather archive 2015-2026,20,5,2015,May,Wednesday,1
2015-05-21,10.5,13.0,6.2,3:30,S,13.0,30.0,1026.4,99.0,73.0,Weather archive 2015-2026,21,5,2015,May,Thursday,1
2015-05-22,9.3,14.1,0.4,15:00,S,17.0,28.0,1032.4,99.0,62.0,Weather archive 2015-2026,22,5,2015,May,Friday,1
2015-05-23,8.2,12.9,0.0,14:30,SSW,15.0,20.0,1033.6,91.0,62.0,Weather archive 2015-2026,23,5,2015,May,Saturday,0
2015-05-24,6.1,15.2,0.0,14:00,SW,9.0,13.0,1032.4,94.0,62.0,Weather archive 2015-2026,24,5,2015,May,Sunday,0
2015-05-25,8.3,17.0,0.0,12:30,NNE,13.0,24.0,1031.7,84.0,51.0,Weather archive 2015-2026,25,5,2015,May,Monday,0
2015-05-26,5.5,15.5,0.0,14:30,N,17.0,26.0,1029.9,86.0,56.0,Weather archive 2015-2026,26,5,2015,May,Tuesday,0
2015-05-27,10.2,18.6,0.0,14:30,N,22.0,37.0,1022.9,80.0,56.0,Weather archive 2015-2026,27,5,2015,May,Wednesday,0
2015-05-28,13.3,19.6,0.0,14:30,N,26.0,39.0,1018.6,82.0,48.0,Weather archive 2015-2026,28,5,2015,May,Thursday,0
2015-05-29,10.3,15.5,0.0,11:30,WNW,15.0,30.0,1022.3,69.0,46.0,Weather archive 2015-2026,29,5,2015,May,Friday,0
2015-05-30,11.3,16.8,0.0,15:00,NW,17.0,43.0,1021.9,70.0,44.0,Weather archive 2015-2026,30,5,2015,May,Saturday,0
2015-05-31,7.3,16.1,5.8,18:00,S,20.0,41.0,1015.4,89.0,52.0,Weather archive 2015-2026,31,5,2015,May,Sunday,1
2015-06-01,5.3,11.9,8.2,11:30,SW,15.0,30.0,1027.3,90.0,49.0,Weather archive 2015-2026,1,6,2015,June,Monday,1
2015-06-02,7.3,11.0,0.8,12:00,SW,11.0,20.0,1029.3,97.0,79.0,Weather archive 2015-2026,2,6,2015,June,Tuesday,1
2015-06-03,5.7,13.3,0.8,11:00,N,9.0,13.0,1025.4,97.0,57.0,Weather archive 2015-2026,3,6,2015,June,Wednesday,1
2015-06-04,4.5,10.9,4.2,12:30,N,32.0,56.0,1022.9,89.0,56.0,Weather archive 2015-2026,4,6,2015,June,Thursday,1
2015-06-05,7.1,14.2,4.2,11:30,NNW,15.0,22.0,1027.2,87.0,57.0,Weather archive 2015-2026,5,6,2015,June,Friday,1
2015-06-06,10.1,16.4,0.2,21:30,N,17.0,32.0,1028.9,96.0,65.0,Weather archive 2015-2026,6,6,2015,June,Saturday,1
2015-06-07,11.3,14.3,0.0,22:44,N,33.0,54.0,1025.7,80.0,65.0,Weather archive 2015-2026,7,6,2015,June,Sunday,0
2015-06-08,11.2,18.2,0.0,14:01,NNW,28.0,48.0,1019.0,73.0,50.0,Weather archive 2015-2026,8,6,2015,June,Monday,0
2015-06-09,8.7,15.8,4.0,0:52,NNW,33.0,50.0,1030.0,93.0,52.0,Weather archive 2015-2026,9,6,2015,June,Tuesday,1
2015-06-10,7.7,12.9,0.2,14:30,N,19.0,50.0,1037.5,87.0,53.0,Weather archive 2015-2026,10,6,2015,June,Wednesday,1
2015-06-11,5.8,13.9,0.0,14:30,S,11.0,15.0,1038.5,97.0,57.0,Weather archive 2015-2026,11,6,2015,June,Thursday,0
2015-06-12,5.3,12.9,0.0,13:30,NNE,11.0,15.0,1035.7,100.0,66.0,Weather archive 2015-2026,12,6,2015,June,Friday,0
2015-06-13,6.1,18.0,0.0,13:00,N,15.0,20.0,1030.5,97.0,53.0,Weather archive 2015-2026,13,6,2015,June,Saturday,0
2015-06-14,5.8,16.9,0.0,10:00,NNE,11.0,15.0,1028.4,99.0,55.0,Weather archive 2015-2026,14,6,2015,June,Sunday,0
2015-06-15,7.4,16.7,4.0,16:30,ESE,9.0,15.0,1026.4,100.0,56.0,Weather archive 2015-2026,15,6,2015,June,Monday,1
2015-06-16,11.5,16.0,68.0,13:00,NW,13.0,20.0,1021.3,100.0,72.0,Weather archive 2015-2026,16,6,2015,June,Tuesday,1
2015-06-17,12.0,13.5,0.0,18:30,SSE,15.0,30.0,1016.9,100.0,85.0,Weather archive 2015-2026,17,6,2015,June,Wednesday,0
2015-06-18,9.6,12.5,4.8,11:30,SE,19.0,37.0,1022.7,93.0,67.0,Weather archive 2015-2026,18,6,2015,June,Thursday,1
2015-06-19,5.4,11.9,0.6,16:30,SSE,19.0,24.0,1026.8,96.0,58.0,Weather archive 2015-2026,19,6,2015,June,Friday,1
2015-06-20,4.1,11.5,0.0,14:30,SW,13.0,19.0,1028.7,100.0,77.0,Weather archive 2015-2026,20,6,2015,June,Saturday,0
2015-06-21,2.3,12.6,0.0,15:30,NNW,20.0,26.0,1029.3,99.0,44.0,Weather archive 2015-2026,21,6,2015,June,Sunday,0
2015-06-22,4.8,14.0,0.0,12:19,N,35.0,56.0,1025.9,80.0,50.0,Weather archive 2015-2026,22,6,2015,June,Monday,0
2015-06-23,14.1,17.2,0.0,14:43,N,33.0,46.0,1019.1,76.0,47.0,Weather archive 2015-2026,23,6,2015,June,Tuesday,0
2015-06-24,10.9,15.9,0.0,21:30,W,17.0,24.0,1025.6,82.0,59.0,Weather archive 2015-2026,24,6,2015,June,Wednesday,0
2015-06-25,12.0,14.0,0.0,11:30,W,13.0,26.0,1031.6,79.0,67.0,Weather archive 2015-2026,25,6,2015,June,Thursday,0
2015-06-26,9.6,16.3,0.0,12:30,WNW,17.0,20.0,1033.3,72.0,49.0,Weather archive 2015-2026,26,6,2015,June,Friday,0
2015-06-27,10.1,14.0,0.0,13:30,N,22.0,28.0,1032.7,75.0,59.0,Weather archive 2015-2026,27,6,2015,June,Saturday,0
2015-06-28,7.6,14.4,0.0,15:30,S,9.0,15.0,1034.2,94.0,62.0,Weather archive 2015-2026,28,6,2015,June,Sunday,0
2015-06-29,5.5,12.2,0.0,16:00,S,13.0,17.0,1032.8,100.0,66.0,Weather archive 2015-2026,29,6,2015,June,Monday,0
2015-06-30,11.1,14.2,0.0,0:00,W,7.0,15.0,1028.8,76.0,50.0,Weather archive 2015-2026,30,6,2015,June,Tuesday,0
2015-07-01,,,,,,,,,,,Weather archive 2015-2026,1,7,2015,July,Wednesday,0
2015-07-02,7.5,11.2,2.0,18:00,SSW,15.0,28.0,1028.8,80.0,60.0,Weather archive 2015-2026,2,7,2015,July,Thursday,1
2015-07-03,8.6,11.1,0.0,21:30,NNW,15.0,20.0,1026.2,59.0,46.0,Weather archive 2015-2026,3,7,2015,July,Friday,0
2015-07-04,9.2,10.5,2.0,22:30,N,17.0,22.0,1022.1,83.0,68.0,Weather archive 2015-2026,4,7,2015,July,Saturday,1
2015-07-05,9.7,13.6,0.0,23:50,N,24.0,37.0,1018.3,64.0,53.0,Weather archive 2015-2026,5,7,2015,July,Sunday,0
2015-07-06,8.8,11.3,2.2,15:30,N,22.0,30.0,1018.7,84.0,61.0,Weather archive 2015-2026,6,7,2015,July,Monday,1
2015-07-07,7.2,12.0,0.2,15:00,SSW,11.0,17.0,1025.2,99.0,70.0,Weather archive 2015-2026,7,7,2015,July,Tuesday,1
2015-07-08,11.2,14.4,0.0,15:10,NNW,19.0,26.0,1027.5,75.0,54.0,Weather archive 2015-2026,8,7,2015,July,Wednesday,0
2015-07-09,8.3,13.3,0.0,16:00,NNE,13.0,20.0,1023.8,80.0,56.0,Weather archive 2015-2026,9,7,2015,July,Thursday,0
2015-07-10,12.8,14.3,0.0,23:43,N,28.0,48.0,1011.9,72.0,56.0,Weather archive 2015-2026,10,7,2015,July,Friday,0
2015-07-11,6.4,9.5,1.6,21:00,N,15.0,17.0,1004.7,88.0,74.0,Weather archive 2015-2026,11,7,2015,July,Saturday,1
2015-07-12,9.5,12.3,27.4,20:00,SSW,24.0,35.0,1009.1,100.0,85.0,Weather archive 2015-2026,12,7,2015,July,Sunday,1
2015-07-13,8.1,12.6,3.8,21:00,WSW,19.0,32.0,1013.5,96.0,70.0,Weather archive 2015-2026,13,7,2015,July,Monday,1
2015-07-14,6.7,9.1,3.6,17:30,N,28.0,37.0,1011.4,93.0,67.0,Weather archive 2015-2026,14,7,2015,July,Tuesday,1
2015-07-15,8.4,9.6,0.2,21:10,SSE,15.0,20.0,1023.3,90.0,74.0,Weather archive 2015-2026,15,7,2015,July,Wednesday,1
2015-07-16,7.5,11.5,0.0,18:00,SSE,17.0,28.0,1022.9,89.0,64.0,Weather archive 2015-2026,16,7,2015,July,Thursday,0
2015-07-17,8.6,12.1,0.4,17:30,S,17.0,35.0,1027.3,85.0,56.0,Weather archive 2015-2026,17,7,2015,July,Friday,1
2015-07-18,3.4,10.7,0.0,16:30,SSW,11.0,20.0,1033.1,92.0,56.0,Weather archive 2015-2026,18,7,2015,July,Saturday,0
2015-07-19,3.4,11.6,0.0,17:00,WSW,2.0,9.0,1033.3,97.0,55.0,Weather archive 2015-2026,19,7,2015,July,Sunday,0
2015-07-20,5.7,14.4,0.0,14:30,N,37.0,50.0,1029.6,86.0,44.0,Weather archive 2015-2026,20,7,2015,July,Monday,0
2015-07-21,14.6,16.4,0.0,22:35,N,32.0,50.0,1021.0,59.0,47.0,Weather archive 2015-2026,21,7,2015,July,Tuesday,0
2015-07-22,7.1,16.0,0.0,16:00,W,11.0,20.0,1024.7,92.0,47.0,Weather archive 2015-2026,22,7,2015,July,Wednesday,0
2015-07-23,8.8,15.6,0.0,15:00,N,22.0,33.0,1022.8,90.0,55.0,Weather archive 2015-2026,23,7,2015,July,Thursday,0
2015-07-24,9.6,14.8,6.2,15:30,N,28.0,39.0,1010.4,84.0,69.0,Weather archive 2015-2026,24,7,2015,July,Friday,1
2015-07-25,11.7,13.3,0.0,20:00,N,30.0,54.0,1011.9,63.0,56.0,Weather archive 2015-2026,25,7,2015,July,Saturday,0
2015-07-26,6.8,10.4,12.0,14:30,W,33.0,44.0,1022.6,79.0,52.0,Weather archive 2015-2026,26,7,2015,July,Sunday,1
2015-07-27,9.4,13.6,0.0,17:30,W,15.0,28.0,1031.5,77.0,54.0,Weather archive 2015-2026,27,7,2015,July,Monday,0
2015-07-28,10.1,13.0,0.0,14:30,SSW,11.0,17.0,1034.4,84.0,68.0,Weather archive 2015-2026,28,7,2015,July,Tuesday,0
2015-07-29,9.7,13.1,0.0,14:30,N,26.0,35.0,1029.4,72.0,53.0,Weather archive 2015-2026,29,7,2015,July,Wednesday,0
2015-07-30,9.3,12.2,6.0,14:30,N,41.0,63.0,1018.4,85.0,53.0,Weather archive 2015-2026,30,7,2015,July,Thursday,1
2015-07-31,10.2,13.7,0.0,22:30,N,26.0,41.0,1017.4,60.0,43.0,Weather archive 2015-2026,31,7,2015,July,Friday,0
2015-08-01,8.2,11.3,0.0,15:30,WSW,9.0,13.0,1016.5,70.0,52.0,Weather archive 2015-2026,1,8,2015,August,Saturday,0
2015-08-02,9.3,14.5,6.0,19:00,WNW,28.0,35.0,1013.1,92.0,45.0,Weather archive 2015-2026,2,8,2015,August,Sunday,1
2015-08-03,5.9,9.3,0.0,16:00,SSW,15.0,28.0,1024.1,71.0,57.0,Weather archive 2015-2026,3,8,2015,August,Monday,0
2015-08-04,9.2,11.0,0.0,21:30,N,20.0,37.0,1019.4,71.0,52.0,Weather archive 2015-2026,4,8,2015,August,Tuesday,0
2015-08-05,7.3,9.5,2.4,15:20,S,26.0,32.0,1016.6,79.0,67.0,Weather archive 2015-2026,5,8,2015,August,Wednesday,1
2015-08-06,9.1,12.4,7.2,20:30,W,13.0,19.0,1023.8,97.0,82.0,Weather archive 2015-2026,6,8,2015,August,Thursday,1
2015-08-07,9.6,13.0,0.6,16:17,N,30.0,50.0,1026.3,100.0,70.0,Weather archive 2015-2026,7,8,2015,August,Friday,1
2015-08-08,8.7,12.5,0.0,20:00,NNE,9.0,13.0,1023.5,90.0,68.0,Weather archive 2015-2026,8,8,2015,August,Saturday,0
2015-08-09,10.0,12.8,0.0,15:50,N,28.0,35.0,1017.5,78.0,56.0,Weather archive 2015-2026,9,8,2015,August,Sunday,0
2015-08-10,9.7,15.4,6.4,15:30,N,28.0,39.0,1010.5,78.0,53.0,Weather archive 2015-2026,10,8,2015,August,Monday,1
2015-08-11,12.2,14.4,0.0,15:10,N,32.0,50.0,1006.9,55.0,43.0,Weather archive 2015-2026,11,8,2015,August,Tuesday,0
2015-08-12,9.3,14.6,4.8,21:50,W,19.0,22.0,1013.5,89.0,53.0,Weather archive 2015-2026,12,8,2015,August,Wednesday,1
2015-08-13,11.4,12.4,0.0,18:30,W,17.0,22.0,1022.6,64.0,58.0,Weather archive 2015-2026,13,8,2015,August,Thursday,0
2015-08-14,11.7,15.2,3.6,18:30,W,13.0,20.0,1029.2,97.0,53.0,Weather archive 2015-2026,14,8,2015,August,Friday,1
2015-08-15,6.8,14.3,0.0,14:00,SSW,15.0,19.0,1030.6,94.0,54.0,Weather archive 2015-2026,15,8,2015,August,Saturday,0
2015-08-16,12.8,17.0,0.0,14:50,NW,19.0,24.0,1021.6,71.0,44.0,Weather archive 2015-2026,16,8,2015,August,Sunday,0
2015-08-17,6.8,10.4,0.0,14:40,SSW,19.0,26.0,1020.6,80.0,58.0,Weather archive 2015-2026,17,8,2015,August,Monday,0
2015-08-18,8.1,10.7,0.0,14:00,S,9.0,15.0,1025.4,87.0,60.0,Weather archive 2015-2026,18,8,2015,August,Tuesday,0
2015-08-19,6.8,12.4,0.0,16:40,SSW,11.0,15.0,1026.0,92.0,62.0,Weather archive 2015-2026,19,8,2015,August,Wednesday,0
2015-08-20,13.7,16.9,0.0,15:00,N,26.0,43.0,1022.0,57.0,46.0,Weather archive 2015-2026,20,8,2015,August,Thursday,0
2015-08-21,14.6,18.6,0.0,18:10,N,33.0,56.0,1013.6,69.0,37.0,Weather archive 2015-2026,21,8,2015,August,Friday,0
2015-08-22,11.0,17.1,0.0,14:00,SSW,13.0,20.0,1017.6,78.0,56.0,Weather archive 2015-2026,22,8,2015,August,Saturday,0
2015-08-23,10.4,15.5,0.0,22:30,S,17.0,28.0,1022.8,90.0,59.0,Weather archive 2015-2026,23,8,2015,August,Sunday,0
2015-08-24,10.1,13.8,0.0,18:10,SE,28.0,41.0,1023.9,86.0,65.0,Weather archive 2015-2026,24,8,2015,August,Monday,0
2015-08-25,10.8,14.2,3.0,14:30,SE,24.0,32.0,1026.7,70.0,56.0,Weather archive 2015-2026,25,8,2015,August,Tuesday,1
2015-08-26,11.1,14.5,0.0,14:00,SSW,11.0,15.0,1023.4,81.0,51.0,Weather archive 2015-2026,26,8,2015,August,Wednesday,0
2015-08-27,10.8,11.6,17.2,17:30,S,19.0,30.0,1023.7,100.0,87.0,Weather archive 2015-2026,27,8,2015,August,Thursday,1
2015-08-28,7.4,12.5,0.0,15:30,SSW,22.0,37.0,1026.9,79.0,48.0,Weather archive 2015-2026,28,8,2015,August,Friday,0
2015-08-29,9.4,11.3,1.2,14:30,S,22.0,41.0,1026.0,98.0,74.0,Weather archive 2015-2026,29,8,2015,August,Saturday,1
2015-08-30,9.9,11.7,0.0,15:10,S,20.0,28.0,1023.9,77.0,62.0,Weather archive 2015-2026,30,8,2015,August,Sunday,0
2015-08-31,10.1,12.3,0.0,17:40,S,17.0,24.0,1019.3,68.0,55.0,Weather archive 2015-2026,31,8,2015,August,Monday,0
2015-09-01,9.2,15.6,0.0,15:00,SSW,11.0,19.0,1014.6,72.0,47.0,Weather archive 2015-2026,1,9,2015,September,Tuesday,0
2015-09-02,11.1,17.6,4.4,15:00,NNE,20.0,32.0,1008.6,100.0,41.0,Weather archive 2015-2026,2,9,2015,September,Wednesday,1
2015-09-03,10.4,13.0,0.0,16:00,SSW,24.0,37.0,1023.6,78.0,58.0,Weather archive 2015-2026,3,9,2015,September,Thursday,0
2015-09-04,10.9,13.0,0.0,15:00,S,11.0,22.0,1025.5,74.0,52.0,Weather archive 2015-2026,4,9,2015,September,Friday,0
2015-09-05,7.6,13.5,0.0,15:00,SSW,15.0,20.0,1023.8,90.0,63.0,Weather archive 2015-2026,5,9,2015,September,Saturday,0
2015-09-06,9.2,15.1,3.6,15:06,N,30.0,48.0,1014.8,87.0,51.0,Weather archive 2015-2026,6,9,2015,September,Sunday,1
2015-09-07,8.9,11.2,0.8,17:30,W,19.0,35.0,1019.4,88.0,56.0,Weather archive 2015-2026,7,9,2015,September,Monday,1
2015-09-08,10.2,12.1,0.0,15:00,SSW,19.0,32.0,1024.5,85.0,60.0,Weather archive 2015-2026,8,9,2015,September,Tuesday,0
2015-09-09,11.5,14.8,0.0,16:00,S,13.0,20.0,1030.8,82.0,46.0,Weather archive 2015-2026,9,9,2015,September,Wednesday,0
2015-09-10,8.6,15.4,0.0,15:30,S,15.0,20.0,1031.4,98.0,55.0,Weather archive 2015-2026,10,9,2015,September,Thursday,0
2015-09-11,14.1,19.7,0.0,15:40,NNW,32.0,41.0,1025.7,67.0,43.0,Weather archive 2015-2026,11,9,2015,September,Friday,0
2015-09-12,16.5,21.6,0.0,15:30,N,24.0,30.0,1024.7,59.0,45.0,Weather archive 2015-2026,12,9,2015,September,Saturday,0
2015-09-13,16.2,25.3,0.0,15:00,N,26.0,32.0,1021.9,64.0,33.0,Weather archive 2015-2026,13,9,2015,September,Sunday,0
2015-09-14,13.6,26.5,0.0,16:06,N,30.0,50.0,1012.6,90.0,32.0,Weather archive 2015-2026,14,9,2015,September,Monday,0
2015-09-15,10.1,14.3,0.0,17:30,S,17.0,24.0,1019.7,84.0,52.0,Weather archive 2015-2026,15,9,2015,September,Tuesday,0
2015-09-16,11.0,14.6,0.0,16:30,SSW,20.0,30.0,1020.9,83.0,56.0,Weather archive 2015-2026,16,9,2015,September,Wednesday,0
2015-09-17,11.9,13.2,0.0,14:30,S,17.0,28.0,1027.5,75.0,65.0,Weather archive 2015-2026,17,9,2015,September,Thursday,0
2015-09-18,9.5,14.4,0.0,21:00,SSE,13.0,22.0,1028.7,89.0,72.0,Weather archive 2015-2026,18,9,2015,September,Friday,0
2015-09-19,10.6,20.4,0.0,15:00,NNW,20.0,32.0,1021.5,94.0,37.0,Weather archive 2015-2026,19,9,2015,September,Saturday,0
2015-09-20,15.1,22.7,0.0,15:00,N,20.0,32.0,1017.2,69.0,39.0,Weather archive 2015-2026,20,9,2015,September,Sunday,0
2015-09-21,10.2,12.9,2.2,15:00,S,15.0,32.0,1020.6,92.0,53.0,Weather archive 2015-2026,21,9,2015,September,Monday,1
2015-09-22,7.6,12.4,4.4,14:40,S,35.0,48.0,1032.8,87.0,44.0,Weather archive 2015-2026,22,9,2015,September,Tuesday,1
2015-09-23,8.6,12.3,0.0,13:00,SSW,24.0,37.0,1035.8,71.0,44.0,Weather archive 2015-2026,23,9,2015,September,Wednesday,0
2015-09-24,5.2,13.9,0.0,18:00,S,22.0,32.0,1034.7,96.0,63.0,Weather archive 2015-2026,24,9,2015,September,Thursday,0
2015-09-25,6.2,18.6,0.0,18:00,SE,22.0,37.0,1035.2,95.0,43.0,Weather archive 2015-2026,25,9,2015,September,Friday,0
2015-09-26,6.7,17.6,0.0,16:30,S,15.0,20.0,1031.9,100.0,44.0,Weather archive 2015-2026,26,9,2015,September,Saturday,0
2015-09-27,9.9,20.2,0.0,17:30,SSE,13.0,20.0,1026.2,100.0,32.0,Weather archive 2015-2026,27,9,2015,September,Sunday,0
2015-09-28,8.3,21.4,0.0,20:30,S,19.0,32.0,1019.7,97.0,41.0,Weather archive 2015-2026,28,9,2015,September,Monday,0
2015-09-29,9.3,16.7,0.0,11:30,WNW,15.0,30.0,1022.2,84.0,44.0,Weather archive 2015-2026,29,9,2015,September,Tuesday,0
2015-09-30,7.8,15.7,0.0,14:30,S,20.0,30.0,1025.8,93.0,54.0,Weather archive 2015-2026,30,9,2015,September,Wednesday,0
2015-10-01,6.0,21.3,0.0,13:00,S,17.0,30.0,1031.8,100.0,33.0,Weather archive 2015-2026,1,10,2015,October,Thursday,0
2015-10-02,10.0,28.4,0.0,12:10,N,30.0,37.0,1032.6,97.0,26.0,Weather archive 2015-2026,2,10,2015,October,Friday,0
2015-10-03,18.3,31.1,0.0,13:50,N,37.0,50.0,1027.6,47.0,17.0,Weather archive 2015-2026,3,10,2015,October,Saturday,0
2015-10-04,14.0,24.5,0.0,6:00,S,11.0,20.0,1021.9,90.0,37.0,Weather archive 2015-2026,4,10,2015,October,Sunday,0
2015-10-05,13.0,34.3,0.0,17:00,N,30.0,41.0,1022.0,96.0,14.0,Weather archive 2015-2026,5,10,2015,October,Monday,0
2015-10-06,14.7,35.7,0.0,13:15,NNW,41.0,70.0,1027.7,75.0,9.0,Weather archive 2015-2026,6,10,2015,October,Tuesday,0
2015-10-07,10.6,15.6,0.0,12:40,S,30.0,41.0,1037.4,72.0,44.0,Weather archive 2015-2026,7,10,2015,October,Wednesday,0
2015-10-08,7.6,18.5,0.0,18:00,SSW,17.0,24.0,1036.9,91.0,51.0,Weather archive 2015-2026,8,10,2015,October,Thursday,0
2015-10-09,12.1,29.5,0.0,17:20,SW,15.0,19.0,1030.9,96.0,29.0,Weather archive 2015-2026,9,10,2015,October,Friday,0
2015-10-10,18.0,29.1,0.4,20:30,N,19.0,28.0,1026.2,76.0,34.0,Weather archive 2015-2026,10,10,2015,October,Saturday,1
2015-10-11,13.7,19.7,0.4,17:10,SSW,20.0,35.0,1020.0,90.0,67.0,Weather archive 2015-2026,11,10,2015,October,Sunday,1
2015-10-12,11.5,15.4,0.6,14:30,S,22.0,33.0,1023.7,100.0,60.0,Weather archive 2015-2026,12,10,2015,October,Monday,1
2015-10-13,8.1,17.3,0.4,11:30,S,19.0,24.0,1025.2,100.0,64.0,Weather archive 2015-2026,13,10,2015,October,Tuesday,1
2015-10-14,12.0,28.5,0.0,14:00,N,24.0,37.0,1024.0,95.0,28.0,Weather archive 2015-2026,14,10,2015,October,Wednesday,0
2015-10-15,18.3,33.9,0.0,12:08,N,37.0,54.0,1018.8,67.0,12.0,Weather archive 2015-2026,15,10,2015,October,Thursday,0
2015-10-16,14.2,23.4,0.0,14:00,S,17.0,30.0,1023.4,79.0,48.0,Weather archive 2015-2026,16,10,2015,October,Friday,0
2015-10-17,11.7,19.9,0.0,19:00,S,19.0,32.0,1029.3,99.0,37.0,Weather archive 2015-2026,17,10,2015,October,Saturday,0
2015-10-18,10.7,17.4,0.0,16:00,SSW,20.0,26.0,1030.1,86.0,54.0,Weather archive 2015-2026,18,10,2015,October,Sunday,0
2015-10-19,8.3,26.4,0.0,15:30,N,22.0,33.0,1025.1,97.0,23.0,Weather archive 2015-2026,19,10,2015,October,Monday,0
2015-10-20,13.0,31.4,0.4,16:00,N,24.0,33.0,1018.8,96.0,28.0,Weather archive 2015-2026,20,10,2015,October,Tuesday,1
2015-10-21,12.5,20.9,5.6,17:30,S,24.0,35.0,1019.6,100.0,64.0,Weather archive 2015-2026,21,10,2015,October,Wednesday,1
2015-10-22,11.5,16.3,7.0,17:00,SSW,24.0,41.0,1023.3,100.0,67.0,Weather archive 2015-2026,22,10,2015,October,Thursday,1
2015-10-23,10.5,15.9,0.0,18:30,S,22.0,33.0,1023.6,80.0,53.0,Weather archive 2015-2026,23,10,2015,October,Friday,0
2015-10-24,9.3,19.0,0.0,18:30,SSE,17.0,24.0,1023.0,91.0,52.0,Weather archive 2015-2026,24,10,2015,October,Saturday,0
2015-10-25,10.2,31.2,0.0,15:16,N,32.0,48.0,1019.7,94.0,19.0,Weather archive 2015-2026,25,10,2015,October,Sunday,0
2015-10-26,12.4,16.6,0.2,13:00,SSW,33.0,50.0,1026.0,100.0,58.0,Weather archive 2015-2026,26,10,2015,October,Monday,1
2015-10-27,10.5,23.0,0.2,8:30,SSE,20.0,33.0,1027.5,82.0,32.0,Weather archive 2015-2026,27,10,2015,October,Tuesday,1
2015-10-28,10.2,26.6,0.0,8:30,N,28.0,44.0,1022.4,95.0,25.0,Weather archive 2015-2026,28,10,2015,October,Wednesday,0
2015-10-29,14.0,25.9,0.0,18:00,SE,17.0,24.0,1022.5,93.0,28.0,Weather archive 2015-2026,29,10,2015,October,Thursday,0
2015-10-30,12.7,27.2,0.0,19:30,SSE,20.0,32.0,1019.8,93.0,28.0,Weather archive 2015-2026,30,10,2015,October,Friday,0
2015-10-31,15.8,25.6,4.4,17:00,N,28.0,39.0,1016.7,100.0,49.0,Weather archive 2015-2026,31,10,2015,October,Saturday,1
2015-11-01,15.6,25.6,0.0,10:30,N,30.0,50.0,1011.1,82.0,52.0,Weather archive 2015-2026,1,11,2015,November,Sunday,0
2015-11-02,8.1,15.7,0.2,14:00,S,22.0,32.0,1019.8,97.0,49.0,Weather archive 2015-2026,2,11,2015,November,Monday,1
2015-11-03,11.1,17.7,0.0,18:00,SSW,15.0,32.0,1017.2,100.0,55.0,Weather archive 2015-2026,3,11,2015,November,Tuesday,0
2015-11-04,11.0,27.1,0.6,16:30,SE,20.0,30.0,1016.9,100.0,46.0,Weather archive 2015-2026,4,11,2015,November,Wednesday,1
2015-11-05,17.1,24.6,16.8,14:15,N,32.0,50.0,1009.3,100.0,54.0,Weather archive 2015-2026,5,11,2015,November,Thursday,1
2015-11-06,14.0,18.5,17.6,19:30,S,17.0,28.0,1015.6,100.0,68.0,Weather archive 2015-2026,6,11,2015,November,Friday,1
2015-11-07,12.2,16.1,1.2,7:50,S,28.0,44.0,1022.7,79.0,49.0,Weather archive 2015-2026,7,11,2015,November,Saturday,1
2015-11-08,8.6,24.6,0.0,15:20,WSW,9.0,9.0,1022.7,96.0,31.0,Weather archive 2015-2026,8,11,2015,November,Sunday,0
2015-11-09,13.7,32.7,0.0,14:40,NNE,24.0,33.0,1019.6,87.0,22.0,Weather archive 2015-2026,9,11,2015,November,Monday,0
2015-11-10,11.7,18.3,2.0,12:30,S,19.0,30.0,1022.1,94.0,64.0,Weather archive 2015-2026,10,11,2015,November,Tuesday,1
2015-11-11,11.6,20.0,2.0,11:20,S,19.0,26.0,1021.9,92.0,61.0,Weather archive 2015-2026,11,11,2015,November,Wednesday,1
2015-11-12,13.7,21.2,0.0,19:30,SSW,20.0,32.0,1017.3,99.0,60.0,Weather archive 2015-2026,12,11,2015,November,Thursday,0
2015-11-13,13.8,17.6,0.2,13:30,S,26.0,39.0,1019.1,91.0,58.0,Weather archive 2015-2026,13,11,2015,November,Friday,1
2015-11-14,12.3,18.1,0.2,17:40,SSE,22.0,37.0,1020.3,81.0,61.0,Weather archive 2015-2026,14,11,2015,November,Saturday,1
2015-11-15,13.0,17.5,0.2,16:30,SSW,20.0,35.0,1021.8,87.0,60.0,Weather archive 2015-2026,15,11,2015,November,Sunday,1
2015-11-16,11.5,26.1,0.2,21:00,S,11.0,32.0,1019.3,100.0,41.0,Weather archive 2015-2026,16,11,2015,November,Monday,1
2015-11-17,15.5,33.2,0.0,13:00,N,30.0,46.0,1013.4,90.0,34.0,Weather archive 2015-2026,17,11,2015,November,Tuesday,0
2015-11-18,15.0,29.1,0.0,19:40,NNE,9.0,13.0,1014.5,90.0,21.0,Weather archive 2015-2026,18,11,2015,November,Wednesday,0
2015-11-19,18.4,31.5,0.0,17:00,S,24.0,41.0,1016.1,76.0,20.0,Weather archive 2015-2026,19,11,2015,November,Thursday,0
2015-11-20,14.1,19.0,3.4,23:00,W,15.0,32.0,1017.3,88.0,63.0,Weather archive 2015-2026,20,11,2015,November,Friday,1
2015-11-21,12.2,17.0,3.6,14:00,SSE,28.0,37.0,1023.2,86.0,50.0,Weather archive 2015-2026,21,11,2015,November,Saturday,1
2015-11-22,13.8,19.7,0.0,18:00,SSW,19.0,30.0,1022.5,86.0,44.0,Weather archive 2015-2026,22,11,2015,November,Sunday,0
2015-11-23,14.0,20.4,0.0,15:30,S,20.0,30.0,1018.0,86.0,48.0,Weather archive 2015-2026,23,11,2015,November,Monday,0
2015-11-24,13.7,24.2,0.0,19:30,SSW,17.0,26.0,1017.9,83.0,34.0,Weather archive 2015-2026,24,11,2015,November,Tuesday,0
2015-11-25,23.6,33.1,0.0,22:00,NW,39.0,63.0,1006.3,82.0,13.0,Weather archive 2015-2026,25,11,2015,November,Wednesday,0
2015-11-26,10.9,23.6,0.4,6:00,W,26.0,46.0,1017.5,75.0,32.0,Weather archive 2015-2026,26,11,2015,November,Thursday,1
2015-11-27,9.0,18.0,0.4,12:00,W,19.0,30.0,1018.6,66.0,42.0,Weather archive 2015-2026,27,11,2015,November,Friday,1
2015-11-28,12.2,19.7,0.0,22:30,S,17.0,26.0,1018.9,74.0,47.0,Weather archive 2015-2026,28,11,2015,November,Saturday,0
2015-11-29,12.7,19.6,0.0,17:40,S,19.0,30.0,1014.9,84.0,48.0,Weather archive 2015-2026,29,11,2015,November,Sunday,0
2015-11-30,10.0,32.0,0.6,19:16,NNW,33.0,83.0,1013.1,95.0,23.0,Weather archive 2015-2026,30,11,2015,November,Monday,1
2015-12-01,12.6,23.9,1.8,17:30,SSW,22.0,39.0,1017.5,88.0,28.0,Weather archive 2015-2026,1,12,2015,December,Tuesday,1
2015-12-02,9.4,17.1,0.0,16:30,S,24.0,33.0,1027.2,66.0,37.0,Weather archive 2015-2026,2,12,2015,December,Wednesday,0
2015-12-03,12.3,20.6,0.0,17:00,SSW,19.0,28.0,1029.0,80.0,49.0,Weather archive 2015-2026,3,12,2015,December,Thursday,0
2015-12-04,11.3,30.6,0.0,16:30,SSW,15.0,28.0,1024.9,100.0,24.0,Weather archive 2015-2026,4,12,2015,December,Friday,0
2015-12-05,15.5,25.3,0.0,16:00,SSW,17.0,30.0,1020.7,97.0,54.0,Weather archive 2015-2026,5,12,2015,December,Saturday,0
2015-12-06,15.3,29.3,0.0,20:00,SE,13.0,22.0,1018.7,99.0,40.0,Weather archive 2015-2026,6,12,2015,December,Sunday,0
2015-12-07,19.0,27.3,0.4,15:00,SW,11.0,17.0,1015.8,86.0,53.0,Weather archive 2015-2026,7,12,2015,December,Monday,1
2015-12-08,18.3,35.2,0.8,14:00,N,37.0,54.0,1011.7,83.0,21.0,Weather archive 2015-2026,8,12,2015,December,Tuesday,1
2015-12-09,15.5,24.3,0.0,17:30,S,26.0,37.0,1017.6,91.0,45.0,Weather archive 2015-2026,9,12,2015,December,Wednesday,0
2015-12-10,13.1,25.8,0.0,14:20,S,20.0,26.0,1017.4,90.0,33.0,Weather archive 2015-2026,10,12,2015,December,Thursday,0
2015-12-11,12.2,18.7,2.0,13:30,WSW,24.0,41.0,1016.9,79.0,37.0,Weather archive 2015-2026,11,12,2015,December,Friday,1
2015-12-12,10.2,18.0,2.0,13:00,S,20.0,32.0,1019.4,67.0,45.0,Weather archive 2015-2026,12,12,2015,December,Saturday,1
2015-12-13,10.4,28.1,0.0,19:20,SSW,15.0,22.0,1017.2,86.0,18.0,Weather archive 2015-2026,13,12,2015,December,Sunday,0
2015-12-14,12.0,22.3,0.0,15:30,SSW,28.0,33.0,1016.8,90.0,44.0,Weather archive 2015-2026,14,12,2015,December,Monday,0
2015-12-15,14.5,24.2,0.0,15:30,SSW,28.0,30.0,1016.3,88.0,56.0,Weather archive 2015-2026,15,12,2015,December,Tuesday,0
2015-12-16,15.7,26.9,0.0,14:30,SSW,28.0,41.0,1016.8,100.0,46.0,Weather archive 2015-2026,16,12,2015,December,Wednesday,0
2015-12-17,17.0,37.0,0.0,12:30,NNW,30.0,35.0,1013.9,98.0,15.0,Weather archive 2015-2026,17,12,2015,December,Thursday,0
2015-12-18,20.3,34.8,0.0,11:30,SSW,22.0,32.0,1011.5,88.0,21.0,Weather archive 2015-2026,18,12,2015,December,Friday,0
2015-12-19,19.3,40.9,0.0,17:30,NNW,35.0,54.0,1008.3,97.0,14.0,Weather archive 2015-2026,19,12,2015,December,Saturday,0
2015-12-20,17.9,37.2,6.0,14:44,S,30.0,54.0,1013.2,95.0,19.0,Weather archive 2015-2026,20,12,2015,December,Sunday,1
2015-12-21,14.4,19.7,0.0,12:30,S,22.0,35.0,1025.8,62.0,48.0,Weather archive 2015-2026,21,12,2015,December,Monday,0
2015-12-22,12.1,22.5,0.0,17:00,SW,22.0,30.0,1025.4,91.0,53.0,Weather archive 2015-2026,22,12,2015,December,Tuesday,0
2015-12-23,15.2,25.9,0.4,18:20,SSW,22.0,28.0,1018.5,99.0,54.0,Weather archive 2015-2026,23,12,2015,December,Wednesday,1
2015-12-24,16.7,34.4,0.4,16:40,ESE,19.0,28.0,1016.5,96.0,18.0,Weather archive 2015-2026,24,12,2015,December,Thursday,1
2015-12-25,22.6,34.0,0.0,11:30,N,32.0,54.0,1011.4,45.0,22.0,Weather archive 2015-2026,25,12,2015,December,Friday,0
2015-12-26,12.7,29.1,30.6,4:00,SSW,24.0,48.0,1018.2,98.0,48.0,Weather archive 2015-2026,26,12,2015,December,Saturday,1
2015-12-27,11.9,19.0,5.2,17:30,SSW,22.0,32.0,1026.0,90.0,44.0,Weather archive 2015-2026,27,12,2015,December,Sunday,1
2015-12-28,12.9,20.3,0.0,15:50,S,24.0,41.0,1026.2,73.0,51.0,Weather archive 2015-2026,28,12,2015,December,Monday,0
2015-12-29,12.5,23.7,0.0,16:10,SSW,19.0,39.0,1024.9,100.0,41.0,Weather archive 2015-2026,29,12,2015,December,Tuesday,0
2015-12-30,14.0,34.5,0.0,13:10,N,28.0,33.0,1019.4,100.0,13.0,Weather archive 2015-2026,30,12,2015,December,Wednesday,0
2015-12-31,21.9,39.3,0.0,12:40,NW,24.0,35.0,1012.6,67.0,10.0,Weather archive 2015-2026,31,12,2015,December,Thursday,0
2016-01-01,18.5,24.5,0.0,22:00,SSW,22.0,33.0,1016.0,82.0,43.0,Weather archive 2015-2026,1,1,2016,January,Friday,0
2016-01-02,17.2,27.5,0.0,22:10,SE,28.0,48.0,1016.5,80.0,44.0,Weather archive 2015-2026,2,1,2016,January,Saturday,0
2016-01-03,17.5,26.2,0.0,0:00,ESE,19.0,37.0,1017.8,75.0,42.0,Weather archive 2015-2026,3,1,2016,January,Sunday,0
2016-01-04,16.3,25.2,0.0,0:00,ESE,13.0,24.0,1019.5,88.0,44.0,Weather archive 2015-2026,4,1,2016,January,Monday,0
2016-01-05,17.2,25.5,0.0,14:00,SSW,17.0,26.0,1018.3,79.0,46.0,Weather archive 2015-2026,5,1,2016,January,Tuesday,0
2016-01-06,17.4,25.2,0.0,16:00,SSE,28.0,39.0,1020.1,87.0,50.0,Weather archive 2015-2026,6,1,2016,January,Wednesday,0
2016-01-07,16.4,20.8,0.0,15:30,SSW,28.0,43.0,1023.1,86.0,60.0,Weather archive 2015-2026,7,1,2016,January,Thursday,0
2016-01-08,16.2,20.2,0.0,16:40,S,22.0,33.0,1023.4,76.0,63.0,Weather archive 2015-2026,8,1,2016,January,Friday,0
2016-01-09,16.2,21.4,0.0,16:40,S,22.0,33.0,1021.9,80.0,59.0,Weather archive 2015-2026,9,1,2016,January,Saturday,0
2016-01-10,15.8,31.0,0.0,19:00,SSW,13.0,24.0,1018.7,80.0,25.0,Weather archive 2015-2026,10,1,2016,January,Sunday,0
2016-01-11,17.2,35.8,0.8,16:00,WNW,20.0,41.0,1012.4,90.0,19.0,Weather archive 2015-2026,11,1,2016,January,Monday,1
2016-01-12,17.1,24.7,0.8,19:00,SSW,17.0,26.0,1015.7,89.0,58.0,Weather archive 2015-2026,12,1,2016,January,Tuesday,1
2016-01-13,17.0,41.7,0.2,18:00,SW,32.0,52.0,1013.9,95.0,12.0,Weather archive 2015-2026,13,1,2016,January,Wednesday,1
2016-01-14,14.6,25.3,0.8,22:00,S,32.0,44.0,1027.0,92.0,49.0,Weather archive 2015-2026,14,1,2016,January,Thursday,1
2016-01-15,13.8,18.9,1.0,9:00,SSE,20.0,26.0,1031.0,74.0,48.0,Weather archive 2015-2026,15,1,2016,January,Friday,1
2016-01-16,12.0,22.0,0.0,16:30,S,24.0,35.0,1029.8,78.0,47.0,Weather archive 2015-2026,16,1,2016,January,Saturday,0
2016-01-17,15.0,32.1,0.0,10:00,N,24.0,41.0,1023.3,82.0,19.0,Weather archive 2015-2026,17,1,2016,January,Sunday,0
2016-01-18,19.2,34.9,0.0,12:10,NNE,30.0,43.0,1016.2,64.0,16.0,Weather archive 2015-2026,18,1,2016,January,Monday,0
2016-01-19,18.3,30.6,0.0,17:50,SSW,19.0,26.0,1014.5,75.0,35.0,Weather archive 2015-2026,19,1,2016,January,Tuesday,0
2016-01-20,19.1,28.6,1.0,18:30,SSE,17.0,30.0,1011.2,88.0,53.0,Weather archive 2015-2026,20,1,2016,January,Wednesday,1
2016-01-21,18.3,26.4,0.8,21:00,SSW,19.0,32.0,1011.0,94.0,54.0,Weather archive 2015-2026,21,1,2016,January,Thursday,1
2016-01-22,17.6,22.6,6.8,8:30,SW,11.0,24.0,1011.4,98.0,74.0,Weather archive 2015-2026,22,1,2016,January,Friday,1
2016-01-23,16.7,21.5,7.0,17:30,S,20.0,35.0,1015.1,100.0,61.0,Weather archive 2015-2026,23,1,2016,January,Saturday,1
2016-01-24,16.3,22.2,5.2,15:30,S,19.0,33.0,1015.4,100.0,65.0,Weather archive 2015-2026,24,1,2016,January,Sunday,1
2016-01-25,17.3,20.7,0.4,16:30,S,24.0,35.0,1017.6,84.0,55.0,Weather archive 2015-2026,25,1,2016,January,Monday,1
2016-01-26,16.6,29.0,0.0,20:20,SE,20.0,30.0,1017.9,93.0,40.0,Weather archive 2015-2026,26,1,2016,January,Tuesday,0
2016-01-27,20.1,28.9,3.6,17:50,NNW,30.0,37.0,1012.8,88.0,40.0,Weather archive 2015-2026,27,1,2016,January,Wednesday,1
2016-01-28,18.7,27.2,4.4,19:30,S,20.0,35.0,1006.4,98.0,54.0,Weather archive 2015-2026,28,1,2016,January,Thursday,1
2016-01-29,14.0,18.0,14.2,17:30,S,11.0,19.0,1006.5,97.0,69.0,Weather archive 2015-2026,29,1,2016,January,Friday,1
2016-01-30,12.4,23.2,9.8,9:00,N,24.0,39.0,1007.2,96.0,60.0,Weather archive 2015-2026,30,1,2016,January,Saturday,1
2016-01-31,15.0,21.2,10.6,13:30,N,30.0,50.0,1005.1,97.0,50.0,Weather archive 2015-2026,31,1,2016,January,Sunday,1
2016-02-01,12.5,23.3,0.0,17:30,SSW,15.0,24.0,1007.4,90.0,45.0,Weather archive 2015-2026,1,2,2016,February,Monday,0
2016-02-02,15.5,31.3,0.0,18:00,N,13.0,24.0,1006.7,100.0,27.0,Weather archive 2015-2026,2,2,2016,February,Tuesday,0
2016-02-03,17.9,20.7,2.4,17:00,S,22.0,43.0,1016.3,98.0,58.0,Weather archive 2015-2026,3,2,2016,February,Wednesday,1
2016-02-04,17.3,20.5,2.4,17:30,SSW,20.0,39.0,1020.2,79.0,59.0,Weather archive 2015-2026,4,2,2016,February,Thursday,1
2016-02-05,15.5,29.2,0.0,17:40,SE,22.0,30.0,1020.1,87.0,33.0,Weather archive 2015-2026,5,2,2016,February,Friday,0
2016-02-06,17.0,32.4,0.0,10:30,N,20.0,30.0,1017.6,86.0,25.0,Weather archive 2015-2026,6,2,2016,February,Saturday,0
2016-02-07,19.1,27.3,0.0,17:00,SSW,19.0,35.0,1019.9,87.0,49.0,Weather archive 2015-2026,7,2,2016,February,Sunday,0
2016-02-08,19.0,22.5,0.0,14:40,SSW,26.0,33.0,1023.0,83.0,55.0,Weather archive 2015-2026,8,2,2016,February,Monday,0
2016-02-09,17.8,22.5,0.0,18:20,SSW,22.0,28.0,1022.7,85.0,60.0,Weather archive 2015-2026,9,2,2016,February,Tuesday,0
2016-02-10,17.5,22.9,0.0,15:00,S,20.0,28.0,1016.7,89.0,57.0,Weather archive 2015-2026,10,2,2016,February,Wednesday,0
2016-02-11,18.1,23.6,0.0,17:00,S,26.0,41.0,1017.9,79.0,51.0,Weather archive 2015-2026,11,2,2016,February,Thursday,0
2016-02-12,17.0,24.6,0.0,12:00,SSW,15.0,26.0,1017.4,93.0,57.0,Weather archive 2015-2026,12,2,2016,February,Friday,0
2016-02-13,17.7,29.9,0.0,16:00,S,22.0,37.0,1010.9,93.0,32.0,Weather archive 2015-2026,13,2,2016,February,Saturday,0
2016-02-14,16.4,23.8,0.0,16:00,S,22.0,35.0,1014.6,75.0,37.0,Weather archive 2015-2026,14,2,2016,February,Sunday,0
2016-02-15,14.2,25.5,0.0,20:50,SSW,24.0,39.0,1014.2,84.0,32.0,Weather archive 2015-2026,15,2,2016,February,Monday,0
2016-02-16,13.7,18.8,3.6,19:10,S,30.0,41.0,1018.5,89.0,45.0,Weather archive 2015-2026,16,2,2016,February,Tuesday,1
2016-02-17,13.3,20.6,0.6,18:00,S,20.0,41.0,1018.0,91.0,45.0,Weather archive 2015-2026,17,2,2016,February,Wednesday,1
2016-02-18,16.0,22.6,1.2,16:30,S,20.0,44.0,1013.5,94.0,59.0,Weather archive 2015-2026,18,2,2016,February,Thursday,1
2016-02-19,16.0,21.6,0.2,15:20,SSW,24.0,33.0,1018.9,96.0,56.0,Weather archive 2015-2026,19,2,2016,February,Friday,1
2016-02-20,15.8,20.1,0.0,15:00,SSW,24.0,37.0,1025.2,68.0,42.0,Weather archive 2015-2026,20,2,2016,February,Saturday,0
2016-02-21,12.6,24.5,0.0,22:00,W,7.0,15.0,1025.0,89.0,47.0,Weather archive 2015-2026,21,2,2016,February,Sunday,0
2016-02-22,15.7,27.9,0.0,12:20,SSW,2.0,6.0,1022.6,98.0,35.0,Weather archive 2015-2026,22,2,2016,February,Monday,0
2016-02-23,23.1,39.1,0.0,15:00,N,28.0,50.0,1016.8,81.0,18.0,Weather archive 2015-2026,23,2,2016,February,Tuesday,0
2016-02-24,20.1,25.3,0.2,20:00,SSE,13.0,24.0,1012.4,91.0,58.0,Weather archive 2015-2026,24,2,2016,February,Wednesday,1
2016-02-25,19.6,26.3,0.4,17:30,S,20.0,30.0,1016.9,95.0,54.0,Weather archive 2015-2026,25,2,2016,February,Thursday,1
2016-02-26,15.6,22.7,0.0,12:00,S,20.0,28.0,1021.4,74.0,47.0,Weather archive 2015-2026,26,2,2016,February,Friday,0
2016-02-27,18.0,21.6,0.0,16:30,S,20.0,30.0,1022.1,75.0,56.0,Weather archive 2015-2026,27,2,2016,February,Saturday,0
2016-02-28,18.0,22.1,0.0,17:30,S/SSW,19.0,32.0,1022.1,74.0,48.0,Weather archive 2015-2026,28,2,2016,February,Sunday,0
2016-02-29,15.1,23.4,0.0,17:00,SSW,22.0,33.0,1021.9,87.0,52.0,Weather archive 2015-2026,29,2,2016,February,Monday,0
2016-03-01,17.4,33.4,0.0,13:00,N,32.0,43.0,1018.6,93.0,20.0,Weather archive 2015-2026,1,3,2016,March,Tuesday,0
2016-03-02,17.7,34.7,0.0,19:00,SSW,26.0,39.0,1022.2,84.0,20.0,Weather archive 2015-2026,2,3,2016,March,Wednesday,0
2016-03-03,17.5,23.5,0.2,17:30,SSW,17.0,32.0,1022.2,85.0,49.0,Weather archive 2015-2026,3,3,2016,March,Thursday,1
2016-03-04,16.5,32.8,1.2,16:10,SW,11.0,26.0,1021.4,93.0,36.0,Weather archive 2015-2026,4,3,2016,March,Friday,1
2016-03-05,18.6,23.3,1.2,15:50,SSW,17.0,26.0,1021.6,95.0,67.0,Weather archive 2015-2026,5,3,2016,March,Saturday,1
2016-03-06,17.4,24.7,0.0,16:30,SSW,26.0,35.0,1021.5,86.0,61.0,Weather archive 2015-2026,6,3,2016,March,Sunday,0
2016-03-07,18.6,24.7,3.2,17:40,SW,15.0,28.0,1021.8,98.0,58.0,Weather archive 2015-2026,7,3,2016,March,Monday,1
2016-03-08,20.0,38.6,0.6,17:40,NNW,20.0,37.0,1018.7,92.0,20.0,Weather archive 2015-2026,8,3,2016,March,Tuesday,1
2016-03-09,20.3,26.6,0.0,21:00,S,15.0,28.0,1022.1,87.0,54.0,Weather archive 2015-2026,9,3,2016,March,Wednesday,0
2016-03-10,18.2,21.6,8.4,0:00,N,0.0,0.0,1022.7,100.0,74.0,Weather archive 2015-2026,10,3,2016,March,Thursday,1
2016-03-11,20.8,25.9,0.2,16:00,SSW,15.0,26.0,1019.7,88.0,66.0,Weather archive 2015-2026,11,3,2016,March,Friday,1
2016-03-12,19.2,21.9,0.0,15:50,SSW,15.0,26.0,1022.3,83.0,79.0,Weather archive 2015-2026,12,3,2016,March,Saturday,0
2016-03-13,19.6,22.9,0.0,16:40,S,17.0,30.0,1020.2,83.0,72.0,Weather archive 2015-2026,13,3,2016,March,Sunday,0
2016-03-14,15.7,19.8,0.0,17:50,S,17.0,35.0,1022.7,71.0,58.0,Weather archive 2015-2026,14,3,2016,March,Monday,0
2016-03-15,17.9,26.4,0.0,19:00,SE,24.0,44.0,1019.9,73.0,47.0,Weather archive 2015-2026,15,3,2016,March,Tuesday,0
2016-03-16,20.9,31.0,0.0,20:00,ESE,13.0,22.0,1014.7,75.0,34.0,Weather archive 2015-2026,16,3,2016,March,Wednesday,0
2016-03-17,27.3,32.4,0.0,17:10,N,22.0,37.0,1006.9,38.0,31.0,Weather archive 2015-2026,17,3,2016,March,Thursday,0
2016-03-18,13.9,18.5,5.6,16:00,SSW,22.0,48.0,1011.1,77.0,46.0,Weather archive 2015-2026,18,3,2016,March,Friday,1
2016-03-19,14.7,17.6,0.2,20:20,SSE,15.0,30.0,1021.1,70.0,38.0,Weather archive 2015-2026,19,3,2016,March,Saturday,1
2016-03-20,15.4,22.5,0.0,20:30,SE,15.0,28.0,1021.3,67.0,38.0,Weather archive 2015-2026,20,3,2016,March,Sunday,0
2016-03-21,16.3,23.1,0.0,17:20,SSE,19.0,33.0,1020.8,72.0,41.0,Weather archive 2015-2026,21,3,2016,March,Monday,0
2016-03-22,15.9,24.2,0.0,18:20,SSW,11.0,19.0,1017.6,95.0,43.0,Weather archive 2015-2026,22,3,2016,March,Tuesday,0
2016-03-23,19.0,28.2,0.0,14:00,W,11.0,24.0,1020.0,84.0,24.0,Weather archive 2015-2026,23,3,2016,March,Wednesday,0
2016-03-24,16.4,20.7,0.0,16:10,SSW,15.0,26.0,1021.0,76.0,65.0,Weather archive 2015-2026,24,3,2016,March,Thursday,0
2016-03-25,15.3,19.9,0.4,16:00,S,15.0,26.0,1021.4,79.0,47.0,Weather archive 2015-2026,25,3,2016,March,Friday,1
2016-03-26,17.1,19.9,0.0,20:40,S,13.0,28.0,1022.1,82.0,60.0,Weather archive 2015-2026,26,3,2016,March,Saturday,0
2016-03-27,14.0,19.3,0.2,17:40,S,19.0,35.0,1023.1,58.0,41.0,Weather archive 2015-2026,27,3,2016,March,Sunday,1
2016-03-28,15.7,19.0,0.0,20:30,SSE,17.0,32.0,1021.8,57.0,42.0,Weather archive 2015-2026,28,3,2016,March,Monday,0
2016-03-29,15.8,17.4,0.0,16:00,SSE,17.0,33.0,1021.9,61.0,52.0,Weather archive 2015-2026,29,3,2016,March,Tuesday,0
2016-03-30,12.4,18.4,0.0,15:20,S,17.0,32.0,1022.1,76.0,46.0,Weather archive 2015-2026,30,3,2016,March,Wednesday,0
2016-03-31,16.4,21.7,0.0,16:40,SSW,9.0,15.0,1018.8,77.0,51.0,Weather archive 2015-2026,31,3,2016,March,Thursday,0
2016-04-01,21.7,26.3,0.0,17:30,N,26.0,46.0,1012.8,34.0,30.0,Weather archive 2015-2026,1,4,2016,April,Friday,0
2016-04-02,15.6,18.7,0.0,17:00,S,19.0,33.0,1025.4,61.0,44.0,Weather archive 2015-2026,2,4,2016,April,Saturday,0
2016-04-03,11.2,18.3,0.0,15:00,S,19.0,33.0,1026.9,80.0,46.0,Weather archive 2015-2026,3,4,2016,April,Sunday,0
2016-04-04,12.8,21.1,0.0,15:00,SSW,9.0,15.0,1018.3,97.0,51.0,Weather archive 2015-2026,4,4,2016,April,Monday,0
2016-04-05,17.7,28.7,0.0,15:40,NNW,22.0,37.0,1014.7,85.0,21.0,Weather archive 2015-2026,5,4,2016,April,Tuesday,0
2016-04-06,11.9,15.1,6.8,17:10,SSW,13.0,26.0,1023.7,91.0,63.0,Weather archive 2015-2026,6,4,2016,April,Wednesday,1
2016-04-07,13.2,17.6,0.0,15:00,S,7.0,13.0,1025.3,90.0,56.0,Weather archive 2015-2026,7,4,2016,April,Thursday,0
2016-04-08,12.7,19.6,0.0,16:00,S,6.0,15.0,1024.2,82.0,41.0,Weather archive 2015-2026,8,4,2016,April,Friday,0
2016-04-09,14.5,21.6,0.0,15:20,S,9.0,20.0,1020.8,82.0,45.0,Weather archive 2015-2026,9,4,2016,April,Saturday,0
2016-04-10,16.8,23.3,0.0,15:50,SW,17.0,35.0,1020.1,67.0,40.0,Weather archive 2015-2026,10,4,2016,April,Sunday,0
2016-04-11,15.0,19.2,0.0,17:50,S,17.0,30.0,1024.2,81.0,67.0,Weather archive 2015-2026,11,4,2016,April,Monday,0
2016-04-12,12.8,18.1,0.2,17:10,SSW,15.0,24.0,1027.3,92.0,59.0,Weather archive 2015-2026,12,4,2016,April,Tuesday,1
2016-04-13,13.6,19.6,0.0,15:30,SSW,17.0,26.0,1028.3,84.0,57.0,Weather archive 2015-2026,13,4,2016,April,Wednesday,0
2016-04-14,15.6,27.0,0.0,14:10,N,20.0,39.0,1025.2,95.0,30.0,Weather archive 2015-2026,14,4,2016,April,Thursday,0
2016-04-15,15.4,26.6,0.0,17:30,SSW,13.0,24.0,1021.9,84.0,30.0,Weather archive 2015-2026,15,4,2016,April,Friday,0
2016-04-16,13.5,17.3,0.0,14:10,S,17.0,32.0,1025.4,88.0,63.0,Weather archive 2015-2026,16,4,2016,April,Saturday,0
2016-04-17,11.2,19.6,0.0,15:10,SSW,15.0,30.0,1022.4,90.0,45.0,Weather archive 2015-2026,17,4,2016,April,Sunday,0
2016-04-18,15.2,24.8,0.0,14:10,NNW,20.0,32.0,1018.8,80.0,35.0,Weather archive 2015-2026,18,4,2016,April,Monday,0
2016-04-19,17.7,27.1,0.0,14:10,N,19.0,32.0,1021.3,58.0,32.0,Weather archive 2015-2026,19,4,2016,April,Tuesday,0
2016-04-20,20.1,27.8,0.0,14:00,N,20.0,35.0,1020.2,47.0,29.0,Weather archive 2015-2026,20,4,2016,April,Wednesday,0
2016-04-21,15.7,19.6,21.2,14:50,SSW,11.0,24.0,1023.7,100.0,70.0,Weather archive 2015-2026,21,4,2016,April,Thursday,1
2016-04-22,14.4,16.2,0.0,14:50,S,19.0,33.0,1029.8,62.0,50.0,Weather archive 2015-2026,22,4,2016,April,Friday,0
2016-04-23,13.5,18.7,0.0,17:30,S,15.0,28.0,1032.2,87.0,67.0,Weather archive 2015-2026,23,4,2016,April,Saturday,0
2016-04-24,11.8,19.8,0.0,13:50,SSW,13.0,19.0,1031.5,97.0,53.0,Weather archive 2015-2026,24,4,2016,April,Sunday,0
2016-04-25,14.2,24.9,0.0,15:30,N,19.0,33.0,1029.1,71.0,34.0,Weather archive 2015-2026,25,4,2016,April,Monday,0
2016-04-26,15.0,25.5,0.0,13:30,N,24.0,35.0,1025.7,52.0,28.0,Weather archive 2015-2026,26,4,2016,April,Tuesday,0
2016-04-27,22.3,25.1,0.0,13:50,N,28.0,50.0,1017.9,42.0,37.0,Weather archive 2015-2026,27,4,2016,April,Wednesday,0
2016-04-28,16.9,24.8,0.0,14:00,NNW,9.0,17.0,1018.4,79.0,41.0,Weather archive 2015-2026,28,4,2016,April,Thursday,0
2016-04-29,17.5,18.4,6.2,22:10,N,19.0,28.0,1015.3,95.0,79.0,Weather archive 2015-2026,29,4,2016,April,Friday,1
2016-04-30,20.3,23.8,0.0,14:50,N,28.0,46.0,1013.7,74.0,56.0,Weather archive 2015-2026,30,4,2016,April,Saturday,0
2016-05-01,11.0,15.8,0.4,15:20,W,20.0,46.0,1017.1,65.0,49.0,Weather archive 2015-2026,1,5,2016,May,Sunday,1
2016-05-02,14.4,18.3,0.0,13:50,NNW,28.0,50.0,1010.8,55.0,41.0,Weather archive 2015-2026,2,5,2016,May,Monday,0
2016-05-03,13.7,19.4,0.2,13:50,NNW,33.0,63.0,1010.5,79.0,52.0,Weather archive 2015-2026,3,5,2016,May,Tuesday,1
2016-05-04,14.5,17.5,0.0,14:00,NNW,20.0,33.0,1018.0,59.0,41.0,Weather archive 2015-2026,4,5,2016,May,Wednesday,0
2016-05-05,17.4,20.3,0.0,14:26,N,28.0,50.0,1014.8,58.0,51.0,Weather archive 2015-2026,5,5,2016,May,Thursday,0
2016-05-06,12.7,24.5,0.0,14:40,N,20.0,33.0,1017.9,90.0,38.0,Weather archive 2015-2026,6,5,2016,May,Friday,0
2016-05-07,17.2,24.5,0.0,16:00,N,19.0,32.0,1016.5,64.0,37.0,Weather archive 2015-2026,7,5,2016,May,Saturday,0
2016-05-08,17.3,19.3,0.8,23:40,NNE,15.0,24.0,1006.1,91.0,80.0,Weather archive 2015-2026,8,5,2016,May,Sunday,1
2016-05-09,14.3,17.9,10.0,13:50,N,33.0,63.0,997.1,80.0,63.0,Weather archive 2015-2026,9,5,2016,May,Monday,1
2016-05-10,13.6,17.0,0.2,15:20,WSW,20.0,39.0,1013.9,64.0,45.0,Weather archive 2015-2026,10,5,2016,May,Tuesday,1
2016-05-11,15.0,17.2,0.2,22:30,NNW,17.0,32.0,1011.2,79.0,52.0,Weather archive 2015-2026,11,5,2016,May,Wednesday,1
2016-05-12,16.1,21.0,0.0,22:40,W,20.0,39.0,1018.7,74.0,51.0,Weather archive 2015-2026,12,5,2016,May,Thursday,0
2016-05-13,16.1,21.3,0.0,18:40,NNW,19.0,32.0,1022.2,69.0,46.0,Weather archive 2015-2026,13,5,2016,May,Friday,0
2016-05-14,17.5,21.6,0.0,16:10,N,24.0,41.0,1017.0,59.0,51.0,Weather archive 2015-2026,14,5,2016,May,Saturday,0
2016-05-15,10.0,20.5,0.0,15:40,SSW,15.0,33.0,1020.5,86.0,45.0,Weather archive 2015-2026,15,5,2016,May,Sunday,0
2016-05-16,15.9,18.9,0.2,17:40,N,28.0,57.0,1013.5,79.0,57.0,Weather archive 2015-2026,16,5,2016,May,Monday,1
2016-05-17,13.1,16.9,0.0,17:50,SW,11.0,20.0,1020.1,74.0,50.0,Weather archive 2015-2026,17,5,2016,May,Tuesday,0
2016-05-18,15.5,18.9,0.0,15:20,WNW,20.0,32.0,1017.0,61.0,43.0,Weather archive 2015-2026,18,5,2016,May,Wednesday,0
2016-05-19,14.7,17.6,1.8,22:00,W,20.0,39.0,1019.1,86.0,64.0,Weather archive 2015-2026,19,5,2016,May,Thursday,1
2016-05-20,10.5,16.4,0.0,21:10,NNE,11.0,15.0,1025.5,83.0,59.0,Weather archive 2015-2026,20,5,2016,May,Friday,0
2016-05-21,13.6,17.9,0.0,15:10,N,22.0,37.0,1022.6,70.0,53.0,Weather archive 2015-2026,21,5,2016,May,Saturday,0
2016-05-22,19.7,22.1,0.0,23:04,N,28.0,46.0,1013.2,54.0,42.0,Weather archive 2015-2026,22,5,2016,May,Sunday,0
2016-05-23,11.2,17.1,1.8,14:50,WNW,17.0,39.0,1020.6,90.0,38.0,Weather archive 2015-2026,23,5,2016,May,Monday,1
2016-05-24,8.1,15.7,0.0,16:00,SSW,11.0,19.0,1020.8,87.0,53.0,Weather archive 2015-2026,24,5,2016,May,Tuesday,0
2016-05-25,10.8,13.8,8.8,17:00,N,26.0,46.0,1011.0,90.0,64.0,Weather archive 2015-2026,25,5,2016,May,Wednesday,1
2016-05-26,9.8,12.1,4.8,22:00,W,11.0,24.0,1008.1,90.0,75.0,Weather archive 2015-2026,26,5,2016,May,Thursday,1
2016-05-27,7.5,13.7,0.0,15:30,SSW,6.0,11.0,1009.3,94.0,58.0,Weather archive 2015-2026,27,5,2016,May,Friday,0
2016-05-28,10.3,13.2,4.2,18:30,S,17.0,32.0,1017.7,76.0,61.0,Weather archive 2015-2026,28,5,2016,May,Saturday,1
2016-05-29,8.6,13.5,0.0,14:40,WNW,11.0,19.0,1024.5,77.0,49.0,Weather archive 2015-2026,29,5,2016,May,Sunday,0
2016-05-30,6.7,14.0,0.0,14:40,SSW,9.0,17.0,1029.7,92.0,53.0,Weather archive 2015-2026,30,5,2016,May,Monday,0
2016-05-31,7.3,17.1,0.0,16:30,NNE,11.0,17.0,1029.9,91.0,35.0,Weather archive 2015-2026,31,5,2016,May,Tuesday,0
2016-06-01,7.0,15.4,0.0,15:30,SW,7.0,11.0,1028.3,100.0,60.0,Weather archive 2015-2026,1,6,2016,June,Wednesday,0
2016-06-02,10.0,11.8,0.0,17:00,SSW,7.0,15.0,1027.5,98.0,83.0,Weather archive 2015-2026,2,6,2016,June,Thursday,0
2016-06-03,11.2,14.0,3.2,15:40,S,7.0,11.0,1023.1,100.0,69.0,Weather archive 2015-2026,3,6,2016,June,Friday,1
2016-06-04,12.5,13.3,2.4,21:50,NW,7.0,11.0,1013.0,100.0,100.0,Weather archive 2015-2026,4,6,2016,June,Saturday,1
2016-06-05,12.6,13.9,1.4,23:50,NW,9.0,13.0,1004.2,100.0,95.0,Weather archive 2015-2026,5,6,2016,June,Sunday,1
2016-06-06,11.3,14.0,0.0,16:10,N,24.0,35.0,1003.4,80.0,68.0,Weather archive 2015-2026,6,6,2016,June,Monday,0
2016-06-07,12.9,15.3,1.2,17:30,W,13.0,30.0,1006.8,84.0,75.0,Weather archive 2015-2026,7,6,2016,June,Tuesday,1
2016-06-08,12.4,14.5,1.4,23:40,N,24.0,41.0,1006.0,87.0,68.0,Weather archive 2015-2026,8,6,2016,June,Wednesday,1
2016-06-09,12.0,17.0,0.2,15:40,WSW,15.0,32.0,1014.1,93.0,54.0,Weather archive 2015-2026,9,6,2016,June,Thursday,1
2016-06-10,11.3,15.0,3.0,18:30,N,19.0,32.0,1021.7,92.0,57.0,Weather archive 2015-2026,10,6,2016,June,Friday,1
2016-06-11,8.5,13.2,3.0,15:00,SSW,20.0,30.0,1034.7,81.0,54.0,Weather archive 2015-2026,11,6,2016,June,Saturday,1
2016-06-12,6.1,13.7,0.0,15:30,S,11.0,15.0,1038.4,91.0,48.0,Weather archive 2015-2026,12,6,2016,June,Sunday,0
2016-06-13,10.0,13.3,0.0,21:50,N,26.0,37.0,1034.6,68.0,52.0,Weather archive 2015-2026,13,6,2016,June,Monday,0
2016-06-14,7.9,15.3,0.0,14:40,NNE,20.0,28.0,1036.0,89.0,50.0,Weather archive 2015-2026,14,6,2016,June,Tuesday,0
2016-06-15,9.1,17.5,0.0,14:30,N,11.0,17.0,1029.5,85.0,50.0,Weather archive 2015-2026,15,6,2016,June,Wednesday,0
2016-06-16,12.2,14.0,2.2,17:30,N,24.0,35.0,1016.3,88.0,70.0,Weather archive 2015-2026,16,6,2016,June,Thursday,1
2016-06-17,12.4,15.1,4.8,23:40,SSE,17.0,24.0,1017.1,100.0,90.0,Weather archive 2015-2026,17,6,2016,June,Friday,1
2016-06-18,7.4,12.1,0.4,18:00,SE,9.0,13.0,1022.7,100.0,72.0,Weather archive 2015-2026,18,6,2016,June,Saturday,1
2016-06-19,11.1,13.2,0.0,23:00,SSE,15.0,24.0,1014.7,95.0,63.0,Weather archive 2015-2026,19,6,2016,June,Sunday,0
2016-06-20,11.5,13.1,3.0,15:30,SSW,15.0,26.0,1005.4,100.0,82.0,Weather archive 2015-2026,20,6,2016,June,Monday,1
2016-06-21,11.4,13.7,0.0,15:11,NNW,32.0,46.0,998.3,83.0,69.0,Weather archive 2015-2026,21,6,2016,June,Tuesday,0
2016-06-22,11.8,15.1,0.6,15:30,NW,24.0,33.0,1008.2,77.0,51.0,Weather archive 2015-2026,22,6,2016,June,Wednesday,1
2016-06-23,8.3,14.3,12.4,15:09,N,33.0,52.0,1000.9,92.0,57.0,Weather archive 2015-2026,23,6,2016,June,Thursday,1
2016-06-24,5.7,10.5,1.8,15:50,WSW,17.0,39.0,1018.9,83.0,58.0,Weather archive 2015-2026,24,6,2016,June,Friday,1
2016-06-25,5.8,12.6,0.0,16:00,S,9.0,17.0,1023.5,96.0,60.0,Weather archive 2015-2026,25,6,2016,June,Saturday,0
2016-06-26,6.9,10.4,0.0,15:00,N,20.0,30.0,1018.4,82.0,55.0,Weather archive 2015-2026,26,6,2016,June,Sunday,0
2016-06-27,6.8,10.4,0.2,22:30,N,9.0,13.0,1022.3,99.0,77.0,Weather archive 2015-2026,27,6,2016,June,Monday,1
2016-06-28,10.6,16.6,0.0,16:00,NNW,9.0,19.0,1027.3,87.0,56.0,Weather archive 2015-2026,28,6,2016,June,Tuesday,0
2016-06-29,11.5,15.4,0.0,22:50,NNW,35.0,43.0,1024.8,68.0,51.0,Weather archive 2015-2026,29,6,2016,June,Wednesday,0
2016-06-30,7.4,11.1,3.8,14:36,N,30.0,50.0,1010.8,86.0,68.0,Weather archive 2015-2026,30,6,2016,June,Thursday,1
2016-07-01,11.3,13.5,0.2,22:00,N,19.0,28.0,1024.2,78.0,60.0,Weather archive 2015-2026,1,7,2016,July,Friday,1
2016-07-02,13.7,15.5,0.0,14:30,WSW,17.0,26.0,1026.3,66.0,55.0,Weather archive 2015-2026,2,7,2016,July,Saturday,0
2016-07-03,10.9,16.4,0.0,16:00,NNW,24.0,37.0,1021.7,74.0,55.0,Weather archive 2015-2026,3,7,2016,July,Sunday,0
2016-07-04,11.0,12.6,0.0,16:00,N,17.0,24.0,1016.0,66.0,61.0,Weather archive 2015-2026,4,7,2016,July,Monday,0
2016-07-05,10.2,12.3,22.6,18:30,S,15.0,26.0,1014.2,100.0,84.0,Weather archive 2015-2026,5,7,2016,July,Tuesday,1
2016-07-06,10.8,12.9,2.0,18:00,S,15.0,26.0,1023.2,100.0,78.0,Weather archive 2015-2026,6,7,2016,July,Wednesday,1
2016-07-07,10.2,13.7,0.8,16:10,SE,22.0,30.0,1022.1,92.0,74.0,Weather archive 2015-2026,7,7,2016,July,Thursday,1
2016-07-08,9.0,15.0,0.0,15:30,SSW,9.0,11.0,1024.7,100.0,65.0,Weather archive 2015-2026,8,7,2016,July,Friday,0
2016-07-09,8.0,14.6,0.0,15:30,S,9.0,11.0,1025.0,100.0,57.0,Weather archive 2015-2026,9,7,2016,July,Saturday,0
2016-07-10,12.0,13.3,1.2,21:35,N,33.0,59.0,1013.7,82.0,62.0,Weather archive 2015-2026,10,7,2016,July,Sunday,1
2016-07-11,13.1,14.6,0.0,17:27,N,33.0,48.0,1003.8,74.0,59.0,Weather archive 2015-2026,11,7,2016,July,Monday,0
2016-07-12,6.7,11.9,0.4,15:30,NNW,26.0,46.0,1006.6,79.0,48.0,Weather archive 2015-2026,12,7,2016,July,Tuesday,1
2016-07-13,9.6,10.9,1.0,23:20,NW,22.0,28.0,1027.4,82.0,60.0,Weather archive 2015-2026,13,7,2016,July,Wednesday,1
2016-07-14,10.7,13.5,0.0,15:30,NW,17.0,30.0,1030.6,75.0,52.0,Weather archive 2015-2026,14,7,2016,July,Thursday,0
2016-07-15,12.0,13.9,0.0,20:30,WNW,11.0,19.0,1033.4,72.0,56.0,Weather archive 2015-2026,15,7,2016,July,Friday,0
2016-07-16,6.3,13.2,0.0,15:30,SSW,11.0,15.0,1031.1,93.0,57.0,Weather archive 2015-2026,16,7,2016,July,Saturday,0
2016-07-17,13.7,15.3,0.0,15:32,N,30.0,46.0,1025.0,65.0,48.0,Weather archive 2015-2026,17,7,2016,July,Sunday,0
2016-07-18,14.7,16.6,0.0,15:10,NNW,28.0,39.0,1021.0,78.0,68.0,Weather archive 2015-2026,18,7,2016,July,Monday,0
2016-07-19,11.4,14.9,1.6,21:30,N,9.0,11.0,1023.6,100.0,72.0,Weather archive 2015-2026,19,7,2016,July,Tuesday,1
2016-07-20,7.8,14.4,0.0,16:10,SSW,13.0,17.0,1022.2,100.0,74.0,Weather archive 2015-2026,20,7,2016,July,Wednesday,0
2016-07-21,15.0,17.8,0.2,22:30,N,26.0,50.0,1012.3,83.0,65.0,Weather archive 2015-2026,21,7,2016,July,Thursday,1
2016-07-22,9.6,17.8,2.6,14:40,W,28.0,44.0,996.9,86.0,49.0,Weather archive 2015-2026,22,7,2016,July,Friday,1
2016-07-23,7.1,9.5,0.8,15:30,W,20.0,32.0,1014.1,78.0,65.0,Weather archive 2015-2026,23,7,2016,July,Saturday,1
2016-07-24,8.7,11.1,0.0,15:30,N,26.0,44.0,1007.6,77.0,62.0,Weather archive 2015-2026,24,7,2016,July,Sunday,0
2016-07-25,8.3,13.4,4.8,17:00,N,37.0,54.0,1009.5,88.0,50.0,Weather archive 2015-2026,25,7,2016,July,Monday,1
2016-07-26,9.4,10.9,0.0,22:30,N,28.0,43.0,1011.2,72.0,57.0,Weather archive 2015-2026,26,7,2016,July,Tuesday,0
2016-07-27,9.4,12.4,0.0,16:00,WSW,20.0,32.0,1023.2,73.0,50.0,Weather archive 2015-2026,27,7,2016,July,Wednesday,0
2016-07-28,11.0,15.2,0.0,15:30,NW,17.0,33.0,1024.3,78.0,52.0,Weather archive 2015-2026,28,7,2016,July,Thursday,0
2016-07-29,10.3,15.2,2.4,15:53,WSW,19.0,30.0,1022.9,97.0,65.0,Weather archive 2015-2026,29,7,2016,July,Friday,1
2016-07-30,11.9,12.5,0.0,21:10,N,35.0,56.0,1016.8,77.0,73.0,Weather archive 2015-2026,30,7,2016,July,Saturday,0
2016-07-31,11.4,16.6,0.2,15:10,NNW,24.0,32.0,1015.9,85.0,39.0,Weather archive 2015-2026,31,7,2016,July,Sunday,1
2016-08-01,9.0,11.2,13.6,19:38,SSW,13.0,30.0,1016.6,97.0,78.0,Weather archive 2015-2026,1,8,2016,August,Monday,1
2016-08-02,9.8,11.0,0.4,19:30,SSW,15.0,20.0,1025.6,96.0,83.0,Weather archive 2015-2026,2,8,2016,August,Tuesday,1
2016-08-03,8.0,10.9,0.6,18:40,SSW,15.0,20.0,1030.1,96.0,81.0,Weather archive 2015-2026,3,8,2016,August,Wednesday,1
2016-08-04,5.9,11.9,0.0,19:30,SSE,9.0,19.0,1032.4,98.0,60.0,Weather archive 2015-2026,4,8,2016,August,Thursday,0
2016-08-05,6.7,11.5,0.0,18:40,SSW,6.0,9.0,1031.2,94.0,63.0,Weather archive 2015-2026,5,8,2016,August,Friday,0
2016-08-06,10.7,13.0,0.0,20:00,NNE,11.0,17.0,1027.9,72.0,54.0,Weather archive 2015-2026,6,8,2016,August,Saturday,0
2016-08-07,7.5,12.1,0.0,20:10,ENE,6.0,13.0,1026.6,78.0,50.0,Weather archive 2015-2026,7,8,2016,August,Sunday,0
2016-08-08,10.9,12.5,0.0,17:40,N,24.0,30.0,1021.2,63.0,52.0,Weather archive 2015-2026,8,8,2016,August,Monday,0
2016-08-09,14.3,16.4,0.0,21:00,N,33.0,54.0,1007.5,77.0,54.0,Weather archive 2015-2026,9,8,2016,August,Tuesday,0
2016-08-10,8.5,12.9,8.2,21:30,W,15.0,30.0,1014.4,92.0,64.0,Weather archive 2015-2026,10,8,2016,August,Wednesday,1
2016-08-11,11.3,13.2,0.0,17:50,NNW,13.0,17.0,1023.1,63.0,51.0,Weather archive 2015-2026,11,8,2016,August,Thursday,0
2016-08-12,10.2,11.9,1.6,21:46,NNW,19.0,41.0,1020.2,88.0,69.0,Weather archive 2015-2026,12,8,2016,August,Friday,1
2016-08-13,12.9,14.1,0.0,0:00,NW,13.0,32.0,1025.0,69.0,53.0,Weather archive 2015-2026,13,8,2016,August,Saturday,0
2016-08-14,12.8,15.8,0.0,21:00,NNW,15.0,24.0,1030.1,67.0,50.0,Weather archive 2015-2026,14,8,2016,August,Sunday,0
2016-08-15,11.7,15.5,0.0,23:10,N,20.0,28.0,1029.7,72.0,59.0,Weather archive 2015-2026,15,8,2016,August,Monday,0
2016-08-16,15.2,16.6,0.0,0:00,N,28.0,46.0,1022.3,68.0,54.0,Weather archive 2015-2026,16,8,2016,August,Tuesday,0
2016-08-17,8.3,12.3,0.0,19:40,SSE,7.0,9.0,1023.5,91.0,68.0,Weather archive 2015-2026,17,8,2016,August,Wednesday,0
2016-08-18,18.5,19.9,0.2,18:10,NNE,30.0,44.0,1012.6,52.0,43.0,Weather archive 2015-2026,18,8,2016,August,Thursday,1
2016-08-19,8.5,10.6,9.4,19:00,N,17.0,24.0,1010.9,85.0,71.0,Weather archive 2015-2026,19,8,2016,August,Friday,1
2016-08-20,10.1,12.1,1.2,23:30,N,19.0,28.0,1015.4,83.0,57.0,Weather archive 2015-2026,20,8,2016,August,Saturday,1
2016-08-21,11.0,11.9,5.4,22:00,N,13.0,20.0,1015.4,87.0,75.0,Weather archive 2015-2026,21,8,2016,August,Sunday,1
2016-08-22,9.6,10.8,8.0,20:00,S,9.0,20.0,1017.1,100.0,86.0,Weather archive 2015-2026,22,8,2016,August,Monday,1
2016-08-23,5.8,10.9,0.0,21:00,SSE,2.0,7.0,1018.9,98.0,67.0,Weather archive 2015-2026,23,8,2016,August,Tuesday,0
2016-08-24,8.5,10.6,0.0,21:30,S,15.0,24.0,1015.3,87.0,63.0,Weather archive 2015-2026,24,8,2016,August,Wednesday,0
2016-08-25,8.8,11.1,0.6,20:00,SSW,15.0,24.0,1020.5,81.0,63.0,Weather archive 2015-2026,25,8,2016,August,Thursday,1
2016-08-26,11.1,12.8,0.0,19:40,NNW,17.0,20.0,1023.2,56.0,47.0,Weather archive 2015-2026,26,8,2016,August,Friday,0
2016-08-27,11.4,13.4,0.0,22:20,N,22.0,30.0,1021.4,64.0,52.0,Weather archive 2015-2026,27,8,2016,August,Saturday,0
2016-08-28,11.8,15.4,0.0,19:40,N,15.0,17.0,1023.1,68.0,57.0,Weather archive 2015-2026,28,8,2016,August,Sunday,0
2016-08-29,11.5,16.9,0.0,19:10,NNE,13.0,17.0,1023.8,69.0,42.0,Weather archive 2015-2026,29,8,2016,August,Monday,0
2016-08-30,14.6,16.3,0.6,21:40,N,26.0,35.0,1015.1,81.0,63.0,Weather archive 2015-2026,30,8,2016,August,Tuesday,1
2016-08-31,13.5,16.8,0.0,22:30,S,7.0,15.0,1017.9,82.0,51.0,Weather archive 2015-2026,31,8,2016,August,Wednesday,0
2016-09-01,11.7,12.6,0.4,21:40,SE,11.0,13.0,1017.4,91.0,83.0,Weather archive 2015-2026,1,9,2016,September,Thursday,1
2016-09-02,11.5,12.8,0.0,23:30,SSE,19.0,26.0,1008.2,85.0,77.0,Weather archive 2015-2026,2,9,2016,September,Friday,0
2016-09-03,11.8,14.7,0.2,21:30,W,15.0,24.0,1016.3,74.0,50.0,Weather archive 2015-2026,3,9,2016,September,Saturday,1
2016-09-04,14.4,15.7,0.0,22:30,N,15.0,17.0,1028.7,65.0,56.0,Weather archive 2015-2026,4,9,2016,September,Sunday,0
2016-09-05,14.0,15.3,0.0,21:30,NNE,9.0,13.0,1029.8,75.0,63.0,Weather archive 2015-2026,5,9,2016,September,Monday,0
2016-09-06,12.7,17.3,0.0,19:30,SSE,15.0,20.0,1030.5,88.0,61.0,Weather archive 2015-2026,6,9,2016,September,Tuesday,0
2016-09-07,15.2,19.2,0.0,18:00,N,15.0,22.0,1026.0,67.0,48.0,Weather archive 2015-2026,7,9,2016,September,Wednesday,0
2016-09-08,19.7,20.7,0.0,0:00,N,26.0,41.0,1016.4,63.0,48.0,Weather archive 2015-2026,8,9,2016,September,Thursday,0
2016-09-09,11.5,14.9,5.8,19:00,NNE,9.0,13.0,1011.8,100.0,89.0,Weather archive 2015-2026,9,9,2016,September,Friday,1
2016-09-10,10.0,12.0,0.8,19:00,S,13.0,20.0,1020.8,100.0,95.0,Weather archive 2015-2026,10,9,2016,September,Saturday,1
2016-09-11,11.4,14.8,0.0,22:10,NNW,22.0,26.0,1020.7,84.0,57.0,Weather archive 2015-2026,11,9,2016,September,Sunday,0
2016-09-12,9.8,11.9,3.6,22:00,SSE,15.0,20.0,1023.0,99.0,80.0,Weather archive 2015-2026,12,9,2016,September,Monday,1
2016-09-13,12.0,13.1,11.0,21:00,N,6.0,7.0,1015.2,100.0,89.0,Weather archive 2015-2026,13,9,2016,September,Tuesday,1
2016-09-14,8.9,11.6,1.4,22:00,N,22.0,35.0,1005.5,87.0,74.0,Weather archive 2015-2026,14,9,2016,September,Wednesday,1
2016-09-15,10.6,12.0,13.2,22:00,WNW,11.0,19.0,1015.6,98.0,75.0,Weather archive 2015-2026,15,9,2016,September,Thursday,1
2016-09-16,12.1,15.5,0.0,15:30,N,20.0,30.0,1019.9,70.0,47.0,Weather archive 2015-2026,16,9,2016,September,Friday,0
2016-09-17,14.8,19.4,0.0,13:00,NNW,28.0,39.0,1017.9,70.0,47.0,Weather archive 2015-2026,17,9,2016,September,Saturday,0
2016-09-18,9.3,12.3,0.2,19:00,S,24.0,33.0,1013.2,84.0,62.0,Weather archive 2015-2026,18,9,2016,September,Sunday,1
2016-09-19,9.3,16.1,0.0,12:00,S,17.0,26.0,1015.2,73.0,41.0,Weather archive 2015-2026,19,9,2016,September,Monday,0
2016-09-20,12.7,18.4,0.0,11:30,N,28.0,39.0,1014.7,64.0,42.0,Weather archive 2015-2026,20,9,2016,September,Tuesday,0
2016-09-21,12.6,15.1,1.2,0:00,SSW,24.0,35.0,1014.6,96.0,77.0,Weather archive 2015-2026,21,9,2016,September,Wednesday,1
2016-09-22,11.3,13.3,0.6,15:00,S,26.0,35.0,1020.3,80.0,63.0,Weather archive 2015-2026,22,9,2016,September,Thursday,1
2016-09-23,11.3,16.3,0.0,17:00,SW,11.0,15.0,1016.1,91.0,64.0,Weather archive 2015-2026,23,9,2016,September,Friday,0
2016-09-24,10.1,19.5,0.0,9:30,N,28.0,39.0,1012.1,99.0,43.0,Weather archive 2015-2026,24,9,2016,September,Saturday,0
2016-09-25,10.0,13.7,0.0,18:00 AEST,S,11.0,20.0,1015.6,76.0,54.0,Weather archive 2015-2026,25,9,2016,September,Sunday,0
2016-09-26,8.2,16.0,11.4,21:00 AEST,W,13.0,24.0,1012.4,96.0,45.0,Weather archive 2015-2026,26,9,2016,September,Monday,1
2016-09-27,9.2,14.4,2.0,15:30 AEST,S,19.0,26.0,1014.3,95.0,63.0,Weather archive 2015-2026,27,9,2016,September,Tuesday,1
2016-09-28,15.6,18.2,0.0,23:30 AEST,NNE,32.0,43.0,1003.9,62.0,48.0,Weather archive 2015-2026,28,9,2016,September,Wednesday,0
2016-09-29,9.5,15.7,1.6,16:08 AEST,NNW,32.0,48.0,991.6,90.0,40.0,Weather archive 2015-2026,29,9,2016,September,Thursday,1
2016-09-30,12.0,15.6,0.0,15:30 AEST,SSW,11.0,19.0,998.7,79.0,53.0,Weather archive 2015-2026,30,9,2016,September,Friday,0
2016-10-01,12.5,17.9,0.0,21:30 AEST,N,22.0,33.0,1009.2,65.0,52.0,Weather archive 2015-2026,1,10,2016,October,Saturday,0
2016-10-02,15.6,23.6,4.6,16:00 AEDT,NNE,41.0,69.0,997.9,86.0,33.0,Weather archive 2015-2026,2,10,2016,October,Sunday,1
2016-10-03,12.6,15.8,0.2,18:20 AEDT,NNW,32.0,43.0,1002.7,64.0,47.0,Weather archive 2015-2026,3,10,2016,October,Monday,1
2016-10-04,9.3,15.7,2.8,19:30 AEDT,W,30.0,56.0,1011.6,79.0,50.0,Weather archive 2015-2026,4,10,2016,October,Tuesday,1
2016-10-05,13.9,17.0,0.0,20:20 AEDT,NW,32.0,39.0,1017.3,84.0,47.0,Weather archive 2015-2026,5,10,2016,October,Wednesday,0
2016-10-06,20.6,26.8,0.0,23:15 AEDT,N,32.0,46.0,1015.3,61.0,33.0,Weather archive 2015-2026,6,10,2016,October,Thursday,0
2016-10-07,13.0,22.2,0.0,21:00 AEDT,SSW,20.0,32.0,1019.6,83.0,37.0,Weather archive 2015-2026,7,10,2016,October,Friday,0
2016-10-08,9.9,15.4,0.0,14:49 AEDT,SSW,22.0,26.0,1022.4,88.0,49.0,Weather archive 2015-2026,8,10,2016,October,Saturday,0
2016-10-09,17.1,21.7,0.8,15:10 AEDT,N,54.0,80.0,1006.8,78.0,35.0,Weather archive 2015-2026,9,10,2016,October,Sunday,1
2016-10-10,9.2,15.9,1.4,17:00 AEDT,WNW,22.0,48.0,1014.3,65.0,40.0,Weather archive 2015-2026,10,10,2016,October,Monday,1
2016-10-11,11.3,14.4,0.0,18:30 AEDT,W,20.0,33.0,1019.5,72.0,48.0,Weather archive 2015-2026,11,10,2016,October,Tuesday,0
2016-10-12,10.2,15.0,4.2,18:20 AEDT,S,26.0,39.0,1024.1,96.0,48.0,Weather archive 2015-2026,12,10,2016,October,Wednesday,1
2016-10-13,8.2,14.6,0.2,16:50 AEDT,SSW,20.0,30.0,1027.6,84.0,48.0,Weather archive 2015-2026,13,10,2016,October,Thursday,1
2016-10-14,13.6,22.9,0.0,18:00 AEDT,N,30.0,39.0,1021.7,66.0,28.0,Weather archive 2015-2026,14,10,2016,October,Friday,0
2016-10-15,19.4,22.9,0.0,18:03 AEDT,N,37.0,56.0,1017.4,45.0,35.0,Weather archive 2015-2026,15,10,2016,October,Saturday,0
2016-10-16,11.0,21.8,9.8,18:00 AEDT,NW,19.0,41.0,1005.3,94.0,42.0,Weather archive 2015-2026,16,10,2016,October,Sunday,1
2016-10-17,14.0,18.5,0.2,20:30 AEDT,NNW,24.0,39.0,1010.3,61.0,34.0,Weather archive 2015-2026,17,10,2016,October,Monday,1
2016-10-18,8.8,15.7,2.6,15:30 AEDT,SW,20.0,39.0,1016.8,85.0,39.0,Weather archive 2015-2026,18,10,2016,October,Tuesday,1
2016-10-19,11.5,16.4,0.0,15:00 AEDT,S,13.0,26.0,1022.2,69.0,39.0,Weather archive 2015-2026,19,10,2016,October,Wednesday,0
2016-10-20,17.6,21.2,0.0,17:30 AEDT,N,35.0,52.0,1017.8,42.0,32.0,Weather archive 2015-2026,20,10,2016,October,Thursday,0
2016-10-21,8.7,13.8,15.6,15:30 AEDT,SW,15.0,26.0,1017.1,97.0,74.0,Weather archive 2015-2026,21,10,2016,October,Friday,1
2016-10-22,10.2,12.9,4.2,16:00 AEDT,SSW,33.0,50.0,1025.1,83.0,64.0,Weather archive 2015-2026,22,10,2016,October,Saturday,1
2016-10-23,11.2,14.0,0.4,15:20 AEDT,S,26.0,37.0,1026.6,67.0,47.0,Weather archive 2015-2026,23,10,2016,October,Sunday,1
2016-10-24,10.4,16.6,0.2,14:30 AEDT,SSW,13.0,26.0,1020.3,92.0,54.0,Weather archive 2015-2026,24,10,2016,October,Monday,1
2016-10-25,20.8,25.3,0.0,17:17 AEDT,N,37.0,50.0,1012.6,38.0,28.0,Weather archive 2015-2026,25,10,2016,October,Tuesday,0
2016-10-26,10.4,17.7,0.2,18:00 AEDT,S,20.0,30.0,1019.2,94.0,67.0,Weather archive 2015-2026,26,10,2016,October,Wednesday,1
2016-10-27,10.0,14.8,0.0,16:30 AEDT,S,24.0,41.0,1022.6,70.0,47.0,Weather archive 2015-2026,27,10,2016,October,Thursday,0
2016-10-28,10.7,16.3,0.0,16:00 AEDT,SW,17.0,30.0,1020.9,90.0,44.0,Weather archive 2015-2026,28,10,2016,October,Friday,0
2016-10-29,17.0,25.0,0.0,16:00 AEDT,N,26.0,33.0,1013.9,58.0,26.0,Weather archive 2015-2026,29,10,2016,October,Saturday,0
2016-10-30,9.2,27.0,1.8,18:30 AEDT,W,22.0,46.0,1010.4,74.0,25.0,Weather archive 2015-2026,30,10,2016,October,Sunday,1
2016-10-31,12.2,16.9,0.4,19:30 AEDT,WNW,13.0,37.0,1014.3,79.0,39.0,Weather archive 2015-2026,31,10,2016,October,Monday,1
2016-11-01,12.2,17.2,0.4,19:00,W,13.0,28.0,1015.2,77.0,47.0,Weather archive 2015-2026,1,11,2016,November,Tuesday,1
2016-11-02,13.5,18.3,0.0,19:30,SSW,17.0,24.0,1019.3,73.0,43.0,Weather archive 2015-2026,2,11,2016,November,Wednesday,0
2016-11-03,12.8,19.0,0.0,16:30,S,19.0,26.0,1018.2,87.0,50.0,Weather archive 2015-2026,3,11,2016,November,Thursday,0
2016-11-04,13.5,29.0,0.0,21:00,W,26.0,59.0,1008.0,61.0,20.0,Weather archive 2015-2026,4,11,2016,November,Friday,0
2016-11-05,13.1,16.2,0.0,15:30,WSW,24.0,37.0,1013.3,61.0,40.0,Weather archive 2015-2026,5,11,2016,November,Saturday,0
2016-11-06,16.3,21.3,0.0,17:30,SSW,17.0,22.0,1010.6,64.0,39.0,Weather archive 2015-2026,6,11,2016,November,Sunday,0
2016-11-07,13.7,21.5,0.2,20:20,S,19.0,33.0,1009.4,84.0,47.0,Weather archive 2015-2026,7,11,2016,November,Monday,1
2016-11-08,11.9,18.1,0.0,17:30,S,19.0,26.0,1015.1,77.0,42.0,Weather archive 2015-2026,8,11,2016,November,Tuesday,0
2016-11-09,13.0,16.7,0.0,17:30,SSW,20.0,32.0,1014.8,74.0,60.0,Weather archive 2015-2026,9,11,2016,November,Wednesday,0
2016-11-10,12.0,17.0,0.0,21:00,SSE,15.0,24.0,1014.4,74.0,54.0,Weather archive 2015-2026,10,11,2016,November,Thursday,0
2016-11-11,15.0,23.6,0.0,15:30,SSW,19.0,30.0,1008.8,88.0,42.0,Weather archive 2015-2026,11,11,2016,November,Friday,0
2016-11-12,17.0,24.6,0.0,14:30,NNW,30.0,50.0,998.9,56.0,34.0,Weather archive 2015-2026,12,11,2016,November,Saturday,0
2016-11-13,13.2,18.4,3.6,23:00,SSW,24.0,41.0,1003.8,93.0,55.0,Weather archive 2015-2026,13,11,2016,November,Sunday,1
2016-11-14,12.4,15.2,0.0,20:10,S,20.0,32.0,1018.5,79.0,55.0,Weather archive 2015-2026,14,11,2016,November,Monday,0
2016-11-15,13.0,19.0,0.0,19:30,SSW,13.0,20.0,1022.7,87.0,54.0,Weather archive 2015-2026,15,11,2016,November,Tuesday,0
2016-11-16,13.5,19.8,0.0,16:30,S,17.0,24.0,1023.7,94.0,58.0,Weather archive 2015-2026,16,11,2016,November,Wednesday,0
2016-11-17,24.1,31.1,0.0,15:40,NNW,35.0,46.0,1015.7,38.0,23.0,Weather archive 2015-2026,17,11,2016,November,Thursday,0
2016-11-18,12.9,17.0,0.0,16:30,SSW,19.0,28.0,1020.5,76.0,57.0,Weather archive 2015-2026,18,11,2016,November,Friday,0
2016-11-19,13.8,19.0,0.0,18:30,SSW,15.0,30.0,1021.1,81.0,57.0,Weather archive 2015-2026,19,11,2016,November,Saturday,0
2016-11-20,22.1,33.2,0.0,18:00,N,15.0,28.0,1014.6,67.0,24.0,Weather archive 2015-2026,20,11,2016,November,Sunday,0
2016-11-21,20.9,34.9,1.8,14:30,N,33.0,54.0,1012.6,87.0,21.0,Weather archive 2015-2026,21,11,2016,November,Monday,1
2016-11-22,12.6,14.5,3.8,16:30,SSE,15.0,20.0,1018.2,98.0,79.0,Weather archive 2015-2026,22,11,2016,November,Tuesday,1
2016-11-23,11.4,15.3,1.8,18:00,SSW,28.0,39.0,1019.9,78.0,50.0,Weather archive 2015-2026,23,11,2016,November,Wednesday,1
2016-11-24,13.1,16.8,0.0,14:30,S,17.0,35.0,1019.1,64.0,50.0,Weather archive 2015-2026,24,11,2016,November,Thursday,0
2016-11-25,13.8,17.4,0.0,19:30,S,22.0,33.0,1022.4,67.0,54.0,Weather archive 2015-2026,25,11,2016,November,Friday,0
2016-11-26,14.1,17.4,0.0,19:00,S,20.0,32.0,1022.4,72.0,60.0,Weather archive 2015-2026,26,11,2016,November,Saturday,0
2016-11-27,14.2,16.2,0.0,17:40,SSW,19.0,22.0,1019.7,83.0,69.0,Weather archive 2015-2026,27,11,2016,November,Sunday,0
2016-11-28,12.8,19.1,0.2,18:00,SSW,15.0,26.0,1015.8,79.0,51.0,Weather archive 2015-2026,28,11,2016,November,Monday,1
2016-11-29,13.7,19.8,0.0,16:00,S,20.0,33.0,1013.3,82.0,55.0,Weather archive 2015-2026,29,11,2016,November,Tuesday,0
2016-11-30,15.1,18.4,0.0,17:30,SSW,20.0,28.0,1011.8,78.0,70.0,Weather archive 2015-2026,30,11,2016,November,Wednesday,0
2016-12-01,15.3,21.8,0.0,19:00,S,17.0,26.0,1009.0,80.0,54.0,Weather archive 2015-2026,1,12,2016,December,Thursday,0
2016-12-02,13.3,19.0,0.0,15:30,S,24.0,35.0,1017.5,67.0,55.0,Weather archive 2015-2026,2,12,2016,December,Friday,0
2016-12-03,15.6,23.7,0.0,18:30,SSE,20.0,26.0,1015.3,76.0,39.0,Weather archive 2015-2026,3,12,2016,December,Saturday,0
2016-12-04,20.5,31.6,2.4,18:00,NW,24.0,41.0,1008.3,89.0,29.0,Weather archive 2015-2026,4,12,2016,December,Sunday,1
2016-12-05,14.7,21.5,0.0,19:00,S,20.0,30.0,1016.2,72.0,52.0,Weather archive 2015-2026,5,12,2016,December,Monday,0
2016-12-06,13.8,20.5,0.0,20:00,S,20.0,30.0,1017.1,68.0,43.0,Weather archive 2015-2026,6,12,2016,December,Tuesday,0
2016-12-07,21.3,28.1,0.0,18:00,NNW,24.0,35.0,1011.4,38.0,18.0,Weather archive 2015-2026,7,12,2016,December,Wednesday,0
2016-12-08,13.2,22.1,4.8,18:30,WSW,26.0,46.0,1009.5,85.0,33.0,Weather archive 2015-2026,8,12,2016,December,Thursday,1
2016-12-09,13.7,17.3,0.2,16:00,S,20.0,37.0,1023.5,71.0,49.0,Weather archive 2015-2026,9,12,2016,December,Friday,1
2016-12-10,14.7,18.4,0.0,20:00,S,17.0,26.0,1024.7,77.0,48.0,Weather archive 2015-2026,10,12,2016,December,Saturday,0
2016-12-11,13.7,18.9,0.0,18:00,SSW,22.0,32.0,1023.7,76.0,57.0,Weather archive 2015-2026,11,12,2016,December,Sunday,0
2016-12-12,20.2,32.6,0.0,16:00,N,22.0,33.0,1015.6,67.0,17.0,Weather archive 2015-2026,12,12,2016,December,Monday,0
2016-12-13,19.1,36.3,0.0,16:39,S,24.0,39.0,1006.7,74.0,12.0,Weather archive 2015-2026,13,12,2016,December,Tuesday,0
2016-12-14,13.4,17.8,0.0,19:20,SSE,26.0,35.0,1019.8,58.0,45.0,Weather archive 2015-2026,14,12,2016,December,Wednesday,0
2016-12-15,13.2,18.4,0.0,17:10,S,28.0,41.0,1018.2,69.0,53.0,Weather archive 2015-2026,15,12,2016,December,Thursday,0
2016-12-16,17.3,25.0,0.0,15:00,NNW,22.0,32.0,1007.8,89.0,45.0,Weather archive 2015-2026,16,12,2016,December,Friday,0
2016-12-17,12.5,20.1,0.0,14:50,SSW,30.0,41.0,1019.5,55.0,28.0,Weather archive 2015-2026,17,12,2016,December,Saturday,0
2016-12-18,12.3,17.4,0.0,15:40,SSW,28.0,35.0,1023.4,63.0,39.0,Weather archive 2015-2026,18,12,2016,December,Sunday,0
2016-12-19,23.3,30.0,0.0,15:40,N,32.0,54.0,1010.7,31.0,17.0,Weather archive 2015-2026,19,12,2016,December,Monday,0
2016-12-20,16.3,21.4,0.2,0:00,SW,15.0,26.0,1013.2,69.0,40.0,Weather archive 2015-2026,20,12,2016,December,Tuesday,1
2016-12-21,15.3,18.9,0.0,14:30,S,24.0,43.0,1021.3,70.0,51.0,Weather archive 2015-2026,21,12,2016,December,Wednesday,0
2016-12-22,15.1,19.8,0.0,17:30,SSW,22.0,37.0,1019.2,83.0,61.0,Weather archive 2015-2026,22,12,2016,December,Thursday,0
2016-12-23,19.2,26.1,0.0,17:30,SSW,17.0,26.0,1012.2,84.0,51.0,Weather archive 2015-2026,23,12,2016,December,Friday,0
2016-12-24,18.4,34.5,0.2,15:30,NNW,30.0,41.0,1013.6,95.0,20.0,Weather archive 2015-2026,24,12,2016,December,Saturday,1
2016-12-25,28.4,36.2,0.0,15:30,NNW,22.0,37.0,1010.7,34.0,22.0,Weather archive 2015-2026,25,12,2016,December,Sunday,0
2016-12-26,18.3,19.9,1.6,15:30,S,11.0,20.0,1013.3,98.0,83.0,Weather archive 2015-2026,26,12,2016,December,Monday,1
2016-12-27,23.7,27.2,0.8,22:00,ESE,17.0,20.0,1010.6,89.0,61.0,Weather archive 2015-2026,27,12,2016,December,Tuesday,1
2016-12-28,28.8,37.8,0.0,17:00,NNW,39.0,63.0,1003.5,55.0,28.0,Weather archive 2015-2026,28,12,2016,December,Wednesday,0
2016-12-29,21.0,26.7,20.4,16:00,SSW,15.0,32.0,1003.1,100.0,78.0,Weather archive 2015-2026,29,12,2016,December,Thursday,1
2016-12-30,19.0,27.5,0.0,16:00,SSW,19.0,30.0,1005.9,76.0,40.0,Weather archive 2015-2026,30,12,2016,December,Friday,0
2016-12-31,17.6,23.7,0.0,19:30,SSW,17.0,28.0,1007.3,82.0,52.0,Weather archive 2015-2026,31,12,2016,December,Saturday,0
2017-01-01,16.6,17.9,0.4,23:00,SSW,20.0,32.0,1013.9,87.0,77.0,Weather archive 2015-2026,1,1,2017,January,Sunday,1
2017-01-02,16.0,16.6,0.4,20:30,S,19.0,24.0,1021.3,69.0,66.0,Weather archive 2015-2026,2,1,2017,January,Monday,1
2017-01-03,16.0,18.1,0.0,20:30,SSW,20.0,28.0,1020.9,85.0,70.0,Weather archive 2015-2026,3,1,2017,January,Tuesday,0
2017-01-04,21.9,25.6,0.0,19:30,SW,9.0,15.0,1015.1,83.0,66.0,Weather archive 2015-2026,4,1,2017,January,Wednesday,0
2017-01-05,20.4,28.1,0.0,22:30,SW,11.0,20.0,1016.0,85.0,42.0,Weather archive 2015-2026,5,1,2017,January,Thursday,0
2017-01-06,25.4,33.7,0.0,19:30,SE,13.0,20.0,1014.0,62.0,29.0,Weather archive 2015-2026,6,1,2017,January,Friday,0
2017-01-07,29.4,35.0,0.0,20:10,NNW,20.0,24.0,1006.9,36.0,24.0,Weather archive 2015-2026,7,1,2017,January,Saturday,0
2017-01-08,18.9,21.5,0.0,19:30,SSW,15.0,26.0,1012.7,74.0,66.0,Weather archive 2015-2026,8,1,2017,January,Sunday,0
2017-01-09,17.7,23.5,0.0,22:30,SSE,13.0,22.0,1013.4,79.0,59.0,Weather archive 2015-2026,9,1,2017,January,Monday,0
2017-01-10,18.7,21.4,0.0,20:30,SSW,17.0,30.0,1011.6,79.0,73.0,Weather archive 2015-2026,10,1,2017,January,Tuesday,0
2017-01-11,18.1,20.0,0.0,19:30,S,17.0,30.0,1014.5,70.0,63.0,Weather archive 2015-2026,11,1,2017,January,Wednesday,0
2017-01-12,19.6,26.4,0.0,20:30,ESE,15.0,20.0,1007.5,74.0,44.0,Weather archive 2015-2026,12,1,2017,January,Thursday,0
2017-01-13,18.0,22.4,2.6,19:50,SSW,20.0,33.0,1005.2,68.0,51.0,Weather archive 2015-2026,13,1,2017,January,Friday,1
2017-01-14,16.4,20.0,0.0,22:30,SSW,17.0,30.0,1017.2,67.0,51.0,Weather archive 2015-2026,14,1,2017,January,Saturday,0
2017-01-15,15.6,19.4,0.0,20:30,SSW,17.0,22.0,1018.5,72.0,62.0,Weather archive 2015-2026,15,1,2017,January,Sunday,0
2017-01-16,22.5,28.7,0.0,16:00,SSW,15.0,30.0,1010.7,68.0,37.0,Weather archive 2015-2026,16,1,2017,January,Monday,0
2017-01-17,20.8,25.9,0.0,22:00,SSW,17.0,33.0,1011.5,70.0,51.0,Weather archive 2015-2026,17,1,2017,January,Tuesday,0
2017-01-18,14.8,18.4,0.0,21:00,SSE,20.0,30.0,1018.2,62.0,47.0,Weather archive 2015-2026,18,1,2017,January,Wednesday,0
2017-01-19,19.4,21.6,0.0,20:00,S,13.0,19.0,1005.6,77.0,59.0,Weather archive 2015-2026,19,1,2017,January,Thursday,0
2017-01-20,16.3,17.3,0.6,20:30,S,28.0,41.0,1010.5,70.0,62.0,Weather archive 2015-2026,20,1,2017,January,Friday,1
2017-01-21,16.6,20.1,0.0,20:30,S,17.0,20.0,1017.5,72.0,61.0,Weather archive 2015-2026,21,1,2017,January,Saturday,0
2017-01-22,21.8,28.8,0.0,20:00,SSE,17.0,22.0,1011.3,80.0,39.0,Weather archive 2015-2026,22,1,2017,January,Sunday,0
2017-01-23,21.7,25.3,0.4,20:00,SSW,19.0,33.0,1006.8,82.0,58.0,Weather archive 2015-2026,23,1,2017,January,Monday,1
2017-01-24,16.1,19.0,0.0,20:00,S,15.0,33.0,1022.2,63.0,53.0,Weather archive 2015-2026,24,1,2017,January,Tuesday,0
2017-01-25,17.3,19.3,0.0,20:00,S,17.0,30.0,1020.5,67.0,57.0,Weather archive 2015-2026,25,1,2017,January,Wednesday,0
2017-01-26,17.7,19.9,0.0,21:30,S,13.0,24.0,1020.3,75.0,64.0,Weather archive 2015-2026,26,1,2017,January,Thursday,0
2017-01-27,18.3,23.3,0.0,20:00,S,11.0,17.0,1014.3,77.0,53.0,Weather archive 2015-2026,27,1,2017,January,Friday,0
2017-01-28,17.8,21.2,0.0,20:00,S,17.0,22.0,1018.5,76.0,66.0,Weather archive 2015-2026,28,1,2017,January,Saturday,0
2017-01-29,19.3,23.2,0.0,19:30,SSW,19.0,30.0,1013.5,91.0,67.0,Weather archive 2015-2026,29,1,2017,January,Sunday,0
2017-01-30,18.4,21.6,2.6,20:00,S,15.0,20.0,1011.1,97.0,85.0,Weather archive 2015-2026,30,1,2017,January,Monday,1
2017-01-31,17.4,19.5,0.0,20:30,S,17.0,30.0,1018.4,61.0,57.0,Weather archive 2015-2026,31,1,2017,January,Tuesday,0
2017-02-01,14.5,20.0,0.0,20:30,SSW,9.0,17.0,1015.3,83.0,48.0,Weather archive 2015-2026,1,2,2017,February,Wednesday,0
2017-02-02,17.2,20.1,0.0,19:30,S,17.0,28.0,1017.3,76.0,63.0,Weather archive 2015-2026,2,2,2017,February,Thursday,0
2017-02-03,18.1,23.4,0.0,20:00,SSW,13.0,24.0,1014.5,78.0,59.0,Weather archive 2015-2026,3,2,2017,February,Friday,0
2017-02-04,21.5,23.9,0.0,21:00,SSW,13.0,26.0,1009.4,78.0,62.0,Weather archive 2015-2026,4,2,2017,February,Saturday,0
2017-02-05,19.4,20.1,27.2,20:07,SSW,17.0,39.0,1010.6,100.0,100.0,Weather archive 2015-2026,5,2,2017,February,Sunday,1
2017-02-06,16.1,16.7,0.0,22:30,SSE,15.0,22.0,1022.0,61.0,56.0,Weather archive 2015-2026,6,2,2017,February,Monday,0
2017-02-07,18.4,24.3,0.0,21:30,ESE,15.0,26.0,1019.8,78.0,56.0,Weather archive 2015-2026,7,2,2017,February,Tuesday,0
2017-02-08,28.9,35.5,0.0,19:30,N,15.0,22.0,1012.4,42.0,28.0,Weather archive 2015-2026,8,2,2017,February,Wednesday,0
2017-02-09,20.2,22.9,0.0,22:30,SSW,15.0,20.0,1013.3,84.0,72.0,Weather archive 2015-2026,9,2,2017,February,Thursday,0
2017-02-10,20.5,23.5,0.0,20:30,SSW,13.0,24.0,1010.5,81.0,73.0,Weather archive 2015-2026,10,2,2017,February,Friday,0
2017-02-11,18.8,20.5,0.0,22:30,S,17.0,26.0,1009.4,76.0,60.0,Weather archive 2015-2026,11,2,2017,February,Saturday,0
2017-02-12,14.7,17.6,0.0,22:00,WSW,13.0,32.0,1013.1,62.0,47.0,Weather archive 2015-2026,12,2,2017,February,Sunday,0
2017-02-13,16.2,18.2,0.0,22:40,S,24.0,30.0,1018.1,79.0,71.0,Weather archive 2015-2026,13,2,2017,February,Monday,0
2017-02-14,13.8,18.6,0.0,19:30,SSW,11.0,24.0,1018.8,73.0,57.0,Weather archive 2015-2026,14,2,2017,February,Tuesday,0
2017-02-15,19.5,30.6,0.0,20:17,S,20.0,41.0,1011.2,82.0,22.0,Weather archive 2015-2026,15,2,2017,February,Wednesday,0
2017-02-16,16.8,20.7,0.0,20:30,SSE,13.0,20.0,1011.9,67.0,62.0,Weather archive 2015-2026,16,2,2017,February,Thursday,0
2017-02-17,17.3,23.8,0.0,20:40,S,22.0,33.0,1011.7,79.0,40.0,Weather archive 2015-2026,17,2,2017,February,Friday,0
2017-02-18,14.4,16.4,0.0,20:30,S,13.0,24.0,1013.2,63.0,47.0,Weather archive 2015-2026,18,2,2017,February,Saturday,0
2017-02-19,12.1,13.7,2.6,23:00,WNW,17.0,26.0,1011.7,75.0,63.0,Weather archive 2015-2026,19,2,2017,February,Sunday,1
2017-02-20,15.0,17.9,0.2,21:00,S,15.0,30.0,1019.7,67.0,58.0,Weather archive 2015-2026,20,2,2017,February,Monday,1
2017-02-21,15.1,23.0,0.0,19:30,SE,15.0,24.0,1019.2,83.0,43.0,Weather archive 2015-2026,21,2,2017,February,Tuesday,0
2017-02-22,19.8,33.0,0.0,19:00,N,19.0,32.0,1012.3,70.0,16.0,Weather archive 2015-2026,22,2,2017,February,Wednesday,0
2017-02-23,18.1,20.6,0.0,19:30,S,20.0,30.0,1023.5,79.0,68.0,Weather archive 2015-2026,23,2,2017,February,Thursday,0
2017-02-24,16.3,17.7,0.0,21:00,SSE,15.0,26.0,1026.6,69.0,54.0,Weather archive 2015-2026,24,2,2017,February,Friday,0
2017-02-25,17.1,18.6,0.0,19:30,S,15.0,28.0,1022.5,82.0,59.0,Weather archive 2015-2026,25,2,2017,February,Saturday,0
2017-02-26,19.3,27.3,0.0,19:40,SE,22.0,30.0,1021.1,71.0,40.0,Weather archive 2015-2026,26,2,2017,February,Sunday,0
2017-02-27,21.6,30.8,0.0,19:30,SSE,17.0,26.0,1021.5,71.0,28.0,Weather archive 2015-2026,27,2,2017,February,Monday,0
2017-02-28,21.2,31.2,0.0,20:00,SSE,13.0,24.0,1021.7,60.0,27.0,Weather archive 2015-2026,28,2,2017,February,Tuesday,0
2017-03-01,17.9,24.3,0.0,21:00,SE,11.0,20.0,1020.6,85.0,34.0,Weather archive 2015-2026,1,3,2017,March,Wednesday,0
2017-03-02,20.3,21.7,0.0,21:00,SSW,19.0,30.0,1022.6,96.0,84.0,Weather archive 2015-2026,2,3,2017,March,Thursday,0
2017-03-03,20.4,26.0,0.0,20:00,SE,22.0,41.0,1019.9,71.0,51.0,Weather archive 2015-2026,3,3,2017,March,Friday,0
2017-03-04,20.4,23.9,0.0,20:20,SW,13.0,17.0,1015.2,89.0,71.0,Weather archive 2015-2026,4,3,2017,March,Saturday,0
2017-03-05,18.8,21.2,0.0,21:00,S,15.0,26.0,1017.4,79.0,69.0,Weather archive 2015-2026,5,3,2017,March,Sunday,0
2017-03-06,18.5,24.9,0.0,20:00,SE,24.0,37.0,1019.0,68.0,38.0,Weather archive 2015-2026,6,3,2017,March,Monday,0
2017-03-07,17.4,23.9,0.0,20:30,ESE,19.0,30.0,1018.5,68.0,47.0,Weather archive 2015-2026,7,3,2017,March,Tuesday,0
2017-03-08,18.3,26.9,0.0,20:30,SE,13.0,22.0,1016.9,70.0,34.0,Weather archive 2015-2026,8,3,2017,March,Wednesday,0
2017-03-09,20.7,29.3,0.0,19:20,ESE,20.0,26.0,1016.1,62.0,26.0,Weather archive 2015-2026,9,3,2017,March,Thursday,0
2017-03-10,19.4,20.4,0.0,21:00,SSW,11.0,19.0,1016.6,88.0,80.0,Weather archive 2015-2026,10,3,2017,March,Friday,0
2017-03-11,19.9,20.7,0.0,22:30,W,7.0,15.0,1010.7,87.0,80.0,Weather archive 2015-2026,11,3,2017,March,Saturday,0
2017-03-12,20.0,23.2,0.2,21:10,SSW,11.0,13.0,1009.4,83.0,58.0,Weather archive 2015-2026,12,3,2017,March,Sunday,1
2017-03-13,20.2,21.4,0.0,21:00,SSW,13.0,24.0,1018.0,91.0,84.0,Weather archive 2015-2026,13,3,2017,March,Monday,0
2017-03-14,22.0,29.1,0.0,20:10,SE,13.0,22.0,1017.5,74.0,36.0,Weather archive 2015-2026,14,3,2017,March,Tuesday,0
2017-03-15,26.2,31.5,0.0,20:00,N,15.0,24.0,1010.4,46.0,32.0,Weather archive 2015-2026,15,3,2017,March,Wednesday,0
2017-03-16,17.9,19.5,0.0,22:00,S,24.0,37.0,1020.5,69.0,61.0,Weather archive 2015-2026,16,3,2017,March,Thursday,0
2017-03-17,17.4,20.0,0.0,22:30,ESE,9.0,15.0,1025.6,71.0,50.0,Weather archive 2015-2026,17,3,2017,March,Friday,0
2017-03-18,19.2,28.0,0.0,19:20,ESE,13.0,19.0,1022.8,67.0,31.0,Weather archive 2015-2026,18,3,2017,March,Saturday,0
2017-03-19,21.3,29.9,0.0,21:10,NNE,20.0,26.0,1016.5,60.0,30.0,Weather archive 2015-2026,19,3,2017,March,Sunday,0
2017-03-20,21.5,25.1,2.2,21:10,NNE,20.0,26.0,1015.6,86.0,63.0,Weather archive 2015-2026,20,3,2017,March,Monday,1
2017-03-21,20.8,23.5,8.2,23:30,NW,17.0,22.0,1011.9,95.0,84.0,Weather archive 2015-2026,21,3,2017,March,Tuesday,1
2017-03-22,17.7,19.6,0.0,19:30,SE,32.0,43.0,1020.5,77.0,70.0,Weather archive 2015-2026,22,3,2017,March,Wednesday,0
2017-03-23,17.4,20.9,0.0,19:30,SE,20.0,33.0,1021.5,76.0,64.0,Weather archive 2015-2026,23,3,2017,March,Thursday,0
2017-03-24,18.5,22.5,0.0,20:20,ESE,9.0,13.0,1016.4,85.0,62.0,Weather archive 2015-2026,24,3,2017,March,Friday,0
2017-03-25,20.1,24.1,0.0,22:30,SSW,15.0,26.0,1015.4,88.0,61.0,Weather archive 2015-2026,25,3,2017,March,Saturday,0
2017-03-26,19.4,21.9,0.0,19:30,SW,9.0,15.0,1012.9,94.0,81.0,Weather archive 2015-2026,26,3,2017,March,Sunday,0
2017-03-27,15.5,18.6,4.2,23:30,NE,11.0,13.0,1014.9,86.0,57.0,Weather archive 2015-2026,27,3,2017,March,Monday,1
2017-03-28,16.0,20.0,0.2,23:30,ENE,7.0,9.0,1012.7,82.0,58.0,Weather archive 2015-2026,28,3,2017,March,Tuesday,1
2017-03-29,11.3,17.1,1.2,20:20,SW,26.0,44.0,1013.8,87.0,63.0,Weather archive 2015-2026,29,3,2017,March,Wednesday,1
2017-03-30,13.1,15.0,0.0,21:30,SW,19.0,35.0,1023.0,78.0,54.0,Weather archive 2015-2026,30,3,2017,March,Thursday,0
2017-03-31,13.1,15.1,0.0,19:30,N,4.0,6.0,1020.9,74.0,55.0,Weather archive 2015-2026,31,3,2017,March,Friday,0
2017-04-01,13.8,15.9,0.0,20:10,SSW,24.0,32.0,1027.3,69.0,47.0,Weather archive 2015-2026,1,4,2017,April,Saturday,0
2017-04-02,12.7,14.8,0.0,21:30,SSE,17.0,24.0,1032.5,61.0,56.0,Weather archive 2015-2026,2,4,2017,April,Sunday,0
2017-04-03,12.2,17.8,0.0,19:40,ENE,7.0,15.0,1030.4,91.0,57.0,Weather archive 2015-2026,3,4,2017,April,Monday,0
2017-04-04,13.4,19.4,0.0,20:10,E,6.0,11.0,1027.0,86.0,49.0,Weather archive 2015-2026,4,4,2017,April,Tuesday,0
2017-04-05,15.4,18.1,0.0,22:00,NNE,9.0,13.0,1023.2,71.0,56.0,Weather archive 2015-2026,5,4,2017,April,Wednesday,0
2017-04-06,15.6,20.8,0.0,22:20,N,11.0,13.0,1024.2,59.0,38.0,Weather archive 2015-2026,6,4,2017,April,Thursday,0
2017-04-07,19.6,22.6,0.0,23:40,N,17.0,20.0,1021.9,47.0,39.0,Weather archive 2015-2026,7,4,2017,April,Friday,0
2017-04-08,16.7,20.3,9.6,23:30,N,20.0,32.0,1015.2,82.0,50.0,Weather archive 2015-2026,8,4,2017,April,Saturday,1
2017-04-09,9.1,10.1,13.4,23:50,NNW,11.0,15.0,1009.0,97.0,87.0,Weather archive 2015-2026,9,4,2017,April,Sunday,1
2017-04-10,12.4,15.3,2.8,20:00,SSW,15.0,28.0,1022.8,97.0,70.0,Weather archive 2015-2026,10,4,2017,April,Monday,1
2017-04-11,14.2,15.7,0.0,19:30,S,13.0,22.0,1026.8,84.0,76.0,Weather archive 2015-2026,11,4,2017,April,Tuesday,0
2017-04-12,12.5,17.2,0.0,21:30,N,0.0,11.0,1025.5,98.0,84.0,Weather archive 2015-2026,12,4,2017,April,Wednesday,0
2017-04-13,15.3,17.3,0.0,20:00,S,9.0,20.0,1024.7,92.0,75.0,Weather archive 2015-2026,13,4,2017,April,Thursday,0
2017-04-14,12.1,15.4,0.0,19:10,SSW,15.0,19.0,1024.7,81.0,59.0,Weather archive 2015-2026,14,4,2017,April,Friday,0
2017-04-15,10.1,14.8,0.0,23:30,NE,7.0,11.0,1021.5,85.0,53.0,Weather archive 2015-2026,15,4,2017,April,Saturday,0
2017-04-16,18.8,22.2,0.0,15:00,S,11.0,19.0,1019.7,51.0,40.0,Weather archive 2015-2026,16,4,2017,April,Sunday,0
2017-04-17,12.3,17.6,0.0,15:30,SSW,13.0,19.0,1024.6,99.0,70.0,Weather archive 2015-2026,17,4,2017,April,Monday,0
2017-04-18,13.1,15.5,0.0,21:20,N,0.0,4.0,1028.2,100.0,97.0,Weather archive 2015-2026,18,4,2017,April,Tuesday,0
2017-04-19,18.5,22.0,0.0,23:30,N,11.0,13.0,1026.1,67.0,56.0,Weather archive 2015-2026,19,4,2017,April,Wednesday,0
2017-04-20,20.1,22.9,0.0,20:00,NNE,11.0,17.0,1023.4,59.0,44.0,Weather archive 2015-2026,20,4,2017,April,Thursday,0
2017-04-21,17.7,18.1,4.6,23:50,N,20.0,30.0,1022.7,88.0,80.0,Weather archive 2015-2026,21,4,2017,April,Friday,1
2017-04-22,17.6,19.3,0.0,20:00,SW,7.0,13.0,1024.9,86.0,78.0,Weather archive 2015-2026,22,4,2017,April,Saturday,0
2017-04-23,17.2,17.7,0.0,19:10,S,9.0,13.0,1024.5,92.0,89.0,Weather archive 2015-2026,23,4,2017,April,Sunday,0
2017-04-24,17.7,21.2,8.0,22:19,NW,6.0,11.0,1014.1,100.0,69.0,Weather archive 2015-2026,24,4,2017,April,Monday,1
2017-04-25,13.4,17.4,3.6,21:30,NW,17.0,30.0,1007.8,92.0,74.0,Weather archive 2015-2026,25,4,2017,April,Tuesday,1
2017-04-26,8.9,10.6,2.4,21:30,W,15.0,30.0,1020.5,84.0,66.0,Weather archive 2015-2026,26,4,2017,April,Wednesday,1
2017-04-27,12.0,12.8,0.4,23:00,NNW,7.0,13.0,1024.6,83.0,75.0,Weather archive 2015-2026,27,4,2017,April,Thursday,1
2017-04-28,15.4,16.9,0.2,0:00,WNW,6.0,20.0,1023.7,87.0,77.0,Weather archive 2015-2026,28,4,2017,April,Friday,1
2017-04-29,14.0,15.8,0.0,19:00,S,9.0,17.0,1024.5,83.0,75.0,Weather archive 2015-2026,29,4,2017,April,Saturday,0
2017-04-30,14.4,15.5,0.0,20:30,N,19.0,26.0,1020.8,60.0,54.0,Weather archive 2015-2026,30,4,2017,April,Sunday,0
2017-05-01,12.5,13.1,2.4,20:10,W,17.0,24.0,1018.0,92.0,88.0,Weather archive 2015-2026,1,5,2017,May,Monday,1
2017-05-02,9.5,13.1,0.8,20:00,SSW,9.0,20.0,1028.0,87.0,52.0,Weather archive 2015-2026,2,5,2017,May,Tuesday,1
2017-05-03,9.5,13.7,0.0,19:20,SE,11.0,13.0,1032.0,84.0,62.0,Weather archive 2015-2026,3,5,2017,May,Wednesday,0
2017-05-04,8.5,11.0,0.0,20:00,SSE,2.0,7.0,1030.9,94.0,82.0,Weather archive 2015-2026,4,5,2017,May,Thursday,0
2017-05-05,11.3,16.7,0.2,19:30,N,9.0,15.0,1024.0,92.0,63.0,Weather archive 2015-2026,5,5,2017,May,Friday,1
2017-05-06,10.1,12.0,1.4,21:30,WNW,9.0,28.0,1025.4,68.0,62.0,Weather archive 2015-2026,6,5,2017,May,Saturday,1
2017-05-07,10.2,12.5,0.0,19:30,S,17.0,32.0,1031.6,85.0,65.0,Weather archive 2015-2026,7,5,2017,May,Sunday,0
2017-05-08,11.2,13.4,1.0,21:00,ESE,6.0,11.0,1031.9,87.0,74.0,Weather archive 2015-2026,8,5,2017,May,Monday,1
2017-05-09,13.3,14.0,0.0,19:10,SW,11.0,17.0,1029.0,79.0,74.0,Weather archive 2015-2026,9,5,2017,May,Tuesday,0
2017-05-10,8.9,10.8,0.0,23:00,N,0.0,6.0,1026.4,99.0,88.0,Weather archive 2015-2026,10,5,2017,May,Wednesday,0
2017-05-11,8.7,10.0,0.0,23:00,NE,6.0,9.0,1026.7,100.0,94.0,Weather archive 2015-2026,11,5,2017,May,Thursday,0
2017-05-12,12.7,14.7,0.2,23:30,W,9.0,13.0,1026.4,77.0,72.0,Weather archive 2015-2026,12,5,2017,May,Friday,1
2017-05-13,8.9,11.7,0.0,20:30,S,6.0,9.0,1025.9,94.0,76.0,Weather archive 2015-2026,13,5,2017,May,Saturday,0
2017-05-14,9.1,14.1,0.0,19:30,S,9.0,15.0,1023.1,96.0,75.0,Weather archive 2015-2026,14,5,2017,May,Sunday,0
2017-05-15,8.6,13.4,0.0,19:30,ESE,9.0,19.0,1020.6,100.0,72.0,Weather archive 2015-2026,15,5,2017,May,Monday,0
2017-05-16,11.5,14.6,0.0,20:10,N,11.0,13.0,1018.9,85.0,71.0,Weather archive 2015-2026,16,5,2017,May,Tuesday,0
2017-05-17,12.2,13.8,0.8,21:00,NNE,7.0,9.0,1023.2,97.0,88.0,Weather archive 2015-2026,17,5,2017,May,Wednesday,1
2017-05-18,11.2,14.5,0.0,19:20,N,0.0,0.0,1022.7,94.0,68.0,Weather archive 2015-2026,18,5,2017,May,Thursday,0
2017-05-19,11.3,12.9,0.0,23:20,N,0.0,6.0,1019.0,100.0,93.0,Weather archive 2015-2026,19,5,2017,May,Friday,0
2017-05-20,13.4,15.3,0.0,23:10,N,13.0,19.0,1019.7,84.0,76.0,Weather archive 2015-2026,20,5,2017,May,Saturday,0
2017-05-21,12.6,15.4,0.0,20:00,N,11.0,17.0,1022.6,87.0,79.0,Weather archive 2015-2026,21,5,2017,May,Sunday,0
2017-05-22,16.7,17.4,0.0,0:00,NNE,15.0,22.0,1018.8,63.0,56.0,Weather archive 2015-2026,22,5,2017,May,Monday,0
2017-05-23,14.5,15.8,0.0,22:00,NNW,15.0,26.0,1015.1,82.0,75.0,Weather archive 2015-2026,23,5,2017,May,Tuesday,0
2017-05-24,14.0,15.3,0.0,20:20,WSW,9.0,11.0,1021.1,69.0,56.0,Weather archive 2015-2026,24,5,2017,May,Wednesday,0
2017-05-25,14.0,15.9,0.0,22:40,NNW,20.0,28.0,1020.5,79.0,70.0,Weather archive 2015-2026,25,5,2017,May,Thursday,0
2017-05-26,12.7,14.4,0.0,0:00,N,15.0,20.0,1020.8,86.0,76.0,Weather archive 2015-2026,26,5,2017,May,Friday,0
2017-05-27,15.0,17.2,0.2,21:46,N,28.0,54.0,1010.7,73.0,58.0,Weather archive 2015-2026,27,5,2017,May,Saturday,1
2017-05-28,8.0,9.5,1.4,20:20,NW,19.0,26.0,1015.4,74.0,66.0,Weather archive 2015-2026,28,5,2017,May,Sunday,1
2017-05-29,12.2,12.8,0.0,0:00,NNW,26.0,33.0,1021.2,63.0,58.0,Weather archive 2015-2026,29,5,2017,May,Monday,0
2017-05-30,7.7,9.5,1.4,22:00,W,15.0,24.0,1030.0,79.0,71.0,Weather archive 2015-2026,30,5,2017,May,Tuesday,1
2017-05-31,10.9,12.4,0.4,19:30,SSW,9.0,19.0,1037.1,75.0,64.0,Weather archive 2015-2026,31,5,2017,May,Wednesday,1
2017-06-01,10.4,11.9,0.0,23:30,WSW,9.0,13.0,1038.1,65.0,58.0,Weather archive 2015-2026,1,6,2017,June,Thursday,0
2017-06-02,11.1,12.1,0.0,19:30,SW,7.0,11.0,1036.2,85.0,72.0,Weather archive 2015-2026,2,6,2017,June,Friday,0
2017-06-03,7.5,9.5,0.0,,N,0.0,0.0,1032.2,100.0,91.0,Weather archive 2015-2026,3,6,2017,June,Saturday,0
2017-06-04,7.3,8.5,0.0,23:30,NNE,9.0,11.0,1028.1,99.0,88.0,Weather archive 2015-2026,4,6,2017,June,Sunday,0
2017-06-05,10.7,13.4,1.4,22:30,W,17.0,26.0,1022.9,91.0,79.0,Weather archive 2015-2026,5,6,2017,June,Monday,1
2017-06-06,11.2,11.8,0.0,22:00,SSE,17.0,19.0,1030.6,68.0,64.0,Weather archive 2015-2026,6,6,2017,June,Tuesday,0
2017-06-07,6.7,11.3,0.0,19:30,SSE,7.0,11.0,1029.1,98.0,73.0,Weather archive 2015-2026,7,6,2017,June,Wednesday,0
2017-06-08,9.0,10.8,0.6,23:00,W,9.0,15.0,1031.2,90.0,84.0,Weather archive 2015-2026,8,6,2017,June,Thursday,1
2017-06-09,9.6,11.5,0.0,22:05,W,4.0,9.0,1035.3,100.0,93.0,Weather archive 2015-2026,9,6,2017,June,Friday,0
2017-06-10,7.3,9.3,0.0,23:30,NE,9.0,11.0,1033.4,100.0,98.0,Weather archive 2015-2026,10,6,2017,June,Saturday,0
2017-06-11,8.4,11.1,0.0,23:30,NNW,9.0,13.0,1027.6,99.0,77.0,Weather archive 2015-2026,11,6,2017,June,Sunday,0
2017-06-12,10.7,12.3,0.0,22:00,W,9.0,13.0,1030.9,96.0,84.0,Weather archive 2015-2026,12,6,2017,June,Monday,0
2017-06-13,7.5,10.1,0.0,0:00,NNE,11.0,13.0,1032.1,99.0,84.0,Weather archive 2015-2026,13,6,2017,June,Tuesday,0
2017-06-14,10.8,13.3,0.0,0:00,N,13.0,17.0,1028.8,80.0,69.0,Weather archive 2015-2026,14,6,2017,June,Wednesday,0
2017-06-15,9.1,12.9,0.0,21:10,NNE,11.0,13.0,1027.2,89.0,78.0,Weather archive 2015-2026,15,6,2017,June,Thursday,0
2017-06-16,7.8,10.3,0.0,21:00,NNE,7.0,11.0,1026.2,98.0,91.0,Weather archive 2015-2026,16,6,2017,June,Friday,0
2017-06-17,8.2,9.4,0.0,23:30,NE,11.0,15.0,1028.1,100.0,91.0,Weather archive 2015-2026,17,6,2017,June,Saturday,0
2017-06-18,9.6,11.9,0.0,22:50,ENE,4.0,6.0,1032.1,100.0,91.0,Weather archive 2015-2026,18,6,2017,June,Sunday,0
2017-06-19,10.9,13.8,0.0,20:30,ENE,7.0,11.0,1031.2,90.0,75.0,Weather archive 2015-2026,19,6,2017,June,Monday,0
2017-06-20,10.9,11.6,0.0,23:10,NNW,20.0,24.0,1027.2,77.0,73.0,Weather archive 2015-2026,20,6,2017,June,Tuesday,0
2017-06-21,9.9,11.3,0.2,21:00,ESE,4.0,11.0,1030.5,88.0,78.0,Weather archive 2015-2026,21,6,2017,June,Wednesday,1
2017-06-22,10.4,11.9,0.0,22:10,N,17.0,22.0,1024.7,69.0,64.0,Weather archive 2015-2026,22,6,2017,June,Thursday,0
2017-06-23,10.6,12.1,0.6,22:40,W,17.0,26.0,1016.3,91.0,71.0,Weather archive 2015-2026,23,6,2017,June,Friday,1
2017-06-24,10.2,10.8,0.0,23:20,N,15.0,20.0,1019.2,58.0,49.0,Weather archive 2015-2026,24,6,2017,June,Saturday,0
2017-06-25,10.1,12.8,1.4,20:10,NW,19.0,22.0,1019.8,93.0,61.0,Weather archive 2015-2026,25,6,2017,June,Sunday,1
2017-06-26,9.3,10.8,0.0,23:30,NNE,7.0,9.0,1027.1,92.0,82.0,Weather archive 2015-2026,26,6,2017,June,Monday,0
2017-06-27,8.9,10.6,0.0,23:30,N,17.0,24.0,1024.9,78.0,67.0,Weather archive 2015-2026,27,6,2017,June,Tuesday,0
2017-06-28,9.3,12.5,0.0,20:40,NNW,13.0,17.0,1023.9,81.0,70.0,Weather archive 2015-2026,28,6,2017,June,Wednesday,0
2017-06-29,8.7,10.2,3.2,20:40,WSW,15.0,20.0,1028.1,93.0,76.0,Weather archive 2015-2026,29,6,2017,June,Thursday,1
2017-06-30,4.5,6.4,0.0,23:00,NNE,9.0,13.0,1032.5,92.0,82.0,Weather archive 2015-2026,30,6,2017,June,Friday,0
2017-07-01,5.7,8.7,0.0,21:30,N,15.0,24.0,1028.5,71.0,61.0,Weather archive 2015-2026,1,7,2017,July,Saturday,0
2017-07-02,5.7,8.0,0.0,21:40,N,11.0,15.0,1020.6,74.0,47.0,Weather archive 2015-2026,2,7,2017,July,Sunday,0
2017-07-03,11.1,12.2,2.6,21:30,N,17.0,28.0,1009.4,80.0,69.0,Weather archive 2015-2026,3,7,2017,July,Monday,1
2017-07-04,12.5,13.0,0.0,23:20,NNW,20.0,26.0,1010.8,83.0,75.0,Weather archive 2015-2026,4,7,2017,July,Tuesday,0
2017-07-05,9.7,11.8,0.0,23:30,NW,15.0,20.0,1017.0,76.0,64.0,Weather archive 2015-2026,5,7,2017,July,Wednesday,0
2017-07-06,8.5,9.9,0.0,20:00,N,17.0,28.0,1014.4,82.0,78.0,Weather archive 2015-2026,6,7,2017,July,Thursday,0
2017-07-07,7.5,11.4,0.0,21:00,N,17.0,20.0,1013.3,81.0,69.0,Weather archive 2015-2026,7,7,2017,July,Friday,0
2017-07-08,9.5,10.3,0.0,21:30,N,17.0,30.0,1016.8,81.0,73.0,Weather archive 2015-2026,8,7,2017,July,Saturday,0
2017-07-09,9.0,11.0,0.0,23:00,NNW,17.0,24.0,1022.9,73.0,58.0,Weather archive 2015-2026,9,7,2017,July,Sunday,0
2017-07-10,10.9,11.9,0.4,20:00,NNW,15.0,22.0,1029.6,83.0,73.0,Weather archive 2015-2026,10,7,2017,July,Monday,1
2017-07-11,6.6,8.0,0.0,23:00,NE,9.0,11.0,1035.5,92.0,85.0,Weather archive 2015-2026,11,7,2017,July,Tuesday,0
2017-07-12,7.5,10.2,0.0,22:00,N,9.0,15.0,1029.7,81.0,71.0,Weather archive 2015-2026,12,7,2017,July,Wednesday,0
2017-07-13,12.3,12.9,0.4,21:30,N,20.0,37.0,1016.9,73.0,56.0,Weather archive 2015-2026,13,7,2017,July,Thursday,1
2017-07-14,8.7,11.1,0.0,22:10,W,17.0,24.0,1017.9,71.0,60.0,Weather archive 2015-2026,14,7,2017,July,Friday,0
2017-07-15,5.1,8.6,0.0,22:30,NNE,11.0,15.0,1023.1,86.0,74.0,Weather archive 2015-2026,15,7,2017,July,Saturday,0
2017-07-16,10.2,10.8,0.0,20:00,N,24.0,37.0,1017.7,55.0,51.0,Weather archive 2015-2026,16,7,2017,July,Sunday,0
2017-07-17,9.8,13.4,0.2,20:15,NNW,28.0,50.0,1010.5,76.0,56.0,Weather archive 2015-2026,17,7,2017,July,Monday,1
2017-07-18,9.1,10.9,0.8,22:00,N,15.0,20.0,1007.9,78.0,71.0,Weather archive 2015-2026,18,7,2017,July,Tuesday,1
2017-07-19,8.8,10.5,0.4,20:00,WSW,15.0,26.0,1020.0,74.0,69.0,Weather archive 2015-2026,19,7,2017,July,Wednesday,1
2017-07-20,7.6,8.9,4.2,21:00,W,11.0,15.0,1023.7,79.0,73.0,Weather archive 2015-2026,20,7,2017,July,Thursday,1
2017-07-21,7.8,10.1,0.0,22:00,N,19.0,26.0,1023.7,74.0,65.0,Weather archive 2015-2026,21,7,2017,July,Friday,0
2017-07-22,10.1,11.0,0.0,21:40,N,28.0,44.0,1015.8,58.0,52.0,Weather archive 2015-2026,22,7,2017,July,Saturday,0
2017-07-23,9.8,11.3,6.8,21:30,NW,11.0,17.0,1017.4,87.0,79.0,Weather archive 2015-2026,23,7,2017,July,Sunday,1
2017-07-24,10.7,11.1,0.0,22:10,NNW,20.0,26.0,1020.3,85.0,81.0,Weather archive 2015-2026,24,7,2017,July,Monday,0
2017-07-25,12.0,14.4,2.4,22:30,NNW,17.0,30.0,1014.5,67.0,58.0,Weather archive 2015-2026,25,7,2017,July,Tuesday,1
2017-07-26,7.1,9.9,2.0,23:10,NNE,9.0,9.0,1025.2,100.0,92.0,Weather archive 2015-2026,26,7,2017,July,Wednesday,1
2017-07-27,11.5,13.7,1.4,23:30,N,22.0,41.0,1015.4,78.0,58.0,Weather archive 2015-2026,27,7,2017,July,Thursday,1
2017-07-28,10.9,11.4,0.0,23:00,N,20.0,30.0,1019.9,68.0,63.0,Weather archive 2015-2026,28,7,2017,July,Friday,0
2017-07-29,14.8,17.0,0.0,19:30,N,22.0,43.0,1006.6,52.0,44.0,Weather archive 2015-2026,29,7,2017,July,Saturday,0
2017-07-30,7.9,10.3,0.0,23:40,NNE,11.0,13.0,1018.3,91.0,79.0,Weather archive 2015-2026,30,7,2017,July,Sunday,0
2017-07-31,6.6,9.0,0.0,,Calm,0.0,0.0,1024.6,99.0,81.0,Weather archive 2015-2026,31,7,2017,July,Monday,0
2017-08-01,6.2,9.8,0.0,20:30,ESE,9.0,13.0,1028.3,96.0,81.0,Weather archive 2015-2026,1,8,2017,August,Tuesday,0
2017-08-02,4.7,7.4,0.0,,Calm,0.0,0.0,1023.2,100.0,94.0,Weather archive 2015-2026,2,8,2017,August,Wednesday,0
2017-08-03,7.9,8.2,6.0,21:00,SW,7.0,9.0,1010.7,100.0,98.0,Weather archive 2015-2026,3,8,2017,August,Thursday,1
2017-08-04,9.7,11.3,0.0,23:30,N,28.0,50.0,1007.1,78.0,68.0,Weather archive 2015-2026,4,8,2017,August,Friday,0
2017-08-05,10.9,12.4,0.0,21:20,N,37.0,50.0,1007.5,66.0,57.0,Weather archive 2015-2026,5,8,2017,August,Saturday,0
2017-08-06,8.3,10.9,2.4,20:00,N,28.0,46.0,1003.3,79.0,64.0,Weather archive 2015-2026,6,8,2017,August,Sunday,1
2017-08-07,7.9,9.5,2.2,22:00,WNW,11.0,20.0,1017.6,83.0,77.0,Weather archive 2015-2026,7,8,2017,August,Monday,1
2017-08-08,11.6,13.6,0.0,22:00,NW,13.0,20.0,1022.8,77.0,66.0,Weather archive 2015-2026,8,8,2017,August,Tuesday,0
2017-08-09,13.7,14.1,0.0,20:49,N,28.0,46.0,1018.7,65.0,61.0,Weather archive 2015-2026,9,8,2017,August,Wednesday,0
2017-08-10,14.9,16.8,0.0,23:00,NW,17.0,30.0,1009.2,55.0,43.0,Weather archive 2015-2026,10,8,2017,August,Thursday,0
2017-08-11,11.8,13.2,0.0,23:30,NNW,20.0,35.0,1015.4,71.0,59.0,Weather archive 2015-2026,11,8,2017,August,Friday,0
2017-08-12,11.4,13.4,1.8,22:00,WSW,6.0,11.0,1021.3,97.0,82.0,Weather archive 2015-2026,12,8,2017,August,Saturday,1
2017-08-13,14.9,15.8,0.0,21:20,N,22.0,33.0,1017.9,53.0,43.0,Weather archive 2015-2026,13,8,2017,August,Sunday,0
2017-08-14,11.4,15.5,0.0,21:30,N,13.0,15.0,1014.6,72.0,57.0,Weather archive 2015-2026,14,8,2017,August,Monday,0
2017-08-15,14.4,17.0,0.8,21:30,N,20.0,33.0,999.3,91.0,68.0,Weather archive 2015-2026,15,8,2017,August,Tuesday,1
2017-08-16,12.4,13.6,0.0,23:50,NNW,24.0,30.0,1003.8,66.0,57.0,Weather archive 2015-2026,16,8,2017,August,Wednesday,0
2017-08-17,8.3,9.8,2.8,23:00,NNW,19.0,24.0,1005.5,76.0,63.0,Weather archive 2015-2026,17,8,2017,August,Thursday,1
2017-08-18,7.2,8.4,5.6,0:00,W,13.0,30.0,1021.6,88.0,76.0,Weather archive 2015-2026,18,8,2017,August,Friday,1
2017-08-19,6.2,8.8,1.8,20:40,SSE,15.0,20.0,1028.6,96.0,66.0,Weather archive 2015-2026,19,8,2017,August,Saturday,1
2017-08-20,7.8,9.7,0.0,20:40,NNE,11.0,13.0,1020.6,76.0,61.0,Weather archive 2015-2026,20,8,2017,August,Sunday,0
2017-08-21,9.7,10.6,1.6,20:20,NNE,13.0,15.0,1017.9,74.0,67.0,Weather archive 2015-2026,21,8,2017,August,Monday,1
2017-08-22,10.8,14.0,0.0,21:00,NNW,11.0,15.0,1020.4,71.0,62.0,Weather archive 2015-2026,22,8,2017,August,Tuesday,0
2017-08-23,8.1,9.2,9.0,23:00,W,9.0,20.0,1021.9,94.0,83.0,Weather archive 2015-2026,23,8,2017,August,Wednesday,1
2017-08-24,8.6,10.7,0.6,22:30,WSW,7.0,19.0,1027.2,84.0,69.0,Weather archive 2015-2026,24,8,2017,August,Thursday,1
2017-08-25,12.3,13.4,0.0,20:40,NW,11.0,15.0,1027.0,57.0,48.0,Weather archive 2015-2026,25,8,2017,August,Friday,0
2017-08-26,11.8,13.5,0.0,19:40,NW,22.0,32.0,1021.2,71.0,57.0,Weather archive 2015-2026,26,8,2017,August,Saturday,0
2017-08-27,5.8,8.8,0.4,19:10,S,19.0,30.0,1026.2,83.0,58.0,Weather archive 2015-2026,27,8,2017,August,Sunday,1
2017-08-28,7.6,8.5,0.0,23:00,N,0.0,6.0,1025.1,87.0,80.0,Weather archive 2015-2026,28,8,2017,August,Monday,0
2017-08-29,9.6,11.7,0.0,22:10,W,15.0,20.0,1024.9,78.0,58.0,Weather archive 2015-2026,29,8,2017,August,Tuesday,0
2017-08-30,6.6,10.7,0.2,20:30,SSE,9.0,13.0,1031.5,86.0,65.0,Weather archive 2015-2026,30,8,2017,August,Wednesday,1
2017-08-31,6.0,11.6,0.0,19:40,SSE,7.0,11.0,1027.6,88.0,53.0,Weather archive 2015-2026,31,8,2017,August,Thursday,0
2017-09-01,10.6,13.2,0.0,22:30,N,11.0,17.0,1021.2,65.0,52.0,Weather archive 2015-2026,1,9,2017,September,Friday,0
2017-09-02,14.6,17.7,0.0,22:30,N,24.0,39.0,1012.1,52.0,36.0,Weather archive 2015-2026,2,9,2017,September,Saturday,0
2017-09-03,12.0,13.9,0.4,22:30,NNW,22.0,33.0,1007.5,63.0,49.0,Weather archive 2015-2026,3,9,2017,September,Sunday,1
2017-09-04,6.9,8.0,0.2,20:30,NW,19.0,33.0,1007.3,70.0,60.0,Weather archive 2015-2026,4,9,2017,September,Monday,1
2017-09-05,6.9,7.4,4.8,21:30,NW,13.0,26.0,1012.0,86.0,69.0,Weather archive 2015-2026,5,9,2017,September,Tuesday,1
2017-09-06,9.7,11.7,0.8,19:00,W,13.0,26.0,1018.4,77.0,71.0,Weather archive 2015-2026,6,9,2017,September,Wednesday,1
2017-09-07,9.7,12.5,3.2,19:30,WNW,11.0,22.0,1020.7,90.0,71.0,Weather archive 2015-2026,7,9,2017,September,Thursday,1
2017-09-08,8.4,9.9,1.2,23:00,W,11.0,20.0,1025.6,79.0,75.0,Weather archive 2015-2026,8,9,2017,September,Friday,1
2017-09-09,9.1,11.8,0.2,23:40,W,7.0,11.0,1026.1,91.0,73.0,Weather archive 2015-2026,9,9,2017,September,Saturday,1
2017-09-10,8.2,10.8,0.0,22:00,N,11.0,17.0,1020.9,87.0,69.0,Weather archive 2015-2026,10,9,2017,September,Sunday,0
2017-09-11,16.4,17.9,0.0,20:10,N,26.0,35.0,1011.4,56.0,49.0,Weather archive 2015-2026,11,9,2017,September,Monday,0
2017-09-12,13.6,15.8,2.0,0:00,NW,7.0,20.0,1007.8,91.0,68.0,Weather archive 2015-2026,12,9,2017,September,Tuesday,1
2017-09-13,7.8,10.0,1.4,22:40,W,22.0,28.0,1012.3,72.0,65.0,Weather archive 2015-2026,13,9,2017,September,Wednesday,1
2017-09-14,12.3,13.7,0.0,21:50,NW,19.0,26.0,1018.3,71.0,63.0,Weather archive 2015-2026,14,9,2017,September,Thursday,0
2017-09-15,12.4,13.4,15.8,20:30,NW,13.0,24.0,1018.2,77.0,72.0,Weather archive 2015-2026,15,9,2017,September,Friday,1
2017-09-16,9.0,10.7,0.2,22:00,W,9.0,17.0,1028.7,66.0,60.0,Weather archive 2015-2026,16,9,2017,September,Saturday,1
2017-09-17,11.8,14.3,0.0,22:30,N,32.0,41.0,1021.8,53.0,44.0,Weather archive 2015-2026,17,9,2017,September,Sunday,0
2017-09-18,12.2,15.4,0.2,19:40,WNW,28.0,37.0,1013.8,70.0,55.0,Weather archive 2015-2026,18,9,2017,September,Monday,1
2017-09-19,8.5,11.2,0.0,23:30,W,6.0,13.0,1023.7,84.0,69.0,Weather archive 2015-2026,19,9,2017,September,Tuesday,0
2017-09-20,13.8,16.0,0.0,21:00,N,22.0,35.0,1016.9,55.0,49.0,Weather archive 2015-2026,20,9,2017,September,Wednesday,0
2017-09-21,13.7,15.3,0.0,21:00,SSW,15.0,20.0,1013.2,83.0,73.0,Weather archive 2015-2026,21,9,2017,September,Thursday,0
2017-09-22,17.7,21.3,0.0,19:50,N,15.0,20.0,1006.5,53.0,40.0,Weather archive 2015-2026,22,9,2017,September,Friday,0
2017-09-23,15.7,16.8,0.0,23:30,NNW,9.0,22.0,1000.0,68.0,63.0,Weather archive 2015-2026,23,9,2017,September,Saturday,0
2017-09-24,14.6,17.0,0.2,21:30,NW,26.0,39.0,1004.2,57.0,41.0,Weather archive 2015-2026,24,9,2017,September,Sunday,1
2017-09-25,8.8,11.4,0.4,22:30,W,9.0,17.0,1017.0,74.0,63.0,Weather archive 2015-2026,25,9,2017,September,Monday,1
2017-09-26,11.2,12.4,0.0,20:30,ESE,11.0,17.0,1016.7,68.0,54.0,Weather archive 2015-2026,26,9,2017,September,Tuesday,0
2017-09-27,11.1,16.2,0.0,20:40,SSW,17.0,20.0,1004.6,80.0,50.0,Weather archive 2015-2026,27,9,2017,September,Wednesday,0
2017-09-28,12.5,14.2,0.0,21:30,W,9.0,19.0,1014.6,69.0,58.0,Weather archive 2015-2026,28,9,2017,September,Thursday,0
2017-09-29,12.5,15.5,1.0,22:10,NW,20.0,28.0,1012.7,58.0,49.0,Weather archive 2015-2026,29,9,2017,September,Friday,1
2017-09-30,11.3,13.3,0.0,20:00,WSW,9.0,24.0,1023.6,64.0,52.0,Weather archive 2015-2026,30,9,2017,September,Saturday,0
2017-10-01,12.8,13.0,0.0,21:00,SSE,11.0,15.0,1025.5,85.0,82.0,Weather archive 2015-2026,1,10,2017,October,Sunday,0
2017-10-02,10.8,14.0,0.0,20:00,S,4.0,15.0,1025.1,82.0,62.0,Weather archive 2015-2026,2,10,2017,October,Monday,0
2017-10-03,11.1,15.1,0.0,19:30,SSW,11.0,20.0,1023.4,85.0,66.0,Weather archive 2015-2026,3,10,2017,October,Tuesday,0
2017-10-04,16.4,19.2,0.0,22:40,NNE,7.0,9.0,1016.7,79.0,49.0,Weather archive 2015-2026,4,10,2017,October,Wednesday,0
2017-10-05,10.5,14.0,1.8,0:00,SW,13.0,37.0,1020.8,94.0,67.0,Weather archive 2015-2026,5,10,2017,October,Thursday,1
2017-10-06,12.5,13.1,0.2,19:00,S,17.0,26.0,1025.5,75.0,68.0,Weather archive 2015-2026,6,10,2017,October,Friday,1
2017-10-07,17.0,21.9,0.0,18:30,NNE,17.0,28.0,1016.7,54.0,33.0,Weather archive 2015-2026,7,10,2017,October,Saturday,0
2017-10-08,16.8,21.7,2.2,19:54,N,24.0,43.0,1011.3,91.0,58.0,Weather archive 2015-2026,8,10,2017,October,Sunday,1
2017-10-09,11.7,14.2,0.2,19:00,SSE,15.0,19.0,1017.8,72.0,63.0,Weather archive 2015-2026,9,10,2017,October,Monday,1
2017-10-10,11.2,17.0,0.0,20:30,SE,13.0,19.0,1017.3,83.0,48.0,Weather archive 2015-2026,10,10,2017,October,Tuesday,0
2017-10-11,13.7,17.9,10.0,20:18,N,28.0,52.0,1006.7,93.0,77.0,Weather archive 2015-2026,11,10,2017,October,Wednesday,1
2017-10-12,15.3,17.3,0.0,19:00,W,13.0,26.0,1018.1,56.0,45.0,Weather archive 2015-2026,12,10,2017,October,Thursday,0
2017-10-13,9.7,14.7,0.0,19:00,SSE,7.0,13.0,1024.4,82.0,49.0,Weather archive 2015-2026,13,10,2017,October,Friday,0
2017-10-14,10.1,14.0,0.0,19:30,S,9.0,17.0,1026.4,78.0,59.0,Weather archive 2015-2026,14,10,2017,October,Saturday,0
2017-10-15,12.2,16.7,0.0,19:00,SSW,13.0,20.0,1026.4,91.0,72.0,Weather archive 2015-2026,15,10,2017,October,Sunday,0
2017-10-16,17.4,23.1,0.0,21:00,SE,9.0,17.0,1024.0,84.0,51.0,Weather archive 2015-2026,16,10,2017,October,Monday,0
2017-10-17,19.0,28.7,0.0,19:00,NNE,11.0,17.0,1022.6,59.0,26.0,Weather archive 2015-2026,17,10,2017,October,Tuesday,0
2017-10-18,23.6,28.8,0.0,19:10,NNE,22.0,28.0,1018.9,48.0,33.0,Weather archive 2015-2026,18,10,2017,October,Wednesday,0
2017-10-19,13.7,15.8,2.6,19:30,S,15.0,35.0,1025.1,79.0,55.0,Weather archive 2015-2026,19,10,2017,October,Thursday,1
2017-10-20,12.6,13.7,0.0,20:00,SSE,15.0,30.0,1030.0,60.0,54.0,Weather archive 2015-2026,20,10,2017,October,Friday,0
2017-10-21,11.8,13.4,0.0,19:00,S,19.0,28.0,1022.8,82.0,72.0,Weather archive 2015-2026,21,10,2017,October,Saturday,0
2017-10-22,13.7,14.3,0.0,20:00,S,15.0,24.0,1020.5,83.0,75.0,Weather archive 2015-2026,22,10,2017,October,Sunday,0
2017-10-23,13.6,15.1,0.2,19:00,S,11.0,20.0,1019.6,80.0,68.0,Weather archive 2015-2026,23,10,2017,October,Monday,1
2017-10-24,13.6,18.1,8.2,21:53,SSE,11.0,20.0,1017.9,98.0,74.0,Weather archive 2015-2026,24,10,2017,October,Tuesday,1
2017-10-25,13.1,15.8,0.2,22:00,SSE,11.0,20.0,1012.9,77.0,74.0,Weather archive 2015-2026,25,10,2017,October,Wednesday,1
2017-10-26,14.2,15.2,0.0,22:20,SSW,13.0,17.0,1012.4,90.0,74.0,Weather archive 2015-2026,26,10,2017,October,Thursday,0
2017-10-27,22.3,25.8,0.0,23:30,N,17.0,26.0,1005.6,31.0,25.0,Weather archive 2015-2026,27,10,2017,October,Friday,0
2017-10-28,15.1,18.2,0.0,21:10,ESE,13.0,20.0,1008.9,72.0,58.0,Weather archive 2015-2026,28,10,2017,October,Saturday,0
2017-10-29,13.6,26.6,0.0,21:06,SSW,33.0,54.0,1005.0,82.0,25.0,Weather archive 2015-2026,29,10,2017,October,Sunday,0
2017-10-30,9.9,11.7,6.0,20:34,WSW,15.0,22.0,1018.1,91.0,70.0,Weather archive 2015-2026,30,10,2017,October,Monday,1
2017-10-31,11.9,14.1,0.2,22:17,S,11.0,20.0,1021.9,91.0,60.0,Weather archive 2015-2026,31,10,2017,October,Tuesday,1
2017-11-01,14.4,14.8,0.0,21:50,SSE,19.0,22.0,1019.1,78.0,72.0,Weather archive 2015-2026,1,11,2017,November,Wednesday,0
2017-11-02,12.5,13.7,0.2,20:00,S,11.0,20.0,1016.0,69.0,62.0,Weather archive 2015-2026,2,11,2017,November,Thursday,1
2017-11-03,10.9,12.5,0.4,20:40,S,20.0,26.0,1021.5,62.0,41.0,Weather archive 2015-2026,3,11,2017,November,Friday,1
2017-11-04,10.4,13.3,0.0,20:00,S,13.0,24.0,1024.6,74.0,57.0,Weather archive 2015-2026,4,11,2017,November,Saturday,0
2017-11-05,11.8,14.7,0.0,19:00,S,17.0,30.0,1020.3,69.0,55.0,Weather archive 2015-2026,5,11,2017,November,Sunday,0
2017-11-06,12.7,14.5,0.0,22:00,SSW,15.0,32.0,1019.7,64.0,52.0,Weather archive 2015-2026,6,11,2017,November,Monday,0
2017-11-07,12.5,13.3,0.0,22:00,SSE,19.0,28.0,1027.0,65.0,56.0,Weather archive 2015-2026,7,11,2017,November,Tuesday,0
2017-11-08,11.7,15.1,0.0,20:30,SSW,11.0,22.0,1028.9,83.0,69.0,Weather archive 2015-2026,8,11,2017,November,Wednesday,0
2017-11-09,13.6,20.1,0.0,20:10,SSE,11.0,19.0,1027.7,84.0,53.0,Weather archive 2015-2026,9,11,2017,November,Thursday,0
2017-11-10,17.6,24.9,0.0,20:00,SE,13.0,17.0,1025.4,81.0,41.0,Weather archive 2015-2026,10,11,2017,November,Friday,0
2017-11-11,16.6,24.4,0.0,19:00,SSW,11.0,19.0,1023.4,89.0,56.0,Weather archive 2015-2026,11,11,2017,November,Saturday,0
2017-11-12,16.8,21.9,0.0,20:00,WNW,11.0,15.0,1020.2,87.0,65.0,Weather archive 2015-2026,12,11,2017,November,Sunday,0
2017-11-13,20.6,30.6,0.0,19:10,ESE,15.0,20.0,1016.9,67.0,29.0,Weather archive 2015-2026,13,11,2017,November,Monday,0
2017-11-14,24.5,32.5,0.0,18:50,NNE,15.0,17.0,1012.3,44.0,22.0,Weather archive 2015-2026,14,11,2017,November,Tuesday,0
2017-11-15,19.0,21.3,1.8,19:10,E,17.0,22.0,1014.4,100.0,72.0,Weather archive 2015-2026,15,11,2017,November,Wednesday,1
2017-11-16,18.6,20.5,4.2,19:30,ESE,11.0,15.0,1012.8,85.0,81.0,Weather archive 2015-2026,16,11,2017,November,Thursday,1
2017-11-17,18.8,22.2,0.0,19:10,ESE,9.0,22.0,1014.6,77.0,49.0,Weather archive 2015-2026,17,11,2017,November,Friday,0
2017-11-18,16.9,19.7,24.8,23:20,NNE,11.0,13.0,1019.4,100.0,84.0,Weather archive 2015-2026,18,11,2017,November,Saturday,1
2017-11-19,20.0,26.5,0.0,19:00,SSE,15.0,30.0,1021.3,74.0,46.0,Weather archive 2015-2026,19,11,2017,November,Sunday,0
2017-11-20,22.0,29.0,0.0,18:50,SE,24.0,32.0,1020.8,61.0,40.0,Weather archive 2015-2026,20,11,2017,November,Monday,0
2017-11-21,22.5,30.2,0.0,19:30,SE,19.0,30.0,1018.1,62.0,33.0,Weather archive 2015-2026,21,11,2017,November,Tuesday,0
2017-11-22,19.7,29.9,0.0,19:30,SSE,17.0,28.0,1013.3,67.0,20.0,Weather archive 2015-2026,22,11,2017,November,Wednesday,0
2017-11-23,22.3,28.4,1.0,19:39,NNW,32.0,50.0,1012.2,77.0,28.0,Weather archive 2015-2026,23,11,2017,November,Thursday,1
2017-11-24,20.3,26.9,0.4,20:00,NW,11.0,24.0,1015.0,75.0,40.0,Weather archive 2015-2026,24,11,2017,November,Friday,1
2017-11-25,21.1,25.6,1.4,21:00,SE,13.0,30.0,1014.0,85.0,48.0,Weather archive 2015-2026,25,11,2017,November,Saturday,1
2017-11-26,18.7,22.4,0.8,19:00,SSW,20.0,37.0,1015.3,91.0,84.0,Weather archive 2015-2026,26,11,2017,November,Sunday,1
2017-11-27,15.5,19.6,0.2,19:30,S,17.0,28.0,1019.7,76.0,56.0,Weather archive 2015-2026,27,11,2017,November,Monday,1
2017-11-28,21.2,29.9,0.0,20:00,SE,11.0,22.0,1017.1,75.0,41.0,Weather archive 2015-2026,28,11,2017,November,Tuesday,0
2017-11-29,27.6,35.5,0.0,17:30,NNE,9.0,20.0,1013.5,42.0,22.0,Weather archive 2015-2026,29,11,2017,November,Wednesday,0
2017-11-30,22.9,26.6,0.0,20:30,SSE,15.0,28.0,1008.6,69.0,49.0,Weather archive 2015-2026,30,11,2017,November,Thursday,0
2017-12-01,16.1,18.0,10.0,19:00,S,15.0,32.0,1010.7,93.0,77.0,Weather archive 2015-2026,1,12,2017,December,Friday,1
2017-12-02,13.8,15.5,38.0,22:30,SSW,24.0,48.0,1009.0,100.0,93.0,Weather archive 2015-2026,2,12,2017,December,Saturday,1
2017-12-03,13.1,15.0,2.6,22:30,S,19.0,30.0,1015.6,85.0,61.0,Weather archive 2015-2026,3,12,2017,December,Sunday,1
2017-12-04,14.1,16.9,1.8,18:30,S,17.0,32.0,1016.6,71.0,56.0,Weather archive 2015-2026,4,12,2017,December,Monday,1
2017-12-05,15.7,20.7,0.0,19:00,SE,24.0,39.0,1010.0,74.0,58.0,Weather archive 2015-2026,5,12,2017,December,Tuesday,0
2017-12-06,14.5,19.8,0.0,20:00,SSW,11.0,22.0,1005.8,78.0,58.0,Weather archive 2015-2026,6,12,2017,December,Wednesday,0
2017-12-07,13.1,15.1,24.2,20:38,S,17.0,39.0,1010.1,97.0,92.0,Weather archive 2015-2026,7,12,2017,December,Thursday,1
2017-12-08,12.8,18.0,0.0,18:40,SSE,15.0,20.0,1019.2,81.0,51.0,Weather archive 2015-2026,8,12,2017,December,Friday,0
2017-12-09,17.1,20.3,0.0,18:30,S,17.0,28.0,1023.7,74.0,62.0,Weather archive 2015-2026,9,12,2017,December,Saturday,0
2017-12-10,16.9,21.5,0.0,19:30,S,15.0,28.0,1024.3,79.0,60.0,Weather archive 2015-2026,10,12,2017,December,Sunday,0
2017-12-11,15.9,19.1,0.0,18:30,SSW,15.0,30.0,1022.1,76.0,67.0,Weather archive 2015-2026,11,12,2017,December,Monday,0
2017-12-12,17.1,24.7,0.0,18:00,SSW,15.0,24.0,1015.0,81.0,48.0,Weather archive 2015-2026,12,12,2017,December,Tuesday,0
2017-12-13,27.3,37.0,0.0,19:00,N,20.0,32.0,1005.1,30.0,12.0,Weather archive 2015-2026,13,12,2017,December,Wednesday,0
2017-12-14,16.5,20.2,0.0,19:00,S,20.0,30.0,1014.2,63.0,50.0,Weather archive 2015-2026,14,12,2017,December,Thursday,0
2017-12-15,18.0,24.8,0.0,19:00,S,17.0,26.0,1013.7,68.0,45.0,Weather archive 2015-2026,15,12,2017,December,Friday,0
2017-12-16,17.9,22.6,0.0,21:00,SSE,17.0,28.0,1018.4,74.0,53.0,Weather archive 2015-2026,16,12,2017,December,Saturday,0
2017-12-17,20.0,22.6,0.0,18:30,SSW,17.0,32.0,1015.1,82.0,70.0,Weather archive 2015-2026,17,12,2017,December,Sunday,0
2017-12-18,25.8,32.1,0.0,20:00,ENE,6.0,9.0,1007.8,49.0,26.0,Weather archive 2015-2026,18,12,2017,December,Monday,0
2017-12-19,15.9,22.6,20.6,19:00,SSE,20.0,33.0,1004.9,95.0,61.0,Weather archive 2015-2026,19,12,2017,December,Tuesday,1
2017-12-20,16.3,18.5,0.0,20:00,SSE,13.0,28.0,1018.7,65.0,50.0,Weather archive 2015-2026,20,12,2017,December,Wednesday,0
2017-12-21,16.9,21.6,0.0,21:30,SSE,15.0,26.0,1019.2,72.0,55.0,Weather archive 2015-2026,21,12,2017,December,Thursday,0
2017-12-22,17.2,25.8,0.0,20:00,S,20.0,26.0,1012.6,80.0,50.0,Weather archive 2015-2026,22,12,2017,December,Friday,0
2017-12-23,19.0,22.4,0.2,23:40,SSW,28.0,35.0,1008.5,82.0,66.0,Weather archive 2015-2026,23,12,2017,December,Saturday,1
2017-12-24,15.8,18.2,0.0,18:00,S,20.0,37.0,1018.4,58.0,47.0,Weather archive 2015-2026,24,12,2017,December,Sunday,0
2017-12-25,15.8,20.4,0.0,17:40,SSW,26.0,35.0,1019.7,74.0,52.0,Weather archive 2015-2026,25,12,2017,December,Monday,0
2017-12-26,21.5,29.8,0.0,19:50,SSE,22.0,35.0,1013.1,60.0,33.0,Weather archive 2015-2026,26,12,2017,December,Tuesday,0
2017-12-27,29.7,34.5,0.0,18:10,NNE,19.0,26.0,1009.0,37.0,29.0,Weather archive 2015-2026,27,12,2017,December,Wednesday,0
2017-12-28,19.6,21.3,0.0,18:30,SSW,20.0,28.0,1013.9,91.0,80.0,Weather archive 2015-2026,28,12,2017,December,Thursday,0
2017-12-29,18.6,19.7,8.4,23:00,SSW,7.0,15.0,1009.0,100.0,94.0,Weather archive 2015-2026,29,12,2017,December,Friday,1
2017-12-30,16.8,19.0,0.2,18:00,S,17.0,35.0,1014.5,70.0,60.0,Weather archive 2015-2026,30,12,2017,December,Saturday,1
2017-12-31,17.5,21.9,0.0,18:30,S,20.0,33.0,1010.3,74.0,57.0,Weather archive 2015-2026,31,12,2017,December,Sunday,0
2018-01-01,18.0,21.1,0.0,18:40,S,22.0,35.0,1010.6,72.0,63.0,Weather archive 2015-2026,1,1,2018,January,Monday,0
2018-01-02,17.3,19.6,0.0,18:20,S,22.0,33.0,1014.0,68.0,59.0,Weather archive 2015-2026,2,1,2018,January,Tuesday,0
2018-01-03,16.3,20.3,0.2,18:40,S,20.0,28.0,1018.9,66.0,46.0,Weather archive 2015-2026,3,1,2018,January,Wednesday,1
2018-01-04,17.4,21.0,0.0,20:10,S,19.0,32.0,1018.3,71.0,65.0,Weather archive 2015-2026,4,1,2018,January,Thursday,0
2018-01-05,21.1,30.4,0.0,17:00,SSW,13.0,26.0,1013.2,76.0,36.0,Weather archive 2015-2026,5,1,2018,January,Friday,0
2018-01-06,21.6,26.0,0.0,18:30,SSW,30.0,50.0,1013.4,77.0,53.0,Weather archive 2015-2026,6,1,2018,January,Saturday,0
2018-01-07,17.8,21.8,0.0,20:00,SSE,15.0,22.0,1013.7,73.0,58.0,Weather archive 2015-2026,7,1,2018,January,Sunday,0
2018-01-08,17.6,21.7,0.0,18:00,SSW,17.0,28.0,1013.5,70.0,58.0,Weather archive 2015-2026,8,1,2018,January,Monday,0
2018-01-09,17.0,19.1,0.0,18:40,S,24.0,32.0,1020.7,68.0,44.0,Weather archive 2015-2026,9,1,2018,January,Tuesday,0
2018-01-10,18.3,24.4,0.0,20:00,SSW,7.0,15.0,1015.9,83.0,55.0,Weather archive 2015-2026,10,1,2018,January,Wednesday,0
2018-01-11,27.5,34.1,0.0,20:00,NNE,15.0,24.0,1010.0,46.0,22.0,Weather archive 2015-2026,11,1,2018,January,Thursday,0
2018-01-12,17.7,18.7,6.8,0:00,SW,9.0,13.0,1006.6,92.0,81.0,Weather archive 2015-2026,12,1,2018,January,Friday,1
2018-01-13,12.8,15.6,14.0,19:00,SSW,15.0,33.0,1012.0,87.0,68.0,Weather archive 2015-2026,13,1,2018,January,Saturday,1
2018-01-14,16.2,17.9,0.0,20:00,SSW,15.0,26.0,1021.2,63.0,48.0,Weather archive 2015-2026,14,1,2018,January,Sunday,0
2018-01-15,16.6,19.2,0.0,19:30,S,19.0,32.0,1024.0,66.0,60.0,Weather archive 2015-2026,15,1,2018,January,Monday,0
2018-01-16,17.7,25.4,0.0,21:00,SE,17.0,28.0,1021.1,60.0,34.0,Weather archive 2015-2026,16,1,2018,January,Tuesday,0
2018-01-17,19.5,26.6,0.0,20:00,SSW,11.0,19.0,1016.6,79.0,47.0,Weather archive 2015-2026,17,1,2018,January,Wednesday,0
2018-01-18,29.7,39.1,0.0,23:10,NNW,20.0,24.0,1012.1,29.0,12.0,Weather archive 2015-2026,18,1,2018,January,Thursday,0
2018-01-19,20.9,25.6,0.0,20:00,SSW,17.0,32.0,1014.0,88.0,66.0,Weather archive 2015-2026,19,1,2018,January,Friday,0
2018-01-20,21.3,23.3,0.0,21:50,SSW,13.0,20.0,1015.5,91.0,78.0,Weather archive 2015-2026,20,1,2018,January,Saturday,0
2018-01-21,21.4,28.0,0.0,0:00,SSW,15.0,19.0,1009.1,90.0,62.0,Weather archive 2015-2026,21,1,2018,January,Sunday,0
2018-01-22,18.8,21.3,0.0,21:30,SSW,17.0,26.0,1012.4,73.0,69.0,Weather archive 2015-2026,22,1,2018,January,Monday,0
2018-01-23,17.9,22.6,0.0,20:30,S,20.0,30.0,1012.8,71.0,56.0,Weather archive 2015-2026,23,1,2018,January,Tuesday,0
2018-01-24,18.6,21.9,0.0,20:00,S,17.0,26.0,1012.0,72.0,61.0,Weather archive 2015-2026,24,1,2018,January,Wednesday,0
2018-01-25,21.5,24.7,0.0,19:30,SSW,13.0,28.0,1012.0,84.0,72.0,Weather archive 2015-2026,25,1,2018,January,Thursday,0
2018-01-26,21.2,22.3,3.4,19:00,WSW,13.0,24.0,1012.9,100.0,91.0,Weather archive 2015-2026,26,1,2018,January,Friday,1
2018-01-27,24.7,32.4,0.0,19:50,ESE,19.0,24.0,1008.9,81.0,45.0,Weather archive 2015-2026,27,1,2018,January,Saturday,0
2018-01-28,31.0,37.6,0.0,19:00,N,15.0,24.0,1005.5,45.0,27.0,Weather archive 2015-2026,28,1,2018,January,Sunday,0
2018-01-29,19.0,21.5,24.8,22:30,S,15.0,30.0,1011.7,100.0,98.0,Weather archive 2015-2026,29,1,2018,January,Monday,1
2018-01-30,17.1,18.2,0.0,20:00,S,20.0,37.0,1015.3,59.0,47.0,Weather archive 2015-2026,30,1,2018,January,Tuesday,0
2018-01-31,14.2,17.3,0.2,21:00,SSE,20.0,32.0,1017.9,57.0,44.0,Weather archive 2015-2026,31,1,2018,January,Wednesday,1
2018-02-01,15.8,19.7,0.0,21:30,S,17.0,26.0,1018.7,72.0,57.0,Weather archive 2015-2026,1,2,2018,February,Thursday,0
2018-02-02,18.8,21.5,0.0,19:30,S,17.0,32.0,1020.5,67.0,59.0,Weather archive 2015-2026,2,2,2018,February,Friday,0
2018-02-03,20.5,26.6,0.0,20:30,SE,19.0,33.0,1022.9,57.0,37.0,Weather archive 2015-2026,3,2,2018,February,Saturday,0
2018-02-04,18.6,24.6,0.0,22:00,SSE,11.0,24.0,1022.5,79.0,59.0,Weather archive 2015-2026,4,2,2018,February,Sunday,0
2018-02-05,18.4,24.9,0.0,18:00,S,19.0,33.0,1020.1,76.0,49.0,Weather archive 2015-2026,5,2,2018,February,Monday,0
2018-02-06,21.3,29.8,0.0,19:40,SSE,19.0,26.0,1016.1,73.0,32.0,Weather archive 2015-2026,6,2,2018,February,Tuesday,0
2018-02-07,24.3,36.5,0.0,19:10,NNE,15.0,20.0,1012.8,68.0,17.0,Weather archive 2015-2026,7,2,2018,February,Wednesday,0
2018-02-08,21.2,22.5,0.0,20:30,SSW,15.0,26.0,1018.1,88.0,80.0,Weather archive 2015-2026,8,2,2018,February,Thursday,0
2018-02-09,20.1,24.0,0.0,19:40,SSW,19.0,28.0,1014.2,83.0,72.0,Weather archive 2015-2026,9,2,2018,February,Friday,0
2018-02-10,20.9,24.4,0.0,19:10,SSW,20.0,30.0,1007.9,75.0,57.0,Weather archive 2015-2026,10,2,2018,February,Saturday,0
2018-02-11,17.9,18.8,0.0,19:30,S,15.0,26.0,1011.3,60.0,54.0,Weather archive 2015-2026,11,2,2018,February,Sunday,0
2018-02-12,17.8,22.5,0.0,22:00,SSE,17.0,26.0,1014.4,71.0,38.0,Weather archive 2015-2026,12,2,2018,February,Monday,0
2018-02-13,22.6,28.7,0.0,0:00,N,11.0,19.0,1007.6,55.0,31.0,Weather archive 2015-2026,13,2,2018,February,Tuesday,0
2018-02-14,16.6,20.2,0.0,19:30,SSW,17.0,35.0,1015.8,51.0,37.0,Weather archive 2015-2026,14,2,2018,February,Wednesday,0
2018-02-15,18.6,22.3,0.0,21:00,SW,15.0,28.0,1013.3,70.0,45.0,Weather archive 2015-2026,15,2,2018,February,Thursday,0
2018-02-16,15.9,19.4,0.0,19:50,SSW,17.0,22.0,1015.8,68.0,56.0,Weather archive 2015-2026,16,2,2018,February,Friday,0
2018-02-17,17.2,20.9,0.0,19:00,S,15.0,28.0,1013.9,75.0,58.0,Weather archive 2015-2026,17,2,2018,February,Saturday,0
2018-02-18,18.5,21.0,0.2,20:40,SSE,15.0,20.0,1016.3,87.0,64.0,Weather archive 2015-2026,18,2,2018,February,Sunday,1
2018-02-19,17.7,21.7,0.0,19:15,SE,28.0,52.0,1018.1,70.0,60.0,Weather archive 2015-2026,19,2,2018,February,Monday,0
2018-02-20,18.1,26.5,0.0,20:00,SE,13.0,22.0,1016.2,70.0,37.0,Weather archive 2015-2026,20,2,2018,February,Tuesday,0
2018-02-21,22.3,27.3,0.0,19:00,N,15.0,20.0,1015.2,59.0,34.0,Weather archive 2015-2026,21,2,2018,February,Wednesday,0
2018-02-22,23.2,26.9,0.0,19:30,SSW,11.0,17.0,1013.9,70.0,47.0,Weather archive 2015-2026,22,2,2018,February,Thursday,0
2018-02-23,29.2,31.9,0.4,21:30,N,20.0,30.0,1005.3,33.0,30.0,Weather archive 2015-2026,23,2,2018,February,Friday,1
2018-02-24,18.0,20.6,0.0,22:00,S,19.0,35.0,1010.8,73.0,61.0,Weather archive 2015-2026,24,2,2018,February,Saturday,0
2018-02-25,16.4,18.4,0.0,20:30,SE,19.0,35.0,1016.3,71.0,61.0,Weather archive 2015-2026,25,2,2018,February,Sunday,0
2018-02-26,17.4,24.6,0.0,21:30,SE,15.0,19.0,1016.8,74.0,43.0,Weather archive 2015-2026,26,2,2018,February,Monday,0
2018-02-27,23.8,30.0,0.0,20:00,N,17.0,20.0,1011.4,40.0,28.0,Weather archive 2015-2026,27,2,2018,February,Tuesday,0
2018-02-28,17.1,20.6,0.0,20:30,W,20.0,33.0,1014.9,78.0,65.0,Weather archive 2015-2026,28,2,2018,February,Wednesday,0
2018-03-01,16.5,19.2,0.4,19:30,SSW,13.0,24.0,1018.8,78.0,65.0,Weather archive 2015-2026,1,3,2018,March,Thursday,1
2018-03-02,16.9,21.9,0.0,22:00,S,9.0,15.0,1012.2,89.0,67.0,Weather archive 2015-2026,2,3,2018,March,Friday,0
2018-03-03,18.8,21.0,0.0,19:00,S,20.0,32.0,1015.1,73.0,61.0,Weather archive 2015-2026,3,3,2018,March,Saturday,0
2018-03-04,16.9,18.2,0.0,22:30,SSE,17.0,28.0,1018.5,58.0,55.0,Weather archive 2015-2026,4,3,2018,March,Sunday,0
2018-03-05,15.9,18.6,0.0,21:00,SSE,19.0,30.0,1024.6,69.0,46.0,Weather archive 2015-2026,5,3,2018,March,Monday,0
2018-03-06,17.7,25.6,0.0,19:00,SSE,19.0,28.0,1024.7,68.0,34.0,Weather archive 2015-2026,6,3,2018,March,Tuesday,0
2018-03-07,19.1,26.6,0.0,19:30,SE,15.0,24.0,1024.7,59.0,37.0,Weather archive 2015-2026,7,3,2018,March,Wednesday,0
2018-03-08,19.3,27.7,0.0,19:30,SSE,13.0,20.0,1025.0,66.0,34.0,Weather archive 2015-2026,8,3,2018,March,Thursday,0
2018-03-09,19.5,25.7,0.0,23:30,WSW,7.0,11.0,1025.1,85.0,46.0,Weather archive 2015-2026,9,3,2018,March,Friday,0
2018-03-10,27.2,33.6,0.0,19:00,ENE,7.0,11.0,1021.2,30.0,21.0,Weather archive 2015-2026,10,3,2018,March,Saturday,0
2018-03-11,17.1,18.4,0.0,22:00,S,17.0,28.0,1025.8,70.0,62.0,Weather archive 2015-2026,11,3,2018,March,Sunday,0
2018-03-12,17.6,18.2,0.0,20:30,S,19.0,35.0,1024.0,66.0,56.0,Weather archive 2015-2026,12,3,2018,March,Monday,0
2018-03-13,15.6,18.4,0.0,19:40,SSE,19.0,26.0,1023.1,77.0,62.0,Weather archive 2015-2026,13,3,2018,March,Tuesday,0
2018-03-14,15.4,18.6,0.0,19:30,SSW,13.0,19.0,1018.3,78.0,65.0,Weather archive 2015-2026,14,3,2018,March,Wednesday,0
2018-03-15,15.8,19.1,0.0,19:30,SE,13.0,20.0,1018.5,79.0,59.0,Weather archive 2015-2026,15,3,2018,March,Thursday,0
2018-03-16,19.1,20.7,0.0,22:40,NNE,6.0,7.0,1013.9,72.0,54.0,Weather archive 2015-2026,16,3,2018,March,Friday,0
2018-03-17,28.0,31.4,0.0,20:34,N,32.0,63.0,1008.1,30.0,22.0,Weather archive 2015-2026,17,3,2018,March,Saturday,0
2018-03-18,15.8,21.1,0.0,19:30,W,11.0,30.0,1016.0,45.0,28.0,Weather archive 2015-2026,18,3,2018,March,Sunday,0
2018-03-19,16.5,23.4,0.0,21:30,SW,15.0,35.0,1020.8,79.0,50.0,Weather archive 2015-2026,19,3,2018,March,Monday,0
2018-03-20,14.4,16.2,0.0,20:30,SSE,22.0,37.0,1030.6,55.0,49.0,Weather archive 2015-2026,20,3,2018,March,Tuesday,0
2018-03-21,16.6,20.7,0.0,20:30,ESE,19.0,28.0,1026.2,61.0,45.0,Weather archive 2015-2026,21,3,2018,March,Wednesday,0
2018-03-22,17.4,25.0,0.0,19:00,SE,13.0,28.0,1022.6,74.0,36.0,Weather archive 2015-2026,22,3,2018,March,Thursday,0
2018-03-23,23.7,27.4,0.0,20:50,NNW,17.0,20.0,1017.0,46.0,33.0,Weather archive 2015-2026,23,3,2018,March,Friday,0
2018-03-24,18.8,21.8,13.0,19:30,N,17.0,26.0,1009.9,88.0,71.0,Weather archive 2015-2026,24,3,2018,March,Saturday,1
2018-03-25,11.8,21.8,5.2,21:30,W,28.0,39.0,1005.1,91.0,33.0,Weather archive 2015-2026,25,3,2018,March,Sunday,1
2018-03-26,13.0,16.2,1.2,21:30,WSW,11.0,26.0,1017.0,74.0,62.0,Weather archive 2015-2026,26,3,2018,March,Monday,1
2018-03-27,19.1,20.9,0.0,19:30,N,15.0,20.0,1014.2,44.0,39.0,Weather archive 2015-2026,27,3,2018,March,Tuesday,0
2018-03-28,17.3,18.7,0.0,19:30,S,13.0,26.0,1018.4,86.0,80.0,Weather archive 2015-2026,28,3,2018,March,Wednesday,0
2018-03-29,14.3,19.1,0.0,19:00,SSW,13.0,20.0,1017.1,83.0,63.0,Weather archive 2015-2026,29,3,2018,March,Thursday,0
2018-03-30,16.8,18.0,0.0,21:00,S,13.0,20.0,1021.3,78.0,69.0,Weather archive 2015-2026,30,3,2018,March,Friday,0
2018-03-31,13.7,19.4,0.0,20:30,SSE,13.0,26.0,1017.2,81.0,54.0,Weather archive 2015-2026,31,3,2018,March,Saturday,0
2018-04-01,15.1,20.8,0.0,19:00,S,11.0,20.0,1015.3,88.0,47.0,Weather archive 2015-2026,1,4,2018,April,Sunday,0
2018-04-02,15.2,18.1,0.0,19:00,SSE,13.0,19.0,1023.3,84.0,60.0,Weather archive 2015-2026,2,4,2018,April,Monday,0
2018-04-03,13.4,16.6,0.0,20:00,SSE,9.0,15.0,1024.5,81.0,66.0,Weather archive 2015-2026,3,4,2018,April,Tuesday,0
2018-04-04,13.5,17.8,0.0,19:00,S,11.0,13.0,1019.3,93.0,70.0,Weather archive 2015-2026,4,4,2018,April,Wednesday,0
2018-04-05,13.9,15.6,0.0,19:30,SSE,7.0,11.0,1019.5,81.0,70.0,Weather archive 2015-2026,5,4,2018,April,Thursday,0
2018-04-06,12.6,17.5,0.0,19:40,S,11.0,15.0,1022.3,84.0,58.0,Weather archive 2015-2026,6,4,2018,April,Friday,0
2018-04-07,13.9,16.6,0.0,23:10,NE,9.0,11.0,1020.5,81.0,64.0,Weather archive 2015-2026,7,4,2018,April,Saturday,0
2018-04-08,20.2,29.8,0.0,14:30,N,22.0,32.0,1016.6,68.0,22.0,Weather archive 2015-2026,8,4,2018,April,Sunday,0
2018-04-09,15.4,17.6,0.0,,N,0.0,7.0,1018.6,93.0,75.0,Weather archive 2015-2026,9,4,2018,April,Monday,0
2018-04-10,22.5,26.6,0.0,23:00,WSW,17.0,26.0,1017.5,50.0,34.0,Weather archive 2015-2026,10,4,2018,April,Tuesday,0
2018-04-11,16.3,18.7,0.0,21:00,SSW,7.0,15.0,1015.8,89.0,77.0,Weather archive 2015-2026,11,4,2018,April,Wednesday,0
2018-04-12,15.1,18.1,0.0,19:30,S,11.0,17.0,1013.5,80.0,66.0,Weather archive 2015-2026,12,4,2018,April,Thursday,0
2018-04-13,18.7,23.5,0.0,22:30,W,20.0,32.0,1002.3,50.0,32.0,Weather archive 2015-2026,13,4,2018,April,Friday,0
2018-04-14,12.3,13.1,12.2,20:00,NW,19.0,28.0,1002.5,66.0,59.0,Weather archive 2015-2026,14,4,2018,April,Saturday,1
2018-04-15,15.4,16.5,3.0,21:30,WSW,13.0,19.0,1010.0,88.0,73.0,Weather archive 2015-2026,15,4,2018,April,Sunday,1
2018-04-16,13.9,15.9,0.6,19:40,S,13.0,22.0,1021.6,72.0,59.0,Weather archive 2015-2026,16,4,2018,April,Monday,1
2018-04-17,9.2,13.5,0.0,20:00,SSE,11.0,15.0,1027.3,87.0,58.0,Weather archive 2015-2026,17,4,2018,April,Tuesday,0
2018-04-18,12.2,15.0,0.0,,N,0.0,0.0,1020.2,97.0,79.0,Weather archive 2015-2026,18,4,2018,April,Wednesday,0
2018-04-19,11.9,14.9,0.0,,N,0.0,0.0,1021.6,100.0,65.0,Weather archive 2015-2026,19,4,2018,April,Thursday,0
2018-04-20,12.5,15.5,0.0,22:30,N,7.0,11.0,1022.6,100.0,87.0,Weather archive 2015-2026,20,4,2018,April,Friday,0
2018-04-21,13.7,15.7,0.0,22:30,N,7.0,11.0,1022.5,100.0,88.0,Weather archive 2015-2026,21,4,2018,April,Saturday,0
2018-04-22,11.2,20.1,0.0,15:30,SW,13.0,17.0,1024.3,100.0,62.0,Weather archive 2015-2026,22,4,2018,April,Sunday,0
2018-04-23,12.0,26.8,0.0,17:00,N,15.0,20.0,1016.6,71.0,31.0,Weather archive 2015-2026,23,4,2018,April,Monday,0
2018-04-24,16.6,24.5,0.6,21:00,S,13.0,20.0,1018.8,98.0,42.0,Weather archive 2015-2026,24,4,2018,April,Tuesday,1
2018-04-25,13.3,18.1,0.0,16:30,SSW,11.0,19.0,1017.3,87.0,55.0,Weather archive 2015-2026,25,4,2018,April,Wednesday,0
2018-04-26,13.4,16.3,0.0,18:30,S,15.0,28.0,1025.4,71.0,60.0,Weather archive 2015-2026,26,4,2018,April,Thursday,0
2018-04-27,11.1,17.8,0.0,16:00,SE,28.0,26.0,1028.8,91.0,43.0,Weather archive 2015-2026,27,4,2018,April,Friday,0
2018-04-28,8.1,17.9,0.0,13:30,SSW,15.0,22.0,1029.4,100.0,59.0,Weather archive 2015-2026,28,4,2018,April,Saturday,0
2018-04-29,10.5,17.6,0.0,16:00,SSW,17.0,26.0,1030.5,100.0,63.0,Weather archive 2015-2026,29,4,2018,April,Sunday,0
2018-04-30,9.0,19.4,0.0,15:30,SSW,11.0,15.0,1030.5,100.0,40.0,Weather archive 2015-2026,30,4,2018,April,Monday,0
2018-05-01,12.1,21.8,0.0,17:00,N,15.0,20.0,1022.1,72.0,29.0,Weather archive 2015-2026,1,5,2018,May,Tuesday,0
2018-05-02,12.1,23.2,0.0,14:30,N,17.0,24.0,1020.6,71.0,34.0,Weather archive 2015-2026,2,5,2018,May,Wednesday,0
2018-05-03,14.8,24.3,4.6,21:00,NNW,37.0,57.0,1013.5,92.0,25.0,Weather archive 2015-2026,3,5,2018,May,Thursday,1
2018-05-04,12.2,16.1,6.2,14:00,W,24.0,44.0,1022.7,80.0,50.0,Weather archive 2015-2026,4,5,2018,May,Friday,1
2018-05-05,12.2,21.1,2.6,1:00,NNW,20.0,30.0,1030.5,82.0,44.0,Weather archive 2015-2026,5,5,2018,May,Saturday,1
2018-05-06,13.4,20.1,0.0,23:00,N,11.0,19.0,1027.8,80.0,49.0,Weather archive 2015-2026,6,5,2018,May,Sunday,0
2018-05-07,12.2,19.3,0.0,11:47,N,32.0,48.0,1026.1,73.0,40.0,Weather archive 2015-2026,7,5,2018,May,Monday,0
2018-05-08,9.2,17.9,0.2,15:00,SSW,11.0,17.0,1024.0,93.0,49.0,Weather archive 2015-2026,8,5,2018,May,Tuesday,1
2018-05-09,8.1,17.7,5.6,23:30,W,15.0,26.0,1021.5,96.0,44.0,Weather archive 2015-2026,9,5,2018,May,Wednesday,1
2018-05-10,7.4,12.7,8.0,13:00,WSW,19.0,37.0,1012.9,91.0,52.0,Weather archive 2015-2026,10,5,2018,May,Thursday,1
2018-05-11,13.4,15.1,8.4,17:00,S,33.0,57.0,1019.9,94.0,76.0,Weather archive 2015-2026,11,5,2018,May,Friday,1
2018-05-12,13.1,16.4,8.4,13:00,S,26.0,41.0,1027.8,98.0,63.0,Weather archive 2015-2026,12,5,2018,May,Saturday,1
2018-05-13,10.4,16.1,4.0,12:00,S,20.0,30.0,1030.7,98.0,62.0,Weather archive 2015-2026,13,5,2018,May,Sunday,1
2018-05-14,7.0,15.3,0.0,13:00,SSW,6.0,11.0,1030.7,100.0,59.0,Weather archive 2015-2026,14,5,2018,May,Monday,0
2018-05-15,10.2,14.5,1.8,16:30,S,22.0,32.0,1030.9,98.0,51.0,Weather archive 2015-2026,15,5,2018,May,Tuesday,1
2018-05-16,11.8,12.9,0.0,23:00,W,15.0,20.0,1031.6,63.0,57.0,Weather archive 2015-2026,16,5,2018,May,Wednesday,0
2018-05-17,11.9,14.5,0.0,10:00,WNW,17.0,24.0,1030.7,83.0,59.0,Weather archive 2015-2026,17,5,2018,May,Thursday,0
2018-05-18,11.0,17.6,2.6,12:30,SSW,17.0,26.0,1025.5,94.0,62.0,Weather archive 2015-2026,18,5,2018,May,Friday,1
2018-05-19,10.7,15.0,2.6,11:30,W,19.0,33.0,1026.4,86.0,55.0,Weather archive 2015-2026,19,5,2018,May,Saturday,1
2018-05-20,13.3,16.2,1.6,16:30,W,19.0,26.0,1023.7,91.0,69.0,Weather archive 2015-2026,20,5,2018,May,Sunday,1
2018-05-21,13.5,15.0,0.0,17:10,SW,19.0,28.0,1024.4,72.0,63.0,Weather archive 2015-2026,21,5,2018,May,Monday,0
2018-05-22,13.0,14.3,4.4,21:00,SSW,11.0,19.0,1027.4,100.0,94.0,Weather archive 2015-2026,22,5,2018,May,Tuesday,1
2018-05-23,13.7,14.3,0.0,21:00,WNW,13.0,17.0,1028.3,69.0,64.0,Weather archive 2015-2026,23,5,2018,May,Wednesday,0
2018-05-24,11.3,12.7,0.0,21:30,SSE,9.0,15.0,1029.4,90.0,81.0,Weather archive 2015-2026,24,5,2018,May,Thursday,0
2018-05-25,7.8,10.2,0.0,19:30,N,0.0,4.0,1029.6,96.0,83.0,Weather archive 2015-2026,25,5,2018,May,Friday,0
2018-05-26,12.0,15.2,0.0,23:00,N,11.0,15.0,1026.5,79.0,63.0,Weather archive 2015-2026,26,5,2018,May,Saturday,0
2018-05-27,14.7,16.5,0.0,21:30,N,9.0,11.0,1023.4,70.0,62.0,Weather archive 2015-2026,27,5,2018,May,Sunday,0
2018-05-28,18.0,19.0,0.0,22:30,N,19.0,33.0,1016.6,49.0,42.0,Weather archive 2015-2026,28,5,2018,May,Monday,0
2018-05-29,10.7,12.6,0.0,23:30,WSW,9.0,11.0,1020.3,79.0,58.0,Weather archive 2015-2026,29,5,2018,May,Tuesday,0
2018-05-30,11.2,13.8,4.4,20:40,SW,19.0,28.0,1023.2,87.0,59.0,Weather archive 2015-2026,30,5,2018,May,Wednesday,1
2018-05-31,6.6,10.7,0.0,19:30,SSE,2.0,9.0,1031.9,94.0,76.0,Weather archive 2015-2026,31,5,2018,May,Thursday,0
2018-06-01,6.5,8.9,0.0,19:40,N,0.0,4.0,1030.3,99.0,89.0,Weather archive 2015-2026,1,6,2018,June,Friday,0
2018-06-02,8.0,10.4,0.0,22:00,N,0.0,6.0,1027.7,99.0,92.0,Weather archive 2015-2026,2,6,2018,June,Saturday,0
2018-06-03,9.2,11.3,0.0,20:00,SSE,6.0,7.0,1024.6,100.0,86.0,Weather archive 2015-2026,3,6,2018,June,Sunday,0
2018-06-04,10.0,12.4,1.6,20:30,SSW,6.0,11.0,1027.0,100.0,94.0,Weather archive 2015-2026,4,6,2018,June,Monday,1
2018-06-05,8.1,11.3,0.2,23:50,NE,9.0,11.0,1030.8,100.0,94.0,Weather archive 2015-2026,5,6,2018,June,Tuesday,1
2018-06-06,9.9,14.7,0.2,23:30,NE,9.0,11.0,1028.3,84.0,56.0,Weather archive 2015-2026,6,6,2018,June,Wednesday,1
2018-06-07,16.5,17.7,0.0,22:00,N,30.0,52.0,1019.8,57.0,51.0,Weather archive 2015-2026,7,6,2018,June,Thursday,0
2018-06-08,12.1,13.2,2.6,19:30,N,15.0,20.0,1020.3,87.0,82.0,Weather archive 2015-2026,8,6,2018,June,Friday,1
2018-06-09,8.0,9.6,0.0,22:20,N,0.0,0.0,1027.3,100.0,98.0,Weather archive 2015-2026,9,6,2018,June,Saturday,0
2018-06-10,7.8,9.4,0.0,23:10,NNE,9.0,11.0,1027.0,100.0,98.0,Weather archive 2015-2026,10,6,2018,June,Sunday,0
2018-06-11,14.3,15.3,0.0,22:00,NNE,22.0,37.0,1013.4,63.0,55.0,Weather archive 2015-2026,11,6,2018,June,Monday,0
2018-06-12,11.9,14.3,0.0,23:00,NW,15.0,28.0,1009.2,82.0,72.0,Weather archive 2015-2026,12,6,2018,June,Tuesday,0
2018-06-13,9.8,11.5,5.6,19:00,NNW,19.0,26.0,1009.9,88.0,79.0,Weather archive 2015-2026,13,6,2018,June,Wednesday,1
2018-06-14,9.6,13.4,4.4,22:00,NNW,30.0,54.0,1007.3,88.0,65.0,Weather archive 2015-2026,14,6,2018,June,Thursday,1
2018-06-15,8.1,11.7,2.2,20:00,W,22.0,37.0,1013.5,84.0,63.0,Weather archive 2015-2026,15,6,2018,June,Friday,1
2018-06-16,8.3,10.5,0.0,17:50,WSW,19.0,32.0,1013.8,75.0,64.0,Weather archive 2015-2026,16,6,2018,June,Saturday,0
2018-06-17,10.8,12.3,7.0,23:30,S,19.0,32.0,1023.1,89.0,78.0,Weather archive 2015-2026,17,6,2018,June,Sunday,1
2018-06-18,5.4,8.2,0.4,20:00,S,6.0,6.0,1029.2,99.0,85.0,Weather archive 2015-2026,18,6,2018,June,Monday,1
2018-06-19,6.1,8.0,0.0,22:30,NNE,11.0,15.0,1029.2,95.0,89.0,Weather archive 2015-2026,19,6,2018,June,Tuesday,0
2018-06-20,7.1,11.5,0.0,21:30,N,13.0,20.0,1028.9,82.0,67.0,Weather archive 2015-2026,20,6,2018,June,Wednesday,0
2018-06-21,7.8,10.3,0.0,23:00,NE,11.0,13.0,1029.9,89.0,75.0,Weather archive 2015-2026,21,6,2018,June,Thursday,0
2018-06-22,8.1,10.8,0.0,19:30,N,13.0,17.0,1027.7,76.0,68.0,Weather archive 2015-2026,22,6,2018,June,Friday,0
2018-06-23,10.1,11.2,0.0,20:20,SW,11.0,15.0,1030.5,92.0,80.0,Weather archive 2015-2026,23,6,2018,June,Saturday,0
2018-06-24,9.6,11.3,0.0,21:00,WSW,9.0,13.0,1032.4,75.0,66.0,Weather archive 2015-2026,24,6,2018,June,Sunday,0
2018-06-25,9.6,11.2,0.0,22:00,SSW,7.0,11.0,1033.7,92.0,76.0,Weather archive 2015-2026,25,6,2018,June,Monday,0
2018-06-26,7.0,8.6,0.0,23:30,NE,9.0,11.0,1033.7,100.0,95.0,Weather archive 2015-2026,26,6,2018,June,Tuesday,0
2018-06-27,5.8,7.4,0.0,23:30,SE,4.0,7.0,1030.1,100.0,97.0,Weather archive 2015-2026,27,6,2018,June,Wednesday,0
2018-06-28,7.1,8.7,0.2,22:00,NNE,9.0,11.0,1022.5,100.0,98.0,Weather archive 2015-2026,28,6,2018,June,Thursday,1
2018-06-29,11.2,11.8,0.0,0:00,N,30.0,46.0,1016.9,74.0,69.0,Weather archive 2015-2026,29,6,2018,June,Friday,0
2018-06-30,9.3,11.1,0.4,20:10,WSW,13.0,19.0,1030.2,73.0,64.0,Weather archive 2015-2026,30,6,2018,June,Saturday,1
2018-07-01,6.0,8.2,0.0,22:00,NNE,9.0,11.0,1033.8,96.0,83.0,Weather archive 2015-2026,1,7,2018,July,Sunday,0
2018-07-02,8.8,10.4,0.0,0:00,N,17.0,26.0,1029.2,72.0,66.0,Weather archive 2015-2026,2,7,2018,July,Monday,0
2018-07-03,12.5,14.2,0.0,0:00,N,26.0,39.0,1024.2,67.0,57.0,Weather archive 2015-2026,3,7,2018,July,Tuesday,0
2018-07-04,15.6,16.5,0.0,22:30,N,32.0,50.0,1018.7,57.0,50.0,Weather archive 2015-2026,4,7,2018,July,Wednesday,0
2018-07-05,17.5,18.5,0.0,19:50,N,30.0,43.0,1007.1,55.0,46.0,Weather archive 2015-2026,5,7,2018,July,Thursday,0
2018-07-06,11.1,12.5,1.2,0:00,NNW,26.0,43.0,1009.8,63.0,49.0,Weather archive 2015-2026,6,7,2018,July,Friday,1
2018-07-07,9.6,10.8,0.8,22:50,NW,17.0,24.0,1016.7,77.0,65.0,Weather archive 2015-2026,7,7,2018,July,Saturday,1
2018-07-08,10.5,11.7,1.2,19:40,WSW,19.0,30.0,1025.4,80.0,73.0,Weather archive 2015-2026,8,7,2018,July,Sunday,1
2018-07-09,10.7,11.2,0.0,0:00,WSW,11.0,17.0,1030.7,87.0,69.0,Weather archive 2015-2026,9,7,2018,July,Monday,0
2018-07-10,9.6,11.3,0.0,0:00,NW,13.0,17.0,1027.3,67.0,58.0,Weather archive 2015-2026,10,7,2018,July,Tuesday,0
2018-07-11,8.4,10.2,0.0,20:40,ENE,7.0,9.0,1024.3,85.0,58.0,Weather archive 2015-2026,11,7,2018,July,Wednesday,0
2018-07-12,6.3,10.1,0.0,22:50,ENE,7.0,9.0,1023.0,100.0,90.0,Weather archive 2015-2026,12,7,2018,July,Thursday,0
2018-07-13,7.5,8.7,0.0,23:40,NNE,7.0,9.0,1023.8,87.0,77.0,Weather archive 2015-2026,13,7,2018,July,Friday,0
2018-07-14,6.8,10.5,0.0,19:30,N,11.0,17.0,1018.4,71.0,58.0,Weather archive 2015-2026,14,7,2018,July,Saturday,0
2018-07-15,9.7,10.8,0.0,0:00,N,20.0,32.0,1012.2,57.0,55.0,Weather archive 2015-2026,15,7,2018,July,Sunday,0
2018-07-16,9.9,11.3,0.0,20:00,N,19.0,28.0,1010.5,62.0,56.0,Weather archive 2015-2026,16,7,2018,July,Monday,0
2018-07-17,9.5,11.9,1.2,20:00,WNW,15.0,37.0,1012.8,64.0,61.0,Weather archive 2015-2026,17,7,2018,July,Tuesday,1
2018-07-18,11.2,12.5,0.0,22:30,N,22.0,33.0,1014.2,59.0,52.0,Weather archive 2015-2026,18,7,2018,July,Wednesday,0
2018-07-19,8.1,9.1,4.4,19:40,W,19.0,32.0,1007.8,87.0,74.0,Weather archive 2015-2026,19,7,2018,July,Thursday,1
2018-07-20,8.6,9.7,0.2,20:30,NW,13.0,26.0,1019.0,79.0,75.0,Weather archive 2015-2026,20,7,2018,July,Friday,1
2018-07-21,9.1,10.5,0.0,19:40,N,17.0,20.0,1023.9,71.0,66.0,Weather archive 2015-2026,21,7,2018,July,Saturday,0
2018-07-22,9.4,10.4,0.0,23:30,NNE,15.0,26.0,1019.3,62.0,54.0,Weather archive 2015-2026,22,7,2018,July,Sunday,0
2018-07-23,9.6,11.0,0.6,22:00,N,43.0,61.0,1007.5,75.0,65.0,Weather archive 2015-2026,23,7,2018,July,Monday,1
2018-07-24,9.6,12.7,6.2,20:30,NW,13.0,22.0,1013.1,83.0,64.0,Weather archive 2015-2026,24,7,2018,July,Tuesday,1
2018-07-25,11.0,12.8,0.0,19:30,NNW,13.0,24.0,1018.9,72.0,59.0,Weather archive 2015-2026,25,7,2018,July,Wednesday,0
2018-07-26,10.9,11.9,0.0,19:30,N,15.0,22.0,1017.5,81.0,75.0,Weather archive 2015-2026,26,7,2018,July,Thursday,0
2018-07-27,12.7,13.8,0.0,22:30,N,17.0,24.0,1014.1,67.0,62.0,Weather archive 2015-2026,27,7,2018,July,Friday,0
2018-07-28,12.5,15.1,1.6,23:00,NNW,15.0,22.0,1008.1,94.0,65.0,Weather archive 2015-2026,28,7,2018,July,Saturday,1
2018-07-29,9.5,10.7,0.2,21:30,NW,20.0,32.0,1013.5,68.0,62.0,Weather archive 2015-2026,29,7,2018,July,Sunday,1
2018-07-30,10.0,11.2,0.0,0:00,N,30.0,57.0,1014.1,68.0,56.0,Weather archive 2015-2026,30,7,2018,July,Monday,0
2018-07-31,10.7,12.4,1.6,19:30,NW,17.0,39.0,1014.4,74.0,62.0,Weather archive 2015-2026,31,7,2018,July,Tuesday,1
2018-08-01,7.9,11.0,0.0,22:40,NNE,13.0,15.0,1023.3,83.0,70.0,Weather archive 2015-2026,1,8,2018,August,Wednesday,0
2018-08-02,13.0,13.5,0.0,21:00,NNE,24.0,39.0,1014.5,54.0,49.0,Weather archive 2015-2026,2,8,2018,August,Thursday,0
2018-08-03,10.2,11.1,1.6,20:10,NNW,26.0,32.0,1006.9,82.0,68.0,Weather archive 2015-2026,3,8,2018,August,Friday,1
2018-08-04,11.8,13.8,0.0,23:30,N,22.0,39.0,1012.2,71.0,56.0,Weather archive 2015-2026,4,8,2018,August,Saturday,0
2018-08-05,15.5,17.5,0.0,23:30,N,33.0,48.0,1001.2,39.0,33.0,Weather archive 2015-2026,5,8,2018,August,Sunday,0
2018-08-06,8.6,10.9,0.0,21:30,NW,17.0,30.0,1004.5,64.0,55.0,Weather archive 2015-2026,6,8,2018,August,Monday,0
2018-08-07,11.5,12.7,0.2,23:50,NNW,32.0,43.0,1010.3,68.0,58.0,Weather archive 2015-2026,7,8,2018,August,Tuesday,1
2018-08-08,9.2,11.5,2.2,20:00,W,13.0,19.0,1019.4,74.0,65.0,Weather archive 2015-2026,8,8,2018,August,Wednesday,1
2018-08-09,10.8,11.8,0.0,20:00,N,20.0,35.0,1018.9,64.0,59.0,Weather archive 2015-2026,9,8,2018,August,Thursday,0
2018-08-10,10.9,19.9,0.0,10:50,NNW,46.0,63.0,1016.8,64.0,30.0,Weather archive 2015-2026,10,8,2018,August,Friday,0
2018-08-11,6.9,16.6,10.4,1:00,WNW,15.0,33.0,1014.4,100.0,32.0,Weather archive 2015-2026,11,8,2018,August,Saturday,1
2018-08-12,5.6,14.4,4.6,21:30,NW,17.0,30.0,1022.3,81.0,45.0,Weather archive 2015-2026,12,8,2018,August,Sunday,1
2018-08-13,11.4,14.9,0.2,3:30,WNW,13.0,28.0,1025.4,85.0,55.0,Weather archive 2015-2026,13,8,2018,August,Monday,1
2018-08-14,9.5,16.5,0.2,0:00,N,30.0,54.0,1025.1,78.0,52.0,Weather archive 2015-2026,14,8,2018,August,Tuesday,1
2018-08-15,10.4,18.1,0.2,14:41,NW,32.0,50.0,1010.8,75.0,29.0,Weather archive 2015-2026,15,8,2018,August,Wednesday,1
2018-08-16,8.7,14.3,0.2,11:20,WSW,19.0,26.0,1015.2,71.0,47.0,Weather archive 2015-2026,16,8,2018,August,Thursday,1
2018-08-17,8.0,15.3,0.0,0:00,N,33.0,52.0,1015.0,73.0,41.0,Weather archive 2015-2026,17,8,2018,August,Friday,0
2018-08-18,7.2,13.6,4.2,13:06,SW,28.0,50.0,1013.5,85.0,44.0,Weather archive 2015-2026,18,8,2018,August,Saturday,1
2018-08-19,6.8,11.6,9.0,14:40,SSW,32.0,48.0,1027.2,85.0,54.0,Weather archive 2015-2026,19,8,2018,August,Sunday,1
2018-08-20,5.6,12.3,2.0,23:30,NW,19.0,30.0,1026.9,87.0,54.0,Weather archive 2015-2026,20,8,2018,August,Monday,1
2018-08-21,9.0,12.2,1.2,14:30,WNW,17.0,24.0,1018.6,89.0,65.0,Weather archive 2015-2026,21,8,2018,August,Tuesday,1
2018-08-22,8.7,13.6,1.0,~08:10,NNE,13.0,15.0,1019.1,94.0,52.0,Weather archive 2015-2026,22,8,2018,August,Wednesday,1
2018-08-23,7.9,15.6,0.0,~11:30,NNE,9.0,11.0,1023.2,94.0,41.0,Weather archive 2015-2026,23,8,2018,August,Thursday,0
2018-08-24,5.0,14.9,0.0,~14:00,S,13.0,19.0,1026.0,93.0,50.0,Weather archive 2015-2026,24,8,2018,August,Friday,0
2018-08-25,4.0,14.9,0.0,14:30,SSW,15.0,20.0,1024.0,99.0,48.0,Weather archive 2015-2026,25,8,2018,August,Saturday,0
2018-08-26,5.0,14.6,3.4,20:30,SSW,19.0,32.0,1023.2,100.0,47.0,Weather archive 2015-2026,26,8,2018,August,Sunday,1
2018-08-27,4.8,12.1,3.6,14:10,S,24.0,32.0,1028.3,92.0,48.0,Weather archive 2015-2026,27,8,2018,August,Monday,1
2018-08-28,0.9,11.8,0.2,13:30,SW,11.0,24.0,1026.0,97.0,47.0,Weather archive 2015-2026,28,8,2018,August,Tuesday,1
2018-08-29,6.3,7.5,0.0,0:00,NNE,9.0,15.0,1020.2,90.0,75.0,Weather archive 2015-2026,29,8,2018,August,Wednesday,0
2018-08-30,5.0,13.7,1.6,12:30,N,22.0,32.0,1019.3,80.0,29.0,Weather archive 2015-2026,30,8,2018,August,Thursday,1
2018-08-31,10.6,16.6,2.2,3:20,N,39.0,56.0,1007.7,82.0,30.0,Weather archive 2015-2026,31,8,2018,August,Friday,1
2018-09-01,7.7,13.3,2.4,9:30,W,19.0,30.0,1019.3,91.0,61.0,Weather archive 2015-2026,1,9,2018,September,Saturday,1
2018-09-02,5.0,12.1,0.0,17:30,SSE,17.0,22.0,1027.8,100.0,57.0,Weather archive 2015-2026,2,9,2018,September,Sunday,0
2018-09-03,5.1,12.6,0.0,15:40,SSW,20.0,24.0,1031.0,100.0,56.0,Weather archive 2015-2026,3,9,2018,September,Monday,0
2018-09-04,3.6,19.1,0.0,15:30,NE,13.0,19.0,1030.8,99.0,36.0,Weather archive 2015-2026,4,9,2018,September,Tuesday,0
2018-09-05,8.4,20.0,0.0,11:00,NNE,30.0,46.0,1023.9,80.0,37.0,Weather archive 2015-2026,5,9,2018,September,Wednesday,0
2018-09-06,11.0,19.9,3.2,12:00,N,32.0,50.0,1014.5,96.0,48.0,Weather archive 2015-2026,6,9,2018,September,Thursday,1
2018-09-07,7.6,15.0,0.2,17:30,SSW,13.0,24.0,1019.5,92.0,40.0,Weather archive 2015-2026,7,9,2018,September,Friday,1
2018-09-08,4.2,17.0,0.2,17:00,NNW,17.0,28.0,1019.8,97.0,33.0,Weather archive 2015-2026,8,9,2018,September,Saturday,1
2018-09-09,11.7,18.0,0.0,13:00,W,17.0,39.0,1025.3,75.0,45.0,Weather archive 2015-2026,9,9,2018,September,Sunday,0
2018-09-10,11.3,17.8,0.0,12:30,NW,17.0,39.0,1026.8,88.0,58.0,Weather archive 2015-2026,10,9,2018,September,Monday,0
2018-09-11,9.6,24.0,0.0,15:30,N,41.0,54.0,1017.2,93.0,29.0,Weather archive 2015-2026,11,9,2018,September,Tuesday,0
2018-09-12,7.2,18.2,0.0,0:00,W,19.0,39.0,1019.5,87.0,29.0,Weather archive 2015-2026,12,9,2018,September,Wednesday,0
2018-09-13,7.2,19.5,0.0,15:30,N,35.0,56.0,1021.2,77.0,35.0,Weather archive 2015-2026,13,9,2018,September,Thursday,0
2018-09-14,11.0,22.5,0.0,15:43,N,32.0,46.0,1018.8,61.0,28.0,Weather archive 2015-2026,14,9,2018,September,Friday,0
2018-09-15,5.6,16.4,2.0,8:24,WNW,32.0,50.0,1018.1,83.0,34.0,Weather archive 2015-2026,15,9,2018,September,Saturday,1
2018-09-16,5.5,13.5,2.0,22:00,WNW,13.0,26.0,1023.9,75.0,51.0,Weather archive 2015-2026,16,9,2018,September,Sunday,1
2018-09-17,6.9,17.8,0.0,15:09,N,32.0,46.0,1023.3,68.0,32.0,Weather archive 2015-2026,17,9,2018,September,Monday,0
2018-09-18,10.2,19.9,2.4,12:00,N,37.0,59.0,1014.6,97.0,23.0,Weather archive 2015-2026,18,9,2018,September,Tuesday,1
2018-09-19,6.2,14.3,3.0,13:30,S,19.0,30.0,1019.5,97.0,43.0,Weather archive 2015-2026,19,9,2018,September,Wednesday,1
2018-09-20,3.8,17.0,0.8,11:00,S,11.0,19.0,1026.0,99.0,40.0,Weather archive 2015-2026,20,9,2018,September,Thursday,1
2018-09-21,8.3,18.6,0.0,14:30,SSW,17.0,33.0,1028.3,88.0,44.0,Weather archive 2015-2026,21,9,2018,September,Friday,0
2018-09-22,7.0,16.8,0.0,16:00,S,20.0,35.0,1028.5,99.0,56.0,Weather archive 2015-2026,22,9,2018,September,Saturday,0
2018-09-23,8.8,13.1,0.2,14:30,S,22.0,35.0,1034.2,95.0,45.0,Weather archive 2015-2026,23,9,2018,September,Sunday,1
2018-09-24,4.7,14.6,0.0,16:00,SSW,24.0,35.0,1033.4,91.0,47.0,Weather archive 2015-2026,24,9,2018,September,Monday,0
2018-09-25,6.5,12.9,0.0,16:00,SSW,22.0,35.0,1030.2,91.0,57.0,Weather archive 2015-2026,25,9,2018,September,Tuesday,0
2018-09-26,6.5,17.3,0.0,16:00,SSW,17.0,35.0,1025.5,92.0,43.0,Weather archive 2015-2026,26,9,2018,September,Wednesday,0
2018-09-27,13.5,24.0,0.0,17:10,SSW,32.0,46.0,1016.5,83.0,27.0,Weather archive 2015-2026,27,9,2018,September,Thursday,0
2018-09-28,7.4,14.8,1.2,18:30,WSW,20.0,33.0,1022.2,88.0,60.0,Weather archive 2015-2026,28,9,2018,September,Friday,1
2018-09-29,5.6,13.9,1.4,0:00,W,15.0,28.0,1030.9,88.0,44.0,Weather archive 2015-2026,29,9,2018,September,Saturday,1
2018-09-30,7.0,16.3,0.2,~15:00,SSW,17.0,20.0,1032.6,92.0,45.0,Weather archive 2015-2026,30,9,2018,September,Sunday,1
2018-10-01,4.8,22.9,0.0,11:00,N,24.0,35.0,1029.8,94.0,27.0,Weather archive 2015-2026,1,10,2018,October,Monday,0
2018-10-02,11.5,25.5,0.0,15:20,N,28.0,37.0,1025.4,70.0,29.0,Weather archive 2015-2026,2,10,2018,October,Tuesday,0
2018-10-03,11.5,22.6,0.0,14:30,S,22.0,32.0,1022.4,81.0,31.0,Weather archive 2015-2026,3,10,2018,October,Wednesday,0
2018-10-04,11.0,14.5,0.0,14:30,SSW,19.0,33.0,1025.0,87.0,55.0,Weather archive 2015-2026,4,10,2018,October,Thursday,0
2018-10-05,9.2,20.3,0.0,14:00,SSE,15.0,32.0,1026.8,86.0,40.0,Weather archive 2015-2026,5,10,2018,October,Friday,0
2018-10-06,8.3,23.5,0.0,9:00,NNW,20.0,32.0,1024.9,95.0,30.0,Weather archive 2015-2026,6,10,2018,October,Saturday,0
2018-10-07,10.6,24.4,0.0,15:30,SSW,15.0,24.0,1023.7,96.0,30.0,Weather archive 2015-2026,7,10,2018,October,Sunday,0
2018-10-08,13.5,27.7,0.0,19:30,WNW,19.0,30.0,1021.2,77.0,26.0,Weather archive 2015-2026,8,10,2018,October,Monday,0
2018-10-09,12.0,17.8,0.0,19:30,S,20.0,30.0,1019.7,100.0,66.0,Weather archive 2015-2026,9,10,2018,October,Tuesday,0
2018-10-10,10.3,16.0,0.0,18:30,SE,32.0,48.0,1024.6,73.0,41.0,Weather archive 2015-2026,10,10,2018,October,Wednesday,0
2018-10-11,6.4,20.3,0.0,16:30,S,19.0,39.0,1025.8,95.0,39.0,Weather archive 2015-2026,11,10,2018,October,Thursday,0
2018-10-12,12.8,22.5,0.2,18:30,SSE,20.0,32.0,1027.6,93.0,27.0,Weather archive 2015-2026,12,10,2018,October,Friday,1
2018-10-13,17.4,23.7,0.2,10:00,N,20.0,30.0,1024.9,94.0,30.0,Weather archive 2015-2026,13,10,2018,October,Saturday,1
2018-10-14,12.5,27.0,0.0,13:00,N,32.0,43.0,1021.9,81.0,33.0,Weather archive 2015-2026,14,10,2018,October,Sunday,0
2018-10-15,19.7,27.2,0.0,14:00,NNE,32.0,44.0,1019.9,51.0,30.0,Weather archive 2015-2026,15,10,2018,October,Monday,0
2018-10-16,16.6,25.4,5.2,6:16,NNE,30.0,54.0,1014.9,96.0,35.0,Weather archive 2015-2026,16,10,2018,October,Tuesday,1
2018-10-17,16.1,22.1,0.2,14:00,NW,26.0,37.0,1014.6,90.0,47.0,Weather archive 2015-2026,17,10,2018,October,Wednesday,1
2018-10-18,14.7,20.5,2.0,14:00,NNW,26.0,37.0,1017.5,94.0,53.0,Weather archive 2015-2026,18,10,2018,October,Thursday,1
2018-10-19,13.0,27.3,0.0,15:30,N,33.0,44.0,1017.4,82.0,28.0,Weather archive 2015-2026,19,10,2018,October,Friday,0
2018-10-20,11.0,24.6,5.6,3:20,WSW,24.0,39.0,1021.2,93.0,30.0,Weather archive 2015-2026,20,10,2018,October,Saturday,1
2018-10-21,7.7,18.9,5.6,17:00,S,13.0,37.0,1021.5,95.0,39.0,Weather archive 2015-2026,21,10,2018,October,Sunday,1
2018-10-22,8.9,26.8,0.0,17:30,N,32.0,43.0,1017.3,85.0,26.0,Weather archive 2015-2026,22,10,2018,October,Monday,0
2018-10-23,12.2,18.4,0.0,17:00,S,22.0,41.0,1022.4,98.0,50.0,Weather archive 2015-2026,23,10,2018,October,Tuesday,0
2018-10-24,9.2,15.2,0.0,17:00,SSW,22.0,39.0,1025.2,84.0,44.0,Weather archive 2015-2026,24,10,2018,October,Wednesday,0
2018-10-25,6.6,19.4,0.0,16:00,SSW,19.0,32.0,1021.3,96.0,35.0,Weather archive 2015-2026,25,10,2018,October,Thursday,0
2018-10-26,9.7,18.7,0.0,16:00,S,19.0,32.0,1021.4,85.0,52.0,Weather archive 2015-2026,26,10,2018,October,Friday,0
2018-10-27,11.5,19.1,0.0,19:50,SSW,24.0,39.0,1020.8,89.0,48.0,Weather archive 2015-2026,27,10,2018,October,Saturday,0
2018-10-28,9.3,15.5,0.0,19:00,S,24.0,35.0,1021.7,65.0,48.0,Weather archive 2015-2026,28,10,2018,October,Sunday,0
2018-10-29,9.1,16.2,0.0,13:30,SSW,22.0,32.0,1021.6,84.0,46.0,Weather archive 2015-2026,29,10,2018,October,Monday,0
2018-10-30,8.3,24.9,0.0,17:30,SSW,15.0,26.0,1020.3,98.0,27.0,Weather archive 2015-2026,30,10,2018,October,Tuesday,0
2018-10-31,13.1,19.3,0.0,17:30,SSW,13.0,24.0,1021.2,92.0,65.0,Weather archive 2015-2026,31,10,2018,October,Wednesday,0
2018-11-01,13.6,34.3,0.0,16:50,WNW,33.0,57.0,1015.7,100.0,15.0,Weather archive 2015-2026,1,11,2018,November,Thursday,0
2018-11-02,16.1,31.4,0.2,16:00,NW,24.0,56.0,1013.3,70.0,32.0,Weather archive 2015-2026,2,11,2018,November,Friday,1
2018-11-03,12.8,20.8,0.2,11:00,NW,17.0,37.0,1019.8,75.0,36.0,Weather archive 2015-2026,3,11,2018,November,Saturday,1
2018-11-04,9.4,20.9,0.0,14:30,SSW,17.0,22.0,1015.6,91.0,47.0,Weather archive 2015-2026,4,11,2018,November,Sunday,0
2018-11-05,15.2,28.2,2.8,14:30,NNW,26.0,41.0,1009.9,94.0,38.0,Weather archive 2015-2026,5,11,2018,November,Monday,1
2018-11-06,14.9,21.4,35.8,20:20,SSE,20.0,28.0,1009.4,100.0,49.0,Weather archive 2015-2026,6,11,2018,November,Tuesday,1
2018-11-07,9.6,16.6,3.0,13:50,S,28.0,41.0,1016.7,93.0,41.0,Weather archive 2015-2026,7,11,2018,November,Wednesday,1
2018-11-08,7.8,16.7,3.0,0:00,W,15.0,26.0,1022.0,76.0,43.0,Weather archive 2015-2026,8,11,2018,November,Thursday,1
2018-11-09,8.0,19.3,0.0,18:30,SSW,19.0,32.0,1021.4,95.0,34.0,Weather archive 2015-2026,9,11,2018,November,Friday,0
2018-11-10,9.0,20.0,0.2,18:30,SSW,20.0,26.0,1022.1,92.0,48.0,Weather archive 2015-2026,10,11,2018,November,Saturday,1
2018-11-11,9.4,19.4,0.0,16:30,SSW,19.0,32.0,1023.1,100.0,49.0,Weather archive 2015-2026,11,11,2018,November,Sunday,0
2018-11-12,11.0,30.0,0.0,12:40,NNW,19.0,28.0,1018.0,100.0,18.0,Weather archive 2015-2026,12,11,2018,November,Monday,0
2018-11-13,17.1,30.3,0.0,16:37,N,32.0,50.0,1013.8,91.0,28.0,Weather archive 2015-2026,13,11,2018,November,Tuesday,0
2018-11-14,14.1,17.2,6.2,20:00,SSE,17.0,26.0,1020.4,100.0,76.0,Weather archive 2015-2026,14,11,2018,November,Wednesday,1
2018-11-15,11.9,17.3,0.2,16:00,SSW,24.0,35.0,1025.7,74.0,46.0,Weather archive 2015-2026,15,11,2018,November,Thursday,1
2018-11-16,8.3,18.5,0.0,16:00,SSW,24.0,39.0,1025.6,96.0,48.0,Weather archive 2015-2026,16,11,2018,November,Friday,0
2018-11-17,9.6,17.9,0.0,15:30,SSW,26.0,43.0,1025.6,89.0,48.0,Weather archive 2015-2026,17,11,2018,November,Saturday,0
2018-11-18,9.8,26.6,0.0,18:30,ESE,20.0,26.0,1024.5,99.0,32.0,Weather archive 2015-2026,18,11,2018,November,Sunday,0
2018-11-19,15.6,30.4,0.0,13:00,N,30.0,37.0,1017.8,73.0,23.0,Weather archive 2015-2026,19,11,2018,November,Monday,0
2018-11-20,22.5,27.9,16.2,16:15,WSW,32.0,46.0,1009.9,100.0,30.0,Weather archive 2015-2026,20,11,2018,November,Tuesday,1
2018-11-21,10.9,22.6,24.2,19:30,NNW,22.0,39.0,1003.4,100.0,30.0,Weather archive 2015-2026,21,11,2018,November,Wednesday,1
2018-11-22,9.9,16.1,6.2,23:30,SSW,24.0,46.0,1002.8,94.0,48.0,Weather archive 2015-2026,22,11,2018,November,Thursday,1
2018-11-23,11.1,14.4,7.0,4:30,W,26.0,48.0,1009.0,98.0,66.0,Weather archive 2015-2026,23,11,2018,November,Friday,1
2018-11-24,12.9,16.8,7.0,10:30,SSW,19.0,35.0,1009.7,94.0,66.0,Weather archive 2015-2026,24,11,2018,November,Saturday,1
2018-11-25,13.3,18.5,0.8,17:00,S,22.0,32.0,1009.8,96.0,63.0,Weather archive 2015-2026,25,11,2018,November,Sunday,1
2018-11-26,12.0,17.9,0.2,22:40,SSE,20.0,26.0,1010.9,100.0,60.0,Weather archive 2015-2026,26,11,2018,November,Monday,1
2018-11-27,14.5,19.8,0.2,16:20,SSW,22.0,35.0,1007.4,86.0,65.0,Weather archive 2015-2026,27,11,2018,November,Tuesday,1
2018-11-28,14.4,20.8,0.0,17:30,S,26.0,39.0,1014.9,85.0,54.0,Weather archive 2015-2026,28,11,2018,November,Wednesday,0
2018-11-29,13.9,18.4,0.6,15:20,SSW,26.0,35.0,1016.0,99.0,68.0,Weather archive 2015-2026,29,11,2018,November,Thursday,1
2018-11-30,14.4,20.4,0.0,14:50,SSW,24.0,37.0,1014.3,81.0,49.0,Weather archive 2015-2026,30,11,2018,November,Friday,0
2018-12-01,10.3,31.4,0.0,18:00,N,30.0,50.0,1011.4,94.0,19.0,Weather archive 2015-2026,1,12,2018,December,Saturday,0
2018-12-02,12.3,18.9,10.4,3:29,W,37.0,70.0,1012.0,94.0,37.0,Weather archive 2015-2026,2,12,2018,December,Sunday,1
2018-12-03,13.4,23.1,0.0,14:00,NW,30.0,46.0,1016.3,78.0,41.0,Weather archive 2015-2026,3,12,2018,December,Monday,0
2018-12-04,13.4,20.1,0.0,14:30,S,19.0,28.0,1021.5,86.0,50.0,Weather archive 2015-2026,4,12,2018,December,Tuesday,0
2018-12-05,13.4,25.2,0.0,17:00,SSW,17.0,28.0,1021.9,100.0,52.0,Weather archive 2015-2026,5,12,2018,December,Wednesday,0
2018-12-06,15.2,35.4,0.0,17:30,NNW,24.0,37.0,1018.7,100.0,23.0,Weather archive 2015-2026,6,12,2018,December,Thursday,0
2018-12-07,23.2,37.9,0.0,17:13,N,32.0,57.0,1014.7,56.0,19.0,Weather archive 2015-2026,7,12,2018,December,Friday,0
2018-12-08,17.1,30.1,0.0,19:00,SSW,20.0,35.0,1020.9,93.0,35.0,Weather archive 2015-2026,8,12,2018,December,Saturday,0
2018-12-09,16.1,19.7,1.2,~12:00,S,15.0,20.0,1020.0,96.0,71.0,Weather archive 2015-2026,9,12,2018,December,Sunday,1
2018-12-10,15.2,20.1,0.0,16:00,SSW,22.0,32.0,1020.7,86.0,60.0,Weather archive 2015-2026,10,12,2018,December,Monday,0
2018-12-11,13.1,23.1,0.0,17:30,SW,17.0,33.0,1019.9,94.0,63.0,Weather archive 2015-2026,11,12,2018,December,Tuesday,0
2018-12-12,16.1,33.2,0.2,20:00,SSW,26.0,44.0,1013.6,89.0,25.0,Weather archive 2015-2026,12,12,2018,December,Wednesday,1
2018-12-13,16.6,21.5,16.2,10:30,S,20.0,39.0,1002.2,100.0,69.0,Weather archive 2015-2026,13,12,2018,December,Thursday,1
2018-12-14,17.0,22.3,40.0,11:40,N,19.0,20.0,1006.9,100.0,67.0,Weather archive 2015-2026,14,12,2018,December,Friday,1
2018-12-15,18.4,24.6,1.0,15:00,NNW,22.0,37.0,1006.5,100.0,45.0,Weather archive 2015-2026,15,12,2018,December,Saturday,1
2018-12-16,15.9,22.8,3.8,13:30,NNW,28.0,43.0,1009.4,100.0,52.0,Weather archive 2015-2026,16,12,2018,December,Sunday,1
2018-12-17,15.7,21.5,2.0,16:50,S,22.0,30.0,1016.4,100.0,69.0,Weather archive 2015-2026,17,12,2018,December,Monday,1
2018-12-18,16.7,20.4,0.0,16:00,SSW,19.0,28.0,1018.0,85.0,63.0,Weather archive 2015-2026,18,12,2018,December,Tuesday,0
2018-12-19,17.8,26.7,0.0,14:40,WNW,15.0,17.0,1014.9,100.0,43.0,Weather archive 2015-2026,19,12,2018,December,Wednesday,0
2018-12-20,16.3,20.8,0.2,19:50,S,28.0,39.0,1013.4,100.0,67.0,Weather archive 2015-2026,20,12,2018,December,Thursday,1
2018-12-21,14.2,20.6,9.8,18:00,S,19.0,32.0,1016.1,97.0,68.0,Weather archive 2015-2026,21,12,2018,December,Friday,1
2018-12-22,14.4,18.6,9.8,16:30,SSW,24.0,35.0,1022.6,84.0,49.0,Weather archive 2015-2026,22,12,2018,December,Saturday,1
2018-12-23,11.5,26.6,0.0,19:10,SSW,17.0,26.0,1022.8,94.0,31.0,Weather archive 2015-2026,23,12,2018,December,Sunday,0
2018-12-24,14.5,34.0,0.0,14:30,NNW,26.0,43.0,1020.1,99.0,15.0,Weather archive 2015-2026,24,12,2018,December,Monday,0
2018-12-25,15.5,23.4,0.0,16:30,SSW,22.0,39.0,1019.7,91.0,50.0,Weather archive 2015-2026,25,12,2018,December,Tuesday,0
2018-12-26,13.5,23.6,0.0,18:00,SSW,17.0,28.0,1018.8,94.0,55.0,Weather archive 2015-2026,26,12,2018,December,Wednesday,0
2018-12-27,16.4,37.2,0.0,19:58,SSW,17.0,28.0,1013.0,99.0,20.0,Weather archive 2015-2026,27,12,2018,December,Thursday,0
2018-12-28,22.0,36.3,0.0,11:30,NNW,20.0,33.0,1009.7,77.0,21.0,Weather archive 2015-2026,28,12,2018,December,Friday,0
2018-12-29,18.6,23.8,1.2,9:25,NE,22.0,32.0,1014.2,88.0,51.0,Weather archive 2015-2026,29,12,2018,December,Saturday,1
2018-12-30,17.4,21.7,0.8,21:50,SSE,17.0,24.0,1016.6,97.0,59.0,Weather archive 2015-2026,30,12,2018,December,Sunday,1
2018-12-31,17.6,23.4,0.8,17:00,S,20.0,32.0,1014.3,70.0,56.0,Weather archive 2015-2026,31,12,2018,December,Monday,1
2019-01-01,18.6,22.1,0.0,19:30,S,17.0,28.0,1015.4,78.0,53.0,Weather archive 2015-2026,1,1,2019,January,Tuesday,0
2019-01-02,17.3,20.5,0.0,20:00,S,17.0,28.0,1015.1,75.0,60.0,Weather archive 2015-2026,2,1,2019,January,Wednesday,0
2019-01-03,20.4,24.4,0.0,20:00,SW,11.0,17.0,1009.6,93.0,72.0,Weather archive 2015-2026,3,1,2019,January,Thursday,0
2019-01-04,17.7,20.6,0.2,20:30,S,24.0,39.0,1013.0,80.0,69.0,Weather archive 2015-2026,4,1,2019,January,Friday,1
2019-01-05,17.0,19.4,1.4,20:00,S,17.0,28.0,1018.3,71.0,49.0,Weather archive 2015-2026,5,1,2019,January,Saturday,1
2019-01-06,17.8,20.1,0.0,19:30,SSW,15.0,32.0,1021.5,65.0,56.0,Weather archive 2015-2026,6,1,2019,January,Sunday,0
2019-01-07,17.8,21.7,0.0,19:30,SSE,15.0,22.0,1015.6,77.0,56.0,Weather archive 2015-2026,7,1,2019,January,Monday,0
2019-01-08,18.7,19.8,0.0,19:30,S,22.0,32.0,1014.0,67.0,60.0,Weather archive 2015-2026,8,1,2019,January,Tuesday,0
2019-01-09,16.2,18.0,0.0,19:30,S,17.0,32.0,1020.2,56.0,50.0,Weather archive 2015-2026,9,1,2019,January,Wednesday,0
2019-01-10,16.3,20.5,0.0,19:50,S,17.0,28.0,1019.9,65.0,48.0,Weather archive 2015-2026,10,1,2019,January,Thursday,0
2019-01-11,21.5,30.0,0.0,20:20,E,13.0,19.0,1012.8,62.0,29.0,Weather archive 2015-2026,11,1,2019,January,Friday,0
2019-01-12,17.0,20.4,0.0,20:00,SSE,17.0,28.0,1022.5,64.0,54.0,Weather archive 2015-2026,12,1,2019,January,Saturday,0
2019-01-13,20.5,28.0,0.0,20:00,SSE,17.0,28.0,1015.2,73.0,42.0,Weather archive 2015-2026,13,1,2019,January,Sunday,0
2019-01-14,21.7,25.2,0.0,19:30,SSW,15.0,24.0,1012.6,83.0,71.0,Weather archive 2015-2026,14,1,2019,January,Monday,0
2019-01-15,21.3,28.1,0.0,20:00,N,7.0,9.0,1010.2,84.0,40.0,Weather archive 2015-2026,15,1,2019,January,Tuesday,0
2019-01-16,21.1,23.5,0.0,21:00,WSW,13.0,24.0,1011.7,84.0,66.0,Weather archive 2015-2026,16,1,2019,January,Wednesday,0
2019-01-17,23.1,30.8,0.2,19:30,NW,6.0,11.0,1010.9,75.0,43.0,Weather archive 2015-2026,17,1,2019,January,Thursday,1
2019-01-18,19.2,21.1,2.0,20:00,S,15.0,30.0,1017.4,86.0,57.0,Weather archive 2015-2026,18,1,2019,January,Friday,1
2019-01-19,17.4,20.3,0.0,20:00,S,15.0,28.0,1023.4,68.0,58.0,Weather archive 2015-2026,19,1,2019,January,Saturday,0
2019-01-20,18.6,21.4,0.0,20:00,SSW,19.0,24.0,1021.2,83.0,73.0,Weather archive 2015-2026,20,1,2019,January,Sunday,0
2019-01-21,19.3,22.7,0.0,20:10,SSW,20.0,26.0,1017.0,86.0,75.0,Weather archive 2015-2026,21,1,2019,January,Monday,0
2019-01-22,20.4,23.9,0.0,20:00,SSW,15.0,24.0,1014.3,82.0,74.0,Weather archive 2015-2026,22,1,2019,January,Tuesday,0
2019-01-23,19.4,21.6,0.0,19:30,S,20.0,28.0,1016.6,84.0,67.0,Weather archive 2015-2026,23,1,2019,January,Wednesday,0
2019-01-24,28.8,38.0,0.0,20:00,ESE,13.0,24.0,1007.5,59.0,26.0,Weather archive 2015-2026,24,1,2019,January,Thursday,0
2019-01-25,21.6,25.2,0.0,19:30,SSW,19.0,30.0,1011.7,75.0,52.0,Weather archive 2015-2026,25,1,2019,January,Friday,0
2019-01-26,19.7,23.7,0.0,22:30,SSW,22.0,35.0,1011.4,70.0,54.0,Weather archive 2015-2026,26,1,2019,January,Saturday,0
2019-01-27,19.4,22.5,0.0,19:30,S,19.0,28.0,1017.2,70.0,52.0,Weather archive 2015-2026,27,1,2019,January,Sunday,0
2019-01-28,20.4,28.9,0.0,21:30,SSW,19.0,26.0,1014.2,75.0,38.0,Weather archive 2015-2026,28,1,2019,January,Monday,0
2019-01-29,19.9,25.2,0.0,19:40,S,17.0,30.0,1012.6,72.0,50.0,Weather archive 2015-2026,29,1,2019,January,Tuesday,0
2019-01-30,22.7,27.1,6.6,20:30,N,22.0,39.0,1003.9,87.0,50.0,Weather archive 2015-2026,30,1,2019,January,Wednesday,1
2019-01-31,15.9,18.0,0.0,19:30,S,20.0,35.0,1022.6,50.0,46.0,Weather archive 2015-2026,31,1,2019,January,Thursday,0
2019-02-01,18.5,21.2,0.0,20:00,SSW,13.0,22.0,1018.5,62.0,45.0,Weather archive 2015-2026,1,2,2019,February,Friday,0
2019-02-02,23.0,32.6,0.0,22:30,W,13.0,20.0,1010.8,74.0,40.0,Weather archive 2015-2026,2,2,2019,February,Saturday,0
2019-02-03,22.2,24.0,0.0,20:00,SSW,13.0,32.0,1013.7,66.0,42.0,Weather archive 2015-2026,3,2,2019,February,Sunday,0
2019-02-04,17.9,19.9,0.0,19:30,S,22.0,32.0,1019.5,73.0,69.0,Weather archive 2015-2026,4,2,2019,February,Monday,0
2019-02-05,21.7,25.8,0.0,21:20,ESE,17.0,24.0,1014.3,79.0,65.0,Weather archive 2015-2026,5,2,2019,February,Tuesday,0
2019-02-06,21.0,22.9,10.8,20:30,W,20.0,28.0,1013.7,98.0,86.0,Weather archive 2015-2026,6,2,2019,February,Wednesday,1
2019-02-07,21.1,26.0,0.0,20:30,SSW,15.0,20.0,1010.1,87.0,59.0,Weather archive 2015-2026,7,2,2019,February,Thursday,0
2019-02-08,17.3,19.8,0.0,0:00,WSW,15.0,30.0,1006.1,68.0,57.0,Weather archive 2015-2026,8,2,2019,February,Friday,0
2019-02-09,15.0,17.2,4.8,21:10,WSW,17.0,28.0,1010.4,59.0,47.0,Weather archive 2015-2026,9,2,2019,February,Saturday,1
2019-02-10,17.3,21.6,0.0,20:00,SSE,11.0,17.0,1009.0,79.0,55.0,Weather archive 2015-2026,10,2,2019,February,Sunday,0
2019-02-11,23.1,25.8,0.0,20:00,N,20.0,26.0,998.9,48.0,38.0,Weather archive 2015-2026,11,2,2019,February,Monday,0
2019-02-12,13.7,16.6,2.8,20:00,W,17.0,30.0,1005.5,49.0,35.0,Weather archive 2015-2026,12,2,2019,February,Tuesday,1
2019-02-13,15.1,17.1,0.0,22:50,W,11.0,19.0,1018.2,68.0,49.0,Weather archive 2015-2026,13,2,2019,February,Wednesday,0
2019-02-14,17.3,20.1,0.0,22:00,SSE,13.0,20.0,1024.1,76.0,56.0,Weather archive 2015-2026,14,2,2019,February,Thursday,0
2019-02-15,17.8,21.6,0.0,21:40,S,13.0,20.0,1022.7,80.0,59.0,Weather archive 2015-2026,15,2,2019,February,Friday,0
2019-02-16,18.3,20.5,0.0,19:30,SSW,17.0,26.0,1017.9,80.0,74.0,Weather archive 2015-2026,16,2,2019,February,Saturday,0
2019-02-17,20.1,26.2,0.0,20:00,N,0.0,7.0,1008.9,69.0,41.0,Weather archive 2015-2026,17,2,2019,February,Sunday,0
2019-02-18,16.3,18.9,0.0,19:20,S,24.0,32.0,1011.7,68.0,54.0,Weather archive 2015-2026,18,2,2019,February,Monday,0
2019-02-19,16.3,17.6,0.0,21:30,S,13.0,26.0,1016.0,62.0,56.0,Weather archive 2015-2026,19,2,2019,February,Tuesday,0
2019-02-20,17.4,19.5,0.0,0:00,S,15.0,28.0,1018.3,78.0,62.0,Weather archive 2015-2026,20,2,2019,February,Wednesday,0
2019-02-21,16.0,18.2,0.0,20:00,S,17.0,26.0,1023.8,71.0,62.0,Weather archive 2015-2026,21,2,2019,February,Thursday,0
2019-02-22,16.6,18.9,0.0,19:30,S,17.0,30.0,1026.0,74.0,67.0,Weather archive 2015-2026,22,2,2019,February,Friday,0
2019-02-23,18.8,25.8,0.0,20:30,ESE,15.0,30.0,1024.9,64.0,37.0,Weather archive 2015-2026,23,2,2019,February,Saturday,0
2019-02-24,20.5,30.5,0.0,19:30,SE,17.0,26.0,1024.1,63.0,24.0,Weather archive 2015-2026,24,2,2019,February,Sunday,0
2019-02-25,21.7,32.7,0.0,19:30,NE,9.0,15.0,1020.9,56.0,16.0,Weather archive 2015-2026,25,2,2019,February,Monday,0
2019-02-26,16.0,18.9,0.0,20:30,S,15.0,24.0,1025.2,75.0,70.0,Weather archive 2015-2026,26,2,2019,February,Tuesday,0
2019-02-27,19.7,24.3,0.2,19:30,SSW,7.0,13.0,1019.4,91.0,64.0,Weather archive 2015-2026,27,2,2019,February,Wednesday,1
2019-02-28,27.4,35.0,0.0,19:20,N,13.0,15.0,1018.5,37.0,24.0,Weather archive 2015-2026,28,2,2019,February,Thursday,0
2019-03-01,26.6,32.7,0.0,19:30,NE,13.0,22.0,1020.1,43.0,27.0,Weather archive 2015-2026,1,3,2019,March,Friday,0
2019-03-02,28.7,35.9,0.0,15:00,N,26.0,41.0,1020.1,30.0,20.0,Weather archive 2015-2026,2,3,2019,March,Saturday,0
2019-03-03,20.1,35.8,0.0,14:00,NNW,24.0,43.0,1021.0,86.0,19.0,Weather archive 2015-2026,3,3,2019,March,Sunday,0
2019-03-04,19.3,24.5,0.0,17:30,S,19.0,30.0,1020.3,69.0,51.0,Weather archive 2015-2026,4,3,2019,March,Monday,0
2019-03-05,19.0,24.3,0.0,20:30,SSE,17.0,24.0,1011.9,78.0,57.0,Weather archive 2015-2026,5,3,2019,March,Tuesday,0
2019-03-06,13.1,16.8,2.0,13:50,W,22.0,54.0,1023.1,71.0,41.0,Weather archive 2015-2026,6,3,2019,March,Wednesday,1
2019-03-07,14.2,21.9,0.0,18:30,SSE,13.0,24.0,1025.4,77.0,35.0,Weather archive 2015-2026,7,3,2019,March,Thursday,0
2019-03-08,18.2,26.6,0.0,20:00,SSE,13.0,24.0,1019.9,53.0,19.0,Weather archive 2015-2026,8,3,2019,March,Friday,0
2019-03-09,18.5,23.7,0.0,19:30,SSW,15.0,28.0,1017.3,83.0,44.0,Weather archive 2015-2026,9,3,2019,March,Saturday,0
2019-03-10,18.5,20.8,0.2,19:30,WNW,13.0,24.0,1013.6,75.0,57.0,Weather archive 2015-2026,10,3,2019,March,Sunday,1
2019-03-11,17.0,19.4,0.0,21:00,S,11.0,17.0,1010.7,75.0,68.0,Weather archive 2015-2026,11,3,2019,March,Monday,0
2019-03-12,13.9,16.4,0.0,20:00,S,17.0,30.0,1018.6,57.0,50.0,Weather archive 2015-2026,12,3,2019,March,Tuesday,0
2019-03-13,13.7,16.7,0.2,20:00,SSE,13.0,22.0,1019.6,68.0,51.0,Weather archive 2015-2026,13,3,2019,March,Wednesday,1
2019-03-14,14.6,18.9,0.0,20:00,SSE,15.0,24.0,1018.7,81.0,60.0,Weather archive 2015-2026,14,3,2019,March,Thursday,0
2019-03-15,16.6,18.9,0.0,20:30,S,15.0,24.0,1022.1,78.0,67.0,Weather archive 2015-2026,15,3,2019,March,Friday,0
2019-03-16,18.4,22.1,0.0,23:00,N,9.0,13.0,1019.4,83.0,64.0,Weather archive 2015-2026,16,3,2019,March,Saturday,0
2019-03-17,18.9,20.5,0.0,22:00,W,9.0,19.0,1018.2,92.0,86.0,Weather archive 2015-2026,17,3,2019,March,Sunday,0
2019-03-18,19.5,23.9,0.0,20:00,SE,22.0,30.0,1016.9,81.0,60.0,Weather archive 2015-2026,18,3,2019,March,Monday,0
2019-03-19,19.4,20.4,0.0,21:20,S,13.0,20.0,1017.2,93.0,83.0,Weather archive 2015-2026,19,3,2019,March,Tuesday,0
2019-03-20,20.3,21.1,0.0,20:30,SSW,13.0,19.0,1016.7,96.0,90.0,Weather archive 2015-2026,20,3,2019,March,Wednesday,0
2019-03-21,19.7,21.7,0.0,19:30,WSW,9.0,17.0,1016.3,93.0,85.0,Weather archive 2015-2026,21,3,2019,March,Thursday,0
2019-03-22,20.8,24.6,0.0,22:00,NE,15.0,17.0,1012.8,75.0,59.0,Weather archive 2015-2026,22,3,2019,March,Friday,0
2019-03-23,19.5,20.4,2.0,20:00,S,15.0,20.0,1012.5,80.0,73.0,Weather archive 2015-2026,23,3,2019,March,Saturday,1
2019-03-24,24.0,25.8,0.0,21:00,NNW,33.0,56.0,1001.7,63.0,52.0,Weather archive 2015-2026,24,3,2019,March,Sunday,0
2019-03-25,13.2,16.5,0.0,19:30,W,19.0,39.0,1015.2,43.0,33.0,Weather archive 2015-2026,25,3,2019,March,Monday,0
2019-03-26,15.3,16.6,0.0,20:00,SSE,13.0,20.0,1024.8,62.0,53.0,Weather archive 2015-2026,26,3,2019,March,Tuesday,0
2019-03-27,13.6,19.2,0.0,20:30,SSE,13.0,19.0,1021.3,82.0,51.0,Weather archive 2015-2026,27,3,2019,March,Wednesday,0
2019-03-28,20.1,25.2,0.0,20:20,N,11.0,17.0,1012.2,34.0,25.0,Weather archive 2015-2026,28,3,2019,March,Thursday,0
2019-03-29,12.2,15.7,0.8,20:37,WSW,17.0,39.0,1009.8,86.0,59.0,Weather archive 2015-2026,29,3,2019,March,Friday,1
2019-03-30,10.2,12.1,2.2,21:40,W,17.0,32.0,1014.9,87.0,56.0,Weather archive 2015-2026,30,3,2019,March,Saturday,1
2019-03-31,15.3,15.9,0.2,22:30,SSW,11.0,20.0,1023.6,68.0,54.0,Weather archive 2015-2026,31,3,2019,March,Sunday,1
2019-04-01,11.4,14.8,0.0,23:00,SSE,9.0,15.0,1028.2,78.0,61.0,Weather archive 2015-2026,1,4,2019,April,Monday,0
2019-04-02,16.1,23.2,0.0,19:30,N,9.0,15.0,1023.9,64.0,32.0,Weather archive 2015-2026,2,4,2019,April,Tuesday,0
2019-04-03,15.3,17.0,0.0,21:40,SSE,15.0,24.0,1031.7,81.0,67.0,Weather archive 2015-2026,3,4,2019,April,Wednesday,0
2019-04-04,15.1,19.1,0.0,20:00,SW,6.0,9.0,1028.3,97.0,75.0,Weather archive 2015-2026,4,4,2019,April,Thursday,0
2019-04-05,26.3,27.2,0.0,0:00,N,30.0,44.0,1016.1,36.0,32.0,Weather archive 2015-2026,5,4,2019,April,Friday,0
2019-04-06,14.3,16.7,0.0,19:30,S,9.0,15.0,1022.1,77.0,71.0,Weather archive 2015-2026,6,4,2019,April,Saturday,0
2019-04-07,18.3,23.3,0.0,22:30,WNW,13.0,22.0,1014.7,55.0,34.0,Weather archive 2015-2026,7,4,2019,April,Sunday,0
2019-04-08,15.3,18.8,1.0,23:00,W,11.0,26.0,1012.7,80.0,62.0,Weather archive 2015-2026,8,4,2019,April,Monday,1
2019-04-09,11.6,13.7,0.8,20:30,SSW,13.0,24.0,1026.0,77.0,60.0,Weather archive 2015-2026,9,4,2019,April,Tuesday,1
2019-04-10,13.6,14.7,0.0,21:40,SSE,13.0,17.0,1028.7,58.0,54.0,Weather archive 2015-2026,10,4,2019,April,Wednesday,0
2019-04-11,9.5,13.9,0.2,20:00,SSE,9.0,15.0,1027.5,88.0,61.0,Weather archive 2015-2026,11,4,2019,April,Thursday,1
2019-04-12,12.0,16.6,0.0,22:00,N,0.0,7.0,1024.3,83.0,66.0,Weather archive 2015-2026,12,4,2019,April,Friday,0
2019-04-13,16.7,17.6,0.0,21:40,SSE,13.0,17.0,1026.7,83.0,75.0,Weather archive 2015-2026,13,4,2019,April,Saturday,0
2019-04-14,13.4,16.4,0.0,,N,0.0,0.0,1021.9,93.0,72.0,Weather archive 2015-2026,14,4,2019,April,Sunday,0
2019-04-15,18.9,23.1,0.0,19:40,NNE,9.0,11.0,1020.7,52.0,38.0,Weather archive 2015-2026,15,4,2019,April,Monday,0
2019-04-16,22.5,26.4,0.0,20:00,NNE,7.0,13.0,1020.2,41.0,31.0,Weather archive 2015-2026,16,4,2019,April,Tuesday,0
2019-04-17,16.7,27.5,0.0,21:57,SW,19.0,44.0,1023.3,78.0,30.0,Weather archive 2015-2026,17,4,2019,April,Wednesday,0
2019-04-18,13.4,15.2,0.0,20:00,SSE,13.0,28.0,1029.9,61.0,55.0,Weather archive 2015-2026,18,4,2019,April,Thursday,0
2019-04-19,12.3,16.0,0.0,20:00,N,0.0,6.0,1025.9,98.0,82.0,Weather archive 2015-2026,19,4,2019,April,Friday,0
2019-04-20,18.5,23.5,0.0,23:40,NNE,13.0,17.0,1019.9,53.0,34.0,Weather archive 2015-2026,20,4,2019,April,Saturday,0
2019-04-21,15.9,19.0,0.0,20:00,SSW,15.0,30.0,1024.3,86.0,71.0,Weather archive 2015-2026,21,4,2019,April,Sunday,0
2019-04-22,13.2,15.2,0.0,22:10,SSE,13.0,15.0,1028.9,80.0,61.0,Weather archive 2015-2026,22,4,2019,April,Monday,0
2019-04-23,15.0,16.5,0.0,22:30,S,7.0,19.0,1028.3,79.0,72.0,Weather archive 2015-2026,23,4,2019,April,Tuesday,0
2019-04-24,13.2,15.4,0.0,23:30,W,7.0,13.0,1024.6,93.0,79.0,Weather archive 2015-2026,24,4,2019,April,Wednesday,0
2019-04-25,15.4,17.6,0.0,22:30,W,11.0,22.0,1017.9,69.0,52.0,Weather archive 2015-2026,25,4,2019,April,Thursday,0
2019-04-26,9.3,11.5,0.0,19:50,W,19.0,24.0,1025.1,68.0,61.0,Weather archive 2015-2026,26,4,2019,April,Friday,0
2019-04-27,14.4,15.0,0.0,0:00,WNW,13.0,26.0,1026.3,63.0,57.0,Weather archive 2015-2026,27,4,2019,April,Saturday,0
2019-04-28,12.4,14.4,0.0,22:10,W,11.0,19.0,1027.4,76.0,65.0,Weather archive 2015-2026,28,4,2019,April,Sunday,0
2019-04-29,9.8,13.0,0.0,23:30,N,9.0,15.0,1022.8,88.0,70.0,Weather archive 2015-2026,29,4,2019,April,Monday,0
2019-04-30,19.0,20.3,0.0,0:00,NNE,7.0,17.0,1012.1,40.0,32.0,Weather archive 2015-2026,30,4,2019,April,Tuesday,0
2019-05-01,19.8,20.5,0.0,22:30,NNE,19.0,32.0,1015.8,72.0,67.0,Weather archive 2015-2026,1,5,2019,May,Wednesday,0
2019-05-02,16.6,18.1,0.2,22:00,N,13.0,22.0,1017.7,66.0,58.0,Weather archive 2015-2026,2,5,2019,May,Thursday,1
2019-05-03,14.8,16.8,0.2,23:20,NNW,17.0,20.0,1016.9,67.0,47.0,Weather archive 2015-2026,3,5,2019,May,Friday,1
2019-05-04,14.0,14.6,0.0,21:40,SSW,26.0,33.0,1024.9,74.0,64.0,Weather archive 2015-2026,4,5,2019,May,Saturday,0
2019-05-05,11.7,14.3,0.2,20:20,S,9.0,11.0,1025.7,90.0,74.0,Weather archive 2015-2026,5,5,2019,May,Sunday,1
2019-05-06,9.8,12.3,0.0,20:00,SSE,7.0,11.0,1019.9,94.0,82.0,Weather archive 2015-2026,6,5,2019,May,Monday,0
2019-05-07,12.2,16.9,0.4,21:26,NNW,35.0,57.0,1009.5,77.0,51.0,Weather archive 2015-2026,7,5,2019,May,Tuesday,1
2019-05-08,10.9,13.8,0.6,22:50,N,13.0,15.0,1017.6,70.0,62.0,Weather archive 2015-2026,8,5,2019,May,Wednesday,1
2019-05-09,10.7,15.9,0.2,19:50,NNE,24.0,32.0,1010.6,90.0,46.0,Weather archive 2015-2026,9,5,2019,May,Thursday,1
2019-05-10,11.0,13.4,8.2,19:30,SSW,26.0,39.0,1023.7,69.0,54.0,Weather archive 2015-2026,10,5,2019,May,Friday,1
2019-05-11,13.7,14.5,0.0,20:20,WNW,17.0,22.0,1028.5,80.0,74.0,Weather archive 2015-2026,11,5,2019,May,Saturday,0
2019-05-12,14.6,15.8,0.0,23:30,NNW,13.0,19.0,1029.1,69.0,61.0,Weather archive 2015-2026,12,5,2019,May,Sunday,0
2019-05-13,13.1,14.6,0.0,23:00,N,15.0,20.0,1027.9,69.0,58.0,Weather archive 2015-2026,13,5,2019,May,Monday,0
2019-05-14,13.1,15.5,0.0,23:30,N,0.0,6.0,1031.5,97.0,80.0,Weather archive 2015-2026,14,5,2019,May,Tuesday,0
2019-05-15,10.8,13.1,0.0,23:00,N,0.0,4.0,1031.9,82.0,73.0,Weather archive 2015-2026,15,5,2019,May,Wednesday,0
2019-05-16,8.4,11.3,0.0,0:00,NNE,2.0,6.0,1028.4,95.0,81.0,Weather archive 2015-2026,16,5,2019,May,Thursday,0
2019-05-17,9.2,11.1,0.0,23:00,NNE,11.0,13.0,1029.9,93.0,83.0,Weather archive 2015-2026,17,5,2019,May,Friday,0
2019-05-18,9.9,15.0,0.2,22:00,NNW,9.0,11.0,1030.8,93.0,70.0,Weather archive 2015-2026,18,5,2019,May,Saturday,1
2019-05-19,13.0,16.2,0.0,22:30,N,9.0,17.0,1026.1,72.0,60.0,Weather archive 2015-2026,19,5,2019,May,Sunday,0
2019-05-20,14.4,16.7,0.4,19:30,N,19.0,20.0,1021.8,80.0,74.0,Weather archive 2015-2026,20,5,2019,May,Monday,1
2019-05-21,13.3,15.4,0.0,19:30,NNW,13.0,17.0,1026.5,82.0,74.0,Weather archive 2015-2026,21,5,2019,May,Tuesday,0
2019-05-22,12.8,16.5,0.0,20:20,N,13.0,17.0,1028.9,80.0,63.0,Weather archive 2015-2026,22,5,2019,May,Wednesday,0
2019-05-23,17.4,18.6,0.0,22:30,N,28.0,43.0,1022.1,55.0,46.0,Weather archive 2015-2026,23,5,2019,May,Thursday,0
2019-05-24,17.0,18.2,1.6,19:41,N,33.0,46.0,1015.6,61.0,55.0,Weather archive 2015-2026,24,5,2019,May,Friday,1
2019-05-25,12.6,13.5,6.6,23:30,W,13.0,22.0,1013.5,89.0,69.0,Weather archive 2015-2026,25,5,2019,May,Saturday,1
2019-05-26,9.6,13.9,7.8,21:03,WSW,28.0,50.0,1009.2,87.0,65.0,Weather archive 2015-2026,26,5,2019,May,Sunday,1
2019-05-27,9.3,10.3,0.2,21:00,WNW,13.0,28.0,1014.9,70.0,65.0,Weather archive 2015-2026,27,5,2019,May,Monday,1
2019-05-28,11.0,14.0,0.2,23:30,NW,19.0,33.0,1004.0,69.0,49.0,Weather archive 2015-2026,28,5,2019,May,Tuesday,1
2019-05-29,7.0,7.6,4.2,21:40,W,22.0,39.0,1015.8,81.0,69.0,Weather archive 2015-2026,29,5,2019,May,Wednesday,1
2019-05-30,10.8,11.7,0.4,21:00,W,17.0,26.0,1025.3,93.0,76.0,Weather archive 2015-2026,30,5,2019,May,Thursday,1
2019-05-31,12.1,13.5,2.4,22:50,SSW,17.0,28.0,1031.3,94.0,76.0,Weather archive 2015-2026,31,5,2019,May,Friday,1
2019-06-01,11.6,13.1,0.0,21:00,SE,7.0,13.0,1032.3,82.0,69.0,Weather archive 2015-2026,1,6,2019,June,Saturday,0
2019-06-02,8.3,9.9,5.2,0:00,W,7.0,17.0,1023.1,92.0,76.0,Weather archive 2015-2026,2,6,2019,June,Sunday,1
2019-06-03,9.8,11.4,3.2,19:40,SSW,20.0,32.0,1025.8,73.0,65.0,Weather archive 2015-2026,3,6,2019,June,Monday,1
2019-06-04,8.7,11.7,0.0,22:20,SSE,11.0,15.0,1031.6,83.0,67.0,Weather archive 2015-2026,4,6,2019,June,Tuesday,0
2019-06-05,11.0,11.7,0.0,19:40,W,11.0,24.0,1033.9,74.0,64.0,Weather archive 2015-2026,5,6,2019,June,Wednesday,0
2019-06-06,12.7,12.9,0.0,0:00,WSW,7.0,13.0,1038.0,87.0,80.0,Weather archive 2015-2026,6,6,2019,June,Thursday,0
2019-06-07,8.2,9.4,0.0,22:25,ENE,7.0,11.0,1034.3,99.0,93.0,Weather archive 2015-2026,7,6,2019,June,Friday,0
2019-06-08,11.0,14.5,0.0,23:30,N,15.0,19.0,1025.4,83.0,68.0,Weather archive 2015-2026,8,6,2019,June,Saturday,0
2019-06-09,13.9,15.2,2.6,22:00,N,20.0,28.0,1018.0,91.0,66.0,Weather archive 2015-2026,9,6,2019,June,Sunday,1
2019-06-10,13.0,14.8,0.0,21:00,N,15.0,24.0,1020.0,70.0,62.0,Weather archive 2015-2026,10,6,2019,June,Monday,0
2019-06-11,12.8,14.5,0.0,22:00,N,15.0,26.0,1021.5,71.0,61.0,Weather archive 2015-2026,11,6,2019,June,Tuesday,0
2019-06-12,12.7,15.6,2.6,21:00,SSW,13.0,26.0,1015.6,88.0,74.0,Weather archive 2015-2026,12,6,2019,June,Wednesday,1
2019-06-13,11.5,12.4,1.6,21:00,WSW,9.0,15.0,1018.9,96.0,92.0,Weather archive 2015-2026,13,6,2019,June,Thursday,1
2019-06-14,9.9,12.6,2.6,22:40,NW,13.0,17.0,1020.8,86.0,77.0,Weather archive 2015-2026,14,6,2019,June,Friday,1
2019-06-15,10.1,11.9,0.0,22:10,NNE,13.0,17.0,1023.3,88.0,81.0,Weather archive 2015-2026,15,6,2019,June,Saturday,0
2019-06-16,9.1,10.4,3.2,21:10,NE,11.0,13.0,1024.5,99.0,89.0,Weather archive 2015-2026,16,6,2019,June,Sunday,1
2019-06-17,9.6,12.1,0.0,21:10,NNE,11.0,20.0,1021.5,85.0,79.0,Weather archive 2015-2026,17,6,2019,June,Monday,0
2019-06-18,7.4,9.4,0.8,22:20,WSW,13.0,20.0,1024.4,78.0,72.0,Weather archive 2015-2026,18,6,2019,June,Tuesday,1
2019-06-19,8.0,9.6,0.0,20:30,WNW,9.0,15.0,1027.5,86.0,75.0,Weather archive 2015-2026,19,6,2019,June,Wednesday,0
2019-06-20,7.4,8.7,1.4,23:30,SSW,11.0,13.0,1028.0,88.0,82.0,Weather archive 2015-2026,20,6,2019,June,Thursday,1
2019-06-21,7.7,10.3,0.0,21:50,WSW,9.0,13.0,1032.1,92.0,78.0,Weather archive 2015-2026,21,6,2019,June,Friday,0
2019-06-22,5.2,7.2,1.2,22:30,W,7.0,9.0,1031.4,99.0,94.0,Weather archive 2015-2026,22,6,2019,June,Saturday,1
2019-06-23,6.3,7.4,0.0,23:00,NNE,9.0,11.0,1033.7,100.0,94.0,Weather archive 2015-2026,23,6,2019,June,Sunday,0
2019-06-24,5.6,8.8,0.0,20:30,NNE,13.0,17.0,1034.5,97.0,83.0,Weather archive 2015-2026,24,6,2019,June,Monday,0
2019-06-25,7.1,9.9,0.0,22:00,N,9.0,13.0,1035.4,89.0,83.0,Weather archive 2015-2026,25,6,2019,June,Tuesday,0
2019-06-26,7.8,12.7,0.0,19:40,N,13.0,15.0,1034.0,88.0,66.0,Weather archive 2015-2026,26,6,2019,June,Wednesday,0
2019-06-27,11.0,12.6,0.0,23:30,NNE,11.0,20.0,1030.0,71.0,61.0,Weather archive 2015-2026,27,6,2019,June,Thursday,0
2019-06-28,15.1,15.8,0.0,21:30,NNE,13.0,20.0,1022.2,70.0,66.0,Weather archive 2015-2026,28,6,2019,June,Friday,0
2019-06-29,9.8,11.1,6.4,19:30,NNW,20.0,33.0,1012.9,75.0,65.0,Weather archive 2015-2026,29,6,2019,June,Saturday,1
2019-06-30,10.4,11.4,0.0,0:00,N,20.0,30.0,1022.7,73.0,68.0,Weather archive 2015-2026,30,6,2019,June,Sunday,0
2019-07-01,9.9,11.3,0.0,21:40,NNW,28.0,41.0,1019.3,71.0,63.0,Weather archive 2015-2026,1,7,2019,July,Monday,0
2019-07-02,9.0,13.3,0.0,22:50,N,13.0,15.0,1027.3,85.0,70.0,Weather archive 2015-2026,2,7,2019,July,Tuesday,0
2019-07-03,8.0,10.3,0.0,21:00,S,9.0,13.0,1035.5,96.0,89.0,Weather archive 2015-2026,3,7,2019,July,Wednesday,0
2019-07-04,5.9,7.4,0.0,23:38,ENE,7.0,9.0,1036.8,100.0,96.0,Weather archive 2015-2026,4,7,2019,July,Thursday,0
2019-07-05,8.8,10.8,0.0,23:00,NNE,6.0,13.0,1033.9,94.0,86.0,Weather archive 2015-2026,5,7,2019,July,Friday,0
2019-07-06,9.1,12.8,0.2,23:00,NNE,9.0,13.0,1032.3,89.0,74.0,Weather archive 2015-2026,6,7,2019,July,Saturday,1
2019-07-07,13.2,13.4,2.8,22:30,N,19.0,28.0,1026.4,88.0,85.0,Weather archive 2015-2026,7,7,2019,July,Sunday,1
2019-07-08,11.0,13.2,0.2,19:30,WNW,11.0,17.0,1024.5,77.0,62.0,Weather archive 2015-2026,8,7,2019,July,Monday,1
2019-07-09,10.7,12.7,0.2,22:30,N,19.0,26.0,1018.6,79.0,66.0,Weather archive 2015-2026,9,7,2019,July,Tuesday,1
2019-07-10,7.8,13.9,6.4,20:32,N,37.0,57.0,1003.4,88.0,61.0,Weather archive 2015-2026,10,7,2019,July,Wednesday,1
2019-07-11,11.7,12.8,1.6,19:30,NW,15.0,30.0,1011.0,69.0,61.0,Weather archive 2015-2026,11,7,2019,July,Thursday,1
2019-07-12,8.5,10.2,4.2,21:30,WNW,20.0,33.0,1008.6,64.0,57.0,Weather archive 2015-2026,12,7,2019,July,Friday,1
2019-07-13,7.4,8.3,0.8,21:30,WNW,15.0,26.0,1024.3,76.0,71.0,Weather archive 2015-2026,13,7,2019,July,Saturday,1
2019-07-14,9.9,11.4,2.6,20:30,W,26.0,48.0,1016.9,87.0,66.0,Weather archive 2015-2026,14,7,2019,July,Sunday,1
2019-07-15,11.8,13.0,1.2,20:03,W,13.0,26.0,1024.4,97.0,85.0,Weather archive 2015-2026,15,7,2019,July,Monday,1
2019-07-16,11.3,11.8,0.0,22:30,NW,13.0,17.0,1023.6,92.0,76.0,Weather archive 2015-2026,16,7,2019,July,Tuesday,0
2019-07-17,11.0,12.3,0.4,21:30,W,13.0,26.0,1017.5,81.0,70.0,Weather archive 2015-2026,17,7,2019,July,Wednesday,1
2019-07-18,10.6,11.8,0.4,21:00,N,26.0,39.0,1016.7,83.0,65.0,Weather archive 2015-2026,18,7,2019,July,Thursday,1
2019-07-19,9.7,11.3,0.0,22:30,N,19.0,24.0,1022.9,74.0,68.0,Weather archive 2015-2026,19,7,2019,July,Friday,0
2019-07-20,13.2,14.5,0.0,23:41,N,32.0,46.0,1013.1,64.0,59.0,Weather archive 2015-2026,20,7,2019,July,Saturday,0
2019-07-21,9.6,12.4,0.0,21:00,N,17.0,22.0,1015.6,73.0,66.0,Weather archive 2015-2026,21,7,2019,July,Sunday,0
2019-07-22,13.2,15.0,0.0,23:05,N,32.0,48.0,1011.6,55.0,43.0,Weather archive 2015-2026,22,7,2019,July,Monday,0
2019-07-23,9.0,11.1,7.8,21:30,W,19.0,26.0,1016.7,88.0,71.0,Weather archive 2015-2026,23,7,2019,July,Tuesday,1
2019-07-24,10.4,13.0,0.0,22:30,N,17.0,24.0,1025.9,75.0,62.0,Weather archive 2015-2026,24,7,2019,July,Wednesday,0
2019-07-25,11.4,13.1,0.0,22:00,N,20.0,30.0,1023.4,77.0,71.0,Weather archive 2015-2026,25,7,2019,July,Thursday,0
2019-07-26,10.5,11.5,6.8,22:30,E,7.0,9.0,1024.8,100.0,100.0,Weather archive 2015-2026,26,7,2019,July,Friday,1
2019-07-27,9.6,11.1,0.0,21:50,SW,7.0,9.0,1025.5,85.0,69.0,Weather archive 2015-2026,27,7,2019,July,Saturday,0
2019-07-28,9.6,11.5,0.0,20:00,SSW,6.0,9.0,1023.7,83.0,64.0,Weather archive 2015-2026,28,7,2019,July,Sunday,0
2019-07-29,10.2,10.9,0.6,23:50,SSW,13.0,15.0,1026.6,99.0,87.0,Weather archive 2015-2026,29,7,2019,July,Monday,1
2019-07-30,5.2,9.3,0.0,19:10,SSE,9.0,11.0,1032.2,92.0,65.0,Weather archive 2015-2026,30,7,2019,July,Tuesday,0
2019-07-31,6.5,8.8,0.0,0:00,SE,6.0,6.0,1033.5,94.0,85.0,Weather archive 2015-2026,31,7,2019,July,Wednesday,0
2019-08-01,10.4,12.2,0.0,21:30,S,7.0,13.0,1034.2,88.0,68.0,Weather archive 2015-2026,1,8,2019,August,Thursday,0
2019-08-02,11.6,12.6,0.0,21:00,WSW,11.0,24.0,1033.2,67.0,59.0,Weather archive 2015-2026,2,8,2019,August,Friday,0
2019-08-03,10.2,12.4,1.0,20:30,SW,11.0,20.0,1031.9,100.0,74.0,Weather archive 2015-2026,3,8,2019,August,Saturday,1
2019-08-04,10.8,11.5,0.0,23:30,NNW,11.0,17.0,1028.4,82.0,69.0,Weather archive 2015-2026,4,8,2019,August,Sunday,0
2019-08-05,10.2,11.7,0.0,23:30,N,20.0,30.0,1023.8,66.0,62.0,Weather archive 2015-2026,5,8,2019,August,Monday,0
2019-08-06,12.0,12.5,0.0,21:20,N,24.0,30.0,1014.5,64.0,59.0,Weather archive 2015-2026,6,8,2019,August,Tuesday,0
2019-08-07,9.2,11.7,4.8,22:00,NNW,19.0,22.0,1007.4,95.0,63.0,Weather archive 2015-2026,7,8,2019,August,Wednesday,1
2019-08-08,8.7,10.4,1.6,22:30,NNW,32.0,46.0,996.6,88.0,65.0,Weather archive 2015-2026,8,8,2019,August,Thursday,1
2019-08-09,6.2,8.9,1.0,21:00,NW,17.0,26.0,1005.0,70.0,61.0,Weather archive 2015-2026,9,8,2019,August,Friday,1
2019-08-10,7.8,8.7,1.8,0:00,W,17.0,32.0,1005.6,76.0,73.0,Weather archive 2015-2026,10,8,2019,August,Saturday,1
2019-08-11,9.4,10.2,5.0,20:11,S,17.0,32.0,1019.7,100.0,93.0,Weather archive 2015-2026,11,8,2019,August,Sunday,1
2019-08-12,9.5,10.4,0.0,23:30,WNW,9.0,20.0,1026.8,79.0,67.0,Weather archive 2015-2026,12,8,2019,August,Monday,0
2019-08-13,10.3,12.1,0.0,21:20,W,9.0,11.0,1029.0,88.0,78.0,Weather archive 2015-2026,13,8,2019,August,Tuesday,0
2019-08-14,8.9,11.2,0.0,23:30,N,15.0,20.0,1025.7,73.0,59.0,Weather archive 2015-2026,14,8,2019,August,Wednesday,0
2019-08-15,14.3,15.5,0.0,23:30,N,20.0,35.0,1019.5,60.0,43.0,Weather archive 2015-2026,15,8,2019,August,Thursday,0
2019-08-16,9.0,10.6,3.8,19:30,SSW,11.0,19.0,1021.8,86.0,81.0,Weather archive 2015-2026,16,8,2019,August,Friday,1
2019-08-17,10.4,13.1,0.0,23:00,N,13.0,28.0,1017.6,72.0,56.0,Weather archive 2015-2026,17,8,2019,August,Saturday,0
2019-08-18,7.6,11.2,4.0,21:50,WNW,26.0,44.0,1011.8,74.0,62.0,Weather archive 2015-2026,18,8,2019,August,Sunday,1
2019-08-19,8.9,10.0,0.4,22:30,NW,15.0,20.0,1025.6,74.0,68.0,Weather archive 2015-2026,19,8,2019,August,Monday,1
2019-08-20,13.0,14.5,0.0,21:30,NW,19.0,32.0,1021.7,71.0,58.0,Weather archive 2015-2026,20,8,2019,August,Tuesday,0
2019-08-21,12.5,13.8,0.0,0:00,WSW,24.0,44.0,1019.1,76.0,65.0,Weather archive 2015-2026,21,8,2019,August,Wednesday,0
2019-08-22,8.2,10.6,0.0,19:40,SSW,11.0,15.0,1027.8,77.0,64.0,Weather archive 2015-2026,22,8,2019,August,Thursday,0
2019-08-23,10.6,12.1,0.0,0:00,N,22.0,30.0,1022.0,63.0,57.0,Weather archive 2015-2026,23,8,2019,August,Friday,0
2019-08-24,9.3,11.6,1.2,21:00,WSW,19.0,35.0,1018.6,85.0,76.0,Weather archive 2015-2026,24,8,2019,August,Saturday,1
2019-08-25,7.4,10.2,0.0,23:00,SW,7.0,13.0,1025.6,92.0,75.0,Weather archive 2015-2026,25,8,2019,August,Sunday,0
2019-08-26,7.3,9.7,0.0,,N,0.0,0.0,1026.2,89.0,76.0,Weather archive 2015-2026,26,8,2019,August,Monday,0
2019-08-27,11.1,13.5,0.0,22:30,NW,13.0,20.0,1024.1,60.0,46.0,Weather archive 2015-2026,27,8,2019,August,Tuesday,0
2019-08-28,7.5,9.7,6.2,23:30,SSE,11.0,20.0,1026.9,91.0,63.0,Weather archive 2015-2026,28,8,2019,August,Wednesday,1
2019-08-29,5.7,9.2,0.2,21:00,S,9.0,15.0,1031.8,89.0,65.0,Weather archive 2015-2026,29,8,2019,August,Thursday,1
2019-08-30,6.3,8.2,0.0,23:40,NNE,11.0,13.0,1027.0,95.0,71.0,Weather archive 2015-2026,30,8,2019,August,Friday,0
2019-08-31,12.4,14.5,0.0,19:30,N,13.0,20.0,1020.9,61.0,53.0,Weather archive 2015-2026,31,8,2019,August,Saturday,0
2019-09-01,11.5,13.2,2.2,20:10,W,15.0,19.0,1020.6,81.0,67.0,Weather archive 2015-2026,1,9,2019,September,Sunday,1
2019-09-02,13.1,15.8,0.4,21:00,N,24.0,39.0,1019.2,78.0,55.0,Weather archive 2015-2026,2,9,2019,September,Monday,1
2019-09-03,9.6,12.5,0.0,19:30,WNW,6.0,6.0,1017.1,100.0,93.0,Weather archive 2015-2026,3,9,2019,September,Tuesday,0
2019-09-04,11.4,12.9,3.2,20:00,W,7.0,13.0,1017.9,100.0,80.0,Weather archive 2015-2026,4,9,2019,September,Wednesday,1
2019-09-05,12.8,16.0,0.0,20:30,N,11.0,17.0,1009.7,91.0,68.0,Weather archive 2015-2026,5,9,2019,September,Thursday,0
2019-09-06,10.5,11.3,0.6,20:00,WSW,15.0,33.0,1006.9,79.0,74.0,Weather archive 2015-2026,6,9,2019,September,Friday,1
2019-09-07,8.7,9.8,0.6,19:30,W,17.0,24.0,1016.4,72.0,69.0,Weather archive 2015-2026,7,9,2019,September,Saturday,1
2019-09-08,8.5,10.1,4.0,22:30,W,15.0,28.0,1017.1,75.0,65.0,Weather archive 2015-2026,8,9,2019,September,Sunday,1
2019-09-09,8.1,10.7,2.4,21:21,S,17.0,30.0,1028.9,98.0,70.0,Weather archive 2015-2026,9,9,2019,September,Monday,1
2019-09-10,7.4,10.5,0.0,21:00,N,0.0,6.0,1031.1,96.0,72.0,Weather archive 2015-2026,10,9,2019,September,Tuesday,0
2019-09-11,13.7,15.9,0.0,23:30,N,22.0,35.0,1026.4,62.0,53.0,Weather archive 2015-2026,11,9,2019,September,Wednesday,0
2019-09-12,11.3,12.3,0.0,19:30,SSW,9.0,17.0,1026.2,88.0,68.0,Weather archive 2015-2026,12,9,2019,September,Thursday,0
2019-09-13,12.1,17.3,0.0,20:00,SSW,20.0,32.0,1026.7,75.0,51.0,Weather archive 2015-2026,13,9,2019,September,Friday,0
2019-09-14,15.5,17.6,0.2,20:00,N,19.0,24.0,1022.8,57.0,46.0,Weather archive 2015-2026,14,9,2019,September,Saturday,1
2019-09-15,14.2,15.3,7.4,20:00,N,15.0,19.0,1017.3,96.0,83.0,Weather archive 2015-2026,15,9,2019,September,Sunday,1
2019-09-16,8.4,9.4,0.0,23:00,SSE,15.0,24.0,1027.5,70.0,55.0,Weather archive 2015-2026,16,9,2019,September,Monday,0
2019-09-17,7.2,10.2,0.0,19:30,S,9.0,22.0,1030.2,87.0,62.0,Weather archive 2015-2026,17,9,2019,September,Tuesday,0
2019-09-18,10.2,12.1,0.0,0:00,N,7.0,13.0,1026.5,81.0,69.0,Weather archive 2015-2026,18,9,2019,September,Wednesday,0
2019-09-19,21.1,21.7,0.0,22:10,N,28.0,46.0,1017.0,51.0,49.0,Weather archive 2015-2026,19,9,2019,September,Thursday,0
2019-09-20,22.3,23.4,0.0,22:30,NNE,20.0,37.0,1012.7,46.0,40.0,Weather archive 2015-2026,20,9,2019,September,Friday,0
2019-09-21,10.5,13.0,4.6,22:30,W,13.0,28.0,1020.2,84.0,68.0,Weather archive 2015-2026,21,9,2019,September,Saturday,1
2019-09-22,10.5,12.6,0.0,19:30,N,20.0,33.0,1023.9,63.0,55.0,Weather archive 2015-2026,22,9,2019,September,Sunday,0
2019-09-23,9.3,11.3,1.4,22:00,W,9.0,19.0,1029.4,97.0,76.0,Weather archive 2015-2026,23,9,2019,September,Monday,1
2019-09-24,10.4,13.5,0.0,20:30,SSW,13.0,20.0,1030.1,81.0,57.0,Weather archive 2015-2026,24,9,2019,September,Tuesday,0
2019-09-25,8.9,12.0,0.0,21:00,SSW,6.0,7.0,1029.2,94.0,79.0,Weather archive 2015-2026,25,9,2019,September,Wednesday,0
2019-09-26,13.2,17.5,0.0,20:00,N,13.0,20.0,1022.3,61.0,49.0,Weather archive 2015-2026,26,9,2019,September,Thursday,0
2019-09-27,9.0,11.3,0.2,20:30,SSW,20.0,32.0,1022.0,76.0,65.0,Weather archive 2015-2026,27,9,2019,September,Friday,1
2019-09-28,9.5,10.8,0.0,21:00,SSE,7.0,13.0,1022.9,79.0,70.0,Weather archive 2015-2026,28,9,2019,September,Saturday,0
2019-09-29,10.4,12.4,0.0,21:00,S,15.0,30.0,1026.8,72.0,62.0,Weather archive 2015-2026,29,9,2019,September,Sunday,0
2019-09-30,7.3,11.6,0.0,20:00,SSE,13.0,20.0,1031.4,77.0,57.0,Weather archive 2015-2026,30,9,2019,September,Monday,0
2019-10-01,10.0,13.3,0.0,0:00,N,0.0,0.0,1027.0,93.0,79.0,Weather archive 2015-2026,1,10,2019,October,Tuesday,0
2019-10-02,16.2,23.0,0.0,19:30,NE,4.0,9.0,1022.6,59.0,31.0,Weather archive 2015-2026,2,10,2019,October,Wednesday,0
2019-10-03,13.9,16.2,0.0,22:10,S,19.0,24.0,1022.1,84.0,76.0,Weather archive 2015-2026,3,10,2019,October,Thursday,0
2019-10-04,10.5,11.3,1.8,22:30,S,11.0,17.0,1025.7,94.0,87.0,Weather archive 2015-2026,4,10,2019,October,Friday,1
2019-10-05,15.7,21.9,0.0,23:30,N,13.0,17.0,1013.1,84.0,49.0,Weather archive 2015-2026,5,10,2019,October,Saturday,0
2019-10-06,14.1,15.9,0.0,22:40,W,15.0,22.0,1014.5,83.0,77.0,Weather archive 2015-2026,6,10,2019,October,Sunday,0
2019-10-07,11.3,13.8,0.6,22:20,SW,24.0,28.0,1014.9,90.0,63.0,Weather archive 2015-2026,7,10,2019,October,Monday,1
2019-10-08,9.4,11.6,4.2,22:30,SSE,20.0,30.0,1026.9,88.0,57.0,Weather archive 2015-2026,8,10,2019,October,Tuesday,1
2019-10-09,11.8,12.4,0.2,21:00,S,17.0,24.0,1028.5,76.0,73.0,Weather archive 2015-2026,9,10,2019,October,Wednesday,1
2019-10-10,9.6,12.7,0.0,20:30,SSE,11.0,19.0,1024.3,88.0,71.0,Weather archive 2015-2026,10,10,2019,October,Thursday,0
2019-10-11,11.6,14.6,0.0,20:00,SE,15.0,30.0,1019.4,69.0,60.0,Weather archive 2015-2026,11,10,2019,October,Friday,0
2019-10-12,12.0,17.1,0.0,20:30,ESE,13.0,20.0,1020.5,76.0,50.0,Weather archive 2015-2026,12,10,2019,October,Saturday,0
2019-10-13,16.5,21.0,0.0,20:00,NE,15.0,20.0,1015.3,54.0,37.0,Weather archive 2015-2026,13,10,2019,October,Sunday,0
2019-10-14,14.5,15.6,0.0,19:30,SSW,17.0,28.0,1016.2,81.0,74.0,Weather archive 2015-2026,14,10,2019,October,Monday,0
2019-10-15,14.4,15.4,0.0,23:30,SSE,13.0,19.0,1015.5,75.0,65.0,Weather archive 2015-2026,15,10,2019,October,Tuesday,0
2019-10-16,12.4,14.3,3.2,23:33,W,9.0,17.0,1010.2,91.0,80.0,Weather archive 2015-2026,16,10,2019,October,Wednesday,1
2019-10-17,11.3,13.6,0.8,23:00,W,13.0,30.0,1018.0,74.0,62.0,Weather archive 2015-2026,17,10,2019,October,Thursday,1
2019-10-18,11.5,20.4,0.8,20:00,N,22.0,52.0,1014.8,88.0,32.0,Weather archive 2015-2026,18,10,2019,October,Friday,1
2019-10-19,10.8,13.1,0.8,0:00,NW,13.0,22.0,1023.1,67.0,54.0,Weather archive 2015-2026,19,10,2019,October,Saturday,1
2019-10-20,12.9,14.0,0.0,22:30,SW,11.0,20.0,1029.8,78.0,64.0,Weather archive 2015-2026,20,10,2019,October,Sunday,0
2019-10-21,12.4,13.7,0.0,22:00,S,9.0,15.0,1028.8,84.0,74.0,Weather archive 2015-2026,21,10,2019,October,Monday,0
2019-10-22,11.3,16.8,0.0,20:00,SW,2.0,7.0,1024.3,96.0,70.0,Weather archive 2015-2026,22,10,2019,October,Tuesday,0
2019-10-23,15.2,25.0,0.2,19:30,S,9.0,15.0,1019.2,64.0,25.0,Weather archive 2015-2026,23,10,2019,October,Wednesday,1
2019-10-24,26.5,31.8,0.0,20:30,NNE,15.0,30.0,1007.3,24.0,14.0,Weather archive 2015-2026,24,10,2019,October,Thursday,0
2019-10-25,15.6,21.1,0.4,20:00,SSW,15.0,28.0,1006.7,64.0,28.0,Weather archive 2015-2026,25,10,2019,October,Friday,1
2019-10-26,11.4,13.9,1.2,22:00,W,15.0,24.0,1015.9,68.0,51.0,Weather archive 2015-2026,26,10,2019,October,Saturday,1
2019-10-27,12.7,14.9,1.4,22:00,S,15.0,28.0,1023.1,82.0,74.0,Weather archive 2015-2026,27,10,2019,October,Sunday,1
2019-10-28,12.0,18.8,0.0,19:30,SW,2.0,6.0,1022.3,91.0,54.0,Weather archive 2015-2026,28,10,2019,October,Monday,0
2019-10-29,18.7,26.0,0.0,23:30,SSW,9.0,19.0,1017.7,60.0,27.0,Weather archive 2015-2026,29,10,2019,October,Tuesday,0
2019-10-30,15.1,18.9,0.0,20:30,W,6.0,13.0,1014.7,100.0,78.0,Weather archive 2015-2026,30,10,2019,October,Wednesday,0
2019-10-31,22.7,31.8,0.0,20:00,NNE,13.0,22.0,1011.0,45.0,22.0,Weather archive 2015-2026,31,10,2019,October,Thursday,0
2019-11-01,19.6,32.0,0.0,23:50,S,22.0,30.0,1005.6,68.0,22.0,Weather archive 2015-2026,1,11,2019,November,Friday,0
2019-11-02,15.9,18.4,12.4,19:30,N,15.0,28.0,1013.4,90.0,81.0,Weather archive 2015-2026,2,11,2019,November,Saturday,1
2019-11-03,13.0,13.6,1.0,19:30,S,15.0,22.0,1016.7,93.0,83.0,Weather archive 2015-2026,3,11,2019,November,Sunday,1
2019-11-04,8.5,12.7,10.2,20:20,W,17.0,35.0,1019.9,94.0,79.0,Weather archive 2015-2026,4,11,2019,November,Monday,1
2019-11-05,13.3,16.5,0.0,23:30,NNW,11.0,19.0,1015.6,76.0,50.0,Weather archive 2015-2026,5,11,2019,November,Tuesday,0
2019-11-06,14.1,19.2,0.0,20:00,W,20.0,41.0,1004.5,66.0,32.0,Weather archive 2015-2026,6,11,2019,November,Wednesday,0
2019-11-07,13.6,14.4,5.8,21:20,WNW,20.0,28.0,1003.8,87.0,73.0,Weather archive 2015-2026,7,11,2019,November,Thursday,1
2019-11-08,7.7,9.7,6.4,22:00,W,15.0,26.0,1015.9,80.0,68.0,Weather archive 2015-2026,8,11,2019,November,Friday,1
2019-11-09,11.9,13.6,0.2,22:30,W,24.0,33.0,1016.7,80.0,60.0,Weather archive 2015-2026,9,11,2019,November,Saturday,1
2019-11-10,13.3,15.0,0.0,20:00,S,6.0,13.0,1017.5,93.0,79.0,Weather archive 2015-2026,10,11,2019,November,Sunday,0
2019-11-11,25.1,28.4,0.0,22:30,N,22.0,35.0,1005.0,23.0,18.0,Weather archive 2015-2026,11,11,2019,November,Monday,0
2019-11-12,9.5,12.4,1.6,20:30,W,20.0,35.0,1016.8,70.0,58.0,Weather archive 2015-2026,12,11,2019,November,Tuesday,1
2019-11-13,13.2,15.1,0.8,23:00,W,13.0,30.0,1018.1,81.0,75.0,Weather archive 2015-2026,13,11,2019,November,Wednesday,1
2019-11-14,15.2,19.8,0.0,20:00,W,13.0,28.0,1013.1,80.0,49.0,Weather archive 2015-2026,14,11,2019,November,Thursday,0
2019-11-15,11.6,15.5,0.0,19:30,SW,11.0,30.0,1018.0,77.0,53.0,Weather archive 2015-2026,15,11,2019,November,Friday,0
2019-11-16,12.6,14.5,0.0,20:30,SSW,15.0,22.0,1021.0,73.0,56.0,Weather archive 2015-2026,16,11,2019,November,Saturday,0
2019-11-17,10.8,13.5,0.0,19:30,SSW,13.0,20.0,1022.2,78.0,57.0,Weather archive 2015-2026,17,11,2019,November,Sunday,0
2019-11-18,13.9,20.8,0.0,20:00,SSW,15.0,22.0,1013.9,84.0,46.0,Weather archive 2015-2026,18,11,2019,November,Monday,0
2019-11-19,11.9,15.7,0.0,19:30,SSW,13.0,20.0,1017.8,83.0,73.0,Weather archive 2015-2026,19,11,2019,November,Tuesday,0
2019-11-20,27.4,33.3,0.0,19:30,N,17.0,22.0,1007.3,23.0,14.0,Weather archive 2015-2026,20,11,2019,November,Wednesday,0
2019-11-21,14.9,17.7,0.0,23:20,SSE,19.0,28.0,1015.9,79.0,71.0,Weather archive 2015-2026,21,11,2019,November,Thursday,0
2019-11-22,13.3,15.8,0.0,21:00,SSE,13.0,20.0,1019.4,68.0,60.0,Weather archive 2015-2026,22,11,2019,November,Friday,0
2019-11-23,14.4,15.9,0.0,20:00,SSE,15.0,32.0,1021.9,71.0,65.0,Weather archive 2015-2026,23,11,2019,November,Saturday,0
2019-11-24,13.9,19.6,0.0,20:00,S,13.0,26.0,1014.3,87.0,55.0,Weather archive 2015-2026,24,11,2019,November,Sunday,0
2019-11-25,22.1,25.2,0.0,21:40,NNW,28.0,35.0,1004.7,34.0,28.0,Weather archive 2015-2026,25,11,2019,November,Monday,0
2019-11-26,11.4,14.0,0.0,19:30,S,22.0,37.0,1018.1,60.0,50.0,Weather archive 2015-2026,26,11,2019,November,Tuesday,0
2019-11-27,13.2,19.1,0.0,22:00,S,17.0,26.0,1016.3,81.0,50.0,Weather archive 2015-2026,27,11,2019,November,Wednesday,0
2019-11-28,13.9,18.7,0.0,22:50,SSW,15.0,20.0,1017.0,82.0,59.0,Weather archive 2015-2026,28,11,2019,November,Thursday,0
2019-11-29,12.3,14.7,2.4,22:20,S,19.0,26.0,1017.1,89.0,84.0,Weather archive 2015-2026,29,11,2019,November,Friday,1
2019-11-30,13.1,15.3,0.0,19:30,S,15.0,20.0,1011.5,75.0,56.0,Weather archive 2015-2026,30,11,2019,November,Saturday,0
2019-12-01,11.9,15.7,3.4,21:30,WSW,13.0,28.0,997.4,66.0,48.0,Weather archive 2015-2026,1,12,2019,December,Sunday,1
2019-12-02,11.3,13.6,0.4,21:30,WSW,22.0,32.0,1006.1,72.0,47.0,Weather archive 2015-2026,2,12,2019,December,Monday,1
2019-12-03,14.4,18.9,0.0,19:30,WSW,17.0,46.0,1011.0,63.0,43.0,Weather archive 2015-2026,3,12,2019,December,Tuesday,0
2019-12-04,14.5,19.0,0.0,23:00,SSW,11.0,24.0,1012.0,78.0,55.0,Weather archive 2015-2026,4,12,2019,December,Wednesday,0
2019-12-05,14.1,18.8,0.0,23:30,WSW,17.0,33.0,1011.6,74.0,63.0,Weather archive 2015-2026,5,12,2019,December,Thursday,0
2019-12-06,13.1,16.9,0.0,22:00,SW,11.0,28.0,1016.8,61.0,53.0,Weather archive 2015-2026,6,12,2019,December,Friday,0
2019-12-07,13.9,15.9,0.0,19:40,SSW,22.0,33.0,1020.5,78.0,66.0,Weather archive 2015-2026,7,12,2019,December,Saturday,0
2019-12-08,17.9,22.5,0.0,21:30,S,2.0,11.0,1017.6,84.0,58.0,Weather archive 2015-2026,8,12,2019,December,Sunday,0
2019-12-09,15.8,22.0,0.0,19:50,S,30.0,44.0,1019.0,87.0,55.0,Weather archive 2015-2026,9,12,2019,December,Monday,0
2019-12-10,13.8,15.3,0.0,19:30,SSW,19.0,30.0,1021.7,69.0,64.0,Weather archive 2015-2026,10,12,2019,December,Tuesday,0
2019-12-11,14.5,16.0,0.0,22:00,SSW,11.0,20.0,1019.9,80.0,74.0,Weather archive 2015-2026,11,12,2019,December,Wednesday,0
2019-12-12,14.0,15.3,0.0,22:30,S,17.0,30.0,1021.5,72.0,64.0,Weather archive 2015-2026,12,12,2019,December,Thursday,0
2019-12-13,16.1,17.6,0.0,22:00,SW,11.0,26.0,1017.1,78.0,68.0,Weather archive 2015-2026,13,12,2019,December,Friday,0
2019-12-14,15.2,17.3,0.0,19:30,SSE,9.0,13.0,1014.6,89.0,76.0,Weather archive 2015-2026,14,12,2019,December,Saturday,0
2019-12-15,15.3,18.5,0.0,21:00,S,13.0,26.0,1013.5,84.0,62.0,Weather archive 2015-2026,15,12,2019,December,Sunday,0
2019-12-16,15.5,19.4,0.0,19:40,SSW,19.0,20.0,1018.4,96.0,69.0,Weather archive 2015-2026,16,12,2019,December,Monday,0
2019-12-17,19.1,25.4,0.0,19:30,SSW,6.0,13.0,1019.4,83.0,53.0,Weather archive 2015-2026,17,12,2019,December,Tuesday,0
2019-12-18,21.7,34.6,0.0,22:00,SSW,13.0,24.0,1014.1,64.0,19.0,Weather archive 2015-2026,18,12,2019,December,Wednesday,0
2019-12-19,16.3,21.4,0.0,21:00,SSE,9.0,19.0,1019.7,71.0,46.0,Weather archive 2015-2026,19,12,2019,December,Thursday,0
2019-12-20,25.5,42.3,0.0,19:30,NNW,11.0,30.0,1009.3,48.0,11.0,Weather archive 2015-2026,20,12,2019,December,Friday,0
2019-12-21,14.1,16.0,0.0,21:00,SSE,22.0,33.0,1024.5,61.0,53.0,Weather archive 2015-2026,21,12,2019,December,Saturday,0
2019-12-22,14.0,17.6,0.0,19:30,S,15.0,26.0,1021.9,79.0,59.0,Weather archive 2015-2026,22,12,2019,December,Sunday,0
2019-12-23,15.6,17.1,0.0,20:40,SSW,17.0,22.0,1020.3,76.0,59.0,Weather archive 2015-2026,23,12,2019,December,Monday,0
2019-12-24,17.2,24.2,0.0,20:00,SE,17.0,28.0,1017.7,76.0,48.0,Weather archive 2015-2026,24,12,2019,December,Tuesday,0
2019-12-25,18.4,22.3,0.0,21:00,SSW,15.0,28.0,1019.8,79.0,63.0,Weather archive 2015-2026,25,12,2019,December,Wednesday,0
2019-12-26,14.6,18.7,0.0,22:00,SSE,17.0,20.0,1022.3,83.0,67.0,Weather archive 2015-2026,26,12,2019,December,Thursday,0
2019-12-27,18.7,21.9,0.0,20:00,SSW,15.0,20.0,1013.7,92.0,71.0,Weather archive 2015-2026,27,12,2019,December,Friday,0
2019-12-28,19.6,22.6,0.0,22:30,SSW,9.0,17.0,1016.6,85.0,67.0,Weather archive 2015-2026,28,12,2019,December,Saturday,0
2019-12-29,21.4,23.2,0.0,20:00,SW,9.0,19.0,1012.9,78.0,68.0,Weather archive 2015-2026,29,12,2019,December,Sunday,0
2019-12-30,19.2,34.0,0.2,19:36,SW,22.0,48.0,1007.9,86.0,29.0,Weather archive 2015-2026,30,12,2019,December,Monday,1
2019-12-31,15.4,19.2,0.0,19:30,S,20.0,28.0,1016.4,70.0,45.0,Weather archive 2015-2026,31,12,2019,December,Tuesday,0
2020-01-01,17.4,21.0,0.0,20:30,S,22.0,32.0,1020.5,64.0,55.0,Weather archive 2015-2026,1,1,2020,January,Wednesday,0
2020-01-02,17.4,21.8,0.0,20:30,S,15.0,24.0,1019.2,69.0,50.0,Weather archive 2015-2026,2,1,2020,January,Thursday,0
2020-01-03,22.1,34.4,0.0,20:00,SE,7.0,20.0,1006.6,74.0,27.0,Weather archive 2015-2026,3,1,2020,January,Friday,0
2020-01-04,15.7,17.4,0.0,20:00,S,19.0,39.0,1020.8,64.0,59.0,Weather archive 2015-2026,4,1,2020,January,Saturday,0
2020-01-05,13.7,15.5,3.0,19:30,SSE,17.0,26.0,1023.8,81.0,61.0,Weather archive 2015-2026,5,1,2020,January,Sunday,1
2020-01-06,15.8,16.3,1.2,19:20,SSE,9.0,11.0,1020.0,100.0,94.0,Weather archive 2015-2026,6,1,2020,January,Monday,1
2020-01-07,17.8,19.2,0.0,23:30,S,9.0,20.0,1019.2,86.0,80.0,Weather archive 2015-2026,7,1,2020,January,Tuesday,0
2020-01-08,19.2,22.9,0.0,19:30,S,11.0,22.0,1018.4,85.0,70.0,Weather archive 2015-2026,8,1,2020,January,Wednesday,0
2020-01-09,24.5,30.1,0.0,19:30,ESE,11.0,20.0,1008.5,77.0,46.0,Weather archive 2015-2026,9,1,2020,January,Thursday,0
2020-01-10,13.7,15.1,15.6,19:30,W,13.0,20.0,1015.4,96.0,79.0,Weather archive 2015-2026,10,1,2020,January,Friday,1
2020-01-11,15.3,16.8,0.0,23:00,S,15.0,32.0,1022.9,76.0,58.0,Weather archive 2015-2026,11,1,2020,January,Saturday,0
2020-01-12,15.0,19.0,0.0,19:30,SSW,17.0,28.0,1020.4,79.0,62.0,Weather archive 2015-2026,12,1,2020,January,Sunday,0
2020-01-13,22.1,30.9,0.0,22:30,WSW,7.0,24.0,1014.0,73.0,26.0,Weather archive 2015-2026,13,1,2020,January,Monday,0
2020-01-14,22.2,32.2,0.0,20:00,SE,15.0,26.0,1011.0,62.0,31.0,Weather archive 2015-2026,14,1,2020,January,Tuesday,0
2020-01-15,19.2,21.5,19.2,21:30,ENE,17.0,26.0,1011.1,94.0,86.0,Weather archive 2015-2026,15,1,2020,January,Wednesday,1
2020-01-16,14.7,17.4,0.0,19:30,S,17.0,35.0,1015.8,68.0,64.0,Weather archive 2015-2026,16,1,2020,January,Thursday,0
2020-01-17,16.4,20.8,0.0,19:30,SE,22.0,50.0,1012.1,76.0,58.0,Weather archive 2015-2026,17,1,2020,January,Friday,0
2020-01-18,20.3,24.9,0.0,20:30,SE,13.0,20.0,1006.7,76.0,57.0,Weather archive 2015-2026,18,1,2020,January,Saturday,0
2020-01-19,19.3,20.7,0.4,20:00,NNE,17.0,30.0,1005.8,83.0,73.0,Weather archive 2015-2026,19,1,2020,January,Sunday,1
2020-01-20,15.5,16.6,43.6,0:00,SW,17.0,35.0,1009.0,100.0,94.0,Weather archive 2015-2026,20,1,2020,January,Monday,1
2020-01-21,15.2,19.4,0.0,19:10,SSW,17.0,20.0,1009.0,80.0,62.0,Weather archive 2015-2026,21,1,2020,January,Tuesday,0
2020-01-22,16.1,25.9,5.0,20:00,SSW,24.0,48.0,1002.7,100.0,43.0,Weather archive 2015-2026,22,1,2020,January,Wednesday,1
2020-01-23,15.4,20.4,1.2,20:00,WSW,15.0,30.0,1008.4,55.0,36.0,Weather archive 2015-2026,23,1,2020,January,Thursday,1
2020-01-24,16.7,22.8,0.0,19:20,W,15.0,19.0,1014.3,74.0,37.0,Weather archive 2015-2026,24,1,2020,January,Friday,0
2020-01-25,18.5,24.0,0.0,20:00,SSE,17.0,26.0,1015.0,74.0,53.0,Weather archive 2015-2026,25,1,2020,January,Saturday,0
2020-01-26,17.6,19.4,0.0,20:20,SSW,20.0,28.0,1017.8,77.0,69.0,Weather archive 2015-2026,26,1,2020,January,Sunday,0
2020-01-27,16.1,19.5,0.0,19:30,SSW,13.0,24.0,1017.2,76.0,66.0,Weather archive 2015-2026,27,1,2020,January,Monday,0
2020-01-28,17.1,19.5,0.0,20:00,SSW,13.0,26.0,1018.5,82.0,75.0,Weather archive 2015-2026,28,1,2020,January,Tuesday,0
2020-01-29,20.5,30.9,0.0,19:30,SE,11.0,17.0,1015.1,90.0,22.0,Weather archive 2015-2026,29,1,2020,January,Wednesday,0
2020-01-30,24.3,37.1,0.0,19:20,SSE,6.0,7.0,1009.7,57.0,18.0,Weather archive 2015-2026,30,1,2020,January,Thursday,0
2020-01-31,24.7,35.2,0.4,20:00,WSW,24.0,39.0,1008.8,73.0,37.0,Weather archive 2015-2026,31,1,2020,January,Friday,1
2020-02-01,16.2,17.2,11.6,21:00,S,11.0,19.0,1012.9,100.0,98.0,Weather archive 2015-2026,1,2,2020,February,Saturday,1
2020-02-02,16.7,19.7,0.0,19:40,S,20.0,30.0,1011.8,74.0,50.0,Weather archive 2015-2026,2,2,2020,February,Sunday,0
2020-02-03,14.1,15.4,0.0,19:30,S,20.0,37.0,1021.8,57.0,48.0,Weather archive 2015-2026,3,2,2020,February,Monday,0
2020-02-04,13.8,17.2,0.0,19:40,S,22.0,30.0,1022.8,63.0,53.0,Weather archive 2015-2026,4,2,2020,February,Tuesday,0
2020-02-05,14.8,18.6,0.0,20:00,S,15.0,26.0,1022.2,80.0,61.0,Weather archive 2015-2026,5,2,2020,February,Wednesday,0
2020-02-06,20.9,23.4,0.0,22:10,NNW,17.0,20.0,1020.8,84.0,70.0,Weather archive 2015-2026,6,2,2020,February,Thursday,0
2020-02-07,19.4,20.1,0.0,20:00,SW,13.0,24.0,1022.7,100.0,92.0,Weather archive 2015-2026,7,2,2020,February,Friday,0
2020-02-08,21.4,25.4,0.0,20:30,ESE,20.0,46.0,1021.1,70.0,49.0,Weather archive 2015-2026,8,2,2020,February,Saturday,0
2020-02-09,20.0,22.0,0.0,19:30,SE,22.0,43.0,1016.0,74.0,65.0,Weather archive 2015-2026,9,2,2020,February,Sunday,0
2020-02-10,20.4,24.3,0.0,20:00,SE,11.0,20.0,1008.8,94.0,70.0,Weather archive 2015-2026,10,2,2020,February,Monday,0
2020-02-11,19.4,20.6,0.0,20:30,SSW,17.0,26.0,1013.2,97.0,91.0,Weather archive 2015-2026,11,2,2020,February,Tuesday,0
2020-02-12,20.8,26.2,0.0,19:20,SE,26.0,32.0,1015.0,81.0,64.0,Weather archive 2015-2026,12,2,2020,February,Wednesday,0
2020-02-13,22.3,27.7,0.0,19:30,SSE,17.0,26.0,1010.3,85.0,59.0,Weather archive 2015-2026,13,2,2020,February,Thursday,0
2020-02-14,21.2,22.9,3.8,21:30,N,15.0,20.0,1008.5,98.0,87.0,Weather archive 2015-2026,14,2,2020,February,Friday,1
2020-02-15,17.3,17.9,2.6,22:30,S,22.0,28.0,1014.6,97.0,84.0,Weather archive 2015-2026,15,2,2020,February,Saturday,1
2020-02-16,17.1,22.2,0.0,20:00,SE,20.0,28.0,1014.0,77.0,62.0,Weather archive 2015-2026,16,2,2020,February,Sunday,0
2020-02-17,19.1,23.6,0.0,21:00,WSW,7.0,11.0,1010.4,87.0,69.0,Weather archive 2015-2026,17,2,2020,February,Monday,0
2020-02-18,14.9,18.1,21.4,22:30,W,19.0,37.0,1007.5,94.0,76.0,Weather archive 2015-2026,18,2,2020,February,Tuesday,1
2020-02-19,14.9,17.1,2.4,21:30,S,26.0,39.0,1015.4,85.0,71.0,Weather archive 2015-2026,19,2,2020,February,Wednesday,1
2020-02-20,15.2,16.7,0.2,21:30,S,17.0,22.0,1019.1,82.0,66.0,Weather archive 2015-2026,20,2,2020,February,Thursday,1
2020-02-21,14.1,17.4,0.0,21:00,SSE,17.0,30.0,1023.9,71.0,60.0,Weather archive 2015-2026,21,2,2020,February,Friday,0
2020-02-22,17.1,18.9,0.0,20:00,SSW,15.0,19.0,1021.9,82.0,66.0,Weather archive 2015-2026,22,2,2020,February,Saturday,0
2020-02-23,20.3,24.4,0.0,19:30,SSE,15.0,24.0,1020.1,72.0,52.0,Weather archive 2015-2026,23,2,2020,February,Sunday,0
2020-02-24,18.9,21.4,3.6,21:30,SSW,15.0,22.0,1018.7,98.0,87.0,Weather archive 2015-2026,24,2,2020,February,Monday,1
2020-02-25,18.3,20.0,4.0,19:30,S,13.0,22.0,1010.6,88.0,75.0,Weather archive 2015-2026,25,2,2020,February,Tuesday,1
2020-02-26,14.3,16.6,0.2,20:30,S,17.0,24.0,1014.4,58.0,52.0,Weather archive 2015-2026,26,2,2020,February,Wednesday,1
2020-02-27,16.7,19.2,0.0,19:30,WSW,13.0,24.0,1012.8,62.0,47.0,Weather archive 2015-2026,27,2,2020,February,Thursday,0
2020-02-28,15.4,18.1,0.0,19:30,SSW,11.0,17.0,1017.7,81.0,69.0,Weather archive 2015-2026,28,2,2020,February,Friday,0
2020-02-29,16.5,20.0,0.0,19:30,SSW,11.0,19.0,1014.9,84.0,69.0,Weather archive 2015-2026,29,2,2020,February,Saturday,0
2020-03-01,19.8,22.3,0.0,21:00,SSW,15.0,20.0,1008.7,71.0,61.0,Weather archive 2015-2026,1,3,2020,March,Sunday,0
2020-03-02,14.9,15.4,0.0,21:00,SSE,15.0,26.0,1021.6,58.0,56.0,Weather archive 2015-2026,2,3,2020,March,Monday,0
2020-03-03,14.6,17.9,0.0,21:00,SSE,17.0,24.0,1021.1,71.0,60.0,Weather archive 2015-2026,3,3,2020,March,Tuesday,0
2020-03-04,18.0,21.4,2.2,22:10,E,6.0,11.0,1011.8,100.0,75.0,Weather archive 2015-2026,4,3,2020,March,Wednesday,1
2020-03-05,17.1,18.0,5.6,22:30,S,11.0,20.0,1010.0,100.0,98.0,Weather archive 2015-2026,5,3,2020,March,Thursday,1
2020-03-06,15.9,17.0,0.2,23:30,S,17.0,32.0,1022.0,77.0,68.0,Weather archive 2015-2026,6,3,2020,March,Friday,1
2020-03-07,15.9,18.1,0.0,19:30,S,15.0,30.0,1023.3,89.0,76.0,Weather archive 2015-2026,7,3,2020,March,Saturday,0
2020-03-08,14.7,18.4,0.0,19:30,SE,17.0,30.0,1023.1,74.0,57.0,Weather archive 2015-2026,8,3,2020,March,Sunday,0
2020-03-09,14.5,17.7,0.0,21:30,SSE,13.0,24.0,1022.7,71.0,55.0,Weather archive 2015-2026,9,3,2020,March,Monday,0
2020-03-10,16.0,19.3,0.0,21:00,WSW,9.0,13.0,1020.1,97.0,73.0,Weather archive 2015-2026,10,3,2020,March,Tuesday,0
2020-03-11,20.4,26.0,0.0,22:30,N,9.0,13.0,1020.3,70.0,42.0,Weather archive 2015-2026,11,3,2020,March,Wednesday,0
2020-03-12,21.4,27.6,0.0,19:30,N,11.0,17.0,1018.3,47.0,33.0,Weather archive 2015-2026,12,3,2020,March,Thursday,0
2020-03-13,14.7,15.8,0.6,19:30,S,24.0,46.0,1022.6,86.0,49.0,Weather archive 2015-2026,13,3,2020,March,Friday,1
2020-03-14,13.7,15.0,0.0,19:30,SSE,20.0,28.0,1026.0,73.0,54.0,Weather archive 2015-2026,14,3,2020,March,Saturday,0
2020-03-15,13.0,16.5,0.0,19:30,SSE,17.0,26.0,1027.1,83.0,64.0,Weather archive 2015-2026,15,3,2020,March,Sunday,0
2020-03-16,15.4,22.7,0.0,20:30,ESE,9.0,17.0,1026.2,83.0,46.0,Weather archive 2015-2026,16,3,2020,March,Monday,0
2020-03-17,21.0,26.4,0.0,19:30,N,11.0,19.0,1023.0,50.0,35.0,Weather archive 2015-2026,17,3,2020,March,Tuesday,0
2020-03-18,19.7,27.7,0.0,19:40,N,13.0,15.0,1020.9,71.0,35.0,Weather archive 2015-2026,18,3,2020,March,Wednesday,0
2020-03-19,19.6,28.9,0.0,22:10,SSW,20.0,32.0,1016.8,83.0,34.0,Weather archive 2015-2026,19,3,2020,March,Thursday,0
2020-03-20,15.5,17.0,0.0,20:30,S,15.0,30.0,1022.9,84.0,69.0,Weather archive 2015-2026,20,3,2020,March,Friday,0
2020-03-21,12.7,16.3,0.0,20:30,SSE,11.0,20.0,1023.2,85.0,66.0,Weather archive 2015-2026,21,3,2020,March,Saturday,0
2020-03-22,14.7,15.4,0.4,21:50,S,22.0,30.0,1029.5,77.0,54.0,Weather archive 2015-2026,22,3,2020,March,Sunday,1
2020-03-23,12.0,15.4,0.0,19:30,SSE,13.0,20.0,1028.6,71.0,58.0,Weather archive 2015-2026,23,3,2020,March,Monday,0
2020-03-24,14.5,15.6,0.0,20:40,SSE,13.0,20.0,1024.7,66.0,60.0,Weather archive 2015-2026,24,3,2020,March,Tuesday,0
2020-03-25,14.4,15.7,0.0,19:30,S,13.0,24.0,1028.3,76.0,56.0,Weather archive 2015-2026,25,3,2020,March,Wednesday,0
2020-03-26,15.0,17.0,0.0,19:30,SSW,11.0,19.0,1026.1,90.0,79.0,Weather archive 2015-2026,26,3,2020,March,Thursday,0
2020-03-27,18.2,24.7,0.0,19:30,NE,9.0,11.0,1022.6,68.0,36.0,Weather archive 2015-2026,27,3,2020,March,Friday,0
2020-03-28,21.3,25.1,0.0,22:00,N,11.0,17.0,1017.1,45.0,38.0,Weather archive 2015-2026,28,3,2020,March,Saturday,0
2020-03-29,19.1,20.5,5.2,21:30,N,19.0,30.0,1012.2,86.0,69.0,Weather archive 2015-2026,29,3,2020,March,Sunday,1
2020-03-30,15.0,17.8,0.0,22:30,S,9.0,13.0,1017.0,92.0,64.0,Weather archive 2015-2026,30,3,2020,March,Monday,0
2020-03-31,13.5,17.7,0.0,19:30,N,4.0,7.0,1019.7,91.0,64.0,Weather archive 2015-2026,31,3,2020,March,Tuesday,0
2020-04-01,18.3,20.5,0.0,20:00,ESE,11.0,15.0,1015.6,83.0,60.0,Weather archive 2015-2026,1,4,2020,April,Wednesday,0
2020-04-02,15.8,16.3,15.6,22:00,W,6.0,15.0,1009.9,100.0,100.0,Weather archive 2015-2026,2,4,2020,April,Thursday,1
2020-04-03,16.6,19.8,8.4,22:20,NNE,22.0,35.0,999.8,98.0,60.0,Weather archive 2015-2026,3,4,2020,April,Friday,1
2020-04-04,9.9,10.4,4.4,19:30,WNW,17.0,32.0,1009.0,71.0,67.0,Weather archive 2015-2026,4,4,2020,April,Saturday,1
2020-04-05,13.1,13.7,6.0,22:30,NW,11.0,17.0,1016.5,89.0,80.0,Weather archive 2015-2026,5,4,2020,April,Sunday,1
2020-04-06,13.0,14.4,0.0,19:30,S,11.0,17.0,1024.9,81.0,66.0,Weather archive 2015-2026,6,4,2020,April,Monday,0
2020-04-07,12.4,14.0,0.2,20:00,SSE,11.0,17.0,1024.7,92.0,77.0,Weather archive 2015-2026,7,4,2020,April,Tuesday,1
2020-04-08,12.8,15.8,0.0,22:30,SE,9.0,19.0,1027.2,84.0,65.0,Weather archive 2015-2026,8,4,2020,April,Wednesday,0
2020-04-09,13.3,15.7,0.0,20:30,W,4.0,9.0,1023.4,100.0,94.0,Weather archive 2015-2026,9,4,2020,April,Thursday,0
2020-04-10,18.1,19.5,0.0,21:30,N,17.0,26.0,1010.3,68.0,55.0,Weather archive 2015-2026,10,4,2020,April,Friday,0
2020-04-11,11.5,12.7,1.4,22:30,WSW,20.0,32.0,1017.7,91.0,80.0,Weather archive 2015-2026,11,4,2020,April,Saturday,1
2020-04-12,13.1,15.0,0.0,19:30,W,11.0,19.0,1022.3,66.0,60.0,Weather archive 2015-2026,12,4,2020,April,Sunday,0
2020-04-13,12.2,18.1,0.0,15:20,SSW,17.0,20.0,1022.9,90.0,55.0,Weather archive 2015-2026,13,4,2020,April,Monday,0
2020-04-14,18.5,22.0,0.0,14:30,N,24.0,28.0,1023.5,57.0,47.0,Weather archive 2015-2026,14,4,2020,April,Tuesday,0
2020-04-15,21.9,23.4,0.0,22:30,N,24.0,33.0,1014.9,44.0,37.0,Weather archive 2015-2026,15,4,2020,April,Wednesday,0
2020-04-16,13.0,17.3,0.0,15:30,S,20.0,32.0,1015.3,76.0,54.0,Weather archive 2015-2026,16,4,2020,April,Thursday,0
2020-04-17,13.7,18.4,0.0,17:30,SW,13.0,26.0,1016.8,70.0,51.0,Weather archive 2015-2026,17,4,2020,April,Friday,0
2020-04-18,13.5,19.0,0.0,14:30,SW,11.0,17.0,1016.6,80.0,65.0,Weather archive 2015-2026,18,4,2020,April,Saturday,0
2020-04-19,15.3,18.4,0.0,0:00,N,15.0,32.0,1013.4,50.0,37.0,Weather archive 2015-2026,19,4,2020,April,Sunday,0
2020-04-20,11.0,20.7,0.0,14:30,SW,19.0,24.0,1017.6,89.0,37.0,Weather archive 2015-2026,20,4,2020,April,Monday,0
2020-04-21,14.8,19.3,0.0,15:00,N,20.0,32.0,1016.8,56.0,37.0,Weather archive 2015-2026,21,4,2020,April,Tuesday,0
2020-04-22,,,,,,,,,,,Weather archive 2015-2026,22,4,2020,April,Wednesday,0
2020-04-23,9.7,19.6,0.4,16:00,N,30.0,43.0,1020.2,99.0,51.0,Weather archive 2015-2026,23,4,2020,April,Thursday,1
2020-04-24,12.1,22.1,0.4,15:10,SSW,17.0,20.0,1020.2,94.0,42.0,Weather archive 2015-2026,24,4,2020,April,Friday,1
2020-04-25,10.6,21.6,2.2,14:30,N,24.0,39.0,1020.4,100.0,48.0,Weather archive 2015-2026,25,4,2020,April,Saturday,1
2020-04-26,10.3,17.2,14.0,10:00,W,17.0,30.0,1023.4,100.0,56.0,Weather archive 2015-2026,26,4,2020,April,Sunday,1
2020-04-27,8.2,17.8,0.6,11:30,NW,13.0,17.0,1026.0,92.0,47.0,Weather archive 2015-2026,27,4,2020,April,Monday,1
2020-04-28,7.2,18.8,2.4,13:00,N,28.0,43.0,1023.5,91.0,47.0,Weather archive 2015-2026,28,4,2020,April,Tuesday,1
2020-04-29,10.1,19.5,23.6,9:00,N,20.0,30.0,1011.2,100.0,73.0,Weather archive 2015-2026,29,4,2020,April,Wednesday,1
2020-04-30,8.1,14.7,23.6,21:00,NW,24.0,41.0,1007.9,93.0,57.0,Weather archive 2015-2026,30,4,2020,April,Thursday,1
2020-05-01,8.0,12.8,8.0,12:00,NW,20.0,39.0,1003.9,85.0,61.0,Weather archive 2015-2026,1,5,2020,May,Friday,1
2020-05-02,9.6,13.9,1.8,12:30,W,26.0,43.0,1017.5,90.0,60.0,Weather archive 2015-2026,2,5,2020,May,Saturday,1
2020-05-03,10.1,14.4,1.8,2:00,WSW,13.0,26.0,1027.5,80.0,54.0,Weather archive 2015-2026,3,5,2020,May,Sunday,1
2020-05-04,9.4,14.4,0.4,11:00,WSW,11.0,24.0,1031.7,97.0,76.0,Weather archive 2015-2026,4,5,2020,May,Monday,1
2020-05-05,8.0,19.1,0.4,14:30,N,19.0,32.0,1031.4,100.0,49.0,Weather archive 2015-2026,5,5,2020,May,Tuesday,1
2020-05-06,13.3,19.8,0.0,16:00,N,21.0,39.0,1025.9,74.0,52.0,Weather archive 2015-2026,6,5,2020,May,Wednesday,0
2020-05-07,16.6,21.0,0.0,12:00,N,33.0,52.0,1015.4,66.0,47.0,Weather archive 2015-2026,7,5,2020,May,Thursday,0
2020-05-08,12.7,19.3,0.0,14:00,N,26.0,39.0,1014.2,75.0,51.0,Weather archive 2015-2026,8,5,2020,May,Friday,0
2020-05-09,8.2,14.9,7.0,14:23,SW,26.0,39.0,1018.1,88.0,56.0,Weather archive 2015-2026,9,5,2020,May,Saturday,1
2020-05-10,7.3,14.4,0.6,2:00,NW,15.0,28.0,1027.6,89.0,52.0,Weather archive 2015-2026,10,5,2020,May,Sunday,1
2020-05-11,7.8,16.8,0.2,12:00,NNW,19.0,20.0,1029.6,86.0,53.0,Weather archive 2015-2026,11,5,2020,May,Monday,1
2020-05-12,10.3,14.7,0.0,12:00,N,26.0,39.0,1026.7,77.0,63.0,Weather archive 2015-2026,12,5,2020,May,Tuesday,0
2020-05-13,10.1,14.1,2.8,13:00,SSW,19.0,28.0,1029.5,97.0,53.0,Weather archive 2015-2026,13,5,2020,May,Wednesday,1
2020-05-14,6.7,14.2,2.8,14:00,SSW,13.0,19.0,1032.1,100.0,51.0,Weather archive 2015-2026,14,5,2020,May,Thursday,1
2020-05-15,4.5,15.0,0.0,15:30,SSW,11.0,19.0,1033.3,99.0,53.0,Weather archive 2015-2026,15,5,2020,May,Friday,0
2020-05-16,4.6,17.9,0.0,12:30,NNW,24.0,35.0,1031.7,96.0,44.0,Weather archive 2015-2026,16,5,2020,May,Saturday,0
2020-05-17,5.1,17.9,0.0,0:50,NNE,11.0,15.0,1034.2,98.0,41.0,Weather archive 2015-2026,17,5,2020,May,Sunday,0
2020-05-18,5.5,19.3,0.0,13:30,NNW,22.0,32.0,1032.4,96.0,50.0,Weather archive 2015-2026,18,5,2020,May,Monday,0
2020-05-19,9.0,17.7,0.0,13:00,N,22.0,33.0,1025.5,87.0,54.0,Weather archive 2015-2026,19,5,2020,May,Tuesday,0
2020-05-20,10.4,16.6,15.6,1:30,NNW,30.0,56.0,1015.4,100.0,43.0,Weather archive 2015-2026,20,5,2020,May,Wednesday,1
2020-05-21,9.5,13.4,6.8,17:00,SSW,15.0,30.0,1021.7,100.0,60.0,Weather archive 2015-2026,21,5,2020,May,Thursday,1
2020-05-22,9.2,13.5,0.0,13:30,SSW,13.0,24.0,1022.6,100.0,61.0,Weather archive 2015-2026,22,5,2020,May,Friday,0
2020-05-23,9.5,13.3,3.0,0:00,S,19.0,33.0,1020.2,100.0,79.0,Weather archive 2015-2026,23,5,2020,May,Saturday,1
2020-05-24,7.2,13.4,3.0,1:50,S,24.0,35.0,1025.9,97.0,64.0,Weather archive 2015-2026,24,5,2020,May,Sunday,1
2020-05-25,5.5,16.0,0.0,12:20,SE,19.0,26.0,1027.8,100.0,56.0,Weather archive 2015-2026,25,5,2020,May,Monday,0
2020-05-26,5.5,18.1,0.0,12:40,NNW,22.0,30.0,1027.6,100.0,44.0,Weather archive 2015-2026,26,5,2020,May,Tuesday,0
2020-05-27,7.8,16.3,0.0,12:00,N,22.0,32.0,1021.9,99.0,61.0,Weather archive 2015-2026,27,5,2020,May,Wednesday,0
2020-05-28,10.1,17.6,0.0,7:30,N,15.0,19.0,1025.8,97.0,60.0,Weather archive 2015-2026,28,5,2020,May,Thursday,0
2020-05-29,7.2,16.8,0.0,15:40,N,22.0,32.0,1028.4,96.0,64.0,Weather archive 2015-2026,29,5,2020,May,Friday,0
2020-05-30,8.2,17.0,0.0,21:20,N,37.0,52.0,1020.7,82.0,49.0,Weather archive 2015-2026,30,5,2020,May,Saturday,0
2020-05-31,11.6,17.3,0.0,14:30,NNW,24.0,37.0,1013.9,83.0,47.0,Weather archive 2015-2026,31,5,2020,May,Sunday,0
2020-06-01,8.5,11.1,11.6,18:30,SW,22.0,39.0,1017.8,100.0,73.0,Weather archive 2015-2026,1,6,2020,June,Monday,1
2020-06-02,11.4,14.3,0.4,23:00,W,15.0,28.0,1022.3,92.0,67.0,Weather archive 2015-2026,2,6,2020,June,Tuesday,1
2020-06-03,11.6,12.1,0.0,22:30,SSE,11.0,19.0,1035.2,61.0,57.0,Weather archive 2015-2026,3,6,2020,June,Wednesday,0
2020-06-04,6.5,8.4,0.0,22:30,ENE,4.0,11.0,1033.7,98.0,89.0,Weather archive 2015-2026,4,6,2020,June,Thursday,0
2020-06-05,7.3,8.5,0.0,23:30,NNE,11.0,15.0,1029.7,97.0,89.0,Weather archive 2015-2026,5,6,2020,June,Friday,0
2020-06-06,10.5,11.1,0.0,23:30,SE,11.0,15.0,1026.4,92.0,73.0,Weather archive 2015-2026,6,6,2020,June,Saturday,0
2020-06-07,9.5,10.8,0.0,18:10,SSE,13.0,17.0,1030.0,85.0,75.0,Weather archive 2015-2026,7,6,2020,June,Sunday,0
2020-06-08,5.6,7.9,0.0,21:00,ESE,7.0,9.0,1034.1,100.0,95.0,Weather archive 2015-2026,8,6,2020,June,Monday,0
2020-06-09,7.9,10.9,0.0,23:30,NNE,13.0,15.0,1031.3,85.0,66.0,Weather archive 2015-2026,9,6,2020,June,Tuesday,0
2020-06-10,5.9,8.3,0.0,,N,0.0,0.0,1026.7,100.0,91.0,Weather archive 2015-2026,10,6,2020,June,Wednesday,0
2020-06-11,7.4,9.1,0.0,22:00,NE,7.0,9.0,1026.9,92.0,83.0,Weather archive 2015-2026,11,6,2020,June,Thursday,0
2020-06-12,7.9,11.0,0.0,22:00,N,11.0,15.0,1022.2,90.0,76.0,Weather archive 2015-2026,12,6,2020,June,Friday,0
2020-06-13,13.4,15.6,3.8,23:00,N,22.0,37.0,1009.9,92.0,63.0,Weather archive 2015-2026,13,6,2020,June,Saturday,1
2020-06-14,12.9,14.0,0.0,22:30,N,28.0,35.0,1016.9,80.0,70.0,Weather archive 2015-2026,14,6,2020,June,Sunday,0
2020-06-15,13.8,15.1,0.0,22:00,NNW,20.0,30.0,1020.5,76.0,68.0,Weather archive 2015-2026,15,6,2020,June,Monday,0
2020-06-16,11.5,14.3,0.4,19:30,WSW,13.0,28.0,1029.2,88.0,73.0,Weather archive 2015-2026,16,6,2020,June,Tuesday,1
2020-06-17,6.0,8.9,0.0,0:00,NE,7.0,9.0,1036.1,96.0,82.0,Weather archive 2015-2026,17,6,2020,June,Wednesday,0
2020-06-18,8.0,13.3,0.0,19:10,NE,6.0,7.0,1030.2,100.0,75.0,Weather archive 2015-2026,18,6,2020,June,Thursday,0
2020-06-19,14.0,14.6,0.0,21:10,N,13.0,17.0,1021.8,78.0,72.0,Weather archive 2015-2026,19,6,2020,June,Friday,0
2020-06-20,9.1,13.3,0.0,22:00,NNE,11.0,17.0,1015.4,91.0,70.0,Weather archive 2015-2026,20,6,2020,June,Saturday,0
2020-06-21,9.0,10.5,0.0,23:00,ENE,7.0,9.0,1012.3,91.0,85.0,Weather archive 2015-2026,21,6,2020,June,Sunday,0
2020-06-22,9.3,11.1,1.2,23:30,NNW,15.0,22.0,1011.4,95.0,80.0,Weather archive 2015-2026,22,6,2020,June,Monday,1
2020-06-23,12.4,12.9,0.0,23:00,WSW,9.0,17.0,1019.1,95.0,81.0,Weather archive 2015-2026,23,6,2020,June,Tuesday,0
2020-06-24,10.2,11.6,0.0,0:00,N,7.0,9.0,1019.5,100.0,100.0,Weather archive 2015-2026,24,6,2020,June,Wednesday,0
2020-06-25,10.6,11.7,1.2,0:00,WNW,11.0,20.0,1023.9,85.0,72.0,Weather archive 2015-2026,25,6,2020,June,Thursday,1
2020-06-26,9.6,10.7,0.0,20:40,W,9.0,11.0,1029.2,96.0,83.0,Weather archive 2015-2026,26,6,2020,June,Friday,0
2020-06-27,5.6,8.1,0.0,0:00,E,2.0,7.0,1030.3,100.0,94.0,Weather archive 2015-2026,27,6,2020,June,Saturday,0
2020-06-28,5.0,6.8,0.0,23:50,NE,9.0,9.0,1030.6,100.0,98.0,Weather archive 2015-2026,28,6,2020,June,Sunday,0
2020-06-29,5.7,8.8,0.0,22:40,N,9.0,11.0,1026.0,91.0,70.0,Weather archive 2015-2026,29,6,2020,June,Monday,0
2020-06-30,11.1,13.6,0.0,19:20,N,22.0,32.0,1018.5,83.0,64.0,Weather archive 2015-2026,30,6,2020,June,Tuesday,0
2020-07-01,14.1,15.9,0.0,23:30,N,24.0,46.0,1008.0,60.0,50.0,Weather archive 2015-2026,1,7,2020,July,Wednesday,0
2020-07-02,9.8,11.6,0.0,20:30,NNW,20.0,24.0,1017.9,73.0,58.0,Weather archive 2015-2026,2,7,2020,July,Thursday,0
2020-07-03,7.2,8.3,7.8,22:30,W,13.0,22.0,1024.1,95.0,79.0,Weather archive 2015-2026,3,7,2020,July,Friday,1
2020-07-04,10.6,11.4,4.0,20:00,WSW,7.0,19.0,1026.3,100.0,93.0,Weather archive 2015-2026,4,7,2020,July,Saturday,1
2020-07-05,9.8,11.3,0.6,23:00,WSW,9.0,20.0,1030.5,100.0,92.0,Weather archive 2015-2026,5,7,2020,July,Sunday,1
2020-07-06,10.1,11.2,0.8,0:00,WSW,7.0,11.0,1033.2,100.0,95.0,Weather archive 2015-2026,6,7,2020,July,Monday,1
2020-07-07,7.2,11.0,0.0,20:00,SSE,9.0,15.0,1032.3,95.0,84.0,Weather archive 2015-2026,7,7,2020,July,Tuesday,0
2020-07-08,6.6,12.0,0.0,21:40,NNE,11.0,13.0,1028.7,96.0,72.0,Weather archive 2015-2026,8,7,2020,July,Wednesday,0
2020-07-09,7.8,12.7,0.0,22:00,NNE,9.0,13.0,1026.7,96.0,75.0,Weather archive 2015-2026,9,7,2020,July,Thursday,0
2020-07-10,11.2,12.9,0.0,22:00,N,13.0,17.0,1021.5,83.0,77.0,Weather archive 2015-2026,10,7,2020,July,Friday,0
2020-07-11,9.5,9.7,6.8,,N,0.0,0.0,1017.3,100.0,100.0,Weather archive 2015-2026,11,7,2020,July,Saturday,1
2020-07-12,8.8,10.1,3.4,23:30,S,9.0,13.0,1024.1,100.0,100.0,Weather archive 2015-2026,12,7,2020,July,Sunday,1
2020-07-13,9.1,11.4,0.0,21:00,SSE,13.0,19.0,1028.9,97.0,85.0,Weather archive 2015-2026,13,7,2020,July,Monday,0
2020-07-14,8.0,10.3,0.0,21:30,SSE,13.0,22.0,1029.1,96.0,84.0,Weather archive 2015-2026,14,7,2020,July,Tuesday,0
2020-07-15,6.2,10.3,0.0,21:00,SSE,7.0,9.0,1024.1,97.0,83.0,Weather archive 2015-2026,15,7,2020,July,Wednesday,0
2020-07-16,6.4,10.0,0.0,22:00,N,7.0,13.0,1025.5,100.0,86.0,Weather archive 2015-2026,16,7,2020,July,Thursday,0
2020-07-17,5.4,8.3,0.0,0:00,NNE,13.0,17.0,1023.2,100.0,100.0,Weather archive 2015-2026,17,7,2020,July,Friday,0
2020-07-18,11.0,12.0,0.0,21:00,N,26.0,41.0,1016.5,72.0,67.0,Weather archive 2015-2026,18,7,2020,July,Saturday,0
2020-07-19,8.8,10.7,0.6,21:30,NW,20.0,35.0,1016.5,75.0,58.0,Weather archive 2015-2026,19,7,2020,July,Sunday,1
2020-07-20,8.8,10.4,0.2,21:20,WSW,11.0,17.0,1028.4,88.0,78.0,Weather archive 2015-2026,20,7,2020,July,Monday,1
2020-07-21,9.7,11.1,0.0,22:30,WSW,9.0,13.0,1031.1,94.0,90.0,Weather archive 2015-2026,21,7,2020,July,Tuesday,0
2020-07-22,9.2,10.4,2.2,20:00,S,11.0,20.0,1029.4,100.0,97.0,Weather archive 2015-2026,22,7,2020,July,Wednesday,1
2020-07-23,6.5,10.8,0.0,23:00,NE,6.0,9.0,1027.4,97.0,56.0,Weather archive 2015-2026,23,7,2020,July,Thursday,0
2020-07-24,5.6,10.4,0.0,22:30,N,13.0,19.0,1025.8,100.0,68.0,Weather archive 2015-2026,24,7,2020,July,Friday,0
2020-07-25,6.7,8.8,0.0,20:30,WSW,7.0,13.0,1027.1,100.0,99.0,Weather archive 2015-2026,25,7,2020,July,Saturday,0
2020-07-26,11.2,11.8,0.0,23:30,W,6.0,13.0,1019.8,100.0,90.0,Weather archive 2015-2026,26,7,2020,July,Sunday,0
2020-07-27,11.4,12.4,0.2,22:00,SSE,22.0,33.0,1021.8,100.0,83.0,Weather archive 2015-2026,27,7,2020,July,Monday,1
2020-07-28,8.7,11.8,0.0,20:00,SSW,15.0,19.0,1021.1,100.0,89.0,Weather archive 2015-2026,28,7,2020,July,Tuesday,0
2020-07-29,11.4,13.2,0.0,22:10,WSW,13.0,17.0,1023.6,94.0,77.0,Weather archive 2015-2026,29,7,2020,July,Wednesday,0
2020-07-30,6.0,8.3,0.0,0:00,NE,4.0,11.0,1030.6,100.0,85.0,Weather archive 2015-2026,30,7,2020,July,Thursday,0
2020-07-31,10.4,12.3,0.0,22:30,N,15.0,22.0,1027.0,73.0,59.0,Weather archive 2015-2026,31,7,2020,July,Friday,0
2020-08-01,9.1,16.2,0.0,11:30,N,30.0,43.0,1025.0,86.0,52.0,Weather archive 2015-2026,1,8,2020,August,Saturday,0
2020-08-02,9.1,17.9,0.0,16:00,N,28.0,35.0,1025.6,90.0,46.0,Weather archive 2015-2026,2,8,2020,August,Sunday,0
2020-08-03,8.9,15.8,0.8,19:30,WSW,13.0,24.0,1018.8,89.0,44.0,Weather archive 2015-2026,3,8,2020,August,Monday,1
2020-08-04,5.2,10.4,5.8,11:30,SW,20.0,41.0,1015.9,94.0,52.0,Weather archive 2015-2026,4,8,2020,August,Tuesday,1
2020-08-05,6.9,11.2,0.6,17:30,SSW,20.0,35.0,1019.8,90.0,63.0,Weather archive 2015-2026,5,8,2020,August,Wednesday,1
2020-08-06,6.3,12.7,0.0,15:40,SSW,17.0,20.0,1023.5,90.0,65.0,Weather archive 2015-2026,6,8,2020,August,Thursday,0
2020-08-07,9.4,11.3,5.0,22:50,ESE,19.0,26.0,1018.3,99.0,70.0,Weather archive 2015-2026,7,8,2020,August,Friday,1
2020-08-08,11.8,12.7,0.2,23:20,SE,20.0,33.0,1018.4,88.0,84.0,Weather archive 2015-2026,8,8,2020,August,Saturday,1
2020-08-09,8.6,11.9,0.0,19:30,SSE,15.0,30.0,1022.9,96.0,78.0,Weather archive 2015-2026,9,8,2020,August,Sunday,0
2020-08-10,7.0,9.3,0.0,22:30,NNE,11.0,13.0,1021.3,100.0,90.0,Weather archive 2015-2026,10,8,2020,August,Monday,0
2020-08-11,11.9,13.2,0.0,21:00,NNE,17.0,30.0,1015.0,63.0,53.0,Weather archive 2015-2026,11,8,2020,August,Tuesday,0
2020-08-12,12.1,13.5,0.0,20:30,NNE,13.0,20.0,1010.1,90.0,80.0,Weather archive 2015-2026,12,8,2020,August,Wednesday,0
2020-08-13,13.0,15.6,0.4,23:00,NW,13.0,26.0,1013.7,95.0,77.0,Weather archive 2015-2026,13,8,2020,August,Thursday,1
2020-08-14,11.3,12.9,2.8,20:00,NNE,9.0,13.0,1013.9,100.0,86.0,Weather archive 2015-2026,14,8,2020,August,Friday,1
2020-08-15,11.6,12.2,0.0,20:00,SSW,9.0,13.0,1015.3,100.0,95.0,Weather archive 2015-2026,15,8,2020,August,Saturday,0
2020-08-16,10.1,12.1,0.0,20:00,SSW,13.0,20.0,1014.1,93.0,84.0,Weather archive 2015-2026,16,8,2020,August,Sunday,0
2020-08-17,11.7,13.2,0.2,23:00,N,20.0,30.0,1007.0,82.0,57.0,Weather archive 2015-2026,17,8,2020,August,Monday,1
2020-08-18,10.4,12.0,0.0,20:30,N,17.0,20.0,998.0,77.0,70.0,Weather archive 2015-2026,18,8,2020,August,Tuesday,0
2020-08-19,9.9,11.0,3.6,23:00,NW,15.0,24.0,998.0,82.0,71.0,Weather archive 2015-2026,19,8,2020,August,Wednesday,1
2020-08-20,11.1,12.0,0.4,0:00,NNW,20.0,30.0,1002.9,69.0,63.0,Weather archive 2015-2026,20,8,2020,August,Thursday,1
2020-08-21,7.2,8.6,1.6,22:00,NNW,19.0,24.0,1003.7,81.0,64.0,Weather archive 2015-2026,21,8,2020,August,Friday,1
2020-08-22,7.2,10.1,15.2,14:00,W,20.0,46.0,1009.9,96.0,65.0,Weather archive 2015-2026,22,8,2020,August,Saturday,1
2020-08-23,7.3,9.9,2.8,21:30,W,15.0,22.0,1019.1,85.0,63.0,Weather archive 2015-2026,23,8,2020,August,Sunday,1
2020-08-24,6.8,9.4,0.0,20:00,WNW,7.0,13.0,1027.2,94.0,73.0,Weather archive 2015-2026,24,8,2020,August,Monday,0
2020-08-25,9.1,10.6,0.0,0:00,W,6.0,11.0,1032.0,91.0,76.0,Weather archive 2015-2026,25,8,2020,August,Tuesday,0
2020-08-26,9.0,11.0,0.0,0:00,N,15.0,19.0,1028.0,84.0,65.0,Weather archive 2015-2026,26,8,2020,August,Wednesday,0
2020-08-27,9.4,10.5,1.4,21:30,W,19.0,32.0,1023.6,82.0,70.0,Weather archive 2015-2026,27,8,2020,August,Thursday,1
2020-08-28,11.1,13.8,0.0,23:30,N,13.0,20.0,1028.7,74.0,58.0,Weather archive 2015-2026,28,8,2020,August,Friday,0
2020-08-29,13.5,15.0,0.0,23:50,N,28.0,35.0,1023.9,63.0,57.0,Weather archive 2015-2026,29,8,2020,August,Saturday,0
2020-08-30,9.9,12.7,1.0,19:30,WSW,22.0,48.0,1020.7,92.0,61.0,Weather archive 2015-2026,30,8,2020,August,Sunday,1
2020-08-31,8.8,10.3,0.0,19:40,SSE,11.0,13.0,1026.5,88.0,71.0,Weather archive 2015-2026,31,8,2020,August,Monday,0
2020-09-01,6.7,15.2,0.0,16:30,N,32.0,43.0,1024.9,88.0,42.0,Weather archive 2015-2026,1,9,2020,September,Tuesday,0
2020-09-02,12.1,21.8,0.0,15:20,N,43.0,63.0,1014.5,62.0,32.0,Weather archive 2015-2026,2,9,2020,September,Wednesday,0
2020-09-03,12.5,15.0,0.0,21:00,NW,17.0,30.0,1016.2,55.0,41.0,Weather archive 2015-2026,3,9,2020,September,Thursday,0
2020-09-04,12.6,14.3,0.0,21:30,N,20.0,32.0,1015.8,62.0,56.0,Weather archive 2015-2026,4,9,2020,September,Friday,0
2020-09-05,8.2,12.1,0.2,0:00,NE,6.0,7.0,1024.1,95.0,65.0,Weather archive 2015-2026,5,9,2020,September,Saturday,1
2020-09-06,12.6,15.5,0.0,22:30,N,13.0,17.0,1025.8,57.0,53.0,Weather archive 2015-2026,6,9,2020,September,Sunday,0
2020-09-07,20.1,20.7,0.0,23:00,N,32.0,50.0,1020.4,58.0,52.0,Weather archive 2015-2026,7,9,2020,September,Monday,0
2020-09-08,11.6,13.8,1.0,22:00,S,13.0,20.0,1030.3,87.0,67.0,Weather archive 2015-2026,8,9,2020,September,Tuesday,1
2020-09-09,9.2,11.1,0.0,0:00,SSE,13.0,20.0,1030.0,86.0,68.0,Weather archive 2015-2026,9,9,2020,September,Wednesday,0
2020-09-10,11.8,17.5,0.0,22:30,N,9.0,15.0,1027.4,83.0,56.0,Weather archive 2015-2026,10,9,2020,September,Thursday,0
2020-09-11,16.5,17.7,0.0,22:30,NNW,20.0,32.0,1026.2,55.0,50.0,Weather archive 2015-2026,11,9,2020,September,Friday,0
2020-09-12,12.7,13.2,8.8,23:30,NNE,13.0,17.0,1021.6,100.0,97.0,Weather archive 2015-2026,12,9,2020,September,Saturday,1
2020-09-13,12.1,14.8,0.0,21:00,W,13.0,20.0,1025.6,76.0,55.0,Weather archive 2015-2026,13,9,2020,September,Sunday,0
2020-09-14,9.1,11.0,0.0,23:30,W,7.0,9.0,1030.4,100.0,86.0,Weather archive 2015-2026,14,9,2020,September,Monday,0
2020-09-15,8.7,11.7,0.0,,N,0.0,0.0,1026.5,100.0,84.0,Weather archive 2015-2026,15,9,2020,September,Tuesday,0
2020-09-16,13.2,18.6,0.0,22:30,WSW,9.0,15.0,1018.9,85.0,47.0,Weather archive 2015-2026,16,9,2020,September,Wednesday,0
2020-09-17,11.3,12.4,0.0,23:20,SSE,17.0,22.0,1029.4,91.0,78.0,Weather archive 2015-2026,17,9,2020,September,Thursday,0
2020-09-18,11.4,14.4,0.0,,N,0.0,0.0,1025.6,100.0,82.0,Weather archive 2015-2026,18,9,2020,September,Friday,0
2020-09-19,21.0,22.6,0.0,0:00,NNE,24.0,33.0,1013.4,54.0,48.0,Weather archive 2015-2026,19,9,2020,September,Saturday,0
2020-09-20,19.0,19.7,0.0,23:00,N,24.0,37.0,1005.9,66.0,62.0,Weather archive 2015-2026,20,9,2020,September,Sunday,0
2020-09-21,14.2,16.7,0.0,22:10,N,17.0,26.0,1006.0,49.0,46.0,Weather archive 2015-2026,21,9,2020,September,Monday,0
2020-09-22,11.9,13.4,0.2,0:00,NNW,17.0,24.0,1010.5,66.0,57.0,Weather archive 2015-2026,22,9,2020,September,Tuesday,1
2020-09-23,9.4,11.0,1.6,22:50,SW,17.0,26.0,1015.3,80.0,65.0,Weather archive 2015-2026,23,9,2020,September,Wednesday,1
2020-09-24,9.5,12.6,0.4,22:50,N,28.0,41.0,1008.6,84.0,49.0,Weather archive 2015-2026,24,9,2020,September,Thursday,1
2020-09-25,7.1,8.8,2.2,22:30,WNW,17.0,28.0,1006.9,89.0,68.0,Weather archive 2015-2026,25,9,2020,September,Friday,1
2020-09-26,9.7,10.7,0.6,22:30,WNW,15.0,32.0,1019.1,82.0,72.0,Weather archive 2015-2026,26,9,2020,September,Saturday,1
2020-09-27,8.1,10.1,0.0,20:00,S,7.0,11.0,1028.5,81.0,61.0,Weather archive 2015-2026,27,9,2020,September,Sunday,0
2020-09-28,6.8,11.3,0.0,20:30,SSE,15.0,19.0,1027.0,89.0,68.0,Weather archive 2015-2026,28,9,2020,September,Monday,0
2020-09-29,15.6,17.5,0.0,22:00,NNE,11.0,17.0,1017.3,58.0,46.0,Weather archive 2015-2026,29,9,2020,September,Tuesday,0
2020-09-30,11.8,16.2,1.8,21:40,W,20.0,32.0,1011.6,88.0,74.0,Weather archive 2015-2026,30,9,2020,September,Wednesday,1
2020-10-01,14.5,16.5,0.0,23:00,N,20.0,28.0,1017.8,54.0,46.0,Weather archive 2015-2026,1,10,2020,October,Thursday,0
2020-10-02,20.8,22.6,0.0,22:20,NNW,24.0,37.0,1016.7,54.0,44.0,Weather archive 2015-2026,2,10,2020,October,Friday,0
2020-10-03,14.8,26.3,0.0,21:00,SSW,15.0,30.0,1016.1,87.0,32.0,Weather archive 2015-2026,3,10,2020,October,Saturday,0
2020-10-04,12.8,14.3,2.2,22:30,SSW,19.0,30.0,1013.2,100.0,96.0,Weather archive 2015-2026,4,10,2020,October,Sunday,1
2020-10-05,9.5,11.9,1.0,20:30,SSE,11.0,17.0,1025.7,95.0,74.0,Weather archive 2015-2026,5,10,2020,October,Monday,1
2020-10-06,10.8,12.1,3.0,20:30,S,9.0,20.0,1023.3,100.0,100.0,Weather archive 2015-2026,6,10,2020,October,Tuesday,1
2020-10-07,13.2,13.8,1.6,19:30,WNW,7.0,11.0,1011.4,100.0,100.0,Weather archive 2015-2026,7,10,2020,October,Wednesday,1
2020-10-08,13.3,15.0,0.8,22:30,WNW,24.0,41.0,1007.8,81.0,63.0,Weather archive 2015-2026,8,10,2020,October,Thursday,1
2020-10-09,11.1,14.7,0.0,19:00,WSW,15.0,28.0,1019.7,75.0,58.0,Weather archive 2015-2026,9,10,2020,October,Friday,0
2020-10-10,13.5,14.4,0.0,20:00,S,13.0,22.0,1020.8,79.0,66.0,Weather archive 2015-2026,10,10,2020,October,Saturday,0
2020-10-11,10.0,13.7,0.0,23:00,SE,6.0,13.0,1023.8,82.0,55.0,Weather archive 2015-2026,11,10,2020,October,Sunday,0
2020-10-12,19.4,22.5,0.0,19:30,N,19.0,32.0,1018.7,47.0,40.0,Weather archive 2015-2026,12,10,2020,October,Monday,0
2020-10-13,12.1,14.4,0.0,22:30,S,11.0,20.0,1025.8,94.0,72.0,Weather archive 2015-2026,13,10,2020,October,Tuesday,0
2020-10-14,16.1,18.8,0.0,22:20,NNE,13.0,15.0,1019.3,81.0,59.0,Weather archive 2015-2026,14,10,2020,October,Wednesday,0
2020-10-15,12.0,14.8,1.4,22:13,S,17.0,32.0,1018.7,100.0,85.0,Weather archive 2015-2026,15,10,2020,October,Thursday,1
2020-10-16,13.5,14.4,2.8,22:18,N,11.0,13.0,1014.3,100.0,90.0,Weather archive 2015-2026,16,10,2020,October,Friday,1
2020-10-17,13.1,15.9,0.0,22:00,S,22.0,35.0,1013.7,88.0,56.0,Weather archive 2015-2026,17,10,2020,October,Saturday,0
2020-10-18,12.6,13.0,0.0,22:00,S,13.0,20.0,1019.2,68.0,61.0,Weather archive 2015-2026,18,10,2020,October,Sunday,0
2020-10-19,9.2,13.1,0.0,22:00,SSE,13.0,17.0,1020.3,91.0,69.0,Weather archive 2015-2026,19,10,2020,October,Monday,0
2020-10-20,11.6,14.2,0.0,19:30,S,15.0,20.0,1017.9,86.0,71.0,Weather archive 2015-2026,20,10,2020,October,Tuesday,0
2020-10-21,11.3,15.1,0.0,19:30,SSE,17.0,24.0,1017.7,88.0,62.0,Weather archive 2015-2026,21,10,2020,October,Wednesday,0
2020-10-22,13.6,17.2,0.0,19:40,SSE,15.0,22.0,1013.9,90.0,66.0,Weather archive 2015-2026,22,10,2020,October,Thursday,0
2020-10-23,15.6,16.2,1.2,23:30,SSW,7.0,15.0,1004.4,100.0,100.0,Weather archive 2015-2026,23,10,2020,October,Friday,1
2020-10-24,9.7,12.3,6.2,23:40,SSW,26.0,37.0,1014.5,91.0,57.0,Weather archive 2015-2026,24,10,2020,October,Saturday,1
2020-10-25,10.6,12.5,0.0,22:00,SE,22.0,35.0,1024.4,72.0,58.0,Weather archive 2015-2026,25,10,2020,October,Sunday,0
2020-10-26,12.2,14.4,0.0,21:00,ESE,24.0,41.0,1024.5,68.0,53.0,Weather archive 2015-2026,26,10,2020,October,Monday,0
2020-10-27,13.4,16.5,0.0,19:30,ESE,24.0,39.0,1020.9,77.0,64.0,Weather archive 2015-2026,27,10,2020,October,Tuesday,0
2020-10-28,14.1,17.6,0.0,19:30,SW,7.0,15.0,1015.6,100.0,72.0,Weather archive 2015-2026,28,10,2020,October,Wednesday,0
2020-10-29,14.2,16.5,0.0,22:30,S,7.0,13.0,1011.7,91.0,69.0,Weather archive 2015-2026,29,10,2020,October,Thursday,0
2020-10-30,14.7,17.2,0.0,22:27,SSE,19.0,26.0,1012.8,89.0,82.0,Weather archive 2015-2026,30,10,2020,October,Friday,0
2020-10-31,13.2,13.9,0.0,20:30,S,17.0,26.0,1020.0,84.0,78.0,Weather archive 2015-2026,31,10,2020,October,Saturday,0
2020-11-01,11.7,14.9,0.0,19:30,SSW,15.0,24.0,1026.0,92.0,76.0,Weather archive 2015-2026,1,11,2020,November,Sunday,0
2020-11-02,17.0,24.4,0.0,19:30,WNW,2.0,7.0,1023.4,92.0,43.0,Weather archive 2015-2026,2,11,2020,November,Monday,0
2020-11-03,24.6,28.6,0.0,19:30,NNE,15.0,22.0,1014.7,45.0,31.0,Weather archive 2015-2026,3,11,2020,November,Tuesday,0
2020-11-04,12.7,14.2,1.8,0:00,S,24.0,32.0,1016.9,81.0,68.0,Weather archive 2015-2026,4,11,2020,November,Wednesday,1
2020-11-05,12.0,13.0,0.2,23:00,S,15.0,20.0,1023.8,61.0,56.0,Weather archive 2015-2026,5,11,2020,November,Thursday,1
2020-11-06,12.7,14.3,0.0,23:30,WSW,11.0,17.0,1022.6,71.0,62.0,Weather archive 2015-2026,6,11,2020,November,Friday,0
2020-11-07,11.0,13.7,0.0,19:40,S,19.0,26.0,1029.1,65.0,50.0,Weather archive 2015-2026,7,11,2020,November,Saturday,0
2020-11-08,14.2,17.9,0.0,19:30,SW,11.0,17.0,1024.4,92.0,70.0,Weather archive 2015-2026,8,11,2020,November,Sunday,0
2020-11-09,17.8,27.1,0.0,19:10,NNW,11.0,13.0,1019.6,74.0,32.0,Weather archive 2015-2026,9,11,2020,November,Monday,0
2020-11-10,24.0,30.4,0.0,19:10,NNE,17.0,22.0,1012.5,44.0,29.0,Weather archive 2015-2026,10,11,2020,November,Tuesday,0
2020-11-11,19.7,21.9,4.0,22:30,N,17.0,26.0,1005.7,85.0,64.0,Weather archive 2015-2026,11,11,2020,November,Wednesday,1
2020-11-12,18.6,21.3,0.0,19:00,NW,17.0,30.0,1005.3,60.0,47.0,Weather archive 2015-2026,12,11,2020,November,Thursday,0
2020-11-13,14.2,17.8,0.2,19:40,SSW,20.0,30.0,1008.7,95.0,68.0,Weather archive 2015-2026,13,11,2020,November,Friday,1
2020-11-14,14.5,18.7,0.0,20:10,S,15.0,19.0,1012.8,80.0,51.0,Weather archive 2015-2026,14,11,2020,November,Saturday,0
2020-11-15,29.0,31.1,0.0,0:00,N,30.0,54.0,1003.2,26.0,23.0,Weather archive 2015-2026,15,11,2020,November,Sunday,0
2020-11-16,14.2,18.0,0.0,19:10,SW,24.0,41.0,1020.2,57.0,43.0,Weather archive 2015-2026,16,11,2020,November,Monday,0
2020-11-17,14.2,18.0,0.0,21:59,SSE,13.0,20.0,1024.4,72.0,59.0,Weather archive 2015-2026,17,11,2020,November,Tuesday,0
2020-11-18,18.7,26.0,0.0,19:10,S,17.0,20.0,1018.7,54.0,26.0,Weather archive 2015-2026,18,11,2020,November,Wednesday,0
2020-11-19,25.9,33.1,0.0,19:10,N,20.0,22.0,1011.3,28.0,12.0,Weather archive 2015-2026,19,11,2020,November,Thursday,0
2020-11-20,14.6,17.6,0.0,18:50,SSW,15.0,24.0,1021.7,86.0,71.0,Weather archive 2015-2026,20,11,2020,November,Friday,0
2020-11-21,18.5,22.7,0.0,19:00,SW,7.0,9.0,1014.2,94.0,65.0,Weather archive 2015-2026,21,11,2020,November,Saturday,0
2020-11-22,18.6,20.2,11.0,0:00,NNW,17.0,28.0,1012.7,100.0,85.0,Weather archive 2015-2026,22,11,2020,November,Sunday,1
2020-11-23,15.6,16.2,6.0,20:30,SSW,20.0,28.0,1015.5,79.0,68.0,Weather archive 2015-2026,23,11,2020,November,Monday,1
2020-11-24,16.7,19.0,0.0,22:00,SE,6.0,11.0,1014.5,73.0,59.0,Weather archive 2015-2026,24,11,2020,November,Tuesday,0
2020-11-25,19.4,26.2,0.0,19:30,SSW,11.0,24.0,1011.0,78.0,48.0,Weather archive 2015-2026,25,11,2020,November,Wednesday,0
2020-11-26,13.9,18.7,0.0,22:30,SSE,15.0,24.0,1017.8,70.0,46.0,Weather archive 2015-2026,26,11,2020,November,Thursday,0
2020-11-27,23.2,32.2,0.0,22:00,SSW,13.0,17.0,1007.1,55.0,30.0,Weather archive 2015-2026,27,11,2020,November,Friday,0
2020-11-28,17.4,19.5,0.0,20:30,SSW,11.0,20.0,1004.2,85.0,76.0,Weather archive 2015-2026,28,11,2020,November,Saturday,0
2020-11-29,14.7,16.4,1.0,19:30,S,13.0,28.0,1016.9,71.0,61.0,Weather archive 2015-2026,29,11,2020,November,Sunday,1
2020-11-30,20.3,24.9,0.0,20:00,S,4.0,11.0,1007.5,81.0,55.0,Weather archive 2015-2026,30,11,2020,November,Monday,0
2020-12-01,14.8,21.7,0.2,20:00,WSW,13.0,39.0,1016.9,47.0,30.0,Weather archive 2015-2026,1,12,2020,December,Tuesday,1
2020-12-02,13.9,16.2,0.0,19:30,S,15.0,24.0,1025.5,59.0,54.0,Weather archive 2015-2026,2,12,2020,December,Wednesday,0
2020-12-03,13.7,20.6,0.0,20:00,SSE,11.0,20.0,1017.7,72.0,49.0,Weather archive 2015-2026,3,12,2020,December,Thursday,0
2020-12-04,15.3,20.2,0.0,22:00,SE,13.0,17.0,1014.2,78.0,56.0,Weather archive 2015-2026,4,12,2020,December,Friday,0
2020-12-05,16.1,22.2,1.4,22:00,WNW,24.0,39.0,998.3,60.0,43.0,Weather archive 2015-2026,5,12,2020,December,Saturday,1
2020-12-06,16.6,19.0,1.4,21:00,NW,15.0,32.0,1001.6,50.0,45.0,Weather archive 2015-2026,6,12,2020,December,Sunday,1
2020-12-07,11.3,13.7,5.0,20:00,W,19.0,32.0,1012.5,87.0,60.0,Weather archive 2015-2026,7,12,2020,December,Monday,1
2020-12-08,14.9,16.2,0.0,19:30,S,11.0,24.0,1020.2,66.0,54.0,Weather archive 2015-2026,8,12,2020,December,Tuesday,0
2020-12-09,16.1,18.2,0.2,22:10,S,17.0,24.0,1019.8,76.0,69.0,Weather archive 2015-2026,9,12,2020,December,Wednesday,1
2020-12-10,12.6,15.8,0.0,20:00,S,22.0,35.0,1029.2,66.0,51.0,Weather archive 2015-2026,10,12,2020,December,Thursday,0
2020-12-11,15.5,21.1,0.0,22:00,SE,13.0,26.0,1026.1,60.0,37.0,Weather archive 2015-2026,11,12,2020,December,Friday,0
2020-12-12,18.3,26.5,0.0,19:30,SSE,13.0,26.0,1022.0,75.0,37.0,Weather archive 2015-2026,12,12,2020,December,Saturday,0
2020-12-13,20.3,29.3,0.0,20:30,SSE,13.0,26.0,1017.3,77.0,28.0,Weather archive 2015-2026,13,12,2020,December,Sunday,0
2020-12-14,23.4,32.9,0.0,19:30,NNW,13.0,19.0,1012.2,52.0,23.0,Weather archive 2015-2026,14,12,2020,December,Monday,0
2020-12-15,17.1,18.6,0.0,20:00,SSW,17.0,28.0,1016.6,88.0,83.0,Weather archive 2015-2026,15,12,2020,December,Tuesday,0
2020-12-16,18.1,21.2,0.0,21:00,SSE,22.0,39.0,1011.2,76.0,65.0,Weather archive 2015-2026,16,12,2020,December,Wednesday,0
2020-12-17,17.3,18.6,4.0,23:40,WSW,19.0,32.0,1007.4,94.0,72.0,Weather archive 2015-2026,17,12,2020,December,Thursday,1
2020-12-18,13.3,17.2,0.2,19:00,SSE,17.0,26.0,1017.9,65.0,47.0,Weather archive 2015-2026,18,12,2020,December,Friday,1
2020-12-19,13.5,16.6,0.0,20:20,S,17.0,24.0,1019.0,60.0,49.0,Weather archive 2015-2026,19,12,2020,December,Saturday,0
2020-12-20,13.4,18.1,0.0,20:30,SSE,15.0,30.0,1014.3,76.0,50.0,Weather archive 2015-2026,20,12,2020,December,Sunday,0
2020-12-21,15.9,17.5,1.6,21:30,W,7.0,17.0,1005.9,100.0,94.0,Weather archive 2015-2026,21,12,2020,December,Monday,1
2020-12-22,15.2,16.1,6.0,20:00,SSW,33.0,50.0,1014.2,94.0,76.0,Weather archive 2015-2026,22,12,2020,December,Tuesday,1
2020-12-23,16.2,17.0,0.0,21:30,SSE,13.0,19.0,1019.8,72.0,66.0,Weather archive 2015-2026,23,12,2020,December,Wednesday,0
2020-12-24,14.8,16.3,0.0,20:40,S,22.0,32.0,1021.9,59.0,51.0,Weather archive 2015-2026,24,12,2020,December,Thursday,0
2020-12-25,13.7,17.1,0.0,19:30,SSW,19.0,32.0,1019.7,84.0,57.0,Weather archive 2015-2026,25,12,2020,December,Friday,0
2020-12-26,18.0,25.9,0.0,20:30,SSE,11.0,17.0,1010.3,80.0,43.0,Weather archive 2015-2026,26,12,2020,December,Saturday,0
2020-12-27,12.6,15.2,3.2,22:30,SSW,22.0,39.0,1011.6,98.0,67.0,Weather archive 2015-2026,27,12,2020,December,Sunday,1
2020-12-28,13.0,16.4,0.0,21:30,SSE,11.0,22.0,1016.0,57.0,43.0,Weather archive 2015-2026,28,12,2020,December,Monday,0
2020-12-29,16.0,20.8,0.0,20:30,SSE,13.0,26.0,1019.1,80.0,46.0,Weather archive 2015-2026,29,12,2020,December,Tuesday,0
2020-12-30,16.5,18.9,0.0,21:30,S,17.0,26.0,1019.8,81.0,69.0,Weather archive 2015-2026,30,12,2020,December,Wednesday,0
2020-12-31,18.3,21.1,0.0,22:00,SE,13.0,20.0,1018.2,87.0,69.0,Weather archive 2015-2026,31,12,2020,December,Thursday,0
2021-01-01,21.2,28.0,0.0,19:30,NNE,17.0,26.0,1014.2,67.0,37.0,Weather archive 2015-2026,1,1,2021,January,Friday,0
2021-01-02,18.5,19.9,9.4,19:30,SSE,11.0,19.0,1009.2,98.0,89.0,Weather archive 2015-2026,2,1,2021,January,Saturday,1
2021-01-03,16.6,19.3,2.4,19:30,SW,13.0,28.0,1007.4,88.0,75.0,Weather archive 2015-2026,3,1,2021,January,Sunday,1
2021-01-04,16.0,17.1,6.0,20:00,S,17.0,33.0,1011.8,100.0,80.0,Weather archive 2015-2026,4,1,2021,January,Monday,1
2021-01-05,16.8,18.4,0.4,20:00,S,20.0,30.0,1016.4,82.0,78.0,Weather archive 2015-2026,5,1,2021,January,Tuesday,1
2021-01-06,16.6,17.7,0.0,20:10,SSE,13.0,22.0,1022.1,77.0,69.0,Weather archive 2015-2026,6,1,2021,January,Wednesday,0
2021-01-07,18.1,23.9,0.0,21:00,SE,20.0,35.0,1023.9,61.0,40.0,Weather archive 2015-2026,7,1,2021,January,Thursday,0
2021-01-08,18.7,22.8,0.0,18:40,SSW,20.0,26.0,1022.5,84.0,60.0,Weather archive 2015-2026,8,1,2021,January,Friday,0
2021-01-09,18.8,24.0,0.0,21:30,SSE,11.0,17.0,1020.4,82.0,49.0,Weather archive 2015-2026,9,1,2021,January,Saturday,0
2021-01-10,23.1,30.3,0.0,21:00,SSE,6.0,11.0,1013.9,72.0,34.0,Weather archive 2015-2026,10,1,2021,January,Sunday,0
2021-01-11,23.1,34.7,0.0,23:00,SSW,22.0,33.0,1008.5,60.0,18.0,Weather archive 2015-2026,11,1,2021,January,Monday,0
2021-01-12,15.2,19.5,0.0,20:00,S,13.0,24.0,1016.7,71.0,55.0,Weather archive 2015-2026,12,1,2021,January,Tuesday,0
2021-01-13,19.0,25.7,0.0,23:00,WSW,17.0,41.0,1012.2,75.0,47.0,Weather archive 2015-2026,13,1,2021,January,Wednesday,0
2021-01-14,16.9,20.6,0.0,21:00,S,13.0,26.0,1012.9,75.0,56.0,Weather archive 2015-2026,14,1,2021,January,Thursday,0
2021-01-15,11.1,17.2,2.6,21:30,W,17.0,39.0,1011.8,87.0,44.0,Weather archive 2015-2026,15,1,2021,January,Friday,1
2021-01-16,15.2,18.3,0.0,20:00,SW,15.0,30.0,1016.1,73.0,55.0,Weather archive 2015-2026,16,1,2021,January,Saturday,0
2021-01-17,15.5,17.4,0.0,21:30,S,15.0,28.0,1018.7,72.0,61.0,Weather archive 2015-2026,17,1,2021,January,Sunday,0
2021-01-18,15.7,18.1,0.0,21:50,SSW,22.0,35.0,1019.3,79.0,68.0,Weather archive 2015-2026,18,1,2021,January,Monday,0
2021-01-19,13.5,16.7,0.0,21:30,SSE,15.0,26.0,1024.8,62.0,49.0,Weather archive 2015-2026,19,1,2021,January,Tuesday,0
2021-01-20,16.0,21.2,0.0,20:00,SSW,15.0,22.0,1019.0,81.0,57.0,Weather archive 2015-2026,20,1,2021,January,Wednesday,0
2021-01-21,20.2,30.3,0.0,23:30,WSW,9.0,19.0,1008.8,76.0,27.0,Weather archive 2015-2026,21,1,2021,January,Thursday,0
2021-01-22,17.9,19.7,0.0,19:00,SSW,15.0,30.0,1013.0,80.0,69.0,Weather archive 2015-2026,22,1,2021,January,Friday,0
2021-01-23,19.3,26.6,0.0,21:00,SSW,15.0,22.0,1012.5,83.0,49.0,Weather archive 2015-2026,23,1,2021,January,Saturday,0
2021-01-24,27.4,37.4,0.0,19:30,E,6.0,15.0,1004.1,47.0,21.0,Weather archive 2015-2026,24,1,2021,January,Sunday,0
2021-01-25,20.7,22.2,0.0,21:30,SSW,13.0,24.0,1001.1,84.0,73.0,Weather archive 2015-2026,25,1,2021,January,Monday,0
2021-01-26,15.7,18.8,0.4,19:00,SSW,19.0,32.0,1012.6,70.0,62.0,Weather archive 2015-2026,26,1,2021,January,Tuesday,1
2021-01-27,18.5,24.4,0.0,20:00,SE,20.0,37.0,1015.2,69.0,40.0,Weather archive 2015-2026,27,1,2021,January,Wednesday,0
2021-01-28,20.1,24.2,0.0,21:50,ESE,13.0,19.0,1015.1,65.0,53.0,Weather archive 2015-2026,28,1,2021,January,Thursday,0
2021-01-29,21.1,21.6,43.0,21:50,N,15.0,17.0,1008.3,94.0,85.0,Weather archive 2015-2026,29,1,2021,January,Friday,1
2021-01-30,17.2,17.8,0.0,19:30,S,22.0,32.0,1016.9,73.0,66.0,Weather archive 2015-2026,30,1,2021,January,Saturday,0
2021-01-31,15.5,19.9,0.0,21:00,SSE,15.0,24.0,1016.6,77.0,55.0,Weather archive 2015-2026,31,1,2021,January,Sunday,0
2021-02-01,16.5,17.9,0.0,21:20,SSW,20.0,30.0,1015.2,71.0,60.0,Weather archive 2015-2026,1,2,2021,February,Monday,0
2021-02-02,16.3,17.2,0.0,22:00,SSE,17.0,24.0,1018.8,61.0,56.0,Weather archive 2015-2026,2,2,2021,February,Tuesday,0
2021-02-03,16.4,23.1,0.0,21:00,SE,13.0,22.0,1008.7,69.0,47.0,Weather archive 2015-2026,3,2,2021,February,Wednesday,0
2021-02-04,24.3,29.6,0.0,19:40,ENE,7.0,13.0,1001.8,54.0,32.0,Weather archive 2015-2026,4,2,2021,February,Thursday,0
2021-02-05,17.0,20.1,1.6,20:30,SSW,13.0,22.0,997.6,92.0,83.0,Weather archive 2015-2026,5,2,2021,February,Friday,1
2021-02-06,18.7,20.9,0.2,0:00,W,17.0,26.0,1005.7,74.0,59.0,Weather archive 2015-2026,6,2,2021,February,Saturday,1
2021-02-07,15.7,16.9,0.4,19:00,S,19.0,28.0,1016.1,64.0,56.0,Weather archive 2015-2026,7,2,2021,February,Sunday,1
2021-02-08,15.4,17.4,0.0,22:30,SSE,15.0,20.0,1019.1,70.0,60.0,Weather archive 2015-2026,8,2,2021,February,Monday,0
2021-02-09,17.3,23.5,0.0,19:40,SE,20.0,28.0,1014.7,75.0,51.0,Weather archive 2015-2026,9,2,2021,February,Tuesday,0
2021-02-10,21.1,27.4,0.0,21:30,SE,9.0,17.0,1010.6,76.0,48.0,Weather archive 2015-2026,10,2,2021,February,Wednesday,0
2021-02-11,23.0,31.5,0.2,19:00,NNE,20.0,35.0,1004.4,84.0,30.0,Weather archive 2015-2026,11,2,2021,February,Thursday,1
2021-02-12,18.3,20.4,0.0,20:00,S,19.0,28.0,1010.0,68.0,51.0,Weather archive 2015-2026,12,2,2021,February,Friday,0
2021-02-13,16.7,18.4,0.0,20:00,S,15.0,28.0,1017.9,66.0,56.0,Weather archive 2015-2026,13,2,2021,February,Saturday,0
2021-02-14,15.1,18.2,0.0,20:00,S,17.0,26.0,1021.3,73.0,61.0,Weather archive 2015-2026,14,2,2021,February,Sunday,0
2021-02-15,18.8,22.3,0.0,20:00,SSW,11.0,19.0,1019.7,75.0,57.0,Weather archive 2015-2026,15,2,2021,February,Monday,0
2021-02-16,22.2,28.4,0.0,19:30,ESE,13.0,24.0,1020.0,59.0,41.0,Weather archive 2015-2026,16,2,2021,February,Tuesday,0
2021-02-17,20.7,25.8,0.0,22:00,ESE,9.0,15.0,1020.4,77.0,51.0,Weather archive 2015-2026,17,2,2021,February,Wednesday,0
2021-02-18,24.1,28.8,0.0,20:30,SE,13.0,24.0,1018.2,56.0,41.0,Weather archive 2015-2026,18,2,2021,February,Thursday,0
2021-02-19,26.4,32.0,0.0,19:30,N,19.0,28.0,1012.1,40.0,28.0,Weather archive 2015-2026,19,2,2021,February,Friday,0
2021-02-20,19.2,20.1,0.0,19:30,SSW,17.0,30.0,1012.6,83.0,79.0,Weather archive 2015-2026,20,2,2021,February,Saturday,0
2021-02-21,17.7,18.4,0.0,22:00,S,11.0,20.0,1012.3,72.0,65.0,Weather archive 2015-2026,21,2,2021,February,Sunday,0
2021-02-22,15.8,17.2,0.0,21:30,SSW,22.0,35.0,1016.4,59.0,49.0,Weather archive 2015-2026,22,2,2021,February,Monday,0
2021-02-23,13.9,17.3,0.0,20:40,SSE,17.0,24.0,1020.9,62.0,50.0,Weather archive 2015-2026,23,2,2021,February,Tuesday,0
2021-02-24,14.9,18.4,0.0,20:00,S,13.0,24.0,1016.3,61.0,52.0,Weather archive 2015-2026,24,2,2021,February,Wednesday,0
2021-02-25,15.2,19.2,0.4,19:30,SSW,24.0,35.0,1012.8,90.0,60.0,Weather archive 2015-2026,25,2,2021,February,Thursday,1
2021-02-26,14.0,17.7,0.0,20:00,S,11.0,26.0,1015.1,70.0,53.0,Weather archive 2015-2026,26,2,2021,February,Friday,0
2021-02-27,13.4,17.5,0.0,19:30,S,7.0,15.0,1014.0,93.0,66.0,Weather archive 2015-2026,27,2,2021,February,Saturday,0
2021-02-28,19.3,25.8,0.0,20:00,SE,13.0,24.0,1009.8,79.0,38.0,Weather archive 2015-2026,28,2,2021,February,Sunday,0
2021-03-01,15.0,17.0,0.0,21:30,SSW,24.0,37.0,1016.5,64.0,48.0,Weather archive 2015-2026,1,3,2021,March,Monday,0
2021-03-02,14.8,15.5,0.0,20:30,SSW,17.0,30.0,1019.8,59.0,54.0,Weather archive 2015-2026,2,3,2021,March,Tuesday,0
2021-03-03,15.2,15.9,0.0,19:40,SE,15.0,24.0,1019.8,67.0,54.0,Weather archive 2015-2026,3,3,2021,March,Wednesday,0
2021-03-04,15.9,19.8,1.4,22:30,WSW,17.0,33.0,1014.4,93.0,62.0,Weather archive 2015-2026,4,3,2021,March,Thursday,1
2021-03-05,15.0,15.9,0.0,21:00,S,17.0,33.0,1016.5,63.0,57.0,Weather archive 2015-2026,5,3,2021,March,Friday,0
2021-03-06,13.9,17.2,0.0,19:20,SSW,15.0,19.0,1013.8,89.0,69.0,Weather archive 2015-2026,6,3,2021,March,Saturday,0
2021-03-07,18.3,21.4,0.0,19:30,SSW,15.0,26.0,1010.1,80.0,57.0,Weather archive 2015-2026,7,3,2021,March,Sunday,0
2021-03-08,14.6,16.6,2.6,23:20,SSW,15.0,28.0,1014.0,98.0,86.0,Weather archive 2015-2026,8,3,2021,March,Monday,1
2021-03-09,16.0,17.0,0.2,19:30,SSW,11.0,22.0,1020.8,70.0,63.0,Weather archive 2015-2026,9,3,2021,March,Tuesday,1
2021-03-10,14.5,18.9,0.0,20:30,SSE,13.0,19.0,1019.6,88.0,62.0,Weather archive 2015-2026,10,3,2021,March,Wednesday,0
2021-03-11,18.4,19.5,0.0,19:30,SW,11.0,17.0,1018.7,90.0,83.0,Weather archive 2015-2026,11,3,2021,March,Thursday,0
2021-03-12,22.0,29.3,0.0,19:00,N,9.0,15.0,1011.2,57.0,35.0,Weather archive 2015-2026,12,3,2021,March,Friday,0
2021-03-13,14.4,15.7,15.8,21:30,SW,15.0,35.0,1017.6,93.0,61.0,Weather archive 2015-2026,13,3,2021,March,Saturday,1
2021-03-14,12.9,15.4,0.0,21:50,SE,13.0,15.0,1024.0,68.0,49.0,Weather archive 2015-2026,14,3,2021,March,Sunday,0
2021-03-15,15.9,18.8,0.0,23:30,S,13.0,24.0,1025.4,91.0,68.0,Weather archive 2015-2026,15,3,2021,March,Monday,0
2021-03-16,15.9,19.7,0.0,20:00,SW,11.0,17.0,1024.1,91.0,75.0,Weather archive 2015-2026,16,3,2021,March,Tuesday,0
2021-03-17,17.3,24.4,0.0,21:30,ESE,11.0,20.0,1023.6,75.0,45.0,Weather archive 2015-2026,17,3,2021,March,Wednesday,0
2021-03-18,17.0,20.6,0.0,22:30,S,2.0,9.0,1024.7,88.0,78.0,Weather archive 2015-2026,18,3,2021,March,Thursday,0
2021-03-19,18.8,24.2,0.0,20:30,ESE,19.0,32.0,1025.6,73.0,49.0,Weather archive 2015-2026,19,3,2021,March,Friday,0
2021-03-20,19.3,21.0,0.0,20:50,ESE,20.0,24.0,1024.4,71.0,59.0,Weather archive 2015-2026,20,3,2021,March,Saturday,0
2021-03-21,17.7,19.7,5.4,,N,0.0,0.0,1020.4,100.0,98.0,Weather archive 2015-2026,21,3,2021,March,Sunday,1
2021-03-22,18.3,19.7,9.6,23:30,W,7.0,11.0,1015.0,100.0,98.0,Weather archive 2015-2026,22,3,2021,March,Monday,1
2021-03-23,18.5,19.2,0.0,21:30,SW,11.0,13.0,1001.9,93.0,87.0,Weather archive 2015-2026,23,3,2021,March,Tuesday,0
2021-03-24,16.6,18.6,2.6,19:30,S,13.0,26.0,1002.7,98.0,73.0,Weather archive 2015-2026,24,3,2021,March,Wednesday,1
2021-03-25,15.5,17.9,0.2,22:00,W,11.0,20.0,1012.3,83.0,57.0,Weather archive 2015-2026,25,3,2021,March,Thursday,1
2021-03-26,17.3,20.0,0.0,19:00,NNW,15.0,20.0,1011.3,62.0,48.0,Weather archive 2015-2026,26,3,2021,March,Friday,0
2021-03-27,14.6,17.3,0.0,23:40,WSW,9.0,13.0,1015.9,86.0,54.0,Weather archive 2015-2026,27,3,2021,March,Saturday,0
2021-03-28,15.1,17.7,0.0,20:00,W,7.0,13.0,1021.2,85.0,64.0,Weather archive 2015-2026,28,3,2021,March,Sunday,0
2021-03-29,11.0,17.9,1.0,15:30,SSW,20.0,35.0,1026.6,100.0,52.0,Weather archive 2015-2026,29,3,2021,March,Monday,1
2021-03-30,9.9,18.6,0.0,16:00,SW,15.0,24.0,1027.6,98.0,57.0,Weather archive 2015-2026,30,3,2021,March,Tuesday,0
2021-03-31,12.4,22.6,0.0,17:30,SSW,13.0,17.0,1026.9,100.0,50.0,Weather archive 2015-2026,31,3,2021,March,Wednesday,0
2021-04-01,12.9,29.5,0.0,16:30,SSW,11.0,19.0,1025.0,100.0,28.0,Weather archive 2015-2026,1,4,2021,April,Thursday,0
2021-04-02,13.6,30.3,0.0,16:30,SSW,11.0,15.0,1026.5,91.0,27.0,Weather archive 2015-2026,2,4,2021,April,Friday,0
2021-04-03,17.2,31.6,0.0,16:00,NNW,28.0,35.0,1022.6,70.0,29.0,Weather archive 2015-2026,3,4,2021,April,Saturday,0
2021-04-04,15.3,21.2,0.0,14:40,SSW,24.0,35.0,1021.2,91.0,47.0,Weather archive 2015-2026,4,4,2021,April,Sunday,0
2021-04-05,13.1,18.9,0.0,17:40,S,20.0,28.0,1023.6,82.0,53.0,Weather archive 2015-2026,5,4,2021,April,Monday,0
2021-04-06,13.0,20.0,0.0,14:00,SSW,20.0,26.0,1023.7,88.0,58.0,Weather archive 2015-2026,6,4,2021,April,Tuesday,0
2021-04-07,15.0,23.0,0.0,17:00,SSW,13.0,20.0,1020.8,97.0,58.0,Weather archive 2015-2026,7,4,2021,April,Wednesday,0
2021-04-08,15.4,29.0,0.0,14:00,NNW,28.0,41.0,1014.5,100.0,22.0,Weather archive 2015-2026,8,4,2021,April,Thursday,0
2021-04-09,13.9,25.6,,14:30,S,20.0,33.0,1010.1,98.0,26.0,Weather archive 2015-2026,9,4,2021,April,Friday,0
2021-04-10,8.1,17.7,,14:50,WSW,30.0,39.0,1010.8,78.0,39.0,Weather archive 2015-2026,10,4,2021,April,Saturday,0
2021-04-11,8.2,14.4,,13:40,SSW,30.0,48.0,1021.3,92.0,51.0,Weather archive 2015-2026,11,4,2021,April,Sunday,0
2021-04-12,10.3,16.6,,14:20,S,17.0,24.0,1023.7,99.0,63.0,Weather archive 2015-2026,12,4,2021,April,Monday,0
2021-04-13,7.8,19.6,0.6,14:30,N,37.0,52.0,1020.9,100.0,33.0,Weather archive 2015-2026,13,4,2021,April,Tuesday,1
2021-04-14,14.3,20.8,0.0,6:00,SW,22.0,32.0,1015.7,69.0,45.0,Weather archive 2015-2026,14,4,2021,April,Wednesday,0
2021-04-15,13.0,19.9,1.0,14:30,WSW,17.0,39.0,1019.9,86.0,40.0,Weather archive 2015-2026,15,4,2021,April,Thursday,1
2021-04-16,11.6,14.9,1.0,15:30,SSW,13.0,24.0,1025.1,78.0,50.0,Weather archive 2015-2026,16,4,2021,April,Friday,1
2021-04-17,12.6,17.3,0.0,15:00,S,13.0,22.0,1025.7,76.0,43.0,Weather archive 2015-2026,17,4,2021,April,Saturday,0
2021-04-18,13.6,18.7,0.0,11:20,NNW,17.0,20.0,1023.9,79.0,55.0,Weather archive 2015-2026,18,4,2021,April,Sunday,0
2021-04-19,12.0,20.1,0.0,13:30,NNW,17.0,30.0,1019.6,95.0,41.0,Weather archive 2015-2026,19,4,2021,April,Monday,0
2021-04-20,9.8,18.7,10.4,19:10,SSW,22.0,35.0,1016.2,91.0,43.0,Weather archive 2015-2026,20,4,2021,April,Tuesday,1
2021-04-21,7.2,14.6,10.4,11:30,SSW,15.0,30.0,1019.2,87.0,44.0,Weather archive 2015-2026,21,4,2021,April,Wednesday,1
2021-04-22,11.4,16.9,0.0,16:30,WSW,17.0,28.0,1015.7,83.0,46.0,Weather archive 2015-2026,22,4,2021,April,Thursday,0
2021-04-23,12.2,16.6,0.4,12:00,SSW,20.0,32.0,1022.0,89.0,50.0,Weather archive 2015-2026,23,4,2021,April,Friday,1
2021-04-24,10.0,18.0,2.6,16:00,SSW,17.0,30.0,1025.3,100.0,47.0,Weather archive 2015-2026,24,4,2021,April,Saturday,1
2021-04-25,10.0,16.1,1.2,19:10,SSW,17.0,24.0,1027.2,100.0,66.0,Weather archive 2015-2026,25,4,2021,April,Sunday,1
2021-04-26,10.9,17.6,0.6,10:50,SSW,17.0,20.0,1028.1,100.0,57.0,Weather archive 2015-2026,26,4,2021,April,Monday,1
2021-04-27,9.3,16.5,0.6,16:00,SSW,13.0,19.0,1029.5,100.0,67.0,Weather archive 2015-2026,27,4,2021,April,Tuesday,1
2021-04-28,7.5,16.7,0.4,16:00,SSW,17.0,20.0,1026.5,100.0,63.0,Weather archive 2015-2026,28,4,2021,April,Wednesday,1
2021-04-29,8.2,18.2,0.0,16:00,SSW,15.0,20.0,1026.2,100.0,62.0,Weather archive 2015-2026,29,4,2021,April,Thursday,0
2021-04-30,9.7,24.3,0.0,14:20,NNE,19.0,30.0,1027.0,100.0,31.0,Weather archive 2015-2026,30,4,2021,April,Friday,0
2021-05-01,11.3,24.5,0.0,11:30,NNW,22.0,32.0,1027.3,78.0,35.0,Weather archive 2015-2026,1,5,2021,May,Saturday,0
2021-05-02,14.0,25.9,0.0,14:30,N,26.0,37.0,1024.1,73.0,33.0,Weather archive 2015-2026,2,5,2021,May,Sunday,0
2021-05-03,12.5,17.8,11.4,15:30,S,17.0,22.0,1022.2,100.0,67.0,Weather archive 2015-2026,3,5,2021,May,Monday,1
2021-05-04,7.2,16.9,30.8,16:00,S,22.0,35.0,1026.2,100.0,50.0,Weather archive 2015-2026,4,5,2021,May,Tuesday,1
2021-05-05,7.2,17.0,0.0,20:40,SSE,19.0,20.0,1026.2,100.0,52.0,Weather archive 2015-2026,5,5,2021,May,Wednesday,0
2021-05-06,7.7,21.6,0.2,0:30,WNW,15.0,20.0,1022.2,100.0,55.0,Weather archive 2015-2026,6,5,2021,May,Thursday,1
2021-05-07,10.6,21.5,0.2,13:30,S,11.0,13.0,1015.7,100.0,30.0,Weather archive 2015-2026,7,5,2021,May,Friday,1
2021-05-08,9.9,19.3,0.4,17:00,WSW,15.0,24.0,1017.9,100.0,54.0,Weather archive 2015-2026,8,5,2021,May,Saturday,1
2021-05-09,11.0,20.3,0.4,12:30,NNW,19.0,26.0,1018.4,100.0,41.0,Weather archive 2015-2026,9,5,2021,May,Sunday,1
2021-05-10,10.7,16.6,15.4,0:00,S,22.0,41.0,1013.9,100.0,63.0,Weather archive 2015-2026,10,5,2021,May,Monday,1
2021-05-11,10.3,16.1,0.8,19:00,SE,24.0,37.0,1026.4,100.0,68.0,Weather archive 2015-2026,11,5,2021,May,Tuesday,1
2021-05-12,7.3,18.0,0.8,3:30,SSE,17.0,20.0,1026.3,100.0,51.0,Weather archive 2015-2026,12,5,2021,May,Wednesday,1
2021-05-13,8.2,17.2,4.2,12:00,N,20.0,39.0,1017.2,96.0,49.0,Weather archive 2015-2026,13,5,2021,May,Thursday,1
2021-05-14,8.0,14.7,0.0,13:00,WNW,20.0,33.0,1015.0,76.0,51.0,Weather archive 2015-2026,14,5,2021,May,Friday,0
2021-05-15,7.3,12.6,7.4,4:30,SSW,24.0,54.0,1023.5,87.0,50.0,Weather archive 2015-2026,15,5,2021,May,Saturday,1
2021-05-16,9.1,14.9,0.2,16:00,WNW,19.0,32.0,1022.8,87.0,54.0,Weather archive 2015-2026,16,5,2021,May,Sunday,1
2021-05-17,10.0,14.7,0.4,15:00,SSW,15.0,26.0,1028.4,91.0,52.0,Weather archive 2015-2026,17,5,2021,May,Monday,1
2021-05-18,10.1,15.8,0.0,11:50,N,19.0,20.0,1029.1,78.0,56.0,Weather archive 2015-2026,18,5,2021,May,Tuesday,0
2021-05-19,10.0,18.4,0.0,0:00,N,22.0,32.0,1027.9,82.0,45.0,Weather archive 2015-2026,19,5,2021,May,Wednesday,0
2021-05-20,10.2,16.9,0.0,1:00,N,26.0,35.0,1031.4,90.0,43.0,Weather archive 2015-2026,20,5,2021,May,Thursday,0
2021-05-21,6.2,17.6,0.0,14:00,S,11.0,17.0,1032.0,100.0,42.0,Weather archive 2015-2026,21,5,2021,May,Friday,0
2021-05-22,3.6,19.0,0.0,14:00,N,24.0,30.0,1027.9,91.0,35.0,Weather archive 2015-2026,22,5,2021,May,Saturday,0
2021-05-23,6.1,20.1,0.0,13:50,NNE,17.0,24.0,1027.6,92.0,39.0,Weather archive 2015-2026,23,5,2021,May,Sunday,0
2021-05-24,7.1,19.7,0.0,16:00,NNE,17.0,26.0,1027.4,98.0,45.0,Weather archive 2015-2026,24,5,2021,May,Monday,0
2021-05-25,12.3,20.4,5.0,13:00,N,35.0,50.0,1019.2,90.0,45.0,Weather archive 2015-2026,25,5,2021,May,Tuesday,1
2021-05-26,10.2,14.6,5.0,5:00,NW,19.0,35.0,1023.5,72.0,52.0,Weather archive 2015-2026,26,5,2021,May,Wednesday,1
2021-05-27,10.2,14.7,0.4,15:30,WSW,19.0,33.0,1027.9,95.0,65.0,Weather archive 2015-2026,27,5,2021,May,Thursday,1
2021-05-28,11.1,13.5,0.4,12:30,S,22.0,33.0,1034.4,69.0,47.0,Weather archive 2015-2026,28,5,2021,May,Friday,1
2021-05-29,5.5,13.1,0.0,18:30,SE,11.0,15.0,1034.4,96.0,55.0,Weather archive 2015-2026,29,5,2021,May,Saturday,0
2021-05-30,1.8,14.1,0.0,15:10,SW,9.0,11.0,1031.7,99.0,48.0,Weather archive 2015-2026,30,5,2021,May,Sunday,0
2021-05-31,3.2,15.7,0.0,13:50,N,24.0,28.0,1025.9,92.0,47.0,Weather archive 2015-2026,31,5,2021,May,Monday,0
2021-06-01,8.6,15.5,0.0,12:00,N,26.0,37.0,1021.5,67.0,48.0,Weather archive 2015-2026,1,6,2021,June,Tuesday,0
2021-06-02,10.3,19.4,0.0,13:10,NNW,20.0,30.0,1018.8,72.0,42.0,Weather archive 2015-2026,2,6,2021,June,Wednesday,0
2021-06-03,10.1,16.8,0.2,5:30,WSW,11.0,26.0,1015.1,100.0,61.0,Weather archive 2015-2026,3,6,2021,June,Thursday,1
2021-06-04,4.0,12.8,2.0,12:30,S,19.0,37.0,1022.1,100.0,46.0,Weather archive 2015-2026,4,6,2021,June,Friday,1
2021-06-05,4.0,12.7,0.0,15:00,N,26.0,44.0,1021.7,85.0,52.0,Weather archive 2015-2026,5,6,2021,June,Saturday,0
2021-06-06,10.4,14.5,0.0,11:00,N,28.0,37.0,1022.5,87.0,71.0,Weather archive 2015-2026,6,6,2021,June,Sunday,0
2021-06-07,11.2,17.0,0.0,12:30,N,41.0,50.0,1018.8,78.0,42.0,Weather archive 2015-2026,7,6,2021,June,Monday,0
2021-06-08,8.8,12.9,2.8,0:40,N,28.0,37.0,1007.5,91.0,65.0,Weather archive 2015-2026,8,6,2021,June,Tuesday,1
2021-06-09,7.8,13.3,11.8,9:10,SSE,39.0,65.0,1011.0,98.0,78.0,Weather archive 2015-2026,9,6,2021,June,Wednesday,1
2021-06-10,7.6,15.0,12.0,4:00,SSE,39.0,67.0,1014.0,97.0,70.0,Weather archive 2015-2026,10,6,2021,June,Thursday,1
2021-06-11,6.9,14.8,2.4,0:00,WNW,11.0,20.0,1016.7,100.0,79.0,Weather archive 2015-2026,11,6,2021,June,Friday,1
2021-06-12,11.3,16.2,9.4,11:30,W,17.0,28.0,1017.7,100.0,57.0,Weather archive 2015-2026,12,6,2021,June,Saturday,1
2021-06-13,9.9,15.3,0.0,10:50,NW,15.0,17.0,1019.1,99.0,63.0,Weather archive 2015-2026,13,6,2021,June,Sunday,0
2021-06-14,9.8,16.2,0.0,13:30,N,17.0,22.0,1018.1,97.0,54.0,Weather archive 2015-2026,14,6,2021,June,Monday,0
2021-06-15,7.0,15.9,0.0,13:30,N,17.0,24.0,1017.5,97.0,55.0,Weather archive 2015-2026,15,6,2021,June,Tuesday,0
2021-06-16,9.0,15.6,1.8,13:00,N,24.0,41.0,1014.0,96.0,55.0,Weather archive 2015-2026,16,6,2021,June,Wednesday,1
2021-06-17,7.9,12.9,0.8,11:30,NNW,13.0,20.0,1010.9,94.0,65.0,Weather archive 2015-2026,17,6,2021,June,Thursday,1
2021-06-18,6.3,13.1,1.8,13:40,SSW,19.0,26.0,1020.0,100.0,89.0,Weather archive 2015-2026,18,6,2021,June,Friday,1
2021-06-19,8.1,15.9,2.2,14:20,SSW,20.0,28.0,1027.5,100.0,56.0,Weather archive 2015-2026,19,6,2021,June,Saturday,1
2021-06-20,5.4,14.3,0.0,0:00,NNE,11.0,15.0,1027.4,100.0,64.0,Weather archive 2015-2026,20,6,2021,June,Sunday,0
2021-06-21,4.0,15.2,0.2,12:30,N,17.0,26.0,1028.9,100.0,51.0,Weather archive 2015-2026,21,6,2021,June,Monday,1
2021-06-22,3.7,15.9,0.0,14:00,N,22.0,28.0,1030.0,100.0,52.0,Weather archive 2015-2026,22,6,2021,June,Tuesday,0
2021-06-23,12.6,15.0,0.0,12:30,N,30.0,44.0,1022.8,85.0,55.0,Weather archive 2015-2026,23,6,2021,June,Wednesday,0
2021-06-24,10.1,16.3,0.0,23:30,N,26.0,39.0,1010.8,95.0,50.0,Weather archive 2015-2026,24,6,2021,June,Thursday,0
2021-06-25,10.5,12.9,5.2,0:00,N,22.0,33.0,1015.7,100.0,76.0,Weather archive 2015-2026,25,6,2021,June,Friday,1
2021-06-26,9.8,12.9,5.6,22:30,NNW,19.0,28.0,1021.8,94.0,50.0,Weather archive 2015-2026,26,6,2021,June,Saturday,1
2021-06-27,8.1,14.9,0.0,13:30,S,11.0,17.0,1031.3,100.0,69.0,Weather archive 2015-2026,27,6,2021,June,Sunday,0
2021-06-28,6.5,14.9,0.0,12:30,NNW,15.0,24.0,1032.9,100.0,52.0,Weather archive 2015-2026,28,6,2021,June,Monday,0
2021-06-29,4.3,16.5,0.0,14:10,N,24.0,35.0,1032.5,96.0,54.0,Weather archive 2015-2026,29,6,2021,June,Tuesday,0
2021-06-30,5.6,16.8,0.0,14:30,N,24.0,35.0,1026.9,100.0,55.0,Weather archive 2015-2026,30,6,2021,June,Wednesday,0
2021-07-01,10.6,16.9,0.0,15:20,N,28.0,35.0,1022.5,90.0,55.0,Weather archive 2015-2026,1,7,2021,July,Thursday,0
2021-07-02,8.2,14.4,6.6,15:30,N,26.0,35.0,1017.0,95.0,72.0,Weather archive 2015-2026,2,7,2021,July,Friday,1
2021-07-03,6.7,10.1,6.6,14:00,N,32.0,41.0,1016.5,82.0,59.0,Weather archive 2015-2026,3,7,2021,July,Saturday,1
2021-07-04,7.6,12.8,0.4,15:30,NW,20.0,43.0,1021.5,83.0,62.0,Weather archive 2015-2026,4,7,2021,July,Sunday,1
2021-07-05,4.6,13.0,0.4,13:00,SW,13.0,22.0,1023.5,92.0,64.0,Weather archive 2015-2026,5,7,2021,July,Monday,1
2021-07-06,7.8,12.9,0.0,18:00,N,17.0,20.0,1024.6,77.0,53.0,Weather archive 2015-2026,6,7,2021,July,Tuesday,0
2021-07-07,6.7,12.8,0.0,14:00,NNE,13.0,20.0,1026.4,80.0,45.0,Weather archive 2015-2026,7,7,2021,July,Wednesday,0
2021-07-08,4.2,12.0,0.0,14:00,NNE,13.0,20.0,1024.5,100.0,53.0,Weather archive 2015-2026,8,7,2021,July,Thursday,0
2021-07-09,2.0,11.5,0.0,15:30,SSW,11.0,15.0,1020.2,100.0,62.0,Weather archive 2015-2026,9,7,2021,July,Friday,0
2021-07-10,3.3,13.4,0.0,15:30,SSW,11.0,15.0,1026.3,100.0,69.0,Weather archive 2015-2026,10,7,2021,July,Saturday,0
2021-07-11,6.0,15.3,0.0,13:30,N,28.0,39.0,1026.3,100.0,48.0,Weather archive 2015-2026,11,7,2021,July,Sunday,0
2021-07-12,11.3,16.0,0.4,14:00,N,33.0,50.0,1019.7,84.0,43.0,Weather archive 2015-2026,12,7,2021,July,Monday,1
2021-07-13,9.4,14.1,0.4,11:30,N,28.0,37.0,1015.0,83.0,67.0,Weather archive 2015-2026,13,7,2021,July,Tuesday,1
2021-07-14,9.9,13.8,3.0,6:00,N,26.0,44.0,1006.7,95.0,63.0,Weather archive 2015-2026,14,7,2021,July,Wednesday,1
2021-07-15,11.3,16.7,3.0,15:30,N,24.0,39.0,999.8,95.0,62.0,Weather archive 2015-2026,15,7,2021,July,Thursday,1
2021-07-16,10.5,14.8,0.2,16:00,NNW,30.0,39.0,993.9,85.0,52.0,Weather archive 2015-2026,16,7,2021,July,Friday,1
2021-07-17,7.8,13.7,4.2,8:10,NNW,24.0,33.0,1008.2,96.0,60.0,Weather archive 2015-2026,17,7,2021,July,Saturday,1
2021-07-18,9.4,14.2,4.2,0:50,WNW,17.0,26.0,1017.4,89.0,59.0,Weather archive 2015-2026,18,7,2021,July,Sunday,1
2021-07-19,9.5,13.0,0.6,23:30,N,19.0,30.0,1017.1,82.0,63.0,Weather archive 2015-2026,19,7,2021,July,Monday,1
2021-07-20,6.7,11.3,10.6,17:30,SW,26.0,50.0,1017.5,95.0,58.0,Weather archive 2015-2026,20,7,2021,July,Tuesday,1
2021-07-21,6.6,13.3,10.8,1:00,W,13.0,26.0,1021.3,99.0,64.0,Weather archive 2015-2026,21,7,2021,July,Wednesday,1
2021-07-22,5.2,11.7,0.6,14:00,N,22.0,41.0,1016.9,94.0,58.0,Weather archive 2015-2026,22,7,2021,July,Thursday,1
2021-07-23,7.9,10.9,0.0,15:30,N,24.0,37.0,1008.2,80.0,62.0,Weather archive 2015-2026,23,7,2021,July,Friday,0
2021-07-24,6.3,14.2,0.8,13:30,NNW,22.0,44.0,1003.4,80.0,45.0,Weather archive 2015-2026,24,7,2021,July,Saturday,1
2021-07-25,8.6,12.6,0.8,12:50,NNW,33.0,41.0,1008.4,74.0,47.0,Weather archive 2015-2026,25,7,2021,July,Sunday,1
2021-07-26,9.7,16.3,0.0,13:50,NNW,30.0,41.0,1012.2,84.0,56.0,Weather archive 2015-2026,26,7,2021,July,Monday,0
2021-07-27,10.4,16.9,0.0,21:10,N,48.0,63.0,1011.4,74.0,40.0,Weather archive 2015-2026,27,7,2021,July,Tuesday,0
2021-07-28,8.4,16.4,1.8,10:00,WNW,20.0,44.0,1008.1,77.0,42.0,Weather archive 2015-2026,28,7,2021,July,Wednesday,1
2021-07-29,7.0,15.1,0.8,14:30,N,19.0,33.0,1015.9,77.0,47.0,Weather archive 2015-2026,29,7,2021,July,Thursday,1
2021-07-30,8.2,14.7,0.0,11:30,N,39.0,57.0,1016.1,73.0,44.0,Weather archive 2015-2026,30,7,2021,July,Friday,0
2021-07-31,9.5,17.8,0.0,13:00,N,33.0,48.0,1009.4,100.0,42.0,Weather archive 2015-2026,31,7,2021,July,Saturday,0
2021-08-01,7.3,15.6,18.0,15:30,SW,22.0,24.0,1015.5,100.0,38.0,Weather archive 2015-2026,1,8,2021,August,Sunday,1
2021-08-02,6.8,15.2,0.0,12:30,N,32.0,48.0,1016.4,79.0,42.0,Weather archive 2015-2026,2,8,2021,August,Monday,0
2021-08-03,8.2,14.5,4.8,12:30,NW,17.0,35.0,1012.9,94.0,53.0,Weather archive 2015-2026,3,8,2021,August,Tuesday,1
2021-08-04,8.2,14.4,0.6,16:30,W,17.0,30.0,1019.1,91.0,60.0,Weather archive 2015-2026,4,8,2021,August,Wednesday,1
2021-08-04,8.2,14.4,0.6,16:30,W,17.0,30.0,1019.1,91.0,60.0,Weather archive 2015-2026,4,8,2021,August,Wednesday,1
2021-08-05,9.8,15.4,0.6,17:00,WSW,17.0,30.0,1022.6,89.0,56.0,Weather archive 2015-2026,5,8,2021,August,Thursday,1
2021-08-06,11.0,14.1,0.2,20:30,NNW,19.0,28.0,1025.3,88.0,60.0,Weather archive 2015-2026,6,8,2021,August,Friday,1
2021-08-07,7.9,14.9,0.0,6:10,NW,19.0,30.0,1030.9,100.0,60.0,Weather archive 2015-2026,7,8,2021,August,Saturday,0
2021-08-08,6.0,16.1,0.6,10:30,NNE,11.0,13.0,1032.7,100.0,50.0,Weather archive 2015-2026,8,8,2021,August,Sunday,1
2021-08-09,7.3,16.0,0.0,14:00,N,20.0,30.0,1028.7,92.0,56.0,Weather archive 2015-2026,9,8,2021,August,Monday,0
2021-08-10,9.6,17.5,0.0,11:30,N,37.0,50.0,1023.3,91.0,41.0,Weather archive 2015-2026,10,8,2021,August,Tuesday,0
2021-08-11,10.0,19.1,2.8,11:30,N,35.0,52.0,1019.9,83.0,35.0,Weather archive 2015-2026,11,8,2021,August,Wednesday,1
2021-08-12,8.3,15.9,2.8,10:30,NNW,20.0,32.0,1027.0,79.0,50.0,Weather archive 2015-2026,12,8,2021,August,Thursday,1
2021-08-13,7.7,17.3,0.0,13:10,NW,22.0,32.0,1027.4,87.0,39.0,Weather archive 2015-2026,13,8,2021,August,Friday,0
2021-08-14,7.1,17.9,0.0,17:00,NNW,17.0,28.0,1028.7,89.0,39.0,Weather archive 2015-2026,14,8,2021,August,Saturday,0
2021-08-15,10.2,18.8,0.0,15:30,NW,22.0,54.0,1024.9,81.0,29.0,Weather archive 2015-2026,15,8,2021,August,Sunday,0
2021-08-16,10.5,14.3,0.2,16:30,W,17.0,32.0,1024.9,83.0,59.0,Weather archive 2015-2026,16,8,2021,August,Monday,1
2021-08-17,9.8,13.6,0.6,15:30,S,15.0,26.0,1026.2,100.0,72.0,Weather archive 2015-2026,17,8,2021,August,Tuesday,1
2021-08-18,7.9,15.4,0.6,21:30,N,11.0,19.0,1026.0,100.0,53.0,Weather archive 2015-2026,18,8,2021,August,Wednesday,1
2021-08-19,9.8,16.9,0.4,18:00,N,15.0,28.0,1023.3,84.0,49.0,Weather archive 2015-2026,19,8,2021,August,Thursday,1
2021-08-20,8.7,16.9,1.0,14:30,N,37.0,50.0,1019.4,84.0,50.0,Weather archive 2015-2026,20,8,2021,August,Friday,1
2021-08-21,10.7,19.9,1.0,15:30,NW/NNW,22.0,33.0,1016.2,74.0,40.0,Weather archive 2015-2026,21,8,2021,August,Saturday,1
2021-08-22,11.4,22.0,0.0,15:00,NNW,41.0,57.0,1015.8,79.0,29.0,Weather archive 2015-2026,22,8,2021,August,Sunday,0
2021-08-23,6.6,18.5,10.4,2:00,NNW,30.0,48.0,1017.6,100.0,33.0,Weather archive 2015-2026,23,8,2021,August,Monday,1
2021-08-24,8.0,12.7,2.2,10:00,S,22.0,37.0,1023.4,99.0,46.0,Weather archive 2015-2026,24,8,2021,August,Tuesday,1
2021-08-25,6.6,14.0,2.2,16:30,S,20.0,37.0,1023.6,99.0,51.0,Weather archive 2015-2026,25,8,2021,August,Wednesday,1
2021-08-26,5.6,12.7,1.2,17:30,SE,15.0,32.0,1022.8,100.0,50.0,Weather archive 2015-2026,26,8,2021,August,Thursday,1
2021-08-27,4.7,13.5,0.0,15:00,NNW,24.0,39.0,1020.3,100.0,31.0,Weather archive 2015-2026,27,8,2021,August,Friday,0
2021-08-28,5.4,17.5,0.0,15:00,NNW,26.0,39.0,1018.8,100.0,31.0,Weather archive 2015-2026,28,8,2021,August,Saturday,0
2021-08-29,7.9,16.0,3.8,8:00,N,20.0,33.0,1014.5,100.0,47.0,Weather archive 2015-2026,29,8,2021,August,Sunday,1
2021-08-30,6.4,17.3,4.0,14:50,NNW,33.0,44.0,1016.1,94.0,42.0,Weather archive 2015-2026,30,8,2021,August,Monday,1
2021-08-31,12.0,19.8,0.0,16:30,N,39.0,61.0,1020.2,66.0,42.0,Weather archive 2015-2026,31,8,2021,August,Tuesday,0
2021-09-01,10.0,23.5,0.0,16:30,N,30.0,33.0,1023.7,92.0,35.0,Weather archive 2015-2026,1,9,2021,September,Wednesday,0
2021-09-02,15.5,26.5,0.0,12:10,N,39.0,61.0,1022.1,60.0,23.0,Weather archive 2015-2026,2,9,2021,September,Thursday,0
2021-09-03,10.8,21.2,37.0,17:30,SSW,35.0,28.0,1017.3,100.0,52.0,Weather archive 2015-2026,3,9,2021,September,Friday,1
2021-09-05,10.6,11.5,0.4,20:20,W,17.0,26.0,1024.8,83.0,73.0,Weather archive 2015-2026,5,9,2021,September,Sunday,1
2021-09-06,10.5,13.0,0.0,22:20,W,13.0,17.0,1030.8,85.0,66.0,Weather archive 2015-2026,6,9,2021,September,Monday,0
2021-09-07,11.6,12.8,0.0,23:10,SW,9.0,13.0,1032.3,89.0,78.0,Weather archive 2015-2026,7,9,2021,September,Tuesday,0
2021-09-08,14.2,16.2,0.0,21:00,N,20.0,28.0,1026.6,66.0,58.0,Weather archive 2015-2026,8,9,2021,September,Wednesday,0
2021-09-09,14.4,21.3,0.0,19:40,SW,19.0,37.0,1021.2,74.0,31.0,Weather archive 2015-2026,9,9,2021,September,Thursday,0
2021-09-10,16.0,17.4,0.0,21:00,N,22.0,33.0,1016.9,60.0,54.0,Weather archive 2015-2026,10,9,2021,September,Friday,0
2021-09-11,14.5,16.2,0.0,21:30,W,9.0,19.0,1004.2,71.0,57.0,Weather archive 2015-2026,11,9,2021,September,Saturday,0
2021-09-12,7.7,9.5,3.0,22:00,NNE,11.0,13.0,1012.7,100.0,82.0,Weather archive 2015-2026,12,9,2021,September,Sunday,1
2021-09-13,7.1,11.0,0.0,19:30,SSE,13.0,22.0,1025.7,96.0,61.0,Weather archive 2015-2026,13,9,2021,September,Monday,0
2021-09-14,8.8,11.4,0.2,22:00,SSE,13.0,17.0,1027.3,92.0,67.0,Weather archive 2015-2026,14,9,2021,September,Tuesday,1
2021-09-15,7.7,11.3,0.0,20:40,SSE,15.0,24.0,1025.4,85.0,69.0,Weather archive 2015-2026,15,9,2021,September,Wednesday,0
2021-09-16,8.8,10.8,0.0,23:30,NNE,11.0,15.0,1020.7,99.0,80.0,Weather archive 2015-2026,16,9,2021,September,Thursday,0
2021-09-17,13.5,19.3,0.8,21:30,N,33.0,57.0,1009.3,87.0,48.0,Weather archive 2015-2026,17,9,2021,September,Friday,1
2021-09-18,9.1,11.1,0.8,20:30,N,11.0,17.0,1019.3,76.0,66.0,Weather archive 2015-2026,18,9,2021,September,Saturday,1
2021-09-19,14.5,16.3,0.0,21:00,NNW,22.0,35.0,1011.9,72.0,52.0,Weather archive 2015-2026,19,9,2021,September,Sunday,0
2021-09-20,6.4,6.8,2.4,22:30,WNW,15.0,28.0,1018.3,79.0,74.0,Weather archive 2015-2026,20,9,2021,September,Monday,1
2021-09-21,11.0,11.7,0.0,20:00,WSW,13.0,20.0,1027.6,84.0,63.0,Weather archive 2015-2026,21,9,2021,September,Tuesday,0
2021-09-22,10.5,13.1,0.0,,N,0.0,0.0,1023.8,100.0,83.0,Weather archive 2015-2026,22,9,2021,September,Wednesday,0
2021-09-23,14.0,18.2,0.0,19:30,NNW,17.0,22.0,1014.7,64.0,47.0,Weather archive 2015-2026,23,9,2021,September,Thursday,0
2021-09-24,9.8,11.8,0.0,20:00,WSW,20.0,32.0,1015.2,72.0,64.0,Weather archive 2015-2026,24,9,2021,September,Friday,0
2021-09-25,8.1,10.4,0.2,22:00,SSE,13.0,19.0,1026.5,82.0,57.0,Weather archive 2015-2026,25,9,2021,September,Saturday,1
2021-09-26,6.7,11.2,0.0,20:00,SSE,9.0,13.0,1025.0,94.0,63.0,Weather archive 2015-2026,26,9,2021,September,Sunday,0
2021-09-27,10.9,15.9,0.0,22:00,N,11.0,17.0,1018.8,62.0,44.0,Weather archive 2015-2026,27,9,2021,September,Monday,0
2021-09-28,13.3,18.1,0.0,20:00,SE,11.0,20.0,1016.0,78.0,47.0,Weather archive 2015-2026,28,9,2021,September,Tuesday,0
2021-09-29,13.5,15.3,1.4,19:30,SE,19.0,30.0,1012.0,99.0,82.0,Weather archive 2015-2026,29,9,2021,September,Wednesday,1
2021-09-30,14.6,15.1,15.6,19:50,NNW,17.0,24.0,1004.0,100.0,100.0,Weather archive 2015-2026,30,9,2021,September,Thursday,1
2021-10-01,14.0,15.4,7.2,20:50,SW,13.0,15.0,1006.2,100.0,94.0,Weather archive 2015-2026,1,10,2021,October,Friday,1
2021-10-02,12.8,14.2,0.0,23:00,SSW,9.0,17.0,1006.8,100.0,100.0,Weather archive 2015-2026,2,10,2021,October,Saturday,0
2021-10-03,15.4,16.1,1.0,23:10,N,19.0,24.0,999.5,88.0,77.0,Weather archive 2015-2026,3,10,2021,October,Sunday,1
2021-10-04,12.0,14.8,2.0,22:00,NW,19.0,33.0,1003.6,77.0,47.0,Weather archive 2015-2026,4,10,2021,October,Monday,1
2021-10-05,11.5,15.2,0.2,19:00,WSW,13.0,26.0,1015.7,67.0,50.0,Weather archive 2015-2026,5,10,2021,October,Tuesday,1
2021-10-06,18.1,19.6,0.0,22:30,N,17.0,28.0,1007.9,52.0,41.0,Weather archive 2015-2026,6,10,2021,October,Wednesday,0
2021-10-07,9.0,13.1,0.0,19:30,SSW,9.0,15.0,1017.4,93.0,60.0,Weather archive 2015-2026,7,10,2021,October,Thursday,0
2021-10-08,14.3,19.8,0.0,19:30,N,19.0,32.0,1013.8,58.0,36.0,Weather archive 2015-2026,8,10,2021,October,Friday,0
2021-10-09,12.2,16.5,2.2,22:00,SSE,17.0,20.0,1014.6,88.0,58.0,Weather archive 2015-2026,9,10,2021,October,Saturday,1
2021-10-10,8.7,12.1,0.0,21:40,SSW,26.0,32.0,1017.2,88.0,56.0,Weather archive 2015-2026,10,10,2021,October,Sunday,0
2021-10-11,9.0,12.1,0.0,19:30,SSE,15.0,24.0,1020.9,70.0,54.0,Weather archive 2015-2026,11,10,2021,October,Monday,0
2021-10-12,12.6,16.7,0.0,21:10,S,7.0,9.0,1013.8,80.0,55.0,Weather archive 2015-2026,12,10,2021,October,Tuesday,0
2021-10-13,11.0,17.2,3.6,22:30,W,19.0,28.0,1007.8,93.0,65.0,Weather archive 2015-2026,13,10,2021,October,Wednesday,1
2021-10-14,11.1,16.0,0.6,20:20,ESE,17.0,24.0,1005.4,96.0,46.0,Weather archive 2015-2026,14,10,2021,October,Thursday,1
2021-10-15,11.2,11.5,15.0,0:00,W,19.0,39.0,1001.9,96.0,94.0,Weather archive 2015-2026,15,10,2021,October,Friday,1
2021-10-16,11.7,12.9,0.4,19:30,S,19.0,35.0,1014.0,82.0,72.0,Weather archive 2015-2026,16,10,2021,October,Saturday,1
2021-10-17,10.9,14.5,0.0,20:30,S,6.0,9.0,1014.3,88.0,58.0,Weather archive 2015-2026,17,10,2021,October,Sunday,0
2021-10-18,11.6,13.1,0.6,22:00,S,15.0,28.0,1018.9,98.0,78.0,Weather archive 2015-2026,18,10,2021,October,Monday,1
2021-10-19,12.2,15.0,0.0,21:30,SE,15.0,28.0,1024.7,87.0,72.0,Weather archive 2015-2026,19,10,2021,October,Tuesday,0
2021-10-20,16.2,20.7,0.0,20:00,SE,7.0,15.0,1016.2,81.0,55.0,Weather archive 2015-2026,20,10,2021,October,Wednesday,0
2021-10-21,18.8,22.8,0.0,21:00,NNE,7.0,11.0,1014.0,63.0,44.0,Weather archive 2015-2026,21,10,2021,October,Thursday,0
2021-10-22,14.3,15.9,4.2,22:30,SSW,17.0,30.0,1014.8,100.0,95.0,Weather archive 2015-2026,22,10,2021,October,Friday,1
2021-10-23,11.3,13.3,1.2,0:00,SSW,20.0,39.0,1021.1,85.0,66.0,Weather archive 2015-2026,23,10,2021,October,Saturday,1
2021-10-24,11.7,12.4,0.0,23:40,SSW,20.0,30.0,1022.6,64.0,50.0,Weather archive 2015-2026,24,10,2021,October,Sunday,0
2021-10-25,10.3,12.5,0.0,22:30,S,15.0,20.0,1021.7,69.0,57.0,Weather archive 2015-2026,25,10,2021,October,Monday,0
2021-10-26,12.0,15.7,0.0,21:00,SSE,7.0,13.0,1018.5,92.0,59.0,Weather archive 2015-2026,26,10,2021,October,Tuesday,0
2021-10-27,18.9,24.0,0.0,19:50,NE,22.0,26.0,1010.9,44.0,30.0,Weather archive 2015-2026,27,10,2021,October,Wednesday,0
2021-10-28,15.5,18.7,4.2,23:30,NNE,20.0,44.0,1002.5,100.0,79.0,Weather archive 2015-2026,28,10,2021,October,Thursday,1
2021-10-29,9.7,12.7,0.6,20:30,S,20.0,37.0,1018.1,66.0,49.0,Weather archive 2015-2026,29,10,2021,October,Friday,1
2021-10-30,10.5,12.9,0.4,22:00,SSW,7.0,15.0,1025.8,78.0,61.0,Weather archive 2015-2026,30,10,2021,October,Saturday,1
2021-10-31,11.8,17.4,0.0,19:30,S,6.0,13.0,1024.8,79.0,50.0,Weather archive 2015-2026,31,10,2021,October,Sunday,0
2021-11-01,15.0,20.5,0.0,20:00,SSE,15.0,19.0,1023.8,92.0,42.0,Weather archive 2015-2026,1,11,2021,November,Monday,0
2021-11-02,23.7,27.3,0.0,22:30,NE,15.0,24.0,1017.6,42.0,34.0,Weather archive 2015-2026,2,11,2021,November,Tuesday,0
2021-11-03,14.4,17.8,43.0,23:00,SSW,15.0,30.0,1022.1,100.0,95.0,Weather archive 2015-2026,3,11,2021,November,Wednesday,1
2021-11-04,13.6,15.7,0.0,19:30,S,15.0,24.0,1025.7,85.0,66.0,Weather archive 2015-2026,4,11,2021,November,Thursday,0
2021-11-05,17.1,21.8,0.0,19:30,SSW,9.0,13.0,1014.3,100.0,69.0,Weather archive 2015-2026,5,11,2021,November,Friday,0
2021-11-06,15.2,20.3,14.8,23:30,SSW,20.0,32.0,1008.0,100.0,81.0,Weather archive 2015-2026,6,11,2021,November,Saturday,1
2021-11-07,12.9,14.7,0.2,22:10,SSE,17.0,20.0,1010.9,69.0,61.0,Weather archive 2015-2026,7,11,2021,November,Sunday,1
2021-11-08,10.4,15.5,0.0,20:00,S,13.0,20.0,1013.5,80.0,46.0,Weather archive 2015-2026,8,11,2021,November,Monday,0
2021-11-09,15.3,18.4,0.0,19:00,SSE,9.0,13.0,1011.2,65.0,41.0,Weather archive 2015-2026,9,11,2021,November,Tuesday,0
2021-11-10,9.9,13.3,10.0,0:00,W,11.0,20.0,1010.6,86.0,64.0,Weather archive 2015-2026,10,11,2021,November,Wednesday,1
2021-11-11,13.0,14.3,0.0,19:30,SSE,20.0,28.0,1004.3,73.0,53.0,Weather archive 2015-2026,11,11,2021,November,Thursday,0
2021-11-12,12.2,12.7,5.2,18:40,SE,24.0,32.0,1002.3,92.0,79.0,Weather archive 2015-2026,12,11,2021,November,Friday,1
2021-11-13,10.2,12.9,1.6,19:30,S,19.0,32.0,1008.4,66.0,55.0,Weather archive 2015-2026,13,11,2021,November,Saturday,1
2021-11-14,11.0,13.2,1.4,23:30,NW,20.0,33.0,1004.3,61.0,48.0,Weather archive 2015-2026,14,11,2021,November,Sunday,1
2021-11-15,9.5,12.3,0.2,21:30,WSW,11.0,26.0,1015.6,63.0,50.0,Weather archive 2015-2026,15,11,2021,November,Monday,1
2021-11-16,11.9,12.9,0.0,19:00,S,11.0,19.0,1023.3,76.0,63.0,Weather archive 2015-2026,16,11,2021,November,Tuesday,0
2021-11-17,11.4,18.0,0.0,21:00,SSE,7.0,17.0,1019.2,93.0,55.0,Weather archive 2015-2026,17,11,2021,November,Wednesday,0
2021-11-18,16.8,24.8,0.2,19:30,N,30.0,43.0,1008.9,71.0,33.0,Weather archive 2015-2026,18,11,2021,November,Thursday,1
2021-11-19,13.5,15.6,0.0,22:00,SSE,11.0,19.0,1015.1,65.0,56.0,Weather archive 2015-2026,19,11,2021,November,Friday,0
2021-11-20,12.2,15.2,0.0,20:30,S,17.0,26.0,1018.6,68.0,50.0,Weather archive 2015-2026,20,11,2021,November,Saturday,0
2021-11-21,12.6,15.1,0.0,20:00,SSW,17.0,30.0,1022.7,86.0,70.0,Weather archive 2015-2026,21,11,2021,November,Sunday,0
2021-11-22,16.0,18.6,0.0,21:10,WSW,9.0,13.0,1018.3,90.0,77.0,Weather archive 2015-2026,22,11,2021,November,Monday,0
2021-11-23,21.3,24.9,0.0,19:00,NNE,15.0,24.0,1014.2,64.0,45.0,Weather archive 2015-2026,23,11,2021,November,Tuesday,0
2021-11-24,16.1,16.7,0.0,19:30,SSW,15.0,26.0,1014.2,99.0,96.0,Weather archive 2015-2026,24,11,2021,November,Wednesday,0
2021-11-25,14.2,15.2,0.2,23:30,S,19.0,28.0,1015.2,85.0,69.0,Weather archive 2015-2026,25,11,2021,November,Thursday,1
2021-11-26,12.7,16.5,0.0,20:00,SE,20.0,37.0,1022.5,70.0,56.0,Weather archive 2015-2026,26,11,2021,November,Friday,0
2021-11-27,13.7,18.7,0.0,19:30,SE,20.0,37.0,1023.4,71.0,46.0,Weather archive 2015-2026,27,11,2021,November,Saturday,0
2021-11-28,14.4,20.1,0.0,21:00,SSE,15.0,20.0,1019.9,67.0,47.0,Weather archive 2015-2026,28,11,2021,November,Sunday,0
2021-11-29,17.2,23.3,0.0,21:00,WSW,7.0,13.0,1015.1,83.0,55.0,Weather archive 2015-2026,29,11,2021,November,Monday,0
2021-11-30,22.3,29.7,0.0,22:00,NE,13.0,17.0,1011.3,50.0,25.0,Weather archive 2015-2026,30,11,2021,November,Tuesday,0
2021-12-01,19.6,21.8,11.8,23:40,WSW,15.0,24.0,1014.6,89.0,64.0,Weather archive 2015-2026,1,12,2021,December,Wednesday,1
2021-12-02,14.0,16.9,8.8,21:30,SSW,20.0,35.0,1019.2,100.0,86.0,Weather archive 2015-2026,2,12,2021,December,Thursday,1
2021-12-03,14.0,16.7,0.0,20:40,SSE,19.0,32.0,1019.1,68.0,63.0,Weather archive 2015-2026,3,12,2021,December,Friday,0
2021-12-04,12.7,15.6,0.0,20:00,S,19.0,30.0,1022.3,62.0,52.0,Weather archive 2015-2026,4,12,2021,December,Saturday,0
2021-12-05,15.7,18.1,0.0,20:30,SSW,13.0,17.0,1017.5,84.0,67.0,Weather archive 2015-2026,5,12,2021,December,Sunday,0
2021-12-06,18.0,25.3,0.0,21:00,N,22.0,32.0,1011.6,69.0,40.0,Weather archive 2015-2026,6,12,2021,December,Monday,0
2021-12-07,12.8,15.0,2.0,21:10,SSE,13.0,24.0,1017.1,65.0,52.0,Weather archive 2015-2026,7,12,2021,December,Tuesday,1
2021-12-08,12.6,15.3,0.2,20:30,SSE,22.0,33.0,1018.7,86.0,52.0,Weather archive 2015-2026,8,12,2021,December,Wednesday,1
2021-12-09,14.1,16.1,0.0,21:00,SSE,17.0,30.0,1019.2,76.0,66.0,Weather archive 2015-2026,9,12,2021,December,Thursday,0
2021-12-10,13.8,17.5,0.0,19:30,SSW,20.0,35.0,1018.5,79.0,64.0,Weather archive 2015-2026,10,12,2021,December,Friday,0
2021-12-11,14.7,20.1,0.0,20:00,SE,20.0,35.0,1017.6,67.0,47.0,Weather archive 2015-2026,11,12,2021,December,Saturday,0
2021-12-12,17.0,25.3,0.0,19:30,SE,13.0,28.0,1012.9,82.0,44.0,Weather archive 2015-2026,12,12,2021,December,Sunday,0
2021-12-13,16.8,21.8,0.0,19:40,SSW,26.0,37.0,1015.7,85.0,58.0,Weather archive 2015-2026,13,12,2021,December,Monday,0
2021-12-14,16.0,19.8,0.0,19:40,SSW,17.0,28.0,1013.2,81.0,62.0,Weather archive 2015-2026,14,12,2021,December,Tuesday,0
2021-12-15,15.3,16.8,0.0,21:30,S,13.0,17.0,1016.6,68.0,60.0,Weather archive 2015-2026,15,12,2021,December,Wednesday,0
2021-12-16,13.5,19.3,0.0,19:30,SSE,15.0,26.0,1017.3,70.0,35.0,Weather archive 2015-2026,16,12,2021,December,Thursday,0
2021-12-17,23.0,29.2,0.0,19:40,N,9.0,13.0,1008.4,44.0,27.0,Weather archive 2015-2026,17,12,2021,December,Friday,0
2021-12-18,17.0,20.5,0.0,21:00,SSE,15.0,24.0,1007.1,77.0,58.0,Weather archive 2015-2026,18,12,2021,December,Saturday,0
2021-12-19,14.4,18.3,1.8,20:30,W,17.0,32.0,1013.1,56.0,41.0,Weather archive 2015-2026,19,12,2021,December,Sunday,1
2021-12-20,17.5,21.5,0.0,19:30,S,13.0,28.0,1014.7,80.0,61.0,Weather archive 2015-2026,20,12,2021,December,Monday,0
2021-12-21,16.8,20.2,0.0,20:00,S,19.0,32.0,1014.0,80.0,70.0,Weather archive 2015-2026,21,12,2021,December,Tuesday,0
2021-12-22,14.6,17.7,0.0,20:30,SSW,19.0,26.0,1014.9,68.0,61.0,Weather archive 2015-2026,22,12,2021,December,Wednesday,0
2021-12-23,14.9,18.8,0.0,20:00,S,17.0,24.0,1016.2,67.0,55.0,Weather archive 2015-2026,23,12,2021,December,Thursday,0
2021-12-24,18.4,24.4,0.0,22:30,SSW,17.0,26.0,1013.7,81.0,50.0,Weather archive 2015-2026,24,12,2021,December,Friday,0
2021-12-25,15.6,17.7,0.0,22:00,S,19.0,30.0,1018.9,70.0,61.0,Weather archive 2015-2026,25,12,2021,December,Saturday,0
2021-12-26,14.1,16.1,0.2,20:00,S,24.0,37.0,1022.4,59.0,54.0,Weather archive 2015-2026,26,12,2021,December,Sunday,1
2021-12-27,15.2,20.1,0.0,21:00,SE,24.0,35.0,1021.5,64.0,45.0,Weather archive 2015-2026,27,12,2021,December,Monday,0
2021-12-28,16.1,20.2,0.0,20:00,SSW,20.0,30.0,1018.6,72.0,58.0,Weather archive 2015-2026,28,12,2021,December,Tuesday,0
2021-12-29,15.4,20.1,0.0,19:20,SSW,19.0,26.0,1017.7,81.0,65.0,Weather archive 2015-2026,29,12,2021,December,Wednesday,0
2021-12-30,20.3,27.6,0.0,21:00,SSE,11.0,15.0,1011.6,68.0,41.0,Weather archive 2015-2026,30,12,2021,December,Thursday,0
2021-12-31,22.9,29.5,0.0,22:00,SW,7.0,17.0,1008.3,63.0,42.0,Weather archive 2015-2026,31,12,2021,December,Friday,0
2022-01-01,22.6,29.4,0.0,20:00,SSE,9.0,15.0,1008.5,58.0,24.0,Weather archive 2015-2026,1,1,2022,January,Saturday,0
2022-01-02,18.5,20.4,0.0,20:00,SSW,19.0,33.0,1013.2,78.0,67.0,Weather archive 2015-2026,2,1,2022,January,Sunday,0
2022-01-03,17.0,18.3,0.0,23:00,SSE,19.0,28.0,1014.4,70.0,60.0,Weather archive 2015-2026,3,1,2022,January,Monday,0
2022-01-04,20.6,23.0,0.0,21:00,SSE,19.0,35.0,1010.4,76.0,66.0,Weather archive 2015-2026,4,1,2022,January,Tuesday,0
2022-01-05,20.6,27.9,0.0,20:00,SE,20.0,32.0,1010.1,73.0,41.0,Weather archive 2015-2026,5,1,2022,January,Wednesday,0
2022-01-06,22.2,27.3,1.4,22:00,N,17.0,20.0,1007.1,71.0,48.0,Weather archive 2015-2026,6,1,2022,January,Thursday,1
2022-01-07,18.3,22.6,21.6,21:28,SSW,13.0,22.0,1011.0,100.0,81.0,Weather archive 2015-2026,7,1,2022,January,Friday,1
2022-01-08,17.2,18.7,0.0,19:30,SSW,15.0,24.0,1016.1,79.0,73.0,Weather archive 2015-2026,8,1,2022,January,Saturday,0
2022-01-09,16.4,20.8,0.2,20:00,SSW,17.0,24.0,1016.5,85.0,65.0,Weather archive 2015-2026,9,1,2022,January,Sunday,1
2022-01-10,20.8,29.6,0.0,0:00,SSW,11.0,24.0,1019.1,79.0,41.0,Weather archive 2015-2026,10,1,2022,January,Monday,0
2022-01-11,20.9,26.6,0.0,22:30,SE,20.0,32.0,1020.9,68.0,46.0,Weather archive 2015-2026,11,1,2022,January,Tuesday,0
2022-01-12,20.2,26.1,0.0,20:00,SE,19.0,28.0,1017.0,75.0,52.0,Weather archive 2015-2026,12,1,2022,January,Wednesday,0
2022-01-13,22.2,32.0,0.0,19:30,WSW,15.0,35.0,1009.5,79.0,45.0,Weather archive 2015-2026,13,1,2022,January,Thursday,0
2022-01-14,21.9,32.1,6.0,23:30,NW,20.0,30.0,1001.5,89.0,38.0,Weather archive 2015-2026,14,1,2022,January,Friday,1
2022-01-15,18.9,20.1,0.0,19:30,S,17.0,26.0,1009.0,77.0,73.0,Weather archive 2015-2026,15,1,2022,January,Saturday,0
2022-01-16,23.8,31.4,0.0,20:00,SE,13.0,15.0,1004.5,67.0,32.0,Weather archive 2015-2026,16,1,2022,January,Sunday,0
2022-01-17,18.0,20.1,0.0,21:00,S,17.0,28.0,1015.3,63.0,59.0,Weather archive 2015-2026,17,1,2022,January,Monday,0
2022-01-18,16.3,18.7,0.0,20:00,S,17.0,32.0,1019.1,71.0,52.0,Weather archive 2015-2026,18,1,2022,January,Tuesday,0
2022-01-19,17.7,23.3,0.0,20:00,SE,20.0,32.0,1025.8,62.0,43.0,Weather archive 2015-2026,19,1,2022,January,Wednesday,0
2022-01-20,19.1,28.0,0.0,20:00,SE,17.0,32.0,1025.0,68.0,35.0,Weather archive 2015-2026,20,1,2022,January,Thursday,0
2022-01-21,20.3,29.3,0.0,20:00,SE,13.0,24.0,1022.4,64.0,27.0,Weather archive 2015-2026,21,1,2022,January,Friday,0
2022-01-22,23.2,30.6,0.0,19:30,SSE,26.0,35.0,1016.7,52.0,34.0,Weather archive 2015-2026,22,1,2022,January,Saturday,0
2022-01-23,23.5,30.1,0.0,20:30,SSE,13.0,24.0,1010.9,62.0,36.0,Weather archive 2015-2026,23,1,2022,January,Sunday,0
2022-01-24,23.6,31.3,0.0,20:00,SSE,15.0,22.0,1007.2,72.0,30.0,Weather archive 2015-2026,24,1,2022,January,Monday,0
2022-01-25,22.8,30.3,0.0,20:30,SSE,9.0,22.0,1008.6,76.0,41.0,Weather archive 2015-2026,25,1,2022,January,Tuesday,0
2022-01-26,24.5,31.4,0.8,21:00,SW,13.0,24.0,1007.7,77.0,44.0,Weather archive 2015-2026,26,1,2022,January,Wednesday,1
2022-01-27,23.2,31.0,1.6,19:30,NNE,17.0,24.0,1009.9,85.0,43.0,Weather archive 2015-2026,27,1,2022,January,Thursday,1
2022-01-28,19.5,21.7,35.4,0:00,SSW,15.0,22.0,1013.9,100.0,100.0,Weather archive 2015-2026,28,1,2022,January,Friday,1
2022-01-29,19.5,19.9,0.0,19:30,S,17.0,24.0,1018.3,80.0,73.0,Weather archive 2015-2026,29,1,2022,January,Saturday,0
2022-01-30,20.9,26.9,0.0,19:30,SSE,17.0,26.0,1010.7,86.0,57.0,Weather archive 2015-2026,30,1,2022,January,Sunday,0
2022-01-31,25.8,33.3,0.0,20:00,SW,6.0,11.0,1001.2,73.0,46.0,Weather archive 2015-2026,31,1,2022,January,Monday,0
2022-02-01,15.4,19.2,3.2,19:30,S,24.0,50.0,1008.8,83.0,58.0,Weather archive 2015-2026,1,2,2022,February,Tuesday,1
2022-02-02,15.1,16.4,0.2,19:30,S,19.0,26.0,1014.1,74.0,54.0,Weather archive 2015-2026,2,2,2022,February,Wednesday,1
2022-02-03,16.0,17.5,0.2,19:20,S,20.0,32.0,1018.6,66.0,52.0,Weather archive 2015-2026,3,2,2022,February,Thursday,1
2022-02-04,17.7,22.1,0.0,19:30,S,26.0,35.0,1021.1,62.0,46.0,Weather archive 2015-2026,4,2,2022,February,Friday,0
2022-02-05,18.6,25.0,0.0,21:30,SE,15.0,26.0,1021.3,59.0,38.0,Weather archive 2015-2026,5,2,2022,February,Saturday,0
2022-02-06,18.7,25.8,0.0,20:40,SE,17.0,24.0,1023.3,60.0,38.0,Weather archive 2015-2026,6,2,2022,February,Sunday,0
2022-02-07,18.6,25.8,0.0,19:30,SSE,17.0,24.0,1018.0,66.0,36.0,Weather archive 2015-2026,7,2,2022,February,Monday,0
2022-02-08,22.1,29.2,0.0,20:30,SE,13.0,19.0,1009.5,60.0,28.0,Weather archive 2015-2026,8,2,2022,February,Tuesday,0
2022-02-09,20.0,21.2,0.0,20:00,S,17.0,30.0,1012.3,65.0,58.0,Weather archive 2015-2026,9,2,2022,February,Wednesday,0
2022-02-10,18.0,19.3,0.0,20:00,S,20.0,39.0,1019.9,63.0,58.0,Weather archive 2015-2026,10,2,2022,February,Thursday,0
2022-02-11,16.8,19.0,0.0,19:30,SSE,19.0,30.0,1021.7,66.0,52.0,Weather archive 2015-2026,11,2,2022,February,Friday,0
2022-02-12,18.5,25.6,0.0,20:00,SE,17.0,26.0,1016.5,77.0,44.0,Weather archive 2015-2026,12,2,2022,February,Saturday,0
2022-02-13,21.8,31.2,0.0,19:40,NNE,24.0,28.0,1017.8,62.0,31.0,Weather archive 2015-2026,13,2,2022,February,Sunday,0
2022-02-14,19.6,21.2,0.0,20:30,SSW,17.0,28.0,1023.6,83.0,76.0,Weather archive 2015-2026,14,2,2022,February,Monday,0
2022-02-15,17.8,20.5,0.0,19:30,SSW,17.0,24.0,1021.5,77.0,59.0,Weather archive 2015-2026,15,2,2022,February,Tuesday,0
2022-02-16,20.4,22.1,0.0,19:30,SSW,9.0,17.0,1010.8,76.0,50.0,Weather archive 2015-2026,16,2,2022,February,Wednesday,0
2022-02-17,17.9,21.0,0.0,20:00,S,15.0,20.0,1012.9,75.0,63.0,Weather archive 2015-2026,17,2,2022,February,Thursday,0
2022-02-18,16.9,18.3,0.6,23:30,SSE,15.0,32.0,1021.4,63.0,54.0,Weather archive 2015-2026,18,2,2022,February,Friday,1
2022-02-19,15.2,21.0,0.0,20:30,SSE,13.0,24.0,1014.6,74.0,53.0,Weather archive 2015-2026,19,2,2022,February,Saturday,0
2022-02-20,15.8,19.3,0.0,0:00,S,22.0,32.0,1007.8,86.0,62.0,Weather archive 2015-2026,20,2,2022,February,Sunday,0
2022-02-21,15.7,17.5,0.0,19:30,S,15.0,24.0,1016.8,60.0,52.0,Weather archive 2015-2026,21,2,2022,February,Monday,0
2022-02-22,17.3,20.3,0.0,21:00,WSW,9.0,20.0,1016.6,82.0,73.0,Weather archive 2015-2026,22,2,2022,February,Tuesday,0
2022-02-23,21.7,28.0,0.0,20:30,WSW,11.0,19.0,1015.9,74.0,47.0,Weather archive 2015-2026,23,2,2022,February,Wednesday,0
2022-02-24,18.6,20.8,0.0,19:30,SSW,19.0,33.0,1019.9,77.0,72.0,Weather archive 2015-2026,24,2,2022,February,Thursday,0
2022-02-25,20.2,21.1,0.0,22:30,SE,17.0,32.0,1018.1,82.0,66.0,Weather archive 2015-2026,25,2,2022,February,Friday,0
2022-02-26,19.8,25.9,0.0,21:50,SE,22.0,33.0,1016.6,75.0,48.0,Weather archive 2015-2026,26,2,2022,February,Saturday,0
2022-02-27,21.4,23.1,0.0,19:40,SSW,7.0,15.0,1013.0,83.0,67.0,Weather archive 2015-2026,27,2,2022,February,Sunday,0
2022-02-28,20.1,22.2,0.0,20:00,SSW,13.0,22.0,1012.1,93.0,76.0,Weather archive 2015-2026,28,2,2022,February,Monday,0
2022-03-01,21.4,24.5,4.4,23:00,N,13.0,20.0,1010.9,96.0,70.0,Weather archive 2015-2026,1,3,2022,March,Tuesday,1
2022-03-02,22.2,26.9,0.0,21:00,SE,11.0,19.0,1012.5,66.0,54.0,Weather archive 2015-2026,2,3,2022,March,Wednesday,0
2022-03-03,20.7,28.7,0.0,19:30,SE,9.0,19.0,1012.9,80.0,43.0,Weather archive 2015-2026,3,3,2022,March,Thursday,0
2022-03-04,21.3,23.9,3.8,19:00,SSW,13.0,26.0,1008.8,99.0,73.0,Weather archive 2015-2026,4,3,2022,March,Friday,1
2022-03-05,18.4,20.2,1.2,22:30,S,19.0,32.0,1012.0,100.0,84.0,Weather archive 2015-2026,5,3,2022,March,Saturday,1
2022-03-06,16.8,19.1,0.0,20:30,SE,24.0,39.0,1019.4,74.0,65.0,Weather archive 2015-2026,6,3,2022,March,Sunday,0
2022-03-07,17.7,20.8,1.2,23:00,S,13.0,26.0,1015.3,100.0,73.0,Weather archive 2015-2026,7,3,2022,March,Monday,1
2022-03-08,16.5,20.2,0.0,23:30,SE,20.0,35.0,1020.5,70.0,57.0,Weather archive 2015-2026,8,3,2022,March,Tuesday,0
2022-03-09,14.9,17.8,0.0,20:00,SSE,24.0,37.0,1022.3,70.0,55.0,Weather archive 2015-2026,9,3,2022,March,Wednesday,0
2022-03-10,14.2,18.4,0.0,19:30,S,15.0,28.0,1021.8,81.0,56.0,Weather archive 2015-2026,10,3,2022,March,Thursday,0
2022-03-11,13.7,17.9,0.0,19:30,S,13.0,24.0,1021.9,77.0,54.0,Weather archive 2015-2026,11,3,2022,March,Friday,0
2022-03-12,15.7,20.6,0.0,19:30,SSE,13.0,19.0,1021.2,87.0,54.0,Weather archive 2015-2026,12,3,2022,March,Saturday,0
2022-03-13,20.2,27.4,0.4,22:00,SE,13.0,20.0,1020.1,84.0,41.0,Weather archive 2015-2026,13,3,2022,March,Sunday,1
2022-03-14,18.7,24.9,2.0,21:00,ESE,7.0,13.0,1019.2,99.0,45.0,Weather archive 2015-2026,14,3,2022,March,Monday,1
2022-03-15,20.3,22.2,0.0,22:30,NNE,13.0,19.0,1018.3,79.0,69.0,Weather archive 2015-2026,15,3,2022,March,Tuesday,0
2022-03-16,18.8,21.2,0.0,22:30,N,11.0,13.0,1016.5,79.0,66.0,Weather archive 2015-2026,16,3,2022,March,Wednesday,0
2022-03-17,20.5,26.2,0.0,21:30,SSW,15.0,26.0,1017.5,88.0,55.0,Weather archive 2015-2026,17,3,2022,March,Thursday,0
2022-03-18,16.3,18.5,0.0,19:00,S,13.0,30.0,1021.9,73.0,64.0,Weather archive 2015-2026,18,3,2022,March,Friday,0
2022-03-19,20.1,29.9,0.0,17:00,NNW,13.0,22.0,1015.8,83.0,37.0,Weather archive 2015-2026,19,3,2022,March,Saturday,0
2022-03-20,17.9,19.9,0.0,20:30,SW,11.0,17.0,1017.5,99.0,89.0,Weather archive 2015-2026,20,3,2022,March,Sunday,0
2022-03-21,18.6,19.4,0.0,20:00,S,15.0,26.0,1014.3,85.0,81.0,Weather archive 2015-2026,21,3,2022,March,Monday,0
2022-03-22,16.3,18.6,1.0,23:00,SW,9.0,20.0,1011.1,98.0,75.0,Weather archive 2015-2026,22,3,2022,March,Tuesday,1
2022-03-23,15.6,17.0,0.0,19:30,S,11.0,15.0,1017.4,64.0,56.0,Weather archive 2015-2026,23,3,2022,March,Wednesday,0
2022-03-24,15.7,17.7,0.0,19:30,SSE,15.0,17.0,1020.4,65.0,54.0,Weather archive 2015-2026,24,3,2022,March,Thursday,0
2022-03-25,15.1,18.8,0.0,20:00,SSE,13.0,26.0,1023.2,83.0,61.0,Weather archive 2015-2026,25,3,2022,March,Friday,0
2022-03-26,16.8,19.2,0.0,22:00,W,9.0,17.0,1019.9,85.0,75.0,Weather archive 2015-2026,26,3,2022,March,Saturday,0
2022-03-27,19.4,26.3,0.0,19:30,N,11.0,15.0,1014.6,63.0,38.0,Weather archive 2015-2026,27,3,2022,March,Sunday,0
2022-03-28,17.1,19.1,0.0,19:20,SSW,17.0,26.0,1017.7,85.0,73.0,Weather archive 2015-2026,28,3,2022,March,Monday,0
2022-03-29,16.8,18.4,0.0,21:00,SSE,19.0,24.0,1016.1,70.0,67.0,Weather archive 2015-2026,29,3,2022,March,Tuesday,0
2022-03-30,15.9,18.2,0.0,22:00,SSE,20.0,32.0,1021.2,63.0,56.0,Weather archive 2015-2026,30,3,2022,March,Wednesday,0
2022-03-31,13.9,17.6,0.0,19:30,SSE,17.0,32.0,1027.4,68.0,47.0,Weather archive 2015-2026,31,3,2022,March,Thursday,0
2022-04-01,13.5,16.2,0.4,20:00,SE,17.0,33.0,1026.7,83.0,60.0,Weather archive 2015-2026,1,4,2022,April,Friday,1
2022-04-02,14.8,17.3,1.0,21:30,SSE,13.0,24.0,1019.8,90.0,69.0,Weather archive 2015-2026,2,4,2022,April,Saturday,1
2022-04-03,15.5,15.9,1.6,21:30,SW,9.0,13.0,1014.1,99.0,89.0,Weather archive 2015-2026,3,4,2022,April,Sunday,1
2022-04-04,15.2,17.2,0.0,22:00,W,7.0,11.0,1016.8,85.0,73.0,Weather archive 2015-2026,4,4,2022,April,Monday,0
2022-04-05,15.5,17.1,0.0,21:00,SSE,13.0,17.0,1019.1,84.0,63.0,Weather archive 2015-2026,5,4,2022,April,Tuesday,0
2022-04-06,14.8,18.1,0.0,20:00,ESE,13.0,20.0,1021.3,83.0,68.0,Weather archive 2015-2026,6,4,2022,April,Wednesday,0
2022-04-07,14.6,18.3,0.0,19:30,ESE,11.0,22.0,1024.0,83.0,66.0,Weather archive 2015-2026,7,4,2022,April,Thursday,0
2022-04-08,19.1,20.2,0.0,22:30,NNE,7.0,11.0,1022.3,67.0,63.0,Weather archive 2015-2026,8,4,2022,April,Friday,0
2022-04-09,17.8,21.0,0.0,22:30,NNE,11.0,15.0,1019.1,78.0,66.0,Weather archive 2015-2026,9,4,2022,April,Saturday,0
2022-04-10,18.9,23.9,0.0,23:00,SW,15.0,28.0,1018.0,79.0,49.0,Weather archive 2015-2026,10,4,2022,April,Sunday,0
2022-04-11,13.8,15.5,0.0,19:30,SSE,9.0,15.0,1024.0,69.0,57.0,Weather archive 2015-2026,11,4,2022,April,Monday,0
2022-04-12,12.7,15.8,0.0,20:00,SSE,13.0,20.0,1024.9,78.0,49.0,Weather archive 2015-2026,12,4,2022,April,Tuesday,0
2022-04-13,12.3,16.7,0.0,19:30,SSE,7.0,15.0,1024.1,99.0,68.0,Weather archive 2015-2026,13,4,2022,April,Wednesday,0
2022-04-14,15.4,20.3,0.0,23:30,N,11.0,15.0,1022.5,70.0,50.0,Weather archive 2015-2026,14,4,2022,April,Thursday,0
2022-04-15,16.6,19.8,0.0,19:30,WNW,6.0,11.0,1021.0,71.0,53.0,Weather archive 2015-2026,15,4,2022,April,Friday,0
2022-04-16,18.6,23.4,0.0,22:00,N,15.0,19.0,1017.0,55.0,40.0,Weather archive 2015-2026,16,4,2022,April,Saturday,0
2022-04-17,18.0,25.4,2.4,22:00,SW,13.0,24.0,1013.9,93.0,36.0,Weather archive 2015-2026,17,4,2022,April,Sunday,1
2022-04-18,15.8,16.9,2.2,21:20,N,13.0,17.0,1016.6,95.0,85.0,Weather archive 2015-2026,18,4,2022,April,Monday,1
2022-04-19,12.0,14.8,9.0,20:10,SSW,15.0,19.0,1015.0,80.0,68.0,Weather archive 2015-2026,19,4,2022,April,Tuesday,1
2022-04-20,14.3,15.9,0.2,22:30,WNW,9.0,15.0,1022.2,70.0,64.0,Weather archive 2015-2026,20,4,2022,April,Wednesday,1
2022-04-21,13.6,14.4,0.2,19:50,SSE,13.0,19.0,1030.4,62.0,55.0,Weather archive 2015-2026,21,4,2022,April,Thursday,1
2022-04-22,10.3,13.5,0.0,19:30,S,7.0,15.0,1031.8,83.0,61.0,Weather archive 2015-2026,22,4,2022,April,Friday,0
2022-04-23,11.7,14.7,0.0,19:30,SSE,7.0,13.0,1033.2,86.0,68.0,Weather archive 2015-2026,23,4,2022,April,Saturday,0
2022-04-24,10.3,12.9,0.0,19:30,SSE,2.0,9.0,1030.7,100.0,88.0,Weather archive 2015-2026,24,4,2022,April,Sunday,0
2022-04-25,12.9,16.3,0.0,20:00,NNW,6.0,7.0,1024.2,93.0,70.0,Weather archive 2015-2026,25,4,2022,April,Monday,0
2022-04-26,15.5,19.3,0.0,20:00,SE,7.0,11.0,1018.3,79.0,57.0,Weather archive 2015-2026,26,4,2022,April,Tuesday,0
2022-04-27,17.5,20.1,0.0,21:40,NNW,13.0,15.0,1015.4,72.0,60.0,Weather archive 2015-2026,27,4,2022,April,Wednesday,0
2022-04-28,18.0,19.1,0.0,23:30,N,19.0,22.0,1016.0,79.0,74.0,Weather archive 2015-2026,28,4,2022,April,Thursday,0
2022-04-29,15.6,16.3,26.8,19:30,NNW,17.0,32.0,1016.2,100.0,86.0,Weather archive 2015-2026,29,4,2022,April,Friday,1
2022-04-30,14.2,15.7,0.0,22:00,N,15.0,20.0,1021.7,62.0,56.0,Weather archive 2015-2026,30,4,2022,April,Saturday,0
2022-05-01,15.7,16.9,0.0,20:50,N,17.0,22.0,1022.1,72.0,67.0,Weather archive 2015-2026,1,5,2022,May,Sunday,0
2022-05-02,14.6,17.8,0.0,20:00,N,11.0,15.0,1020.8,71.0,59.0,Weather archive 2015-2026,2,5,2022,May,Monday,0
2022-05-03,14.2,16.9,0.0,19:30,N,13.0,20.0,1014.8,68.0,59.0,Weather archive 2015-2026,3,5,2022,May,Tuesday,0
2022-05-04,11.0,12.2,0.4,22:00,W,7.0,13.0,1016.3,71.0,61.0,Weather archive 2015-2026,4,5,2022,May,Wednesday,1
2022-05-05,8.1,9.9,0.0,22:50,NNW,11.0,15.0,1017.9,87.0,71.0,Weather archive 2015-2026,5,5,2022,May,Thursday,0
2022-05-06,10.5,12.1,0.0,23:30,NNW,17.0,26.0,1017.5,72.0,56.0,Weather archive 2015-2026,6,5,2022,May,Friday,0
2022-05-07,12.5,14.2,0.0,21:00,NW,11.0,17.0,1021.8,76.0,66.0,Weather archive 2015-2026,7,5,2022,May,Saturday,0
2022-05-08,11.9,13.2,0.6,21:30,SSW,7.0,15.0,1028.8,91.0,78.0,Weather archive 2015-2026,8,5,2022,May,Sunday,1
2022-05-09,8.7,11.6,0.0,22:00,N,6.0,6.0,1030.6,96.0,60.0,Weather archive 2015-2026,9,5,2022,May,Monday,0
2022-05-10,10.6,12.8,0.0,,N,0.0,0.0,1029.0,100.0,93.0,Weather archive 2015-2026,10,5,2022,May,Tuesday,0
2022-05-11,13.8,15.1,0.0,21:30,SSW,4.0,7.0,1024.3,100.0,93.0,Weather archive 2015-2026,11,5,2022,May,Wednesday,0
2022-05-12,15.0,16.0,0.2,21:30,SW,6.0,9.0,1016.8,100.0,93.0,Weather archive 2015-2026,12,5,2022,May,Thursday,1
2022-05-13,15.5,16.6,0.0,23:30,NNE,6.0,9.0,1014.6,100.0,52.0,Weather archive 2015-2026,13,5,2022,May,Friday,0
2022-05-14,15.5,17.2,2.0,21:00,N,15.0,28.0,1013.0,87.0,75.0,Weather archive 2015-2026,14,5,2022,May,Saturday,1
2022-05-15,13.3,18.1,1.4,21:40,NNW,24.0,37.0,1011.6,90.0,52.0,Weather archive 2015-2026,15,5,2022,May,Sunday,1
2022-05-16,10.5,11.9,3.2,22:30,NNW,17.0,24.0,1016.7,82.0,68.0,Weather archive 2015-2026,16,5,2022,May,Monday,1
2022-05-17,12.2,13.5,0.0,22:30,NNW,17.0,32.0,1018.0,69.0,58.0,Weather archive 2015-2026,17,5,2022,May,Tuesday,0
2022-05-18,10.6,12.1,0.2,22:30,WNW,17.0,20.0,1024.8,72.0,66.0,Weather archive 2015-2026,18,5,2022,May,Wednesday,1
2022-05-19,10.8,13.6,0.0,22:00,SSE,11.0,24.0,1032.9,83.0,61.0,Weather archive 2015-2026,19,5,2022,May,Thursday,0
2022-05-20,8.3,13.4,0.0,19:40,SSE,13.0,15.0,1034.7,88.0,60.0,Weather archive 2015-2026,20,5,2022,May,Friday,0
2022-05-21,8.0,9.9,0.0,23:50,SE,2.0,6.0,1032.4,100.0,98.0,Weather archive 2015-2026,21,5,2022,May,Saturday,0
2022-05-22,6.3,9.2,0.0,19:30,SW,4.0,9.0,1030.0,100.0,91.0,Weather archive 2015-2026,22,5,2022,May,Sunday,0
2022-05-23,8.1,11.0,0.0,,N,0.0,0.0,1029.2,100.0,100.0,Weather archive 2015-2026,23,5,2022,May,Monday,0
2022-05-24,9.9,12.4,0.0,23:30,NNE,9.0,13.0,1026.2,96.0,82.0,Weather archive 2015-2026,24,5,2022,May,Tuesday,0
2022-05-25,12.0,14.6,0.0,22:00,NNE,7.0,11.0,1019.0,77.0,65.0,Weather archive 2015-2026,25,5,2022,May,Wednesday,0
2022-05-26,13.7,14.5,1.4,20:30,NNW,13.0,19.0,1018.0,90.0,84.0,Weather archive 2015-2026,26,5,2022,May,Thursday,1
2022-05-27,10.0,13.1,0.0,23:10,NNE,6.0,9.0,1016.6,100.0,92.0,Weather archive 2015-2026,27,5,2022,May,Friday,0
2022-05-28,7.6,9.6,0.0,0:00,NNE,11.0,13.0,1013.1,96.0,88.0,Weather archive 2015-2026,28,5,2022,May,Saturday,0
2022-05-29,8.2,10.4,0.0,23:30,NNW,13.0,20.0,1005.5,87.0,77.0,Weather archive 2015-2026,29,5,2022,May,Sunday,0
2022-05-30,8.5,10.5,8.2,22:10,WSW,9.0,15.0,991.8,100.0,91.0,Weather archive 2015-2026,30,5,2022,May,Monday,1
2022-05-31,6.4,7.3,0.8,23:00,WNW,15.0,30.0,1003.9,81.0,75.0,Weather archive 2015-2026,31,5,2022,May,Tuesday,1
2022-06-01,9.2,10.4,10.8,23:30,WNW,9.0,17.0,1019.6,82.0,70.0,Weather archive 2015-2026,1,6,2022,June,Wednesday,1
2022-06-02,7.0,10.0,0.0,22:00,N,11.0,17.0,1019.2,75.0,59.0,Weather archive 2015-2026,2,6,2022,June,Thursday,0
2022-06-03,9.5,10.4,0.0,23:00,N,22.0,35.0,1010.2,70.0,62.0,Weather archive 2015-2026,3,6,2022,June,Friday,0
2022-06-04,12.0,12.7,0.0,0:00,N,20.0,35.0,1005.7,77.0,65.0,Weather archive 2015-2026,4,6,2022,June,Saturday,0
2022-06-05,9.3,10.0,1.6,21:30,N,19.0,24.0,997.2,74.0,67.0,Weather archive 2015-2026,5,6,2022,June,Sunday,1
2022-06-06,8.7,10.0,2.0,23:00,NW,11.0,24.0,1008.4,68.0,64.0,Weather archive 2015-2026,6,6,2022,June,Monday,1
2022-06-07,8.6,9.4,3.0,20:30,W,15.0,26.0,1015.4,78.0,74.0,Weather archive 2015-2026,7,6,2022,June,Tuesday,1
2022-06-08,10.1,10.5,0.0,22:30,WNW,11.0,19.0,1018.2,78.0,74.0,Weather archive 2015-2026,8,6,2022,June,Wednesday,0
2022-06-09,10.6,11.3,0.4,19:30,W,11.0,26.0,1017.3,83.0,79.0,Weather archive 2015-2026,9,6,2022,June,Thursday,1
2022-06-10,9.6,11.4,0.0,22:00,WSW,11.0,30.0,1020.4,84.0,70.0,Weather archive 2015-2026,10,6,2022,June,Friday,0
2022-06-11,10.5,11.4,0.0,21:40,WSW,24.0,37.0,1017.2,81.0,74.0,Weather archive 2015-2026,11,6,2022,June,Saturday,0
2022-06-12,9.6,10.8,3.2,22:00,W,11.0,19.0,1021.2,100.0,88.0,Weather archive 2015-2026,12,6,2022,June,Sunday,1
2022-06-13,7.0,8.6,0.0,0:00,NNE,7.0,11.0,1023.5,100.0,99.0,Weather archive 2015-2026,13,6,2022,June,Monday,0
2022-06-14,10.6,11.4,0.0,22:00,N,28.0,50.0,1018.1,59.0,55.0,Weather archive 2015-2026,14,6,2022,June,Tuesday,0
2022-06-15,12.2,12.5,0.4,21:50,N,24.0,32.0,1012.6,82.0,78.0,Weather archive 2015-2026,15,6,2022,June,Wednesday,1
2022-06-16,11.6,12.3,2.4,21:00,SW,9.0,19.0,1021.1,100.0,100.0,Weather archive 2015-2026,16,6,2022,June,Thursday,1
2022-06-17,9.4,11.1,0.2,22:30,NE,9.0,13.0,1026.0,100.0,93.0,Weather archive 2015-2026,17,6,2022,June,Friday,1
2022-06-18,8.7,10.9,0.2,22:30,NE,2.0,7.0,1027.5,100.0,96.0,Weather archive 2015-2026,18,6,2022,June,Saturday,1
2022-06-19,8.8,11.9,0.0,20:50,N,9.0,11.0,1023.6,96.0,73.0,Weather archive 2015-2026,19,6,2022,June,Sunday,0
2022-06-20,13.5,15.7,0.6,22:30,NNW,22.0,35.0,1016.8,83.0,67.0,Weather archive 2015-2026,20,6,2022,June,Monday,1
2022-06-21,7.8,9.4,0.0,23:00,NNE,6.0,15.0,1021.9,94.0,79.0,Weather archive 2015-2026,21,6,2022,June,Tuesday,0
2022-06-22,12.0,12.6,0.2,23:00,N,17.0,24.0,1024.2,88.0,80.0,Weather archive 2015-2026,22,6,2022,June,Wednesday,1
2022-06-23,14.0,14.9,0.0,23:30,N,28.0,44.0,1016.2,75.0,71.0,Weather archive 2015-2026,23,6,2022,June,Thursday,0
2022-06-24,9.5,12.4,0.2,19:30,SW,7.0,11.0,1017.7,92.0,73.0,Weather archive 2015-2026,24,6,2022,June,Friday,1
2022-06-25,12.0,13.1,0.0,20:30,N,20.0,30.0,1021.2,71.0,65.0,Weather archive 2015-2026,25,6,2022,June,Saturday,0
2022-06-26,8.5,9.7,5.2,23:30,W,11.0,17.0,1029.6,87.0,78.0,Weather archive 2015-2026,26,6,2022,June,Sunday,1
2022-06-27,8.3,9.6,0.2,22:00,ENE,7.0,11.0,1033.3,98.0,83.0,Weather archive 2015-2026,27,6,2022,June,Monday,1
2022-06-28,8.5,10.2,0.0,19:40,N,15.0,26.0,1028.0,77.0,68.0,Weather archive 2015-2026,28,6,2022,June,Tuesday,0
2022-06-29,9.4,10.0,0.0,23:40,N,19.0,22.0,1022.0,67.0,63.0,Weather archive 2015-2026,29,6,2022,June,Wednesday,0
2022-06-30,6.2,7.5,0.0,0:00,SSE,2.0,7.0,1028.6,100.0,92.0,Weather archive 2015-2026,30,6,2022,June,Thursday,0
2022-07-01,8.8,10.9,0.0,20:20,SSE,11.0,15.0,1031.2,88.0,78.0,Weather archive 2015-2026,1,7,2022,July,Friday,0
2022-07-02,6.6,10.3,0.0,20:00,SSE,7.0,13.0,1029.7,97.0,79.0,Weather archive 2015-2026,2,7,2022,July,Saturday,0
2022-07-03,9.0,10.8,0.0,22:00,S,13.0,19.0,1027.7,75.0,64.0,Weather archive 2015-2026,3,7,2022,July,Sunday,0
2022-07-04,9.2,11.0,0.0,20:00,SSE,6.0,11.0,1028.0,100.0,84.0,Weather archive 2015-2026,4,7,2022,July,Monday,0
2022-07-05,5.7,9.7,0.0,23:30,NE,11.0,15.0,1024.5,95.0,73.0,Weather archive 2015-2026,5,7,2022,July,Tuesday,0
2022-07-06,5.9,9.1,0.0,0:00,N,0.0,0.0,1019.7,100.0,83.0,Weather archive 2015-2026,6,7,2022,July,Wednesday,0
2022-07-07,10.1,11.1,0.2,22:00,W,11.0,28.0,1016.6,87.0,72.0,Weather archive 2015-2026,7,7,2022,July,Thursday,1
2022-07-08,8.8,10.0,4.8,23:30,WSW,7.0,19.0,1018.3,89.0,84.0,Weather archive 2015-2026,8,7,2022,July,Friday,1
2022-07-09,6.6,8.7,0.4,23:00,SSE,2.0,6.0,1027.0,100.0,99.0,Weather archive 2015-2026,9,7,2022,July,Saturday,1
2022-07-10,7.1,9.7,0.0,22:20,NNE,11.0,11.0,1026.4,96.0,86.0,Weather archive 2015-2026,10,7,2022,July,Sunday,0
2022-07-11,8.9,10.6,0.0,20:00,N,13.0,20.0,1020.5,78.0,71.0,Weather archive 2015-2026,11,7,2022,July,Monday,0
2022-07-12,8.0,9.5,1.0,22:00,WSW,6.0,11.0,1017.5,99.0,89.0,Weather archive 2015-2026,12,7,2022,July,Tuesday,1
2022-07-13,8.5,9.6,1.4,23:00,SW,9.0,19.0,1025.4,94.0,80.0,Weather archive 2015-2026,13,7,2022,July,Wednesday,1
2022-07-14,8.5,10.4,0.0,23:50,NNE,11.0,15.0,1028.0,88.0,79.0,Weather archive 2015-2026,14,7,2022,July,Thursday,0
2022-07-15,10.4,11.0,0.0,0:00,N,17.0,33.0,1025.4,76.0,67.0,Weather archive 2015-2026,15,7,2022,July,Friday,0
2022-07-16,10.4,13.3,0.0,21:40,N,32.0,44.0,1010.5,65.0,47.0,Weather archive 2015-2026,16,7,2022,July,Saturday,0
2022-07-17,8.1,9.9,4.0,21:00,WNW,11.0,26.0,1012.8,75.0,67.0,Weather archive 2015-2026,17,7,2022,July,Sunday,1
2022-07-18,5.3,9.0,0.0,21:30,SSE,7.0,17.0,1027.3,95.0,73.0,Weather archive 2015-2026,18,7,2022,July,Monday,0
2022-07-19,3.7,8.6,0.0,20:00,ESE,7.0,13.0,1032.1,98.0,69.0,Weather archive 2015-2026,19,7,2022,July,Tuesday,0
2022-07-20,3.2,5.8,0.0,22:50,SE,6.0,7.0,1033.2,100.0,96.0,Weather archive 2015-2026,20,7,2022,July,Wednesday,0
2022-07-21,5.0,7.4,0.0,23:00,ESE,2.0,6.0,1030.6,100.0,98.0,Weather archive 2015-2026,21,7,2022,July,Thursday,0
2022-07-22,8.5,13.8,0.0,19:30,NNW,9.0,13.0,1025.0,91.0,57.0,Weather archive 2015-2026,22,7,2022,July,Friday,0
2022-07-23,11.2,11.7,7.4,0:00,N,7.0,11.0,1021.9,100.0,100.0,Weather archive 2015-2026,23,7,2022,July,Saturday,1
2022-07-24,10.6,13.8,0.0,23:10,NNE,11.0,15.0,1019.1,90.0,78.0,Weather archive 2015-2026,24,7,2022,July,Sunday,0
2022-07-25,11.8,13.1,4.4,21:00,N,17.0,26.0,1011.9,97.0,83.0,Weather archive 2015-2026,25,7,2022,July,Monday,1
2022-07-26,9.4,10.6,0.0,23:00,WNW,13.0,24.0,1019.2,78.0,66.0,Weather archive 2015-2026,26,7,2022,July,Tuesday,0
2022-07-27,12.5,14.0,0.8,21:30,NNW,15.0,22.0,1022.4,81.0,65.0,Weather archive 2015-2026,27,7,2022,July,Wednesday,1
2022-07-28,8.1,9.8,0.6,21:30,S,11.0,22.0,1026.7,93.0,78.0,Weather archive 2015-2026,28,7,2022,July,Thursday,1
2022-07-29,5.0,6.9,0.0,23:30,NE,9.0,13.0,1028.2,98.0,84.0,Weather archive 2015-2026,29,7,2022,July,Friday,0
2022-07-30,9.3,10.2,0.0,20:30,N,26.0,46.0,1021.1,60.0,56.0,Weather archive 2015-2026,30,7,2022,July,Saturday,0
2022-07-31,10.8,11.4,0.0,20:30,N,26.0,46.0,1010.2,78.0,71.0,Weather archive 2015-2026,31,7,2022,July,Sunday,0
2022-08-01,11.4,12.8,0.6,20:00,NNW,19.0,30.0,1014.7,87.0,68.0,Weather archive 2015-2026,1,8,2022,August,Monday,1
2022-08-02,14.0,15.4,0.0,23:30,N,35.0,56.0,1008.2,51.0,41.0,Weather archive 2015-2026,2,8,2022,August,Tuesday,0
2022-08-03,16.3,18.0,0.8,0:00,NW,20.0,43.0,1000.6,67.0,54.0,Weather archive 2015-2026,3,8,2022,August,Wednesday,1
2022-08-04,13.4,15.3,0.0,22:00,N,22.0,30.0,995.8,59.0,55.0,Weather archive 2015-2026,4,8,2022,August,Thursday,0
2022-08-05,10.6,11.7,3.8,23:10,NNW,13.0,17.0,1003.0,82.0,77.0,Weather archive 2015-2026,5,8,2022,August,Friday,1
2022-08-06,9.4,10.6,1.4,23:00,SSW,6.0,9.0,1013.2,100.0,96.0,Weather archive 2015-2026,6,8,2022,August,Saturday,1
2022-08-07,7.1,8.9,0.0,22:30,SW,2.0,7.0,1022.5,100.0,84.0,Weather archive 2015-2026,7,8,2022,August,Sunday,0
2022-08-08,5.2,8.4,0.0,0:00,N,0.0,0.0,1026.8,100.0,67.0,Weather archive 2015-2026,8,8,2022,August,Monday,0
2022-08-09,6.5,9.1,0.2,20:10,SSW,9.0,11.0,1027.9,100.0,87.0,Weather archive 2015-2026,9,8,2022,August,Tuesday,1
2022-08-10,11.4,13.2,0.0,0:00,N,20.0,26.0,1021.5,68.0,56.0,Weather archive 2015-2026,10,8,2022,August,Wednesday,0
2022-08-11,11.1,12.0,1.4,23:30,N,24.0,30.0,1014.0,84.0,78.0,Weather archive 2015-2026,11,8,2022,August,Thursday,1
2022-08-12,9.7,12.0,0.0,22:40,N,7.0,11.0,1013.2,87.0,67.0,Weather archive 2015-2026,12,8,2022,August,Friday,0
2022-08-13,7.8,11.5,0.0,20:30,SSE,6.0,11.0,1011.4,100.0,76.0,Weather archive 2015-2026,13,8,2022,August,Saturday,0
2022-08-14,12.1,12.6,0.0,23:40,NW,22.0,30.0,1004.4,77.0,70.0,Weather archive 2015-2026,14,8,2022,August,Sunday,0
2022-08-15,10.4,12.8,1.8,23:30,NW,13.0,20.0,1005.4,83.0,63.0,Weather archive 2015-2026,15,8,2022,August,Monday,1
2022-08-16,11.0,11.7,1.8,21:30,SW,9.0,19.0,1019.7,80.0,71.0,Weather archive 2015-2026,16,8,2022,August,Tuesday,1
2022-08-17,12.2,13.7,1.2,23:30,N,30.0,39.0,1014.8,85.0,69.0,Weather archive 2015-2026,17,8,2022,August,Wednesday,1
2022-08-18,10.4,11.2,12.4,22:40,NW,9.0,13.0,1010.2,100.0,96.0,Weather archive 2015-2026,18,8,2022,August,Thursday,1
2022-08-19,11.7,13.5,1.6,23:00,N,24.0,32.0,1015.5,76.0,56.0,Weather archive 2015-2026,19,8,2022,August,Friday,1
2022-08-20,6.8,9.8,0.0,21:00,SE,7.0,9.0,1026.3,96.0,74.0,Weather archive 2015-2026,20,8,2022,August,Saturday,0
2022-08-21,10.7,11.3,0.0,22:50,N,22.0,32.0,1022.0,62.0,57.0,Weather archive 2015-2026,21,8,2022,August,Sunday,0
2022-08-22,8.9,9.8,8.8,23:00,W,9.0,17.0,1011.0,97.0,86.0,Weather archive 2015-2026,22,8,2022,August,Monday,1
2022-08-23,8.9,9.7,0.4,22:30,WNW,11.0,20.0,1022.9,76.0,69.0,Weather archive 2015-2026,23,8,2022,August,Tuesday,1
2022-08-24,11.1,11.7,2.8,22:30,W,11.0,20.0,1022.3,95.0,84.0,Weather archive 2015-2026,24,8,2022,August,Wednesday,1
2022-08-25,11.6,12.1,0.2,20:30,SSW,7.0,13.0,1028.6,93.0,89.0,Weather archive 2015-2026,25,8,2022,August,Thursday,1
2022-08-26,11.2,11.7,0.0,20:00,S,6.0,11.0,1029.3,94.0,86.0,Weather archive 2015-2026,26,8,2022,August,Friday,0
2022-08-27,10.9,13.0,0.0,22:30,N,9.0,15.0,1024.9,90.0,77.0,Weather archive 2015-2026,27,8,2022,August,Saturday,0
2022-08-28,15.1,16.7,0.0,22:40,NNE,13.0,19.0,1020.3,70.0,57.0,Weather archive 2015-2026,28,8,2022,August,Sunday,0
2022-08-29,12.3,13.6,5.4,23:30,NNE,9.0,13.0,1013.0,100.0,91.0,Weather archive 2015-2026,29,8,2022,August,Monday,1
2022-08-30,9.8,11.1,1.4,19:30,WSW,17.0,32.0,1023.1,79.0,67.0,Weather archive 2015-2026,30,8,2022,August,Tuesday,1
2022-08-31,8.5,10.9,0.0,22:30,NNE,9.0,13.0,1024.0,94.0,78.0,Weather archive 2015-2026,31,8,2022,August,Wednesday,0
2022-09-01,10.4,12.0,1.6,23:00,SSE,13.0,20.0,1025.2,100.0,68.0,Weather archive 2015-2026,1,9,2022,September,Thursday,1
2022-09-02,7.0,9.7,0.0,19:30,SSE,11.0,17.0,1030.4,96.0,74.0,Weather archive 2015-2026,2,9,2022,September,Friday,0
2022-09-03,7.4,10.9,0.0,21:00,SSE,7.0,13.0,1031.0,98.0,77.0,Weather archive 2015-2026,3,9,2022,September,Saturday,0
2022-09-04,9.2,10.9,0.0,21:30,SSE,7.0,13.0,1028.4,84.0,73.0,Weather archive 2015-2026,4,9,2022,September,Sunday,0
2022-09-05,6.8,12.1,0.0,20:10,SE,19.0,26.0,1025.7,88.0,60.0,Weather archive 2015-2026,5,9,2022,September,Monday,0
2022-09-06,9.0,13.7,0.0,0:00,N,7.0,11.0,1022.4,93.0,61.0,Weather archive 2015-2026,6,9,2022,September,Tuesday,0
2022-09-07,13.6,16.4,0.0,23:30,NE,11.0,15.0,1016.4,66.0,52.0,Weather archive 2015-2026,7,9,2022,September,Wednesday,0
2022-09-08,13.5,15.7,0.2,22:00,N,22.0,32.0,1007.8,87.0,74.0,Weather archive 2015-2026,8,9,2022,September,Thursday,1
2022-09-09,14.2,15.7,0.0,23:40,NNW,17.0,22.0,1007.7,71.0,63.0,Weather archive 2015-2026,9,9,2022,September,Friday,0
2022-09-10,10.9,12.0,0.0,21:30,W,11.0,22.0,1016.2,60.0,57.0,Weather archive 2015-2026,10,9,2022,September,Saturday,0
2022-09-11,10.8,11.3,1.6,22:30,W,11.0,17.0,1017.5,90.0,79.0,Weather archive 2015-2026,11,9,2022,September,Sunday,1
2022-09-12,8.9,10.5,1.2,22:00,SSW,11.0,30.0,1025.6,85.0,66.0,Weather archive 2015-2026,12,9,2022,September,Monday,1
2022-09-13,5.3,9.8,0.0,21:50,ESE,7.0,11.0,1027.9,93.0,68.0,Weather archive 2015-2026,13,9,2022,September,Tuesday,0
2022-09-14,11.5,15.6,3.4,20:00,NNE,19.0,35.0,1017.1,92.0,48.0,Weather archive 2015-2026,14,9,2022,September,Wednesday,1
2022-09-15,12.2,14.6,0.0,22:00,N,11.0,17.0,1006.6,90.0,78.0,Weather archive 2015-2026,15,9,2022,September,Thursday,0
2022-09-16,10.3,12.9,4.2,21:00,N,13.0,22.0,1001.1,78.0,69.0,Weather archive 2015-2026,16,9,2022,September,Friday,1
2022-09-17,11.4,12.0,7.6,20:30,NW,15.0,26.0,1004.3,80.0,69.0,Weather archive 2015-2026,17,9,2022,September,Saturday,1
2022-09-18,10.5,11.7,3.4,21:00,NNW,15.0,20.0,1010.3,87.0,77.0,Weather archive 2015-2026,18,9,2022,September,Sunday,1
2022-09-19,10.1,12.6,0.2,19:30,SSE,7.0,9.0,1019.7,95.0,74.0,Weather archive 2015-2026,19,9,2022,September,Monday,1
2022-09-20,13.1,16.1,0.2,19:30,NNE,9.0,13.0,1016.0,76.0,53.0,Weather archive 2015-2026,20,9,2022,September,Tuesday,1
2022-09-21,12.6,15.7,0.0,19:30,SSW,7.0,11.0,1017.5,98.0,75.0,Weather archive 2015-2026,21,9,2022,September,Wednesday,0
2022-09-22,13.6,13.8,0.2,22:00,WSW,7.0,11.0,1017.5,100.0,98.0,Weather archive 2015-2026,22,9,2022,September,Thursday,1
2022-09-23,12.1,13.4,0.0,22:20,S,19.0,28.0,1017.0,93.0,79.0,Weather archive 2015-2026,23,9,2022,September,Friday,0
2022-09-24,9.5,11.4,0.0,20:30,SSE,9.0,13.0,1016.8,93.0,72.0,Weather archive 2015-2026,24,9,2022,September,Saturday,0
2022-09-25,13.4,16.0,0.0,21:00,N,13.0,17.0,1017.0,61.0,52.0,Weather archive 2015-2026,25,9,2022,September,Sunday,0
2022-09-26,11.9,12.2,2.2,21:00,N,11.0,13.0,1013.9,89.0,83.0,Weather archive 2015-2026,26,9,2022,September,Monday,1
2022-09-27,13.5,13.8,3.6,20:00,SSE,15.0,26.0,1014.7,93.0,90.0,Weather archive 2015-2026,27,9,2022,September,Tuesday,1
2022-09-28,11.9,12.8,0.0,20:00,S,13.0,28.0,1023.3,75.0,72.0,Weather archive 2015-2026,28,9,2022,September,Wednesday,0
2022-09-29,11.6,14.5,0.0,22:00,SE,17.0,30.0,1027.3,86.0,66.0,Weather archive 2015-2026,29,9,2022,September,Thursday,0
2022-09-30,10.9,14.7,0.0,21:30,SE,17.0,28.0,1026.8,81.0,64.0,Weather archive 2015-2026,30,9,2022,September,Friday,0
2022-10-01,9.5,13.6,0.0,21:00,ESE,2.0,7.0,1021.3,92.0,73.0,Weather archive 2015-2026,1,10,2022,October,Saturday,0
2022-10-02,9.4,13.8,0.0,20:00,SSW,9.0,17.0,1021.6,92.0,72.0,Weather archive 2015-2026,2,10,2022,October,Sunday,0
2022-10-03,13.3,16.6,0.0,21:00,S,9.0,19.0,1020.8,77.0,63.0,Weather archive 2015-2026,3,10,2022,October,Monday,0
2022-10-04,11.7,13.4,0.0,22:20,SE,13.0,20.0,1023.9,74.0,60.0,Weather archive 2015-2026,4,10,2022,October,Tuesday,0
2022-10-05,11.8,12.8,5.2,23:00,ESE,9.0,13.0,1020.5,100.0,92.0,Weather archive 2015-2026,5,10,2022,October,Wednesday,1
2022-10-06,16.1,18.5,14.0,21:00,NNE,20.0,28.0,1012.6,100.0,68.0,Weather archive 2015-2026,6,10,2022,October,Thursday,1
2022-10-07,12.9,14.3,19.8,22:00,S,6.0,11.0,1014.5,94.0,76.0,Weather archive 2015-2026,7,10,2022,October,Friday,1
2022-10-08,10.9,12.3,0.2,20:30,S,11.0,24.0,1023.1,62.0,48.0,Weather archive 2015-2026,8,10,2022,October,Saturday,1
2022-10-09,8.0,10.9,0.0,21:30,SSE,6.0,11.0,1026.7,83.0,61.0,Weather archive 2015-2026,9,10,2022,October,Sunday,0
2022-10-10,11.7,14.2,0.0,22:30,ESE,11.0,17.0,1024.0,75.0,53.0,Weather archive 2015-2026,10,10,2022,October,Monday,0
2022-10-11,14.7,18.6,0.0,21:00,NNE,7.0,9.0,1017.6,77.0,53.0,Weather archive 2015-2026,11,10,2022,October,Tuesday,0
2022-10-12,17.0,18.7,10.0,0:00,N,22.0,50.0,1012.5,82.0,73.0,Weather archive 2015-2026,12,10,2022,October,Wednesday,1
2022-10-13,11.3,11.5,22.4,21:30,W,9.0,22.0,1005.8,100.0,98.0,Weather archive 2015-2026,13,10,2022,October,Thursday,1
2022-10-14,11.3,14.7,1.2,22:10,W,11.0,17.0,1017.1,83.0,64.0,Weather archive 2015-2026,14,10,2022,October,Friday,1
2022-10-15,13.4,16.5,0.2,21:10,SSE,19.0,26.0,1021.0,91.0,56.0,Weather archive 2015-2026,15,10,2022,October,Saturday,1
2022-10-16,8.6,11.7,0.0,21:50,SSE,9.0,13.0,1024.5,86.0,60.0,Weather archive 2015-2026,16,10,2022,October,Sunday,0
2022-10-17,10.0,12.5,0.0,21:00,SSE,9.0,17.0,1022.2,81.0,64.0,Weather archive 2015-2026,17,10,2022,October,Monday,0
2022-10-18,11.5,13.4,0.0,23:10,SSE,6.0,7.0,1018.3,79.0,66.0,Weather archive 2015-2026,18,10,2022,October,Tuesday,0
2022-10-19,13.9,16.3,0.0,21:50,SSW,7.0,11.0,1018.2,66.0,56.0,Weather archive 2015-2026,19,10,2022,October,Wednesday,0
2022-10-20,15.2,17.5,0.0,22:00,NW,11.0,15.0,1014.0,82.0,72.0,Weather archive 2015-2026,20,10,2022,October,Thursday,0
2022-10-21,18.4,20.2,5.2,22:00,NNW,11.0,15.0,1007.6,100.0,94.0,Weather archive 2015-2026,21,10,2022,October,Friday,1
2022-10-22,15.0,16.1,4.2,21:10,SSW,17.0,22.0,1014.8,94.0,85.0,Weather archive 2015-2026,22,10,2022,October,Saturday,1
2022-10-23,14.6,15.8,0.0,23:00,SE,19.0,39.0,1014.3,79.0,75.0,Weather archive 2015-2026,23,10,2022,October,Sunday,0
2022-10-24,16.4,18.5,0.8,22:00,SSW,2.0,7.0,1007.9,100.0,75.0,Weather archive 2015-2026,24,10,2022,October,Monday,1
2022-10-25,17.1,17.8,0.2,21:00,N,9.0,15.0,1002.4,95.0,87.0,Weather archive 2015-2026,25,10,2022,October,Tuesday,1
2022-10-26,15.6,16.3,7.0,0:00,WSW,9.0,24.0,1000.1,100.0,100.0,Weather archive 2015-2026,26,10,2022,October,Wednesday,1
2022-10-27,14.1,15.0,15.6,23:00,WNW,17.0,22.0,1001.0,96.0,78.0,Weather archive 2015-2026,27,10,2022,October,Thursday,1
2022-10-28,11.2,12.2,3.0,21:00,W,17.0,28.0,1006.1,82.0,77.0,Weather archive 2015-2026,28,10,2022,October,Friday,1
2022-10-29,11.3,12.1,2.4,21:30,NW,9.0,11.0,1009.7,92.0,88.0,Weather archive 2015-2026,29,10,2022,October,Saturday,1
2022-10-30,18.6,20.3,1.2,21:30,NNE,33.0,50.0,997.3,53.0,47.0,Weather archive 2015-2026,30,10,2022,October,Sunday,1
2022-10-31,11.5,12.0,1.2,0:00,W,11.0,19.0,990.3,92.0,73.0,Weather archive 2015-2026,31,10,2022,October,Monday,1
2022-11-01,7.8,9.4,2.6,21:00,WNW,15.0,28.0,999.8,76.0,62.0,Weather archive 2015-2026,1,11,2022,November,Tuesday,1
2022-11-02,12.3,13.1,0.2,23:30,WNW,17.0,24.0,1012.4,78.0,66.0,Weather archive 2015-2026,2,11,2022,November,Wednesday,1
2022-11-03,13.2,13.5,0.2,21:30,SSE,15.0,17.0,1025.7,76.0,72.0,Weather archive 2015-2026,3,11,2022,November,Thursday,1
2022-11-04,12.4,14.1,0.0,21:30,SSE,13.0,17.0,1028.1,82.0,71.0,Weather archive 2015-2026,4,11,2022,November,Friday,0
2022-11-05,14.3,15.6,0.0,23:30,N,0.0,6.0,1023.8,92.0,79.0,Weather archive 2015-2026,5,11,2022,November,Saturday,0
2022-11-06,17.8,19.9,0.0,21:10,NNW,19.0,20.0,1021.7,68.0,56.0,Weather archive 2015-2026,6,11,2022,November,Sunday,0
2022-11-07,17.5,20.4,0.0,21:00,NNE,11.0,17.0,1019.3,77.0,56.0,Weather archive 2015-2026,7,11,2022,November,Monday,0
2022-11-08,16.8,18.9,2.8,22:40,NNE,11.0,13.0,1018.4,95.0,78.0,Weather archive 2015-2026,8,11,2022,November,Tuesday,1
2022-11-09,21.3,25.1,0.0,22:30,NNE,9.0,15.0,1015.1,68.0,47.0,Weather archive 2015-2026,9,11,2022,November,Wednesday,0
2022-11-10,19.8,20.2,2.8,22:30,NNW,13.0,20.0,1011.5,78.0,76.0,Weather archive 2015-2026,10,11,2022,November,Thursday,1
2022-11-11,15.6,16.9,0.0,23:40,SSE,17.0,20.0,1013.0,88.0,80.0,Weather archive 2015-2026,11,11,2022,November,Friday,0
2022-11-12,16.0,18.1,4.8,21:30,ESE,11.0,13.0,1009.2,100.0,74.0,Weather archive 2015-2026,12,11,2022,November,Saturday,1
2022-11-13,19.7,21.9,0.0,0:00,N,22.0,30.0,997.2,71.0,59.0,Weather archive 2015-2026,13,11,2022,November,Sunday,0
2022-11-14,10.7,13.4,11.4,21:00,W,19.0,32.0,1010.4,92.0,74.0,Weather archive 2015-2026,14,11,2022,November,Monday,1
2022-11-15,8.2,9.4,0.6,21:00,W,13.0,19.0,1014.2,71.0,65.0,Weather archive 2015-2026,15,11,2022,November,Tuesday,1
2022-11-16,10.7,12.3,1.0,0:00,SSW,22.0,28.0,1018.4,82.0,64.0,Weather archive 2015-2026,16,11,2022,November,Wednesday,1
2022-11-17,10.3,12.9,0.0,22:00,SSE,11.0,15.0,1018.7,86.0,65.0,Weather archive 2015-2026,17,11,2022,November,Thursday,0
2022-11-18,17.6,20.9,0.0,21:20,NNE,9.0,13.0,1008.9,56.0,38.0,Weather archive 2015-2026,18,11,2022,November,Friday,0
2022-11-19,14.7,16.9,11.4,21:20,N,19.0,30.0,992.9,100.0,85.0,Weather archive 2015-2026,19,11,2022,November,Saturday,1
2022-11-20,11.8,12.7,1.2,21:30,WNW,15.0,33.0,1000.5,70.0,61.0,Weather archive 2015-2026,20,11,2022,November,Sunday,1
2022-11-21,8.8,9.7,2.0,23:00,WNW,17.0,26.0,1011.0,74.0,68.0,Weather archive 2015-2026,21,11,2022,November,Monday,1
2022-11-22,14.3,15.4,0.2,23:00,W,13.0,20.0,1014.3,71.0,67.0,Weather archive 2015-2026,22,11,2022,November,Tuesday,1
2022-11-23,13.1,14.1,2.8,0:00,NNW,7.0,11.0,1019.6,100.0,82.0,Weather archive 2015-2026,23,11,2022,November,Wednesday,1
2022-11-24,14.1,14.4,0.0,21:00,S,13.0,20.0,1022.0,79.0,75.0,Weather archive 2015-2026,24,11,2022,November,Thursday,0
2022-11-25,13.9,16.0,0.0,21:00,SSE,7.0,13.0,1018.1,77.0,65.0,Weather archive 2015-2026,25,11,2022,November,Friday,0
2022-11-26,19.3,20.4,0.2,21:30,N,15.0,24.0,1003.7,75.0,65.0,Weather archive 2015-2026,26,11,2022,November,Saturday,1
2022-11-27,12.4,14.0,0.2,21:00,S,13.0,24.0,1008.3,73.0,64.0,Weather archive 2015-2026,27,11,2022,November,Sunday,1
2022-11-28,14.2,15.5,0.0,21:00,NW,15.0,28.0,1011.0,77.0,67.0,Weather archive 2015-2026,28,11,2022,November,Monday,0
2022-11-29,12.7,14.6,0.0,21:30,S,9.0,19.0,1018.6,77.0,66.0,Weather archive 2015-2026,29,11,2022,November,Tuesday,0
2022-11-30,13.6,15.5,0.0,22:30,S,9.0,17.0,1018.9,81.0,65.0,Weather archive 2015-2026,30,11,2022,November,Wednesday,0
2022-12-01,12.6,14.9,0.0,21:00,SSE,13.0,20.0,1019.2,71.0,63.0,Weather archive 2015-2026,1,12,2022,December,Thursday,0
2022-12-02,16.8,18.7,0.0,23:00,WSW,7.0,15.0,1016.0,84.0,79.0,Weather archive 2015-2026,2,12,2022,December,Friday,0
2022-12-03,20.6,25.3,0.0,21:00,SSE,9.0,13.0,1013.4,63.0,45.0,Weather archive 2015-2026,3,12,2022,December,Saturday,0
2022-12-04,22.9,29.4,0.0,0:00,SW,20.0,32.0,1006.1,56.0,30.0,Weather archive 2015-2026,4,12,2022,December,Sunday,0
2022-12-05,13.4,14.1,0.2,22:30,S,20.0,37.0,1013.4,90.0,82.0,Weather archive 2015-2026,5,12,2022,December,Monday,1
2022-12-06,13.8,17.3,0.2,21:00,SE,11.0,15.0,1007.7,73.0,58.0,Weather archive 2015-2026,6,12,2022,December,Tuesday,1
2022-12-07,11.6,14.0,0.0,22:00,WSW,15.0,35.0,1010.6,64.0,55.0,Weather archive 2015-2026,7,12,2022,December,Wednesday,0
2022-12-08,12.7,13.2,2.4,21:30,S,17.0,35.0,1017.6,63.0,50.0,Weather archive 2015-2026,8,12,2022,December,Thursday,1
2022-12-09,11.6,14.2,0.0,22:00,SSE,11.0,20.0,1017.9,72.0,57.0,Weather archive 2015-2026,9,12,2022,December,Friday,0
2022-12-10,19.1,22.3,0.0,22:30,N,7.0,11.0,1010.5,63.0,46.0,Weather archive 2015-2026,10,12,2022,December,Saturday,0
2022-12-11,15.2,16.3,10.0,23:30,SSW,6.0,11.0,1004.5,100.0,90.0,Weather archive 2015-2026,11,12,2022,December,Sunday,1
2022-12-12,12.9,14.0,3.2,22:30,W,11.0,24.0,1009.2,70.0,63.0,Weather archive 2015-2026,12,12,2022,December,Monday,1
2022-12-13,10.0,11.9,3.4,22:00,WNW,13.0,20.0,1011.7,64.0,54.0,Weather archive 2015-2026,13,12,2022,December,Tuesday,1
2022-12-14,11.1,12.7,3.2,21:30,S,22.0,46.0,1017.1,86.0,63.0,Weather archive 2015-2026,14,12,2022,December,Wednesday,1
2022-12-15,12.7,13.3,0.0,21:00,S,11.0,22.0,1017.3,70.0,57.0,Weather archive 2015-2026,15,12,2022,December,Thursday,0
2022-12-16,13.8,15.5,0.2,23:00,SSE,15.0,28.0,1021.7,69.0,57.0,Weather archive 2015-2026,16,12,2022,December,Friday,1
2022-12-17,14.1,18.0,0.0,23:50,SE,20.0,30.0,1023.0,71.0,49.0,Weather archive 2015-2026,17,12,2022,December,Saturday,0
2022-12-18,14.7,18.2,0.0,21:00,SE,13.0,24.0,1022.6,68.0,53.0,Weather archive 2015-2026,18,12,2022,December,Sunday,0
2022-12-19,14.7,19.9,0.0,21:00,ESE,17.0,26.0,1022.1,64.0,39.0,Weather archive 2015-2026,19,12,2022,December,Monday,0
2022-12-20,16.1,20.9,0.0,21:30,SE,11.0,19.0,1016.8,66.0,50.0,Weather archive 2015-2026,20,12,2022,December,Tuesday,0
2022-12-21,22.1,24.0,0.0,23:30,E,7.0,11.0,1010.9,62.0,51.0,Weather archive 2015-2026,21,12,2022,December,Wednesday,0
2022-12-22,18.1,19.1,1.6,22:00,NW,6.0,11.0,1010.7,100.0,93.0,Weather archive 2015-2026,22,12,2022,December,Thursday,1
2022-12-23,17.5,18.7,0.0,22:10,SSW,17.0,24.0,1010.3,87.0,82.0,Weather archive 2015-2026,23,12,2022,December,Friday,0
2022-12-24,15.8,17.8,0.0,22:30,SSE,13.0,20.0,1013.5,74.0,64.0,Weather archive 2015-2026,24,12,2022,December,Saturday,0
2022-12-25,20.4,22.7,0.0,22:00,SSW,13.0,19.0,1015.7,67.0,61.0,Weather archive 2015-2026,25,12,2022,December,Sunday,0
2022-12-26,19.5,20.1,0.0,21:00,S,6.0,9.0,1019.0,94.0,82.0,Weather archive 2015-2026,26,12,2022,December,Monday,0
2022-12-27,29.8,33.6,0.0,21:00,NNE,11.0,15.0,1009.0,37.0,31.0,Weather archive 2015-2026,27,12,2022,December,Tuesday,0
2022-12-28,16.4,30.5,0.8,6:30,N,26.0,43.0,1017.0,81.0,34.0,Weather archive 2015-2026,28,12,2022,December,Wednesday,1
2022-12-29,14.0,19.0,0.8,14:30,SSE,20.0,33.0,1019.0,84.0,48.0,Weather archive 2015-2026,29,12,2022,December,Thursday,1
2022-12-30,13.0,25.5,0.0,16:00,SSW,17.0,30.0,1015.9,92.0,44.0,Weather archive 2015-2026,30,12,2022,December,Friday,0
2022-12-31,18.0,30.2,0.0,20:00,SSE,13.0,30.0,1013.4,96.0,46.0,Weather archive 2015-2026,31,12,2022,December,Saturday,0
2023-01-01,18.4,35.6,0.0,13:00,N,22.0,30.0,1010.9,98.0,25.0,Weather archive 2015-2026,1,1,2023,January,Sunday,0
2023-01-02,18.3,31.5,6.4,9:20,N,33.0,52.0,1009.9,93.0,42.0,Weather archive 2015-2026,2,1,2023,January,Monday,1
2023-01-03,15.3,20.9,0.2,20:00,S,15.0,30.0,1010.5,95.0,55.0,Weather archive 2015-2026,3,1,2023,January,Tuesday,1
2023-01-04,14.1,16.8,0.8,16:00,S,20.0,46.0,1013.7,88.0,55.0,Weather archive 2015-2026,4,1,2023,January,Wednesday,1
2023-01-05,14.3,21.4,1.0,14:30,SSW,22.0,43.0,1016.7,91.0,43.0,Weather archive 2015-2026,5,1,2023,January,Thursday,1
2023-01-06,13.3,25.4,0.0,17:40,SE,22.0,35.0,1017.8,81.0,37.0,Weather archive 2015-2026,6,1,2023,January,Friday,0
2023-01-07,13.3,29.8,0.0,18:30,SE,19.0,28.0,1015.2,93.0,30.0,Weather archive 2015-2026,7,1,2023,January,Saturday,0
2023-01-08,15.0,31.7,0.0,20:00,ESE,19.0,22.0,1012.8,90.0,21.0,Weather archive 2015-2026,8,1,2023,January,Sunday,0
2023-01-09,18.4,25.9,0.0,20:00,S,22.0,35.0,1016.1,82.0,42.0,Weather archive 2015-2026,9,1,2023,January,Monday,0
2023-01-10,17.0,21.5,0.0,16:30,SSW,22.0,33.0,1016.4,84.0,58.0,Weather archive 2015-2026,10,1,2023,January,Tuesday,0
2023-01-11,15.9,29.6,0.0,16:40,SSW,22.0,28.0,1011.8,95.0,46.0,Weather archive 2015-2026,11,1,2023,January,Wednesday,0
2023-01-12,18.1,23.7,0.0,18:30,SSW,17.0,26.0,1016.4,95.0,70.0,Weather archive 2015-2026,12,1,2023,January,Thursday,0
2023-01-13,19.3,24.0,0.0,18:30,SSW,20.0,32.0,1017.2,90.0,68.0,Weather archive 2015-2026,13,1,2023,January,Friday,0
2023-01-14,20.3,37.2,0.0,14:40,NNW,32.0,43.0,1014.8,95.0,15.0,Weather archive 2015-2026,14,1,2023,January,Saturday,0
2023-01-15,15.6,20.2,0.0,16:00,SSW,22.0,35.0,1021.6,83.0,48.0,Weather archive 2015-2026,15,1,2023,January,Sunday,0
2023-01-16,15.1,26.9,0.0,17:30,SSW,15.0,24.0,1019.6,90.0,46.0,Weather archive 2015-2026,16,1,2023,January,Monday,0
2023-01-17,20.0,37.1,4.0,12:30,N,28.0,39.0,1016.1,96.0,25.0,Weather archive 2015-2026,17,1,2023,January,Tuesday,1
2023-01-18,15.5,22.6,6.0,21:30,SSW,20.0,41.0,1015.9,100.0,53.0,Weather archive 2015-2026,18,1,2023,January,Wednesday,1
2023-01-19,14.7,18.9,4.6,11:00,S,19.0,39.0,1018.0,63.0,40.0,Weather archive 2015-2026,19,1,2023,January,Thursday,1
2023-01-20,15.5,20.6,0.0,16:00,SSW,17.0,39.0,1017.9,80.0,48.0,Weather archive 2015-2026,20,1,2023,January,Friday,0
2023-01-21,14.1,22.5,0.0,18:00,SSW,20.0,39.0,1016.3,93.0,62.0,Weather archive 2015-2026,21,1,2023,January,Saturday,0
2023-01-22,17.2,22.9,0.0,16:20,SSW,24.0,35.0,1017.1,89.0,63.0,Weather archive 2015-2026,22,1,2023,January,Sunday,0
2023-01-23,18.4,27.7,0.0,18:30,S,19.0,24.0,1016.1,88.0,31.0,Weather archive 2015-2026,23,1,2023,January,Monday,0
2023-01-24,17.6,28.4,1.8,16:00,SSW,20.0,30.0,1011.8,100.0,35.0,Weather archive 2015-2026,24,1,2023,January,Tuesday,1
2023-01-25,19.1,30.0,0.0,21:30,SSW,20.0,35.0,1013.1,77.0,31.0,Weather archive 2015-2026,25,1,2023,January,Wednesday,0
2023-01-26,13.5,21.3,0.0,16:00,S,22.0,35.0,1017.8,75.0,48.0,Weather archive 2015-2026,26,1,2023,January,Thursday,0
2023-01-27,13.5,26.6,0.0,17:30,SSW,17.0,22.0,1017.6,88.0,37.0,Weather archive 2015-2026,27,1,2023,January,Friday,0
2023-01-28,15.4,34.0,0.0,13:00,N,22.0,43.0,1010.7,97.0,16.0,Weather archive 2015-2026,28,1,2023,January,Saturday,0
2023-01-29,18.5,23.8,0.2,21:00,S,13.0,24.0,1014.9,94.0,70.0,Weather archive 2015-2026,29,1,2023,January,Sunday,1
2023-01-30,17.3,21.1,0.0,19:00,S,22.0,32.0,1014.7,72.0,60.0,Weather archive 2015-2026,30,1,2023,January,Monday,0
2023-01-31,15.6,21.7,0.0,13:30,SSW,20.0,32.0,1010.9,87.0,50.0,Weather archive 2015-2026,31,1,2023,January,Tuesday,0
2023-02-01,15.0,20.6,0.2,12:00,SSW,20.0,35.0,1006.9,89.0,52.0,Weather archive 2015-2026,1,2,2023,February,Wednesday,1
2023-02-02,11.7,20.4,11.2,14:10,NNW,35.0,50.0,1003.9,92.0,38.0,Weather archive 2015-2026,2,2,2023,February,Thursday,1
2023-02-03,11.5,18.6,3.2,9:00,NNW,20.0,39.0,994.2,74.0,44.0,Weather archive 2015-2026,3,2,2023,February,Friday,1
2023-02-04,13.0,20.6,1.2,17:10,S,24.0,32.0,1014.0,91.0,54.0,Weather archive 2015-2026,4,2,2023,February,Saturday,1
2023-02-05,14.0,19.5,0.0,0:00,S,13.0,20.0,1018.7,81.0,58.0,Weather archive 2015-2026,5,2,2023,February,Sunday,0
2023-02-06,16.0,20.5,0.0,18:00,SSW,15.0,24.0,1020.7,78.0,54.0,Weather archive 2015-2026,6,2,2023,February,Monday,0
2023-02-07,15.2,20.1,0.0,15:30,SSW,22.0,33.0,1020.0,78.0,55.0,Weather archive 2015-2026,7,2,2023,February,Tuesday,0
2023-02-08,15.1,21.7,0.2,17:30,SSW,20.0,33.0,1016.9,79.0,60.0,Weather archive 2015-2026,8,2,2023,February,Wednesday,1
2023-02-09,13.3,26.1,0.2,16:20,SSW,19.0,28.0,1012.4,100.0,45.0,Weather archive 2015-2026,9,2,2023,February,Thursday,1
2023-02-10,16.2,26.7,0.0,17:00,SSW,19.0,28.0,1007.4,100.0,46.0,Weather archive 2015-2026,10,2,2023,February,Friday,0
2023-02-11,16.1,24.8,0.0,14:40,SSW,32.0,41.0,1006.9,100.0,51.0,Weather archive 2015-2026,11,2,2023,February,Saturday,0
2023-02-12,16.1,20.6,0.0,14:30,S,26.0,46.0,1014.7,77.0,46.0,Weather archive 2015-2026,12,2,2023,February,Sunday,0
2023-02-13,15.0,20.6,0.0,17:20,S,22.0,37.0,1015.8,74.0,46.0,Weather archive 2015-2026,13,2,2023,February,Monday,0
2023-02-14,12.1,21.8,0.0,17:00,S,15.0,32.0,1015.9,92.0,31.0,Weather archive 2015-2026,14,2,2023,February,Tuesday,0
2023-02-15,12.7,32.0,0.0,20:30,SSE,13.0,26.0,1014.1,99.0,28.0,Weather archive 2015-2026,15,2,2023,February,Wednesday,0
2023-02-16,18.2,36.8,0.0,18:30,N,26.0,32.0,1013.8,75.0,17.0,Weather archive 2015-2026,16,2,2023,February,Thursday,0
2023-02-17,18.2,40.1,0.0,15:00,NNW,32.0,46.0,1013.4,80.0,15.0,Weather archive 2015-2026,17,2,2023,February,Friday,0
2023-02-18,17.5,24.9,0.0,18:30,S,19.0,30.0,1018.3,74.0,40.0,Weather archive 2015-2026,18,2,2023,February,Saturday,0
2023-02-19,15.0,27.9,0.0,18:30,SSW,17.0,28.0,1020.2,95.0,32.0,Weather archive 2015-2026,19,2,2023,February,Sunday,0
2023-02-20,15.0,23.7,0.0,19:10,SSW,17.0,26.0,1024.1,99.0,57.0,Weather archive 2015-2026,20,2,2023,February,Monday,0
2023-02-21,17.6,21.7,0.0,16:40,SSE,22.0,39.0,1029.0,79.0,36.0,Weather archive 2015-2026,21,2,2023,February,Tuesday,0
2023-02-22,14.7,30.3,0.0,1:30,SE,19.0,32.0,1026.3,84.0,34.0,Weather archive 2015-2026,22,2,2023,February,Wednesday,0
2023-02-23,18.0,32.1,0.0,11:00,NNW,26.0,41.0,1021.2,78.0,26.0,Weather archive 2015-2026,23,2,2023,February,Thursday,0
2023-02-24,21.7,32.2,0.0,15:00,N,32.0,44.0,1017.3,63.0,26.0,Weather archive 2015-2026,24,2,2023,February,Friday,0
2023-02-25,18.6,26.6,1.4,10:30,NNW,17.0,24.0,1012.7,81.0,37.0,Weather archive 2015-2026,25,2,2023,February,Saturday,1
2023-02-26,15.8,22.2,1.4,18:00,S,17.0,26.0,1013.9,82.0,52.0,Weather archive 2015-2026,26,2,2023,February,Sunday,1
2023-02-27,16.4,20.0,2.6,13:20,SSW,20.0,30.0,1016.2,100.0,68.0,Weather archive 2015-2026,27,2,2023,February,Monday,1
2023-02-28,14.8,17.5,1.8,20:00,SSE,15.0,24.0,1014.6,100.0,69.0,Weather archive 2015-2026,28,2,2023,February,Tuesday,1
2023-03-01,14.8,20.9,0.8,11:50,SSW,17.0,28.0,1015.4,100.0,58.0,Weather archive 2015-2026,1,3,2023,March,Wednesday,1
2023-03-02,15.8,21.2,0.2,19:10,SSE,19.0,26.0,1016.5,77.0,59.0,Weather archive 2015-2026,2,3,2023,March,Thursday,1
2023-03-03,14.6,19.4,0.0,14:00,SSW,20.0,33.0,1019.2,87.0,52.0,Weather archive 2015-2026,3,3,2023,March,Friday,0
2023-03-04,14.1,30.6,0.0,14:30,N,20.0,32.0,1014.7,87.0,33.0,Weather archive 2015-2026,4,3,2023,March,Saturday,0
2023-03-05,17.0,32.9,2.4,13:00,NNW,24.0,41.0,1007.2,88.0,19.0,Weather archive 2015-2026,5,3,2023,March,Sunday,1
2023-03-06,15.6,24.5,5.6,11:00,NW,24.0,50.0,1005.7,79.0,33.0,Weather archive 2015-2026,6,3,2023,March,Monday,1
2023-03-07,12.4,22.5,0.0,20:00,NW,28.0,50.0,1006.8,67.0,35.0,Weather archive 2015-2026,7,3,2023,March,Tuesday,0
2023-03-08,12.4,19.1,1.0,19:00,WSW,20.0,33.0,1010.5,79.0,35.0,Weather archive 2015-2026,8,3,2023,March,Wednesday,1
2023-03-09,12.9,21.9,0.0,18:00,S,19.0,28.0,1015.6,69.0,44.0,Weather archive 2015-2026,9,3,2023,March,Thursday,0
2023-03-10,16.0,23.6,0.0,21:00,SE,13.0,22.0,1017.1,76.0,49.0,Weather archive 2015-2026,10,3,2023,March,Friday,0
2023-03-11,13.4,24.6,0.0,18:00,SSW,17.0,32.0,1014.9,100.0,45.0,Weather archive 2015-2026,11,3,2023,March,Saturday,0
2023-03-12,15.4,20.2,0.0,15:30,S,17.0,33.0,1018.5,78.0,59.0,Weather archive 2015-2026,12,3,2023,March,Sunday,0
2023-03-13,11.8,21.8,0.0,17:50,S,20.0,28.0,1018.9,88.0,52.0,Weather archive 2015-2026,13,3,2023,March,Monday,0
2023-03-14,16.0,30.3,0.0,10:30,N,20.0,32.0,1017.4,87.0,31.0,Weather archive 2015-2026,14,3,2023,March,Tuesday,0
2023-03-15,18.4,22.4,0.0,15:30,SSW,19.0,24.0,1014.4,84.0,67.0,Weather archive 2015-2026,15,3,2023,March,Wednesday,0
2023-03-16,17.4,28.3,0.0,21:30,WSW,19.0,39.0,1011.4,90.0,38.0,Weather archive 2015-2026,16,3,2023,March,Thursday,0
2023-03-17,14.7,24.4,2.6,0:30,SSW,17.0,26.0,1017.6,100.0,38.0,Weather archive 2015-2026,17,3,2023,March,Friday,1
2023-03-18,14.7,35.7,0.0,12:00,N,32.0,52.0,1018.2,82.0,21.0,Weather archive 2015-2026,18,3,2023,March,Saturday,0
2023-03-19,16.8,18.8,0.0,20:00,SSW,15.0,28.0,1025.5,77.0,57.0,Weather archive 2015-2026,19,3,2023,March,Sunday,0
2023-03-20,15.0,20.5,0.0,15:30,SSW,22.0,41.0,1028.6,75.0,39.0,Weather archive 2015-2026,20,3,2023,March,Monday,0
2023-03-21,11.9,19.3,1.6,12:00,NNE,15.0,17.0,1026.2,100.0,57.0,Weather archive 2015-2026,21,3,2023,March,Tuesday,1
2023-03-22,14.7,22.5,1.6,16:00,SSW,17.0,22.0,1021.3,100.0,60.0,Weather archive 2015-2026,22,3,2023,March,Wednesday,1
2023-03-23,15.3,22.4,10.2,17:30,SSW,15.0,20.0,1018.5,100.0,62.0,Weather archive 2015-2026,23,3,2023,March,Thursday,1
2023-03-24,14.1,21.2,,18:00,S,19.0,30.0,1021.8,90.0,50.0,Weather archive 2015-2026,24,3,2023,March,Friday,0
2023-03-25,11.6,19.2,0.2,17:00,S,22.0,32.0,1022.1,94.0,53.0,Weather archive 2015-2026,25,3,2023,March,Saturday,1
2023-03-26,10.7,19.8,0.0,~15:00,SSW,13.0,17.0,1016.7,90.0,60.0,Weather archive 2015-2026,26,3,2023,March,Sunday,0
2023-03-27,15.5,18.3,8.0,17:20,N,19.0,24.0,1013.4,100.0,74.0,Weather archive 2015-2026,27,3,2023,March,Monday,1
2023-03-28,16.2,20.7,8.0,16:00,SSW,17.0,24.0,1012.6,100.0,68.0,Weather archive 2015-2026,28,3,2023,March,Tuesday,1
2023-03-29,12.7,18.3,7.6,18:00,SSW,24.0,41.0,1010.9,96.0,57.0,Weather archive 2015-2026,29,3,2023,March,Wednesday,1
2023-03-30,12.5,18.9,8.2,13:00,WSW,17.0,30.0,1011.9,80.0,59.0,Weather archive 2015-2026,30,3,2023,March,Thursday,1
2023-03-31,13.6,19.2,2.2,16:00,S,22.0,33.0,1018.0,93.0,49.0,Weather archive 2015-2026,31,3,2023,March,Friday,1
2023-04-01,11.3,15.6,4.6,12:00,S,20.0,33.0,1021.9,100.0,48.0,Weather archive 2015-2026,1,4,2023,April,Saturday,1
2023-04-02,8.8,18.3,0.2,15:30,SSW,17.0,22.0,1022.1,86.0,51.0,Weather archive 2015-2026,2,4,2023,April,Sunday,1
2023-04-03,9.0,22.6,0.0,15:00,SSW,11.0,19.0,1020.4,100.0,51.0,Weather archive 2015-2026,3,4,2023,April,Monday,0
2023-04-04,12.0,21.6,0.0,19:00,SSW,13.0,28.0,1019.5,100.0,61.0,Weather archive 2015-2026,4,4,2023,April,Tuesday,0
2023-04-05,14.6,20.7,0.0,16:30,S,15.0,26.0,1016.2,100.0,68.0,Weather archive 2015-2026,5,4,2023,April,Wednesday,0
2023-04-06,14.4,25.9,4.4,12:30,N,20.0,37.0,1014.7,94.0,37.0,Weather archive 2015-2026,6,4,2023,April,Thursday,1
2023-04-07,15.4,19.9,4.8,0:00,SSW,19.0,39.0,1001.2,98.0,55.0,Weather archive 2015-2026,7,4,2023,April,Friday,1
2023-04-08,11.6,17.7,11.2,1:00,WSW,22.0,39.0,1010.0,99.0,55.0,Weather archive 2015-2026,8,4,2023,April,Saturday,1
2023-04-09,10.2,15.5,10.0,17:30,S,26.0,43.0,1014.4,96.0,56.0,Weather archive 2015-2026,9,4,2023,April,Sunday,1
2023-04-10,10.3,15.0,14.8,9:30,S,20.0,32.0,1015.0,97.0,62.0,Weather archive 2015-2026,10,4,2023,April,Monday,1
2023-04-11,12.2,19.1,6.0,12:00,N,24.0,41.0,1016.0,99.0,58.0,Weather archive 2015-2026,11,4,2023,April,Tuesday,1
2023-04-12,13.5,19.1,4.4,12:30,N,24.0,41.0,1009.9,98.0,59.0,Weather archive 2015-2026,12,4,2023,April,Wednesday,1
2023-04-13,11.3,22.6,4.4,14:00,E,19.0,28.0,1016.8,100.0,52.0,Weather archive 2015-2026,13,4,2023,April,Thursday,1
2023-04-14,11.0,24.7,0.0,15:30,N,17.0,20.0,1016.0,100.0,42.0,Weather archive 2015-2026,14,4,2023,April,Friday,0
2023-04-15,13.1,20.2,25.6,10:00,NNW,37.0,50.0,1006.5,100.0,49.0,Weather archive 2015-2026,15,4,2023,April,Saturday,1
2023-04-16,8.7,16.5,38.4,16:00,S,19.0,28.0,1018.5,100.0,60.0,Weather archive 2015-2026,16,4,2023,April,Sunday,1
2023-04-17,8.7,20.6,2.0,11:30,N,11.0,24.0,1023.9,84.0,52.0,Weather archive 2015-2026,17,4,2023,April,Monday,1
2023-04-18,13.4,22.5,0.0,15:30,N / NNW,20.0,30.0,1023.7,82.0,47.0,Weather archive 2015-2026,18,4,2023,April,Tuesday,0
2023-04-19,9.4,16.7,1.2,14:30,WSW / S,15.0,26.0,1024.6,87.0,49.0,Weather archive 2015-2026,19,4,2023,April,Wednesday,1
2023-04-20,7.8,18.3,0.0,12:30,S,11.0,13.0,1028.3,90.0,51.0,Weather archive 2015-2026,20,4,2023,April,Thursday,0
2023-04-21,11.3,18.9,0.0,15:30,S,7.0,20.0,1031.4,100.0,63.0,Weather archive 2015-2026,21,4,2023,April,Friday,0
2023-04-22,14.7,19.2,0.0,16:30,S / SSW,13.0,20.0,1032.8,89.0,63.0,Weather archive 2015-2026,22,4,2023,April,Saturday,0
2023-04-23,11.9,19.0,0.0,16:30,SSW,17.0,20.0,1034.5,100.0,70.0,Weather archive 2015-2026,23,4,2023,April,Sunday,0
2023-04-24,11.0,24.8,0.0,11:00,N,26.0,35.0,1032.5,100.0,47.0,Weather archive 2015-2026,24,4,2023,April,Monday,0
2023-04-25,12.1,25.7,0.0,16:30,NE,11.0,17.0,1029.3,76.0,38.0,Weather archive 2015-2026,25,4,2023,April,Tuesday,0
2023-04-26,12.1,24.6,0.0,12:30,N,24.0,32.0,1025.9,90.0,38.0,Weather archive 2015-2026,26,4,2023,April,Wednesday,0
2023-04-27,16.4,22.3,1.2,14:00,N,33.0,54.0,1018.3,75.0,47.0,Weather archive 2015-2026,27,4,2023,April,Thursday,1
2023-04-28,12.2,21.7,5.2,0:00,N,26.0,44.0,1012.8,99.0,42.0,Weather archive 2015-2026,28,4,2023,April,Friday,1
2023-04-29,8.2,15.7,0.0,13:30,S,17.0,20.0,1016.6,100.0,50.0,Weather archive 2015-2026,29,4,2023,April,Saturday,0
2023-04-30,5.1,16.0,0.2,14:00,SSW,15.0,24.0,1018.4,100.0,53.0,Weather archive 2015-2026,30,4,2023,April,Sunday,1
2023-05-01,7.4,17.9,0.0,13:00,SSW,11.0,19.0,1016.7,100.0,44.0,Weather archive 2015-2026,1,5,2023,May,Monday,0
2023-05-02,11.4,20.2,0.4,16:50,NNW,19.0,32.0,1015.5,89.0,42.0,Weather archive 2015-2026,2,5,2023,May,Tuesday,1
2023-05-03,11.3,15.7,5.0,15:30,SW,20.0,35.0,1019.9,85.0,57.0,Weather archive 2015-2026,3,5,2023,May,Wednesday,1
2023-05-04,8.2,15.5,2.0,23:30,NW,15.0,17.0,1022.4,96.0,54.0,Weather archive 2015-2026,4,5,2023,May,Thursday,1
2023-05-05,10.6,17.3,4.0,13:00,NNW,28.0,39.0,1019.3,97.0,47.0,Weather archive 2015-2026,5,5,2023,May,Friday,1
2023-05-06,7.0,12.8,14.8,7:30,SW,22.0,30.0,1023.3,100.0,57.0,Weather archive 2015-2026,6,5,2023,May,Saturday,1
2023-05-07,6.6,13.1,22.6,14:00,S,20.0,39.0,1026.1,97.0,49.0,Weather archive 2015-2026,7,5,2023,May,Sunday,1
2023-05-08,8.3,15.2,5.8,13:00,SW,13.0,28.0,1026.6,95.0,63.0,Weather archive 2015-2026,8,5,2023,May,Monday,1
2023-05-09,11.0,16.3,1.2,16:20,SW,19.0,33.0,1028.9,100.0,68.0,Weather archive 2015-2026,9,5,2023,May,Tuesday,1
2023-05-10,11.3,15.6,1.8,17:00,SSW,11.0,22.0,1030.4,99.0,67.0,Weather archive 2015-2026,10,5,2023,May,Wednesday,1
2023-05-11,7.1,18.3,0.2,13:00,N,22.0,35.0,1029.1,100.0,50.0,Weather archive 2015-2026,11,5,2023,May,Thursday,1
2023-05-12,9.4,18.3,0.0,15:00,S,13.0,20.0,1031.9,100.0,51.0,Weather archive 2015-2026,12,5,2023,May,Friday,0
2023-05-13,9.0,16.5,0.0,15:30,SSW,13.0,17.0,1032.9,100.0,67.0,Weather archive 2015-2026,13,5,2023,May,Saturday,0
2023-05-14,7.0,20.5,0.0,14:00,NNW,15.0,28.0,1029.9,100.0,45.0,Weather archive 2015-2026,14,5,2023,May,Sunday,0
2023-05-15,10.4,22.0,0.0,15:00,N,19.0,30.0,1025.7,84.0,37.0,Weather archive 2015-2026,15,5,2023,May,Monday,0
2023-05-16,5.0,13.6,2.6,12:30,SSW,15.0,32.0,1028.9,100.0,44.0,Weather archive 2015-2026,16,5,2023,May,Tuesday,1
2023-05-17,4.7,14.6,2.6,12:10,SSE,17.0,24.0,1028.9,100.0,43.0,Weather archive 2015-2026,17,5,2023,May,Wednesday,1
2023-05-18,5.9,13.6,0.0,14:00,S,15.0,22.0,1026.0,99.0,59.0,Weather archive 2015-2026,18,5,2023,May,Thursday,0
2023-05-19,5.8,14.6,1.6,13:00,SSW,15.0,20.0,1022.7,100.0,72.0,Weather archive 2015-2026,19,5,2023,May,Friday,1
2023-05-20,8.7,14.8,2.2,0:00,NW,19.0,24.0,1017.7,92.0,54.0,Weather archive 2015-2026,20,5,2023,May,Saturday,1
2023-05-21,10.7,14.7,2.0,11:30,S,22.0,39.0,1027.4,98.0,55.0,Weather archive 2015-2026,21,5,2023,May,Sunday,1
2023-05-22,7.7,16.3,0.4,12:00,WNW,11.0,20.0,1028.8,90.0,49.0,Weather archive 2015-2026,22,5,2023,May,Monday,1
2023-05-23,9.7,16.6,0.0,16:30,NNW,20.0,26.0,1029.3,76.0,52.0,Weather archive 2015-2026,23,5,2023,May,Tuesday,0
2023-05-24,10.0,15.8,0.0,15:00,NNW,26.0,46.0,1026.7,73.0,50.0,Weather archive 2015-2026,24,5,2023,May,Wednesday,0
2023-05-25,10.3,14.9,2.8,11:00,N,28.0,48.0,1017.2,85.0,50.0,Weather archive 2015-2026,25,5,2023,May,Thursday,1
2023-05-26,9.8,13.2,0.6,21:30,W,11.0,20.0,1019.9,91.0,44.0,Weather archive 2015-2026,26,5,2023,May,Friday,1
2023-05-27,11.5,15.4,0.0,22:10,NNW,20.0,28.0,1019.2,68.0,44.0,Weather archive 2015-2026,27,5,2023,May,Saturday,0
2023-05-28,10.9,16.4,6.8,2:00,N,22.0,28.0,1014.4,96.0,64.0,Weather archive 2015-2026,28,5,2023,May,Sunday,1
2023-05-29,10.1,16.8,5.4,12:30,WNW,15.0,30.0,1019.5,75.0,53.0,Weather archive 2015-2026,29,5,2023,May,Monday,1
2023-05-30,12.8,18.5,0.0,15:00,N,20.0,32.0,1021.8,79.0,59.0,Weather archive 2015-2026,30,5,2023,May,Tuesday,0
2023-05-31,13.0,17.5,0.0,17:10,N,30.0,44.0,1017.5,80.0,62.0,Weather archive 2015-2026,31,5,2023,May,Wednesday,0
2023-06-01,9.1,17.0,1.4,4:00,WSW,15.0,30.0,1023.8,93.0,49.0,Weather archive 2015-2026,1,6,2023,June,Thursday,1
2023-06-02,6.0,15.2,0.0,16:00,N,13.0,17.0,1025.5,83.0,50.0,Weather archive 2015-2026,2,6,2023,June,Friday,0
2023-06-03,10.1,15.0,12.6,19:00,SSE,9.0,17.0,1029.8,100.0,82.0,Weather archive 2015-2026,3,6,2023,June,Saturday,1
2023-06-04,8.1,18.2,0.8,15:30,N,0.0,6.0,1031.8,100.0,67.0,Weather archive 2015-2026,4,6,2023,June,Sunday,1
2023-06-05,9.5,19.6,0.0,12:30,NNE,22.0,32.0,1026.5,100.0,50.0,Weather archive 2015-2026,5,6,2023,June,Monday,0
2023-06-06,13.5,17.3,0.0,14:00,N,24.0,44.0,1021.5,98.0,70.0,Weather archive 2015-2026,6,6,2023,June,Tuesday,0
2023-06-07,14.4,18.3,4.8,21:00,N,24.0,43.0,1021.2,93.0,71.0,Weather archive 2015-2026,7,6,2023,June,Wednesday,1
2023-06-08,13.7,17.2,10.6,16:00,NNW,30.0,39.0,1009.2,95.0,49.0,Weather archive 2015-2026,8,6,2023,June,Thursday,1
2023-06-09,10.3,16.6,6.2,14:20,NW,26.0,41.0,1018.4,92.0,39.0,Weather archive 2015-2026,9,6,2023,June,Friday,1
2023-06-10,8.4,15.3,0.0,11:00,NNW,22.0,35.0,1023.8,80.0,55.0,Weather archive 2015-2026,10,6,2023,June,Saturday,0
2023-06-11,11.4,16.1,0.0,17:30,N,17.0,22.0,1025.0,77.0,53.0,Weather archive 2015-2026,11,6,2023,June,Sunday,0
2023-06-12,10.0,15.1,0.0,14:00,N,22.0,33.0,1020.8,74.0,51.0,Weather archive 2015-2026,12,6,2023,June,Monday,0
2023-06-13,10.1,14.3,0.0,11:40,N,30.0,39.0,1011.7,76.0,63.0,Weather archive 2015-2026,13,6,2023,June,Tuesday,0
2023-06-14,9.5,16.0,2.2,14:40,W,11.0,22.0,1015.5,88.0,44.0,Weather archive 2015-2026,14,6,2023,June,Wednesday,1
2023-06-15,10.8,15.6,0.0,15:50,NNW,20.0,30.0,1016.3,80.0,63.0,Weather archive 2015-2026,15,6,2023,June,Thursday,0
2023-06-16,11.7,17.6,0.0,21:00,N,26.0,46.0,1018.4,80.0,46.0,Weather archive 2015-2026,16,6,2023,June,Friday,0
2023-06-17,9.3,16.2,7.0,13:30,N,35.0,57.0,1016.0,86.0,46.0,Weather archive 2015-2026,17,6,2023,June,Saturday,1
2023-06-18,7.4,14.5,7.0,23:30,N,28.0,41.0,1013.9,83.0,47.0,Weather archive 2015-2026,18,6,2023,June,Sunday,1
2023-06-19,6.8,11.8,10.0,16:30,W,19.0,30.0,1020.2,93.0,54.0,Weather archive 2015-2026,19,6,2023,June,Monday,1
2023-06-20,4.3,11.7,0.2,0:50,WNW,17.0,22.0,1025.0,96.0,60.0,Weather archive 2015-2026,20,6,2023,June,Tuesday,1
2023-06-21,4.2,11.3,0.0,14:30,N,22.0,30.0,1024.9,94.0,55.0,Weather archive 2015-2026,21,6,2023,June,Wednesday,0
2023-06-22,6.6,13.5,2.8,21:30,N,32.0,46.0,1020.2,91.0,44.0,Weather archive 2015-2026,22,6,2023,June,Thursday,1
2023-06-23,8.4,11.3,1.0,12:40,N,22.0,30.0,1009.8,86.0,65.0,Weather archive 2015-2026,23,6,2023,June,Friday,1
2023-06-24,9.3,14.9,4.0,13:30,N,30.0,50.0,1009.6,83.0,55.0,Weather archive 2015-2026,24,6,2023,June,Saturday,1
2023-06-25,9.0,13.2,0.0,15:00,N,30.0,44.0,1007.4,71.0,61.0,Weather archive 2015-2026,25,6,2023,June,Sunday,0
2023-06-26,8.6,15.9,0.0,15:20,SW,20.0,30.0,1019.2,79.0,55.0,Weather archive 2015-2026,26,6,2023,June,Monday,0
2023-06-27,6.7,14.7,0.0,23:00,NNW,24.0,32.0,1020.2,87.0,53.0,Weather archive 2015-2026,27,6,2023,June,Tuesday,0
2023-06-28,8.2,12.7,3.6,12:30,NNW,22.0,32.0,1020.1,98.0,60.0,Weather archive 2015-2026,28,6,2023,June,Wednesday,1
2023-06-29,7.3,12.7,0.0,18:00,WNW,19.0,28.0,1020.8,79.0,60.0,Weather archive 2015-2026,29,6,2023,June,Thursday,0
2023-06-30,10.0,15.2,0.4,23:00,NW,17.0,26.0,1020.2,85.0,62.0,Weather archive 2015-2026,30,6,2023,June,Friday,1
2023-07-01,10.3,12.4,0.6,14:30,SSW,15.0,24.0,1030.7,100.0,78.0,Weather archive 2015-2026,1,7,2023,July,Saturday,1
2023-07-02,9.7,12.6,0.6,14:30,S,11.0,15.0,1034.6,100.0,79.0,Weather archive 2015-2026,2,7,2023,July,Sunday,1
2023-07-03,8.4,14.5,0.4,15:00,N,13.0,20.0,1031.7,100.0,63.0,Weather archive 2015-2026,3,7,2023,July,Monday,1
2023-07-04,8.6,13.6,2.4,14:30,N,20.0,30.0,1022.0,100.0,78.0,Weather archive 2015-2026,4,7,2023,July,Tuesday,1
2023-07-05,11.0,14.5,0.0,15:00,N,33.0,44.0,1013.0,77.0,52.0,Weather archive 2015-2026,5,7,2023,July,Wednesday,0
2023-07-06,10.2,14.8,1.0,10:40,N,37.0,50.0,1012.5,82.0,54.0,Weather archive 2015-2026,6,7,2023,July,Thursday,1
2023-07-07,10.0,15.4,24.0,3:00,N,32.0,52.0,1010.8,83.0,48.0,Weather archive 2015-2026,7,7,2023,July,Friday,1
2023-07-08,10.5,14.2,11.6,4:00,N,32.0,52.0,1011.5,74.0,48.0,Weather archive 2015-2026,8,7,2023,July,Saturday,1
2023-07-09,11.0,16.8,10.2,3:30,N,32.0,46.0,1019.8,94.0,57.0,Weather archive 2015-2026,9,7,2023,July,Sunday,1
2023-07-10,12.6,16.9,12.0,14:30,N,24.0,44.0,1021.9,73.0,47.0,Weather archive 2015-2026,10,7,2023,July,Monday,1
2023-07-11,11.7,17.5,2.0,14:20,W,13.0,19.0,1027.6,93.0,52.0,Weather archive 2015-2026,11,7,2023,July,Tuesday,1
2023-07-12,10.9,17.4,0.0,15:00,NNW,26.0,39.0,1028.4,85.0,43.0,Weather archive 2015-2026,12,7,2023,July,Wednesday,0
2023-07-13,9.7,15.6,0.0,23:00,N,37.0,52.0,1026.3,72.0,51.0,Weather archive 2015-2026,13,7,2023,July,Thursday,0
2023-07-14,9.6,15.6,0.0,13:30,N,37.0,50.0,1026.3,71.0,51.0,Weather archive 2015-2026,14,7,2023,July,Friday,0
2023-07-15,5.1,12.4,0.2,6:00,N,28.0,39.0,1025.9,99.0,60.0,Weather archive 2015-2026,15,7,2023,July,Saturday,1
2023-07-16,4.8,14.6,0.4,11:50,S,13.0,19.0,1029.9,99.0,55.0,Weather archive 2015-2026,16,7,2023,July,Sunday,1
2023-07-17,4.1,16.5,0.0,13:00,N,22.0,30.0,1029.6,93.0,48.0,Weather archive 2015-2026,17,7,2023,July,Monday,0
2023-07-18,8.0,14.4,0.8,11:50,NW,30.0,44.0,1025.6,77.0,52.0,Weather archive 2015-2026,18,7,2023,July,Tuesday,1
2023-07-19,4.7,13.9,0.8,0:00,NE,13.0,17.0,1026.4,88.0,46.0,Weather archive 2015-2026,19,7,2023,July,Wednesday,1
2023-07-20,6.1,13.1,0.4,10:30,N,39.0,59.0,1018.9,82.0,47.0,Weather archive 2015-2026,20,7,2023,July,Thursday,1
2023-07-21,6.8,13.4,0.4,1:30,NW,17.0,20.0,1024.2,85.0,55.0,Weather archive 2015-2026,21,7,2023,July,Friday,1
2023-07-22,5.9,15.5,0.0,13:00,NNE,15.0,20.0,1024.1,88.0,46.0,Weather archive 2015-2026,22,7,2023,July,Saturday,0
2023-07-23,7.3,13.1,1.4,16:20,SSW,17.0,22.0,1030.5,100.0,69.0,Weather archive 2015-2026,23,7,2023,July,Sunday,1
2023-07-24,6.1,13.4,0.0,13:30,S,13.0,20.0,1037.4,87.0,73.0,Weather archive 2015-2026,24,7,2023,July,Monday,0
2023-07-25,7.2,14.7,0.0,14:30,SSW,11.0,17.0,1036.4,95.0,57.0,Weather archive 2015-2026,25,7,2023,July,Tuesday,0
2023-07-26,4.9,14.5,0.0,10:30,NNW,15.0,22.0,1036.1,97.0,56.0,Weather archive 2015-2026,26,7,2023,July,Wednesday,0
2023-07-27,7.1,17.1,0.0,12:00,N,30.0,43.0,1031.2,90.0,51.0,Weather archive 2015-2026,27,7,2023,July,Thursday,0
2023-07-28,11.3,18.6,7.2,0:30,N,28.0,43.0,1019.2,98.0,48.0,Weather archive 2015-2026,28,7,2023,July,Friday,1
2023-07-29,11.1,18.8,0.0,14:30,NNW,30.0,41.0,1019.7,89.0,49.0,Weather archive 2015-2026,29,7,2023,July,Saturday,0
2023-07-30,10.2,17.5,3.0,14:00,N,35.0,46.0,1019.5,88.0,49.0,Weather archive 2015-2026,30,7,2023,July,Sunday,1
2023-07-31,10.7,16.5,3.0,13:10,N,30.0,37.0,1024.6,80.0,49.0,Weather archive 2015-2026,31,7,2023,July,Monday,1
2023-08-01,8.1,14.7,0.0,2:00,NW,20.0,32.0,1032.6,89.0,54.0,Weather archive 2015-2026,1,8,2023,August,Tuesday,0
2023-08-02,5.9,17.0,0.0,14:30,N,26.0,43.0,1034.0,97.0,49.0,Weather archive 2015-2026,2,8,2023,August,Wednesday,0
2023-08-03,11.0,19.6,0.0,12:00,N,30.0,46.0,1029.9,79.0,43.0,Weather archive 2015-2026,3,8,2023,August,Thursday,0
2023-08-04,9.4,14.9,0.0,14:00,N,39.0,61.0,1035.1,72.0,48.0,Weather archive 2015-2026,4,8,2023,August,Friday,0
2023-08-05,9.4,13.6,0.0,7:00,WNW,15.0,17.0,1035.1,89.0,56.0,Weather archive 2015-2026,5,8,2023,August,Saturday,0
2023-08-06,8.6,13.0,0.0,16:30,SSW,9.0,17.0,1035.6,98.0,74.0,Weather archive 2015-2026,6,8,2023,August,Sunday,0
2023-08-07,6.8,13.7,0.0,15:00,SSW,11.0,19.0,1035.5,100.0,62.0,Weather archive 2015-2026,7,8,2023,August,Monday,0
2023-08-08,4.7,14.1,0.0,6:20,NNE,11.0,11.0,1034.0,100.0,62.0,Weather archive 2015-2026,8,8,2023,August,Tuesday,0
2023-08-09,6.2,18.3,0.2,12:20,N,41.0,59.0,1027.8,98.0,44.0,Weather archive 2015-2026,9,8,2023,August,Wednesday,1
2023-08-10,9.4,14.3,2.8,0:50,N,35.0,50.0,1023.6,88.0,47.0,Weather archive 2015-2026,10,8,2023,August,Thursday,1
2023-08-11,8.3,15.2,0.0,17:00,N,20.0,30.0,1023.5,93.0,47.0,Weather archive 2015-2026,11,8,2023,August,Friday,0
2023-08-12,10.3,15.7,3.0,11:00,NNW,19.0,26.0,1020.7,100.0,52.0,Weather archive 2015-2026,12,8,2023,August,Saturday,1
2023-08-13,7.3,12.6,3.4,15:00,SSW,15.0,24.0,1021.8,100.0,61.0,Weather archive 2015-2026,13,8,2023,August,Sunday,1
2023-08-14,3.5,12.3,0.0,16:30,SSW,19.0,24.0,1022.1,100.0,52.0,Weather archive 2015-2026,14,8,2023,August,Monday,0
2023-08-15,3.5,13.0,0.0,15:10,SSW,17.0,20.0,1024.7,100.0,51.0,Weather archive 2015-2026,15,8,2023,August,Tuesday,0
2023-08-16,1.7,15.7,0.0,15:40,N,24.0,33.0,1024.2,91.0,38.0,Weather archive 2015-2026,16,8,2023,August,Wednesday,0
2023-08-17,7.6,12.4,0.4,13:30,N,26.0,44.0,1015.6,77.0,52.0,Weather archive 2015-2026,17,8,2023,August,Thursday,1
2023-08-18,9.0,13.0,5.4,11:00,WSW,17.0,37.0,1014.5,96.0,51.0,Weather archive 2015-2026,18,8,2023,August,Friday,1
2023-08-19,9.5,18.1,0.0,17:00,WNW,11.0,22.0,1020.8,73.0,56.0,Weather archive 2015-2026,19,8,2023,August,Saturday,0
2023-08-20,12.4,19.0,0.0,15:00,W,9.0,17.0,1023.8,73.0,41.0,Weather archive 2015-2026,20,8,2023,August,Sunday,0
2023-08-21,11.5,17.3,0.0,13:00,NNW,33.0,46.0,1022.0,83.0,58.0,Weather archive 2015-2026,21,8,2023,August,Monday,0
2023-08-22,8.8,14.8,3.6,10:20,NW,20.0,26.0,1021.9,100.0,77.0,Weather archive 2015-2026,22,8,2023,August,Tuesday,1
2023-08-23,5.6,16.8,3.6,13:00,WNW,13.0,24.0,1027.7,100.0,48.0,Weather archive 2015-2026,23,8,2023,August,Wednesday,1
2023-08-24,8.6,17.6,0.0,14:20,N,32.0,39.0,1028.8,83.0,47.0,Weather archive 2015-2026,24,8,2023,August,Thursday,0
2023-08-25,11.2,19.6,0.0,7:00,N,24.0,33.0,1029.7,92.0,42.0,Weather archive 2015-2026,25,8,2023,August,Friday,0
2023-08-26,11.1,15.4,0.0,4:30,SSE,15.0,22.0,1030.5,76.0,58.0,Weather archive 2015-2026,26,8,2023,August,Saturday,0
2023-08-27,8.9,15.5,0.0,18:30,SW,13.0,20.0,1028.0,100.0,63.0,Weather archive 2015-2026,27,8,2023,August,Sunday,0
2023-08-28,9.5,15.9,0.0,16:30,SSW,11.0,19.0,1024.1,100.0,68.0,Weather archive 2015-2026,28,8,2023,August,Monday,0
2023-08-29,11.4,18.3,0.2,17:00,N,28.0,39.0,1017.0,73.0,54.0,Weather archive 2015-2026,29,8,2023,August,Tuesday,1
2023-08-30,9.6,14.6,2.8,6:00,NNW,22.0,33.0,1018.1,100.0,70.0,Weather archive 2015-2026,30,8,2023,August,Wednesday,1
2023-08-31,7.1,15.5,1.2,16:00,SSW,20.0,39.0,1022.4,90.0,64.0,Weather archive 2015-2026,31,8,2023,August,Thursday,1
2023-09-01,8.1,14.6,0.0,15:00,SSW,20.0,28.0,1025.6,100.0,52.0,Weather archive 2015-2026,1,9,2023,September,Friday,0
2023-09-02,3.9,15.3,0.0,12:30,NNW,22.0,32.0,1024.5,100.0,52.0,Weather archive 2015-2026,2,9,2023,September,Saturday,0
2023-09-03,6.1,20.3,0.0,14:30,N,26.0,35.0,1017.9,96.0,34.0,Weather archive 2015-2026,3,9,2023,September,Sunday,0
2023-09-04,9.9,21.5,2.2,11:30,N,37.0,69.0,1010.9,93.0,33.0,Weather archive 2015-2026,4,9,2023,September,Monday,1
2023-09-05,7.1,15.0,2.8,11:00,WNW,24.0,48.0,1019.0,95.0,38.0,Weather archive 2015-2026,5,9,2023,September,Tuesday,1
2023-09-06,6.2,19.1,0.2,13:30,NNW,33.0,50.0,1018.7,81.0,40.0,Weather archive 2015-2026,6,9,2023,September,Wednesday,1
2023-09-07,11.0,22.0,4.0,16:20,N,37.0,63.0,1013.6,90.0,29.0,Weather archive 2015-2026,7,9,2023,September,Thursday,1
2023-09-08,7.0,11.6,0.8,10:30,NW,28.0,70.0,1023.5,72.0,63.0,Weather archive 2015-2026,8,9,2023,September,Friday,1
2023-09-09,7.0,13.8,0.8,11:00,W,15.0,35.0,1028.4,79.0,45.0,Weather archive 2015-2026,9,9,2023,September,Saturday,1
2023-09-10,10.4,14.7,1.0,12:00,S,17.0,22.0,1032.9,80.0,55.0,Weather archive 2015-2026,10,9,2023,September,Sunday,1
2023-09-11,8.4,16.9,0.0,12:00,S,17.0,20.0,1034.0,99.0,50.0,Weather archive 2015-2026,11,9,2023,September,Monday,0
2023-09-12,10.2,23.2,0.0,11:30,WNW,15.0,28.0,1031.0,82.0,27.0,Weather archive 2015-2026,12,9,2023,September,Tuesday,0
2023-09-13,9.3,25.0,0.0,12:00,NNW,13.0,20.0,1028.3,94.0,31.0,Weather archive 2015-2026,13,9,2023,September,Wednesday,0
2023-09-14,10.5,23.6,0.0,14:00,N,28.0,44.0,1026.7,85.0,31.0,Weather archive 2015-2026,14,9,2023,September,Thursday,0
2023-09-15,13.5,22.4,0.0,4:00,NNW,22.0,32.0,1020.8,80.0,37.0,Weather archive 2015-2026,15,9,2023,September,Friday,0
2023-09-16,9.7,24.9,0.0,17:00,NNW,26.0,46.0,1020.1,87.0,30.0,Weather archive 2015-2026,16,9,2023,September,Saturday,0
2023-09-17,14.9,22.7,0.0,10:30,NW,17.0,30.0,1021.5,81.0,40.0,Weather archive 2015-2026,17,9,2023,September,Sunday,0
2023-09-18,13.7,17.8,0.0,14:40,SSW,17.0,20.0,1017.7,90.0,67.0,Weather archive 2015-2026,18,9,2023,September,Monday,0
2023-09-19,14.5,27.8,0.0,13:50,NW,30.0,41.0,1009.9,86.0,30.0,Weather archive 2015-2026,19,9,2023,September,Tuesday,0
2023-09-20,10.4,18.8,0.2,13:40,W,28.0,43.0,1014.2,84.0,30.0,Weather archive 2015-2026,20,9,2023,September,Wednesday,1
2023-09-21,9.7,14.6,0.2,11:30,SSW,20.0,30.0,1029.6,74.0,53.0,Weather archive 2015-2026,21,9,2023,September,Thursday,1
2023-09-22,6.0,14.4,0.0,14:30,SSW,19.0,30.0,1031.5,96.0,48.0,Weather archive 2015-2026,22,9,2023,September,Friday,0
2023-09-23,5.3,15.8,0.0,17:30,SW,15.0,22.0,1030.5,100.0,49.0,Weather archive 2015-2026,23,9,2023,September,Saturday,0
2023-09-24,7.3,23.5,0.0,13:30,N,24.0,39.0,1026.5,100.0,33.0,Weather archive 2015-2026,24,9,2023,September,Sunday,0
2023-09-25,12.9,23.0,0.0,13:30,S,24.0,37.0,1023.8,85.0,35.0,Weather archive 2015-2026,25,9,2023,September,Monday,0
2023-09-26,9.6,16.3,0.0,17:00,SSW,17.0,26.0,1023.7,89.0,46.0,Weather archive 2015-2026,26,9,2023,September,Tuesday,0
2023-09-27,10.2,16.9,0.0,15:50,SSW,20.0,35.0,1029.0,80.0,54.0,Weather archive 2015-2026,27,9,2023,September,Wednesday,0
2023-09-28,10.4,19.8,0.0,14:20,SSW,17.0,22.0,1030.0,87.0,47.0,Weather archive 2015-2026,28,9,2023,September,Thursday,0
2023-09-29,8.1,27.7,0.0,12:40,WNW,20.0,24.0,1026.6,87.0,8.0,Weather archive 2015-2026,29,9,2023,September,Friday,0
2023-09-30,17.4,29.5,0.0,13:00,NNW,30.0,48.0,1020.0,38.0,19.0,Weather archive 2015-2026,30,9,2023,September,Saturday,0
2023-10-01,10.6,22.6,0.0,9:00,SW,26.0,48.0,1018.9,83.0,28.0,Weather archive 2015-2026,1,10,2023,October,Sunday,0
2023-10-02,7.6,28.2,0.0,8:00,N,26.0,41.0,1018.4,96.0,26.0,Weather archive 2015-2026,2,10,2023,October,Monday,0
2023-10-03,10.6,26.1,,4:00,NW,26.0,48.0,1013.0,100.0,83.0,Weather archive 2015-2026,3,10,2023,October,Tuesday,0
2023-10-04,10.4,13.3,,0:00,SSW,26.0,35.0,1013.8,100.0,62.0,Weather archive 2015-2026,4,10,2023,October,Wednesday,0
2023-10-05,8.8,16.4,6.8,23:00,SSW,24.0,37.0,1024.0,100.0,50.0,Weather archive 2015-2026,5,10,2023,October,Thursday,1
2023-10-06,9.1,14.7,7.2,17:00,SSW,22.0,37.0,1034.1,84.0,48.0,Weather archive 2015-2026,6,10,2023,October,Friday,1
2023-10-07,7.7,13.8,0.4,21:00,SSE,13.0,24.0,1034.5,88.0,49.0,Weather archive 2015-2026,7,10,2023,October,Saturday,1
2023-10-08,5.9,15.8,0.0,16:00,SSW,15.0,26.0,1032.9,100.0,50.0,Weather archive 2015-2026,8,10,2023,October,Sunday,0
2023-10-09,9.0,15.4,0.0,13:40,SSW,22.0,30.0,1029.4,90.0,52.0,Weather archive 2015-2026,9,10,2023,October,Monday,0
2023-10-10,9.7,16.4,0.0,15:30,SSW,17.0,28.0,1026.7,95.0,58.0,Weather archive 2015-2026,10,10,2023,October,Tuesday,0
2023-10-11,7.0,26.1,0.0,15:00,NNW,24.0,41.0,1023.9,100.0,33.0,Weather archive 2015-2026,11,10,2023,October,Wednesday,0
2023-10-12,10.8,21.4,13.4,5:00,N,24.0,44.0,1020.0,93.0,33.0,Weather archive 2015-2026,12,10,2023,October,Thursday,1
2023-10-13,11.0,17.4,2.0,15:30,W,17.0,33.0,1020.3,91.0,65.0,Weather archive 2015-2026,13,10,2023,October,Friday,1
2023-10-14,11.7,19.6,2.2,14:10,W,24.0,30.0,1019.7,88.0,44.0,Weather archive 2015-2026,14,10,2023,October,Saturday,1
2023-10-15,11.6,17.1,2.4,13:00,W,17.0,24.0,1019.6,89.0,43.0,Weather archive 2015-2026,15,10,2023,October,Sunday,1
2023-10-16,10.1,14.5,5.0,16:30,SSW,33.0,48.0,1028.5,89.0,52.0,Weather archive 2015-2026,16,10,2023,October,Monday,1
2023-10-17,8.0,24.1,0.2,12:30,N,24.0,32.0,1032.2,100.0,35.0,Weather archive 2015-2026,17,10,2023,October,Tuesday,1
2023-10-18,7.9,24.1,0.0,12:30,N,20.0,32.0,1027.8,100.0,33.0,Weather archive 2015-2026,18,10,2023,October,Wednesday,0
2023-10-19,17.2,26.8,0.0,14:00,N,17.0,24.0,1024.3,70.0,31.0,Weather archive 2015-2026,19,10,2023,October,Thursday,0
2023-10-20,14.3,29.1,0.0,13:30,N,17.0,28.0,1018.4,77.0,26.0,Weather archive 2015-2026,20,10,2023,October,Friday,0
2023-10-21,14.2,22.7,0.0,8:10,N,22.0,33.0,1010.8,71.0,31.0,Weather archive 2015-2026,21,10,2023,October,Saturday,0
2023-10-22,11.7,15.4,2.4,10:30,WNW,19.0,48.0,1015.6,84.0,46.0,Weather archive 2015-2026,22,10,2023,October,Sunday,1
2023-10-23,10.6,17.4,2.4,0:00,WNW,11.0,20.0,1016.7,82.0,57.0,Weather archive 2015-2026,23,10,2023,October,Monday,1
2023-10-24,11.4,25.2,0.0,12:00,N,32.0,57.0,1015.2,77.0,27.0,Weather archive 2015-2026,24,10,2023,October,Tuesday,0
2023-10-25,7.6,12.7,5.0,12:00,SW,20.0,41.0,1026.4,83.0,47.0,Weather archive 2015-2026,25,10,2023,October,Wednesday,1
2023-10-26,7.3,14.9,8.6,9:30,S,26.0,43.0,1033.5,90.0,47.0,Weather archive 2015-2026,26,10,2023,October,Thursday,1
2023-10-27,8.4,19.1,0.0,17:30,S,22.0,32.0,1033.7,83.0,41.0,Weather archive 2015-2026,27,10,2023,October,Friday,0
2023-10-28,9.8,23.1,0.0,17:30,N,33.0,50.0,1027.8,88.0,27.0,Weather archive 2015-2026,28,10,2023,October,Saturday,0
2023-10-29,9.1,20.9,0.0,17:30,SSW,19.0,28.0,1019.9,100.0,43.0,Weather archive 2015-2026,29,10,2023,October,Sunday,0
2023-10-30,12.5,22.9,1.4,14:30,NNW,26.0,46.0,1009.7,90.0,32.0,Weather archive 2015-2026,30,10,2023,October,Monday,1
2023-10-31,9.1,15.7,1.8,0:30,WSW,20.0,35.0,1023.5,76.0,44.0,Weather archive 2015-2026,31,10,2023,October,Tuesday,1
2023-11-01,11.4,15.9,0.0,1:00,SSW,19.0,28.0,1025.6,80.0,58.0,Weather archive 2015-2026,1,11,2023,November,Wednesday,0
2023-11-02,12.2,16.5,0.0,15:30,S,19.0,32.0,1025.3,64.0,55.0,Weather archive 2015-2026,2,11,2023,November,Thursday,0
2023-11-03,12.1,15.3,0.0,17:30,SSW,20.0,32.0,1023.6,82.0,60.0,Weather archive 2015-2026,3,11,2023,November,Friday,0
2023-11-04,11.3,20.8,0.0,21:30,SE,26.0,39.0,1025.0,72.0,41.0,Weather archive 2015-2026,4,11,2023,November,Saturday,0
2023-11-05,9.3,23.7,0.0,18:30,SE,17.0,30.0,1026.3,100.0,45.0,Weather archive 2015-2026,5,11,2023,November,Sunday,0
2023-11-06,12.6,29.6,0.0,13:00,N,24.0,33.0,1022.2,94.0,32.0,Weather archive 2015-2026,6,11,2023,November,Monday,0
2023-11-07,15.5,30.5,5.4,16:00,N,30.0,39.0,1016.4,100.0,29.0,Weather archive 2015-2026,7,11,2023,November,Tuesday,1
2023-11-08,15.1,29.8,8.8,15:30,N,30.0,41.0,1015.2,100.0,29.0,Weather archive 2015-2026,8,11,2023,November,Wednesday,1
2023-11-09,15.2,23.1,8.8,18:30,SSW,17.0,32.0,1015.8,92.0,59.0,Weather archive 2015-2026,9,11,2023,November,Thursday,1
2023-11-10,13.8,33.1,0.0,14:00,NW,26.0,33.0,1014.0,100.0,22.0,Weather archive 2015-2026,10,11,2023,November,Friday,0
2023-11-11,12.1,26.6,0.0,18:30,S,22.0,39.0,1020.3,74.0,46.0,Weather archive 2015-2026,11,11,2023,November,Saturday,0
2023-11-12,12.1,17.7,0.0,14:50,SSE,22.0,35.0,1022.6,78.0,49.0,Weather archive 2015-2026,12,11,2023,November,Sunday,0
2023-11-13,11.9,20.4,0.6,18:00,S,19.0,32.0,1022.2,85.0,37.0,Weather archive 2015-2026,13,11,2023,November,Monday,1
2023-11-14,12.7,16.5,0.6,18:30,S,15.0,24.0,1018.7,81.0,60.0,Weather archive 2015-2026,14,11,2023,November,Tuesday,1
2023-11-15,13.5,17.9,0.2,17:50,SSW,19.0,26.0,1015.7,70.0,51.0,Weather archive 2015-2026,15,11,2023,November,Wednesday,1
2023-11-16,12.4,17.5,0.6,18:00,SSW,20.0,43.0,1019.7,89.0,54.0,Weather archive 2015-2026,16,11,2023,November,Thursday,1
2023-11-17,12.5,17.5,0.0,14:20,S,20.0,26.0,1022.4,69.0,47.0,Weather archive 2015-2026,17,11,2023,November,Friday,0
2023-11-18,12.9,18.3,0.0,17:00,S,19.0,26.0,1021.7,84.0,55.0,Weather archive 2015-2026,18,11,2023,November,Saturday,0
2023-11-19,11.5,20.9,0.0,15:00,S,19.0,30.0,1020.1,99.0,53.0,Weather archive 2015-2026,19,11,2023,November,Sunday,0
2023-11-20,14.4,19.2,0.0,17:30,S,15.0,30.0,1021.0,83.0,64.0,Weather archive 2015-2026,20,11,2023,November,Monday,0
2023-11-21,14.0,18.8,0.0,17:00,SSW,17.0,33.0,1023.9,82.0,62.0,Weather archive 2015-2026,21,11,2023,November,Tuesday,0
2023-11-22,14.0,18.0,0.0,17:50,SSW,28.0,39.0,1026.1,87.0,61.0,Weather archive 2015-2026,22,11,2023,November,Wednesday,0
2023-11-23,16.0,26.5,0.0,19:00,SSE,15.0,30.0,1025.2,87.0,45.0,Weather archive 2015-2026,23,11,2023,November,Thursday,0
2023-11-24,17.2,27.9,8.8,15:00,N,20.0,32.0,1019.6,100.0,39.0,Weather archive 2015-2026,24,11,2023,November,Friday,1
2023-11-25,17.3,26.2,8.8,17:30,NNW,26.0,44.0,1012.8,100.0,39.0,Weather archive 2015-2026,25,11,2023,November,Saturday,1
2023-11-26,15.3,19.7,3.8,21:10,S,17.0,28.0,1014.7,100.0,74.0,Weather archive 2015-2026,26,11,2023,November,Sunday,1
2023-11-27,13.8,17.9,7.2,4:00,SSW,13.0,26.0,1015.7,100.0,67.0,Weather archive 2015-2026,27,11,2023,November,Monday,1
2023-11-28,14.0,23.1,1.8,18:30,ESE,17.0,26.0,1014.2,100.0,61.0,Weather archive 2015-2026,28,11,2023,November,Tuesday,1
2023-11-29,15.9,19.0,6.0,16:30,SE,33.0,57.0,1010.7,96.0,66.0,Weather archive 2015-2026,29,11,2023,November,Wednesday,1
2023-11-30,14.0,18.6,6.8,0:30,SSE,20.0,35.0,1012.4,100.0,63.0,Weather archive 2015-2026,30,11,2023,November,Thursday,1
2023-12-01,13.9,23.5,4.6,11:30,SE,19.0,39.0,1011.9,100.0,55.0,Weather archive 2015-2026,1,12,2023,December,Friday,1
2023-12-02,14.8,16.2,5.0,17:30,S,22.0,33.0,1015.3,100.0,85.0,Weather archive 2015-2026,2,12,2023,December,Saturday,1
2023-12-03,14.1,24.1,7.0,17:50,SSE,17.0,35.0,1016.4,100.0,40.0,Weather archive 2015-2026,3,12,2023,December,Sunday,1
2023-12-04,13.1,32.5,0.0,15:00,N,20.0,35.0,1016.0,100.0,22.0,Weather archive 2015-2026,4,12,2023,December,Monday,0
2023-12-05,15.7,23.9,0.0,19:00,S,24.0,33.0,1018.5,96.0,50.0,Weather archive 2015-2026,5,12,2023,December,Tuesday,0
2023-12-06,13.3,22.1,0.0,17:50,SSW,19.0,24.0,1019.7,86.0,45.0,Weather archive 2015-2026,6,12,2023,December,Wednesday,0
2023-12-07,14.0,25.6,0.0,18:00,N,30.0,46.0,1015.7,63.0,43.0,Weather archive 2015-2026,7,12,2023,December,Thursday,0
2023-12-08,19.5,32.8,4.0,12:30,N,46.0,69.0,1013.7,82.0,34.0,Weather archive 2015-2026,8,12,2023,December,Friday,1
2023-12-09,14.4,19.5,11.6,20:00,SSE,17.0,24.0,1021.8,100.0,65.0,Weather archive 2015-2026,9,12,2023,December,Saturday,1
2023-12-10,14.6,19.3,11.8,23:10,S,15.0,26.0,1019.7,94.0,73.0,Weather archive 2015-2026,10,12,2023,December,Sunday,1
2023-12-11,17.5,20.1,0.4,14:00,SSW,15.0,24.0,1020.5,100.0,75.0,Weather archive 2015-2026,11,12,2023,December,Monday,1
2023-12-12,19.1,33.0,0.6,18:30,SE,19.0,30.0,1016.9,100.0,45.0,Weather archive 2015-2026,12,12,2023,December,Tuesday,1
2023-12-13,20.2,33.7,0.6,17:50,NNW,32.0,43.0,1009.8,100.0,27.0,Weather archive 2015-2026,13,12,2023,December,Wednesday,1
2023-12-14,16.5,25.1,1.4,17:30,WSW,22.0,33.0,1010.7,100.0,38.0,Weather archive 2015-2026,14,12,2023,December,Thursday,1
2023-12-15,14.4,23.2,0.0,18:20,S,22.0,30.0,1011.1,75.0,38.0,Weather archive 2015-2026,15,12,2023,December,Friday,0
2023-12-16,13.4,22.0,0.0,15:40,WSW,24.0,32.0,1013.0,73.0,33.0,Weather archive 2015-2026,16,12,2023,December,Saturday,0
2023-12-17,12.2,24.9,0.0,19:30,SE,17.0,24.0,1015.8,88.0,36.0,Weather archive 2015-2026,17,12,2023,December,Sunday,0
2023-12-18,15.9,26.2,0.2,20:30,SSW,22.0,32.0,1013.5,86.0,33.0,Weather archive 2015-2026,18,12,2023,December,Monday,1
2023-12-19,14.6,18.7,4.0,16:30,S,22.0,41.0,1019.2,100.0,53.0,Weather archive 2015-2026,19,12,2023,December,Tuesday,1
2023-12-20,13.0,19.6,0.0,15:30,S,26.0,43.0,1020.7,67.0,44.0,Weather archive 2015-2026,20,12,2023,December,Wednesday,0
2023-12-21,15.0,25.2,0.0,18:40,SE,30.0,44.0,1020.6,75.0,38.0,Weather archive 2015-2026,21,12,2023,December,Thursday,0
2023-12-22,14.4,24.4,0.0,18:30,SSE,22.0,39.0,1019.0,81.0,34.0,Weather archive 2015-2026,22,12,2023,December,Friday,0
2023-12-23,12.7,22.5,0.0,17:00,SSW,19.0,37.0,1014.9,74.0,49.0,Weather archive 2015-2026,23,12,2023,December,Saturday,0
2023-12-24,13.3,23.7,11.8,18:00,S,28.0,44.0,1008.1,97.0,50.0,Weather archive 2015-2026,24,12,2023,December,Sunday,1
2023-12-25,16.4,19.6,14.2,16:00,SE,22.0,33.0,1006.8,100.0,74.0,Weather archive 2015-2026,25,12,2023,December,Monday,1
2023-12-26,17.7,23.8,16.0,12:00,SE,22.0,37.0,1011.4,100.0,69.0,Weather archive 2015-2026,26,12,2023,December,Tuesday,1
2023-12-27,18.6,23.6,3.0,18:00,SSW,20.0,32.0,1013.2,100.0,67.0,Weather archive 2015-2026,27,12,2023,December,Wednesday,1
2023-12-28,17.0,20.5,0.8,18:30,SSE,19.0,32.0,1016.7,100.0,60.0,Weather archive 2015-2026,28,12,2023,December,Thursday,1
2023-12-29,15.3,20.0,0.0,23:00,SW,20.0,32.0,1016.0,75.0,45.0,Weather archive 2015-2026,29,12,2023,December,Friday,0
2023-12-30,14.2,18.6,0.6,15:30,S,24.0,39.0,1019.8,89.0,51.0,Weather archive 2015-2026,30,12,2023,December,Saturday,1
2023-12-31,14.2,20.5,0.6,17:30,SSW,24.0,37.0,1022.7,73.0,49.0,Weather archive 2015-2026,31,12,2023,December,Sunday,1
2024-01-01,12.8,23.1,0.0,15:50,SSW,20.0,35.0,1021.8,88.0,55.0,Weather archive 2015-2026,1,1,2024,January,Monday,0
2024-01-02,18.3,24.3,13.2,15:30,SW,17.0,41.0,1017.8,100.0,66.0,Weather archive 2015-2026,2,1,2024,January,Tuesday,1
2024-01-03,15.3,21.8,0.0,19:00,S,17.0,26.0,1009.0,80.0,54.0,Weather archive 2015-2026,3,1,2024,January,Wednesday,0
2024-01-04,13.3,19.0,0.0,15:30,S,24.0,35.0,1017.5,67.0,55.0,Weather archive 2015-2026,4,1,2024,January,Thursday,0
2024-01-05,15.6,23.7,0.0,18:30,SSE,20.0,26.0,1015.3,76.0,39.0,Weather archive 2015-2026,5,1,2024,January,Friday,0
2024-01-06,20.5,31.6,2.4,18:00,NW,24.0,41.0,1008.3,89.0,29.0,Weather archive 2015-2026,6,1,2024,January,Saturday,1
2024-01-07,14.7,21.5,0.0,19:00,S,20.0,30.0,1016.2,72.0,52.0,Weather archive 2015-2026,7,1,2024,January,Sunday,0
2024-01-08,13.8,20.5,0.0,20:00,S,20.0,30.0,1017.1,68.0,43.0,Weather archive 2015-2026,8,1,2024,January,Monday,0
2024-01-09,21.3,28.1,0.0,18:00,NNW,24.0,35.0,1011.4,38.0,18.0,Weather archive 2015-2026,9,1,2024,January,Tuesday,0
2024-01-10,13.2,22.1,4.8,18:30,WSW,26.0,46.0,1009.5,85.0,33.0,Weather archive 2015-2026,10,1,2024,January,Wednesday,1
2024-01-11,13.7,17.3,0.2,16:00,S,20.0,37.0,1023.5,71.0,49.0,Weather archive 2015-2026,11,1,2024,January,Thursday,1
2024-01-12,14.7,18.4,0.0,20:00,S,17.0,26.0,1024.7,77.0,48.0,Weather archive 2015-2026,12,1,2024,January,Friday,0
2024-01-13,13.7,18.9,0.0,18:00,SSW,22.0,32.0,1023.7,76.0,57.0,Weather archive 2015-2026,13,1,2024,January,Saturday,0
2024-01-14,20.2,32.6,0.0,16:00,N,22.0,33.0,1015.6,67.0,17.0,Weather archive 2015-2026,14,1,2024,January,Sunday,0
2024-01-15,19.1,36.3,0.0,16:39,S,24.0,39.0,1006.7,74.0,12.0,Weather archive 2015-2026,15,1,2024,January,Monday,0
2024-01-16,16.7,19.7,0.0,19:40,S,20.0,30.0,1011.8,74.0,50.0,Weather archive 2015-2026,16,1,2024,January,Tuesday,0
2024-01-17,14.1,15.4,0.0,19:30,S,20.0,37.0,1021.8,57.0,48.0,Weather archive 2015-2026,17,1,2024,January,Wednesday,0
2024-01-18,13.8,17.2,0.0,19:40,S,22.0,30.0,1022.8,63.0,53.0,Weather archive 2015-2026,18,1,2024,January,Thursday,0
2024-01-19,14.8,18.6,0.0,20:00,S,15.0,26.0,1022.2,80.0,61.0,Weather archive 2015-2026,19,1,2024,January,Friday,0
2024-01-20,20.9,23.4,0.0,22:10,NNW,17.0,20.0,1020.8,84.0,70.0,Weather archive 2015-2026,20,1,2024,January,Saturday,0
2024-01-21,19.4,20.1,0.0,20:00,SW,13.0,24.0,1022.7,100.0,92.0,Weather archive 2015-2026,21,1,2024,January,Sunday,0
2024-01-22,21.4,25.4,0.0,20:30,ESE,20.0,46.0,1021.1,70.0,49.0,Weather archive 2015-2026,22,1,2024,January,Monday,0
2024-01-23,20.0,22.0,0.0,19:30,SE,22.0,43.0,1016.0,74.0,65.0,Weather archive 2015-2026,23,1,2024,January,Tuesday,0
2024-01-24,20.4,24.3,0.0,20:00,SE,11.0,20.0,1008.8,94.0,70.0,Weather archive 2015-2026,24,1,2024,January,Wednesday,0
2024-01-25,19.4,20.6,0.0,20:30,SSW,17.0,26.0,1013.2,97.0,91.0,Weather archive 2015-2026,25,1,2024,January,Thursday,0
2024-01-26,20.8,26.2,0.0,19:20,SE,26.0,32.0,1015.0,81.0,64.0,Weather archive 2015-2026,26,1,2024,January,Friday,0
2024-01-27,22.3,27.7,0.0,19:30,SSE,17.0,26.0,1010.3,85.0,59.0,Weather archive 2015-2026,27,1,2024,January,Saturday,0
2024-01-28,21.2,22.9,3.8,21:30,N,15.0,20.0,1008.5,98.0,87.0,Weather archive 2015-2026,28,1,2024,January,Sunday,1
2024-01-29,17.3,17.9,2.6,22:30,S,22.0,28.0,1014.6,97.0,84.0,Weather archive 2015-2026,29,1,2024,January,Monday,1
2024-01-30,17.1,22.2,0.0,20:00,SE,20.0,28.0,1014.0,77.0,62.0,Weather archive 2015-2026,30,1,2024,January,Tuesday,0
2024-01-31,19.1,23.6,0.0,21:00,WSW,7.0,11.0,1010.4,87.0,69.0,Weather archive 2015-2026,31,1,2024,January,Wednesday,0
2024-02-01,14.9,18.1,21.4,22:30,W,19.0,37.0,1007.5,94.0,76.0,Weather archive 2015-2026,1,2,2024,February,Thursday,1
2024-02-02,14.9,17.1,2.4,21:30,S,26.0,39.0,1015.4,85.0,71.0,Weather archive 2015-2026,2,2,2024,February,Friday,1
2024-02-03,15.2,16.7,0.2,21:30,S,17.0,22.0,1019.1,82.0,66.0,Weather archive 2015-2026,3,2,2024,February,Saturday,1
2024-02-04,14.1,17.4,0.0,21:00,SSE,17.0,30.0,1023.9,71.0,60.0,Weather archive 2015-2026,4,2,2024,February,Sunday,0
2024-02-05,17.1,18.9,0.0,20:00,SSW,15.0,19.0,1021.9,82.0,66.0,Weather archive 2015-2026,5,2,2024,February,Monday,0
2024-02-06,20.3,24.4,0.0,19:30,SSE,15.0,24.0,1020.1,72.0,52.0,Weather archive 2015-2026,6,2,2024,February,Tuesday,0
2024-02-07,18.9,21.4,3.6,21:30,SSW,15.0,22.0,1018.7,98.0,87.0,Weather archive 2015-2026,7,2,2024,February,Wednesday,1
2024-02-08,18.3,20.0,4.0,19:30,S,13.0,22.0,1010.6,88.0,75.0,Weather archive 2015-2026,8,2,2024,February,Thursday,1
2024-02-09,14.3,16.6,0.2,20:30,S,17.0,24.0,1014.4,58.0,52.0,Weather archive 2015-2026,9,2,2024,February,Friday,1
2024-02-10,16.7,19.2,0.0,19:30,WSW,13.0,24.0,1012.8,62.0,47.0,Weather archive 2015-2026,10,2,2024,February,Saturday,0
2024-02-11,15.4,18.1,0.0,19:30,SSW,11.0,17.0,1017.7,81.0,69.0,Weather archive 2015-2026,11,2,2024,February,Sunday,0
2024-02-12,16.5,20.0,0.0,19:30,SSW,11.0,19.0,1014.9,84.0,69.0,Weather archive 2015-2026,12,2,2024,February,Monday,0
2024-02-13,19.8,22.3,0.0,21:00,SSW,15.0,20.0,1008.7,71.0,61.0,Weather archive 2015-2026,13,2,2024,February,Tuesday,0
2024-02-14,14.9,15.4,0.0,21:00,SSE,15.0,26.0,1021.6,58.0,56.0,Weather archive 2015-2026,14,2,2024,February,Wednesday,0
2024-02-15,14.6,17.9,0.0,21:00,SSE,17.0,24.0,1021.1,71.0,60.0,Weather archive 2015-2026,15,2,2024,February,Thursday,0
2024-02-16,18.0,21.4,2.2,22:10,E,6.0,11.0,1011.8,100.0,75.0,Weather archive 2015-2026,16,2,2024,February,Friday,1
2024-02-17,17.1,18.0,5.6,22:30,S,11.0,20.0,1010.0,100.0,98.0,Weather archive 2015-2026,17,2,2024,February,Saturday,1
2024-02-18,15.9,17.0,0.2,23:30,S,17.0,32.0,1022.0,77.0,68.0,Weather archive 2015-2026,18,2,2024,February,Sunday,1
2024-02-19,15.9,18.1,0.0,19:30,S,15.0,30.0,1023.3,89.0,76.0,Weather archive 2015-2026,19,2,2024,February,Monday,0
2024-02-20,14.7,18.4,0.0,19:30,SE,17.0,30.0,1023.1,74.0,57.0,Weather archive 2015-2026,20,2,2024,February,Tuesday,0
2024-02-21,14.5,17.7,0.0,21:30,SSE,13.0,24.0,1022.7,71.0,55.0,Weather archive 2015-2026,21,2,2024,February,Wednesday,0
2024-02-22,16.0,19.3,0.0,21:00,WSW,9.0,13.0,1020.1,97.0,73.0,Weather archive 2015-2026,22,2,2024,February,Thursday,0
2024-02-23,20.4,26.0,0.0,22:30,N,9.0,13.0,1020.3,70.0,42.0,Weather archive 2015-2026,23,2,2024,February,Friday,0
2024-02-24,21.4,27.6,0.0,19:30,N,11.0,17.0,1018.3,47.0,33.0,Weather archive 2015-2026,24,2,2024,February,Saturday,0
2024-02-25,14.7,15.8,0.6,19:30,S,24.0,46.0,1022.6,86.0,49.0,Weather archive 2015-2026,25,2,2024,February,Sunday,1
2024-02-26,13.7,15.0,0.0,19:30,SSE,20.0,28.0,1026.0,73.0,54.0,Weather archive 2015-2026,26,2,2024,February,Monday,0
2024-02-27,13.0,16.5,0.0,19:30,SSE,17.0,26.0,1027.1,83.0,64.0,Weather archive 2015-2026,27,2,2024,February,Tuesday,0
2024-02-28,15.4,22.7,0.0,20:30,ESE,9.0,17.0,1026.2,83.0,46.0,Weather archive 2015-2026,28,2,2024,February,Wednesday,0
2024-02-29,21.0,26.4,0.0,19:30,N,11.0,19.0,1023.0,50.0,35.0,Weather archive 2015-2026,29,2,2024,February,Thursday,0
2024-03-01,19.7,27.7,0.0,19:40,N,13.0,15.0,1020.9,71.0,35.0,Weather archive 2015-2026,1,3,2024,March,Friday,0
2024-03-02,19.6,28.9,0.0,22:10,SSW,20.0,32.0,1016.8,83.0,34.0,Weather archive 2015-2026,2,3,2024,March,Saturday,0
2024-03-03,15.5,17.0,0.0,20:30,S,15.0,30.0,1022.9,84.0,69.0,Weather archive 2015-2026,3,3,2024,March,Sunday,0
2024-03-04,12.7,16.3,0.0,20:30,SSE,11.0,20.0,1023.2,85.0,66.0,Weather archive 2015-2026,4,3,2024,March,Monday,0
2024-03-05,14.7,15.4,0.4,21:50,S,22.0,30.0,1029.5,77.0,54.0,Weather archive 2015-2026,5,3,2024,March,Tuesday,1
2024-03-06,12.0,15.4,0.0,19:30,SSE,13.0,20.0,1028.6,71.0,58.0,Weather archive 2015-2026,6,3,2024,March,Wednesday,0
2024-03-07,14.5,15.6,0.0,20:40,SSE,13.0,20.0,1024.7,66.0,60.0,Weather archive 2015-2026,7,3,2024,March,Thursday,0
2024-03-08,14.4,15.7,0.0,19:30,S,13.0,24.0,1028.3,76.0,56.0,Weather archive 2015-2026,8,3,2024,March,Friday,0
2024-03-09,15.0,17.0,0.0,19:30,SSW,11.0,19.0,1026.1,90.0,79.0,Weather archive 2015-2026,9,3,2024,March,Saturday,0
2024-03-10,18.2,24.7,0.0,19:30,NE,9.0,11.0,1022.6,68.0,36.0,Weather archive 2015-2026,10,3,2024,March,Sunday,0
2024-03-11,21.3,25.1,0.0,22:00,N,11.0,17.0,1017.1,45.0,38.0,Weather archive 2015-2026,11,3,2024,March,Monday,0
2024-03-12,19.1,20.5,5.2,21:30,N,19.0,30.0,1012.2,86.0,69.0,Weather archive 2015-2026,12,3,2024,March,Tuesday,1
2024-03-13,15.0,17.8,0.0,22:30,S,9.0,13.0,1017.0,92.0,64.0,Weather archive 2015-2026,13,3,2024,March,Wednesday,0
2024-03-14,13.5,17.7,0.0,19:30,N,4.0,7.0,1019.7,91.0,64.0,Weather archive 2015-2026,14,3,2024,March,Thursday,0
2024-03-15,18.3,20.5,0.0,20:00,ESE,11.0,15.0,1015.6,83.0,60.0,Weather archive 2015-2026,15,3,2024,March,Friday,0
2024-03-16,15.8,16.3,15.6,22:00,W,6.0,15.0,1009.9,100.0,100.0,Weather archive 2015-2026,16,3,2024,March,Saturday,1
2024-03-17,16.6,19.8,8.4,22:20,NNE,22.0,35.0,999.8,98.0,60.0,Weather archive 2015-2026,17,3,2024,March,Sunday,1
2024-03-18,9.9,10.4,4.4,19:30,WNW,17.0,32.0,1009.0,71.0,67.0,Weather archive 2015-2026,18,3,2024,March,Monday,1
2024-03-19,13.1,13.7,6.0,22:30,NW,11.0,17.0,1016.5,89.0,80.0,Weather archive 2015-2026,19,3,2024,March,Tuesday,1
2024-03-20,13.0,14.4,0.0,19:30,S,11.0,17.0,1024.9,81.0,66.0,Weather archive 2015-2026,20,3,2024,March,Wednesday,0
2024-03-21,12.4,14.0,0.2,20:00,SSE,11.0,17.0,1024.7,92.0,77.0,Weather archive 2015-2026,21,3,2024,March,Thursday,1
2024-03-22,12.8,15.8,0.0,22:30,SE,9.0,19.0,1027.2,84.0,65.0,Weather archive 2015-2026,22,3,2024,March,Friday,0
2024-03-23,13.3,15.7,0.0,20:30,W,4.0,9.0,1023.4,100.0,94.0,Weather archive 2015-2026,23,3,2024,March,Saturday,0
2024-03-24,18.1,19.5,0.0,21:30,N,17.0,26.0,1010.3,68.0,55.0,Weather archive 2015-2026,24,3,2024,March,Sunday,0
2024-03-25,11.5,12.7,1.4,22:30,WSW,20.0,32.0,1017.7,91.0,80.0,Weather archive 2015-2026,25,3,2024,March,Monday,1
2024-03-26,13.1,15.0,0.0,19:30,W,11.0,19.0,1022.3,66.0,60.0,Weather archive 2015-2026,26,3,2024,March,Tuesday,0
2024-03-27,12.2,18.1,0.0,15:20,SSW,17.0,20.0,1022.9,90.0,55.0,Weather archive 2015-2026,27,3,2024,March,Wednesday,0
2024-03-28,18.5,22.0,0.0,14:30,N,24.0,28.0,1023.5,57.0,47.0,Weather archive 2015-2026,28,3,2024,March,Thursday,0
2024-03-29,21.9,23.4,0.0,22:30,N,24.0,33.0,1014.9,44.0,37.0,Weather archive 2015-2026,29,3,2024,March,Friday,0
2024-03-30,13.0,17.3,0.0,15:30,S,20.0,32.0,1015.3,76.0,54.0,Weather archive 2015-2026,30,3,2024,March,Saturday,0
2024-03-31,13.7,18.4,0.0,17:30,SW,13.0,26.0,1016.8,70.0,51.0,Weather archive 2015-2026,31,3,2024,March,Sunday,0
2024-04-01,13.5,19.0,0.0,14:30,SW,11.0,17.0,1016.6,80.0,65.0,Weather archive 2015-2026,1,4,2024,April,Monday,0
2024-04-02,15.3,18.4,0.0,0:00,N,15.0,32.0,1013.4,50.0,37.0,Weather archive 2015-2026,2,4,2024,April,Tuesday,0
2024-04-03,11.0,20.7,0.0,14:30,SW,19.0,24.0,1017.6,89.0,37.0,Weather archive 2015-2026,3,4,2024,April,Wednesday,0
2024-04-04,14.8,19.3,0.0,15:00,N,20.0,32.0,1016.8,56.0,37.0,Weather archive 2015-2026,4,4,2024,April,Thursday,0
2024-04-05,8.6,23.4,0.0,15:00,SSW,11.0,17.0,1021.3,94.0,34.0,Weather archive 2015-2026,5,4,2024,April,Friday,0
2024-04-06,11.1,18.0,0.0,17:30,S,13.0,26.0,1014.8,95.0,67.0,Weather archive 2015-2026,6,4,2024,April,Saturday,0
2024-04-07,11.3,18.1,0.0,15:30,S,11.0,20.0,1009.5,81.0,40.0,Weather archive 2015-2026,7,4,2024,April,Sunday,0
2024-04-08,12.4,16.7,5.4,16:00,S,24.0,46.0,1019.1,95.0,63.0,Weather archive 2015-2026,8,4,2024,April,Monday,1
2024-04-09,12.6,17.4,5.6,2:00,S,20.0,39.0,1026.3,83.0,57.0,Weather archive 2015-2026,9,4,2024,April,Tuesday,1
2024-04-10,8.9,18.7,0.0,10:00,SSE,15.0,24.0,1026.8,99.0,53.0,Weather archive 2015-2026,10,4,2024,April,Wednesday,0
2024-04-11,8.9,17.9,0.0,17:30,SSW,19.0,32.0,1027.3,97.0,53.0,Weather archive 2015-2026,11,4,2024,April,Thursday,0
2024-04-12,11.6,23.2,0.0,16:30,S,15.0,26.0,1023.8,99.0,43.0,Weather archive 2015-2026,12,4,2024,April,Friday,0
2024-04-13,9.0,17.9,0.0,16:00,S,17.0,32.0,1024.1,93.0,57.0,Weather archive 2015-2026,13,4,2024,April,Saturday,0
2024-04-14,7.4,18.6,0.0,14:00,SSW,11.0,19.0,1023.4,98.0,54.0,Weather archive 2015-2026,14,4,2024,April,Sunday,0
2024-04-15,13.0,24.4,1.6,16:00,N,15.0,24.0,1020.7,91.0,41.0,Weather archive 2015-2026,15,4,2024,April,Monday,1
2024-04-16,17.2,27.3,2.4,13:00,N,28.0,46.0,1019.6,90.0,37.0,Weather archive 2015-2026,16,4,2024,April,Tuesday,1
2024-04-17,13.9,17.4,0.0,2:30,W,17.0,30.0,1026.5,87.0,58.0,Weather archive 2015-2026,17,4,2024,April,Wednesday,0
2024-04-18,10.1,16.7,3.0,14:30,NNE,11.0,15.0,1024.5,94.0,57.0,Weather archive 2015-2026,18,4,2024,April,Thursday,1
2024-04-19,11.1,21.3,3.6,18:26,S,20.0,43.0,1014.2,100.0,39.0,Weather archive 2015-2026,19,4,2024,April,Friday,1
2024-04-20,9.7,14.1,6.4,14:30,S,22.0,56.0,1035.1,87.0,45.0,Weather archive 2015-2026,20,4,2024,April,Saturday,1
2024-04-21,7.0,15.8,1.4,16:00,SSE,19.0,37.0,1037.1,86.0,42.0,Weather archive 2015-2026,21,4,2024,April,Sunday,1
2024-04-22,6.6,17.3,0.0,13:30,SSE,19.0,28.0,1034.5,93.0,47.0,Weather archive 2015-2026,22,4,2024,April,Monday,0
2024-04-23,9.3,19.2,0.0,10:30,SE,15.0,28.0,1028.5,91.0,63.0,Weather archive 2015-2026,23,4,2024,April,Tuesday,0
2024-04-24,12.5,19.0,0.0,12:00,SSE,17.0,26.0,1021.2,98.0,69.0,Weather archive 2015-2026,24,4,2024,April,Wednesday,0
2024-04-25,13.3,20.4,1.8,21:30,NW,19.0,32.0,1008.3,97.0,56.0,Weather archive 2015-2026,25,4,2024,April,Thursday,1
2024-04-26,11.6,14.9,5.2,22:30,SSW,22.0,44.0,1014.4,100.0,70.0,Weather archive 2015-2026,26,4,2024,April,Friday,1
2024-04-27,10.4,15.1,3.6,3:00,SSW,17.0,32.0,1021.3,98.0,58.0,Weather archive 2015-2026,27,4,2024,April,Saturday,1
2024-04-28,11.0,14.8,4.0,4:00,W,15.0,30.0,1026.1,89.0,70.0,Weather archive 2015-2026,28,4,2024,April,Sunday,1
2024-04-29,8.9,15.4,1.6,16:00,S,15.0,30.0,1030.4,96.0,55.0,Weather archive 2015-2026,29,4,2024,April,Monday,1
2024-04-30,7.4,16.4,0.0,14:00,SSW,13.0,20.0,1032.2,93.0,54.0,Weather archive 2015-2026,30,4,2024,April,Tuesday,0
2024-05-01,6.5,19.5,0.0,16:30,SSE,11.0,19.0,1032.2,99.0,42.0,Weather archive 2015-2026,1,5,2024,May,Wednesday,0
2024-05-02,8.2,22.8,0.0,15:00,NNE,15.0,24.0,1029.1,97.0,38.0,Weather archive 2015-2026,2,5,2024,May,Thursday,0
2024-05-03,12.1,22.1,0.0,11:30,N,24.0,41.0,1020.2,97.0,49.0,Weather archive 2015-2026,3,5,2024,May,Friday,0
2024-05-04,9.9,17.8,0.0,15:30,S,9.0,17.0,1020.4,100.0,58.0,Weather archive 2015-2026,4,5,2024,May,Saturday,0
2024-05-05,7.6,22.0,0.0,23:30,N,32.0,48.0,1017.5,100.0,39.0,Weather archive 2015-2026,5,5,2024,May,Sunday,0
2024-05-06,11.8,17.3,1.4,11:46,NNW,33.0,56.0,1009.6,78.0,41.0,Weather archive 2015-2026,6,5,2024,May,Monday,1
2024-05-07,9.7,16.1,2.2,19:00,WSW,13.0,30.0,1017.2,81.0,51.0,Weather archive 2015-2026,7,5,2024,May,Tuesday,1
2024-05-08,10.5,14.6,2.2,15:00,W,20.0,39.0,1020.7,75.0,51.0,Weather archive 2015-2026,8,5,2024,May,Wednesday,1
2024-05-09,10.7,15.6,0.2,15:00,NNW,19.0,33.0,1020.1,75.0,53.0,Weather archive 2015-2026,9,5,2024,May,Thursday,1
2024-05-10,13.0,18.2,0.0,21:00,N,26.0,44.0,1014.8,74.0,50.0,Weather archive 2015-2026,10,5,2024,May,Friday,0
2024-05-11,12.9,16.0,8.6,14:30,W,20.0,50.0,1007.9,91.0,52.0,Weather archive 2015-2026,11,5,2024,May,Saturday,1
2024-05-12,12.5,15.6,2.6,9:30,WSW,15.0,33.0,1014.6,94.0,56.0,Weather archive 2015-2026,12,5,2024,May,Sunday,1
2024-05-13,8.3,16.4,2.0,14:30,W,19.0,44.0,1015.6,72.0,43.0,Weather archive 2015-2026,13,5,2024,May,Monday,1
2024-05-14,6.4,12.7,6.8,14:00,SSW,19.0,35.0,1028.2,89.0,55.0,Weather archive 2015-2026,14,5,2024,May,Tuesday,1
2024-05-15,10.1,14.2,4.4,14:30,SSW,17.0,35.0,1034.1,98.0,75.0,Weather archive 2015-2026,15,5,2024,May,Wednesday,1
2024-05-16,11.6,14.1,1.8,12:30,S,15.0,28.0,1036.8,100.0,70.0,Weather archive 2015-2026,16,5,2024,May,Thursday,1
2024-05-17,9.0,15.9,0.0,16:00,SSW,11.0,19.0,1037.2,99.0,62.0,Weather archive 2015-2026,17,5,2024,May,Friday,0
2024-05-18,7.6,20.4,0.0,11:30,N,20.0,30.0,1034.0,100.0,46.0,Weather archive 2015-2026,18,5,2024,May,Saturday,0
2024-05-19,7.3,19.8,0.0,15:00,N,17.0,28.0,1031.4,92.0,44.0,Weather archive 2015-2026,19,5,2024,May,Sunday,0
2024-05-20,13.4,16.1,2.4,0:00,N,22.0,39.0,1019.1,87.0,46.0,Weather archive 2015-2026,20,5,2024,May,Monday,1
2024-05-21,11.3,17.6,4.0,0:30,N,22.0,39.0,1019.7,100.0,53.0,Weather archive 2015-2026,21,5,2024,May,Tuesday,1
2024-05-22,10.5,13.0,6.2,3:30,S,13.0,30.0,1026.4,99.0,73.0,Weather archive 2015-2026,22,5,2024,May,Wednesday,1
2024-05-23,9.3,14.1,0.4,15:00,S,17.0,28.0,1032.4,99.0,62.0,Weather archive 2015-2026,23,5,2024,May,Thursday,1
2024-05-24,8.2,12.9,0.0,14:30,SSW,15.0,20.0,1033.6,91.0,62.0,Weather archive 2015-2026,24,5,2024,May,Friday,0
2024-05-25,6.1,15.2,0.0,14:00,SW,9.0,13.0,1032.4,94.0,62.0,Weather archive 2015-2026,25,5,2024,May,Saturday,0
2024-05-26,8.3,17.0,0.0,12:30,NNE,13.0,24.0,1031.7,84.0,51.0,Weather archive 2015-2026,26,5,2024,May,Sunday,0
2024-05-27,5.5,15.5,0.0,14:30,N,17.0,26.0,1029.9,86.0,56.0,Weather archive 2015-2026,27,5,2024,May,Monday,0
2024-05-28,10.2,18.6,0.0,14:30,N,22.0,37.0,1022.9,80.0,56.0,Weather archive 2015-2026,28,5,2024,May,Tuesday,0
2024-05-29,13.3,19.6,0.0,14:30,N,26.0,39.0,1018.6,82.0,48.0,Weather archive 2015-2026,29,5,2024,May,Wednesday,0
2024-05-30,10.3,15.5,0.0,11:30,WNW,15.0,30.0,1022.3,69.0,46.0,Weather archive 2015-2026,30,5,2024,May,Thursday,0
2024-05-31,11.3,16.8,0.0,15:00,NW,17.0,43.0,1021.9,70.0,44.0,Weather archive 2015-2026,31,5,2024,May,Friday,0
2024-06-01,7.3,16.1,5.8,18:00,S,20.0,41.0,1015.4,89.0,52.0,Weather archive 2015-2026,1,6,2024,June,Saturday,1
2024-06-02,7.0,15.4,0.0,15:30,SW,7.0,11.0,1028.3,100.0,60.0,Weather archive 2015-2026,2,6,2024,June,Sunday,0
2024-06-03,10.0,11.8,0.0,17:00,SSW,7.0,15.0,1027.5,98.0,83.0,Weather archive 2015-2026,3,6,2024,June,Monday,0
2024-06-04,11.2,14.0,3.2,15:40,S,7.0,11.0,1023.1,100.0,69.0,Weather archive 2015-2026,4,6,2024,June,Tuesday,1
2024-06-05,12.5,13.3,2.4,21:50,NW,7.0,11.0,1013.0,100.0,100.0,Weather archive 2015-2026,5,6,2024,June,Wednesday,1
2024-06-06,12.6,13.9,1.4,23:50,NW,9.0,13.0,1004.2,100.0,95.0,Weather archive 2015-2026,6,6,2024,June,Thursday,1
2024-06-07,11.3,14.0,0.0,16:10,N,24.0,35.0,1003.4,80.0,68.0,Weather archive 2015-2026,7,6,2024,June,Friday,0
2024-06-08,12.9,15.3,1.2,17:30,W,13.0,30.0,1006.8,84.0,75.0,Weather archive 2015-2026,8,6,2024,June,Saturday,1
2024-06-09,12.4,14.5,1.4,23:40,N,24.0,41.0,1006.0,87.0,68.0,Weather archive 2015-2026,9,6,2024,June,Sunday,1
2024-06-10,12.0,17.0,0.2,15:40,WSW,15.0,32.0,1014.1,93.0,54.0,Weather archive 2015-2026,10,6,2024,June,Monday,1
2024-06-11,11.3,15.0,3.0,18:30,N,19.0,32.0,1021.7,92.0,57.0,Weather archive 2015-2026,11,6,2024,June,Tuesday,1
2024-06-12,8.5,13.2,3.0,15:00,SSW,20.0,30.0,1034.7,81.0,54.0,Weather archive 2015-2026,12,6,2024,June,Wednesday,1
2024-06-13,6.1,13.7,0.0,15:30,S,11.0,15.0,1038.4,91.0,48.0,Weather archive 2015-2026,13,6,2024,June,Thursday,0
2024-06-14,10.0,13.3,0.0,21:50,N,26.0,37.0,1034.6,68.0,52.0,Weather archive 2015-2026,14,6,2024,June,Friday,0
2024-06-15,7.9,15.3,0.0,14:40,NNE,20.0,28.0,1036.0,89.0,50.0,Weather archive 2015-2026,15,6,2024,June,Saturday,0
2024-06-16,9.1,17.5,0.0,14:30,N,11.0,17.0,1029.5,85.0,50.0,Weather archive 2015-2026,16,6,2024,June,Sunday,0
2024-06-17,12.2,14.0,2.2,17:30,N,24.0,35.0,1016.3,88.0,70.0,Weather archive 2015-2026,17,6,2024,June,Monday,1
2024-06-18,12.4,15.1,4.8,23:40,SSE,17.0,24.0,1017.1,100.0,90.0,Weather archive 2015-2026,18,6,2024,June,Tuesday,1
2024-06-19,7.4,12.1,0.4,18:00,SE,9.0,13.0,1022.7,100.0,72.0,Weather archive 2015-2026,19,6,2024,June,Wednesday,1
2024-06-20,11.1,13.2,0.0,23:00,SSE,15.0,24.0,1014.7,95.0,63.0,Weather archive 2015-2026,20,6,2024,June,Thursday,0
2024-06-21,11.5,13.1,3.0,15:30,SSW,15.0,26.0,1005.4,100.0,82.0,Weather archive 2015-2026,21,6,2024,June,Friday,1
2024-06-22,11.4,13.7,0.0,15:11,NNW,32.0,46.0,998.3,83.0,69.0,Weather archive 2015-2026,22,6,2024,June,Saturday,0
2024-06-23,11.8,15.1,0.6,15:30,NW,24.0,33.0,1008.2,77.0,51.0,Weather archive 2015-2026,23,6,2024,June,Sunday,1
2024-06-24,8.3,14.3,12.4,15:09,N,33.0,52.0,1000.9,92.0,57.0,Weather archive 2015-2026,24,6,2024,June,Monday,1
2024-06-25,5.7,10.5,1.8,15:50,WSW,17.0,39.0,1018.9,83.0,58.0,Weather archive 2015-2026,25,6,2024,June,Tuesday,1
2024-06-26,5.8,12.6,0.0,16:00,S,9.0,17.0,1023.5,96.0,60.0,Weather archive 2015-2026,26,6,2024,June,Wednesday,0
2024-06-27,6.9,10.4,0.0,15:00,N,20.0,30.0,1018.4,82.0,55.0,Weather archive 2015-2026,27,6,2024,June,Thursday,0
2024-06-28,6.8,10.4,0.2,22:30,N,9.0,13.0,1022.3,99.0,77.0,Weather archive 2015-2026,28,6,2024,June,Friday,1
2024-06-29,10.6,16.6,0.0,16:00,NNW,9.0,19.0,1027.3,87.0,56.0,Weather archive 2015-2026,29,6,2024,June,Saturday,0
2024-06-30,11.5,15.4,0.0,22:50,NNW,35.0,43.0,1024.8,68.0,51.0,Weather archive 2015-2026,30,6,2024,June,Sunday,0
2024-07-01,7.4,11.1,3.8,14:36,N,30.0,50.0,1010.8,86.0,68.0,Weather archive 2015-2026,1,7,2024,July,Monday,1
2024-07-02,11.3,13.5,0.2,22:00,N,19.0,28.0,1024.2,78.0,60.0,Weather archive 2015-2026,2,7,2024,July,Tuesday,1
2024-07-03,13.7,15.5,0.0,14:30,WSW,17.0,26.0,1026.3,66.0,55.0,Weather archive 2015-2026,3,7,2024,July,Wednesday,0
2024-07-04,10.9,16.4,0.0,16:00,NNW,24.0,37.0,1021.7,74.0,55.0,Weather archive 2015-2026,4,7,2024,July,Thursday,0
2024-07-05,11.0,12.6,0.0,16:00,N,17.0,24.0,1016.0,66.0,61.0,Weather archive 2015-2026,5,7,2024,July,Friday,0
2024-07-06,10.2,12.3,22.6,18:30,S,15.0,26.0,1014.2,100.0,84.0,Weather archive 2015-2026,6,7,2024,July,Saturday,1
2024-07-07,10.8,12.9,2.0,18:00,S,15.0,26.0,1023.2,100.0,78.0,Weather archive 2015-2026,7,7,2024,July,Sunday,1
2024-07-08,10.2,13.7,0.8,16:10,SE,22.0,30.0,1022.1,92.0,74.0,Weather archive 2015-2026,8,7,2024,July,Monday,1
2024-07-09,9.0,15.0,0.0,15:30,SSW,9.0,11.0,1024.7,100.0,65.0,Weather archive 2015-2026,9,7,2024,July,Tuesday,0
2024-07-10,8.0,14.6,0.0,15:30,S,9.0,11.0,1025.0,100.0,57.0,Weather archive 2015-2026,10,7,2024,July,Wednesday,0
2024-07-11,12.0,13.3,1.2,21:35,N,33.0,59.0,1013.7,82.0,62.0,Weather archive 2015-2026,11,7,2024,July,Thursday,1
2024-07-12,13.1,14.6,0.0,17:27,N,33.0,48.0,1003.8,74.0,59.0,Weather archive 2015-2026,12,7,2024,July,Friday,0
2024-07-13,6.7,11.9,0.4,15:30,NNW,26.0,46.0,1006.6,79.0,48.0,Weather archive 2015-2026,13,7,2024,July,Saturday,1
2024-07-14,9.6,10.9,1.0,23:20,NW,22.0,28.0,1027.4,82.0,60.0,Weather archive 2015-2026,14,7,2024,July,Sunday,1
2024-07-15,10.7,13.5,0.0,15:30,NW,17.0,30.0,1030.6,75.0,52.0,Weather archive 2015-2026,15,7,2024,July,Monday,0
2024-07-16,12.0,13.9,0.0,20:30,WNW,11.0,19.0,1033.4,72.0,56.0,Weather archive 2015-2026,16,7,2024,July,Tuesday,0
2024-07-17,6.3,13.2,0.0,15:30,SSW,11.0,15.0,1031.1,93.0,57.0,Weather archive 2015-2026,17,7,2024,July,Wednesday,0
2024-07-18,13.7,15.3,0.0,15:32,N,30.0,46.0,1025.0,65.0,48.0,Weather archive 2015-2026,18,7,2024,July,Thursday,0
2024-07-19,14.7,16.6,0.0,15:10,NNW,28.0,39.0,1021.0,78.0,68.0,Weather archive 2015-2026,19,7,2024,July,Friday,0
2024-07-20,11.4,14.9,1.6,21:30,N,9.0,11.0,1023.6,100.0,72.0,Weather archive 2015-2026,20,7,2024,July,Saturday,1
2024-07-21,7.8,14.4,0.0,16:10,SSW,13.0,17.0,1022.2,100.0,74.0,Weather archive 2015-2026,21,7,2024,July,Sunday,0
2024-07-22,15.0,17.8,0.2,22:30,N,26.0,50.0,1012.3,83.0,65.0,Weather archive 2015-2026,22,7,2024,July,Monday,1
2024-07-23,9.6,17.8,2.6,14:40,W,28.0,44.0,996.9,86.0,49.0,Weather archive 2015-2026,23,7,2024,July,Tuesday,1
2024-07-24,7.1,9.5,0.8,15:30,W,20.0,32.0,1014.1,78.0,65.0,Weather archive 2015-2026,24,7,2024,July,Wednesday,1
2024-07-25,8.7,11.1,0.0,15:30,N,26.0,44.0,1007.6,77.0,62.0,Weather archive 2015-2026,25,7,2024,July,Thursday,0
2024-07-26,8.3,13.4,4.8,17:00,N,37.0,54.0,1009.5,88.0,50.0,Weather archive 2015-2026,26,7,2024,July,Friday,1
2024-07-27,9.4,10.9,0.0,22:30,N,28.0,43.0,1011.2,72.0,57.0,Weather archive 2015-2026,27,7,2024,July,Saturday,0
2024-07-28,9.4,12.4,0.0,16:00,WSW,20.0,32.0,1023.2,73.0,50.0,Weather archive 2015-2026,28,7,2024,July,Sunday,0
2024-07-29,11.0,15.2,0.0,15:30,NW,17.0,33.0,1024.3,78.0,52.0,Weather archive 2015-2026,29,7,2024,July,Monday,0
2024-07-30,10.3,15.2,2.4,15:53,WSW,19.0,30.0,1022.9,97.0,65.0,Weather archive 2015-2026,30,7,2024,July,Tuesday,1
2024-07-31,11.9,12.5,0.0,21:10,N,35.0,56.0,1016.8,77.0,73.0,Weather archive 2015-2026,31,7,2024,July,Wednesday,0
2024-08-01,11.4,16.6,0.2,15:10,NNW,24.0,32.0,1015.9,85.0,39.0,Weather archive 2015-2026,1,8,2024,August,Thursday,1
2024-08-02,8.1,14.7,0.0,2:00,NW,20.0,32.0,1032.6,89.0,54.0,Weather archive 2015-2026,2,8,2024,August,Friday,0
2024-08-03,5.9,17.0,0.0,14:30,N,26.0,43.0,1034.0,97.0,49.0,Weather archive 2015-2026,3,8,2024,August,Saturday,0
2024-08-04,11.0,19.6,0.0,12:00,N,30.0,46.0,1029.9,79.0,43.0,Weather archive 2015-2026,4,8,2024,August,Sunday,0
2024-08-05,9.4,14.9,0.0,14:00,N,39.0,61.0,1035.1,72.0,48.0,Weather archive 2015-2026,5,8,2024,August,Monday,0
2024-08-06,9.4,13.6,0.0,7:00,WNW,15.0,17.0,1035.1,89.0,56.0,Weather archive 2015-2026,6,8,2024,August,Tuesday,0
2024-08-07,8.6,13.0,0.0,16:30,SSW,9.0,17.0,1035.6,98.0,74.0,Weather archive 2015-2026,7,8,2024,August,Wednesday,0
2024-08-08,6.8,13.7,0.0,15:00,SSW,11.0,19.0,1035.5,100.0,62.0,Weather archive 2015-2026,8,8,2024,August,Thursday,0
2024-08-09,4.7,14.1,0.0,6:20,NNE,11.0,11.0,1034.0,100.0,62.0,Weather archive 2015-2026,9,8,2024,August,Friday,0
2024-08-10,6.2,18.3,0.2,12:20,N,41.0,59.0,1027.8,98.0,44.0,Weather archive 2015-2026,10,8,2024,August,Saturday,1
2024-08-11,9.4,14.3,2.8,0:50,N,35.0,50.0,1023.6,88.0,47.0,Weather archive 2015-2026,11,8,2024,August,Sunday,1
2024-08-12,8.3,15.2,0.0,17:00,N,20.0,30.0,1023.5,93.0,47.0,Weather archive 2015-2026,12,8,2024,August,Monday,0
2024-08-13,10.3,15.7,3.0,11:00,NNW,19.0,26.0,1020.7,100.0,52.0,Weather archive 2015-2026,13,8,2024,August,Tuesday,1
2024-08-14,7.3,12.6,3.4,15:00,SSW,15.0,24.0,1021.8,100.0,61.0,Weather archive 2015-2026,14,8,2024,August,Wednesday,1
2024-08-15,3.5,12.3,0.0,16:30,SSW,19.0,24.0,1022.1,100.0,52.0,Weather archive 2015-2026,15,8,2024,August,Thursday,0
2024-08-16,3.5,13.0,0.0,15:10,SSW,17.0,20.0,1024.7,100.0,51.0,Weather archive 2015-2026,16,8,2024,August,Friday,0
2024-08-17,1.7,15.7,0.0,15:40,N,24.0,33.0,1024.2,91.0,38.0,Weather archive 2015-2026,17,8,2024,August,Saturday,0
2024-08-18,7.6,12.4,0.4,13:30,N,26.0,44.0,1015.6,77.0,52.0,Weather archive 2015-2026,18,8,2024,August,Sunday,1
2024-08-19,9.0,13.0,5.4,11:00,WSW,17.0,37.0,1014.5,96.0,51.0,Weather archive 2015-2026,19,8,2024,August,Monday,1
2024-08-20,9.5,18.1,0.0,17:00,WNW,11.0,22.0,1020.8,73.0,56.0,Weather archive 2015-2026,20,8,2024,August,Tuesday,0
2024-08-21,12.4,19.0,0.0,15:00,W,9.0,17.0,1023.8,73.0,41.0,Weather archive 2015-2026,21,8,2024,August,Wednesday,0
2024-08-22,11.5,17.3,0.0,13:00,NNW,33.0,46.0,1022.0,83.0,58.0,Weather archive 2015-2026,22,8,2024,August,Thursday,0
2024-08-23,8.8,14.8,3.6,10:20,NW,20.0,26.0,1021.9,100.0,77.0,Weather archive 2015-2026,23,8,2024,August,Friday,1
2024-08-24,5.6,16.8,3.6,13:00,WNW,13.0,24.0,1027.7,100.0,48.0,Weather archive 2015-2026,24,8,2024,August,Saturday,1
2024-08-25,8.6,17.6,0.0,14:20,N,32.0,39.0,1028.8,83.0,47.0,Weather archive 2015-2026,25,8,2024,August,Sunday,0
2024-08-26,11.2,19.6,0.0,7:00,N,24.0,33.0,1029.7,92.0,42.0,Weather archive 2015-2026,26,8,2024,August,Monday,0
2024-08-27,11.1,15.4,0.0,4:30,SSE,15.0,22.0,1030.5,76.0,58.0,Weather archive 2015-2026,27,8,2024,August,Tuesday,0
2024-08-28,8.9,15.5,0.0,18:30,SW,13.0,20.0,1028.0,100.0,63.0,Weather archive 2015-2026,28,8,2024,August,Wednesday,0
2024-08-29,9.5,15.9,0.0,16:30,SSW,11.0,19.0,1024.1,100.0,68.0,Weather archive 2015-2026,29,8,2024,August,Thursday,0
2024-08-30,11.4,18.3,0.2,17:00,N,28.0,39.0,1017.0,73.0,54.0,Weather archive 2015-2026,30,8,2024,August,Friday,1
2024-08-31,9.6,14.6,2.8,6:00,NNW,22.0,33.0,1018.1,100.0,70.0,Weather archive 2015-2026,31,8,2024,August,Saturday,1
2024-09-01,7.1,15.5,1.2,16:00,SSW,20.0,39.0,1022.4,90.0,64.0,Weather archive 2015-2026,1,9,2024,September,Sunday,1
2024-09-02,8.1,14.6,0.0,15:00,SSW,20.0,28.0,1025.6,100.0,52.0,Weather archive 2015-2026,2,9,2024,September,Monday,0
2024-09-03,3.9,15.3,0.0,12:30,NNW,22.0,32.0,1024.5,100.0,52.0,Weather archive 2015-2026,3,9,2024,September,Tuesday,0
2024-09-04,6.1,20.3,0.0,14:30,N,26.0,35.0,1017.9,96.0,34.0,Weather archive 2015-2026,4,9,2024,September,Wednesday,0
2024-09-05,9.9,21.5,2.2,11:30,N,37.0,69.0,1010.9,93.0,33.0,Weather archive 2015-2026,5,9,2024,September,Thursday,1
2024-09-06,7.1,15.0,2.8,11:00,WNW,24.0,48.0,1019.0,95.0,38.0,Weather archive 2015-2026,6,9,2024,September,Friday,1
2024-09-07,6.2,19.1,0.2,13:30,NNW,33.0,50.0,1018.7,81.0,40.0,Weather archive 2015-2026,7,9,2024,September,Saturday,1
2024-09-08,11.0,22.0,4.0,16:20,N,37.0,63.0,1013.6,90.0,29.0,Weather archive 2015-2026,8,9,2024,September,Sunday,1
2024-09-09,7.0,11.6,0.8,10:30,NW,28.0,70.0,1023.5,72.0,63.0,Weather archive 2015-2026,9,9,2024,September,Monday,1
2024-09-10,7.0,13.8,0.8,11:00,W,15.0,35.0,1028.4,79.0,45.0,Weather archive 2015-2026,10,9,2024,September,Tuesday,1
2024-09-11,10.4,14.7,1.0,12:00,S,17.0,22.0,1032.9,80.0,55.0,Weather archive 2015-2026,11,9,2024,September,Wednesday,1
2024-09-12,8.4,16.9,0.0,12:00,S,17.0,20.0,1034.0,99.0,50.0,Weather archive 2015-2026,12,9,2024,September,Thursday,0
2024-09-13,10.2,23.2,0.0,11:30,WNW,15.0,28.0,1031.0,82.0,27.0,Weather archive 2015-2026,13,9,2024,September,Friday,0
2024-09-14,9.3,25.0,0.0,12:00,NNW,13.0,20.0,1028.3,94.0,31.0,Weather archive 2015-2026,14,9,2024,September,Saturday,0
2024-09-15,10.5,23.6,0.0,14:00,N,28.0,44.0,1026.7,85.0,31.0,Weather archive 2015-2026,15,9,2024,September,Sunday,0
2024-09-16,13.5,22.4,0.0,4:00,NNW,22.0,32.0,1020.8,80.0,37.0,Weather archive 2015-2026,16,9,2024,September,Monday,0
2024-09-17,9.7,24.9,0.0,17:00,NNW,26.0,46.0,1020.1,87.0,30.0,Weather archive 2015-2026,17,9,2024,September,Tuesday,0
2024-09-18,14.9,22.7,0.0,10:30,NW,17.0,30.0,1021.5,81.0,40.0,Weather archive 2015-2026,18,9,2024,September,Wednesday,0
2024-09-19,13.7,17.8,0.0,14:40,SSW,17.0,20.0,1017.7,90.0,67.0,Weather archive 2015-2026,19,9,2024,September,Thursday,0
2024-09-20,14.5,27.8,0.0,13:50,NW,30.0,41.0,1009.9,86.0,30.0,Weather archive 2015-2026,20,9,2024,September,Friday,0
2024-09-21,10.4,18.8,0.2,13:40,W,28.0,43.0,1014.2,84.0,30.0,Weather archive 2015-2026,21,9,2024,September,Saturday,1
2024-09-22,9.7,14.6,0.2,11:30,SSW,20.0,30.0,1029.6,74.0,53.0,Weather archive 2015-2026,22,9,2024,September,Sunday,1
2024-09-23,6.0,14.4,0.0,14:30,SSW,19.0,30.0,1031.5,96.0,48.0,Weather archive 2015-2026,23,9,2024,September,Monday,0
2024-09-24,5.3,15.8,0.0,17:30,SW,15.0,22.0,1030.5,100.0,49.0,Weather archive 2015-2026,24,9,2024,September,Tuesday,0
2024-09-25,7.3,23.5,0.0,13:30,N,24.0,39.0,1026.5,100.0,33.0,Weather archive 2015-2026,25,9,2024,September,Wednesday,0
2024-09-26,12.9,23.0,0.0,13:30,S,24.0,37.0,1023.8,85.0,35.0,Weather archive 2015-2026,26,9,2024,September,Thursday,0
2024-09-27,9.6,16.3,0.0,17:00,SSW,17.0,26.0,1023.7,89.0,46.0,Weather archive 2015-2026,27,9,2024,September,Friday,0
2024-09-28,10.2,16.9,0.0,15:50,SSW,20.0,35.0,1029.0,80.0,54.0,Weather archive 2015-2026,28,9,2024,September,Saturday,0
2024-09-29,10.4,19.8,0.0,14:20,SSW,17.0,22.0,1030.0,87.0,47.0,Weather archive 2015-2026,29,9,2024,September,Sunday,0
2024-09-30,8.1,27.7,0.0,12:40,WNW,20.0,24.0,1026.6,87.0,8.0,Weather archive 2015-2026,30,9,2024,September,Monday,0
2024-10-01,17.4,29.5,0.0,13:00,NNW,30.0,48.0,1020.0,38.0,19.0,Weather archive 2015-2026,1,10,2024,October,Tuesday,0
2024-10-02,10.0,13.3,0.0,0:00,N,0.0,0.0,1027.0,93.0,79.0,Weather archive 2015-2026,2,10,2024,October,Wednesday,0
2024-10-03,16.2,23.0,0.0,19:30,NE,4.0,9.0,1022.6,59.0,31.0,Weather archive 2015-2026,3,10,2024,October,Thursday,0
2024-10-04,13.9,16.2,0.0,22:10,S,19.0,24.0,1022.1,84.0,76.0,Weather archive 2015-2026,4,10,2024,October,Friday,0
2024-10-05,10.5,11.3,1.8,22:30,S,11.0,17.0,1025.7,94.0,87.0,Weather archive 2015-2026,5,10,2024,October,Saturday,1
2024-10-06,15.7,21.9,0.0,23:30,N,13.0,17.0,1013.1,84.0,49.0,Weather archive 2015-2026,6,10,2024,October,Sunday,0
2024-10-07,14.1,15.9,0.0,22:40,W,15.0,22.0,1014.5,83.0,77.0,Weather archive 2015-2026,7,10,2024,October,Monday,0
2024-10-08,11.3,13.8,0.6,22:20,SW,24.0,28.0,1014.9,90.0,63.0,Weather archive 2015-2026,8,10,2024,October,Tuesday,1
2024-10-09,9.4,11.6,4.2,22:30,SSE,20.0,30.0,1026.9,88.0,57.0,Weather archive 2015-2026,9,10,2024,October,Wednesday,1
2024-10-10,11.8,12.4,0.2,21:00,S,17.0,24.0,1028.5,76.0,73.0,Weather archive 2015-2026,10,10,2024,October,Thursday,1
2024-10-11,9.6,12.7,0.0,20:30,SSE,11.0,19.0,1024.3,88.0,71.0,Weather archive 2015-2026,11,10,2024,October,Friday,0
2024-10-12,11.6,14.6,0.0,20:00,SE,15.0,30.0,1019.4,69.0,60.0,Weather archive 2015-2026,12,10,2024,October,Saturday,0
2024-10-13,12.0,17.1,0.0,20:30,ESE,13.0,20.0,1020.5,76.0,50.0,Weather archive 2015-2026,13,10,2024,October,Sunday,0
2024-10-14,16.5,21.0,0.0,20:00,NE,15.0,20.0,1015.3,54.0,37.0,Weather archive 2015-2026,14,10,2024,October,Monday,0
2024-10-15,14.5,15.6,0.0,19:30,SSW,17.0,28.0,1016.2,81.0,74.0,Weather archive 2015-2026,15,10,2024,October,Tuesday,0
2024-10-16,14.4,15.4,0.0,23:30,SSE,13.0,19.0,1015.5,75.0,65.0,Weather archive 2015-2026,16,10,2024,October,Wednesday,0
2024-10-17,12.4,14.3,3.2,23:33,W,9.0,17.0,1010.2,91.0,80.0,Weather archive 2015-2026,17,10,2024,October,Thursday,1
2024-10-18,11.3,13.6,0.8,23:00,W,13.0,30.0,1018.0,74.0,62.0,Weather archive 2015-2026,18,10,2024,October,Friday,1
2024-10-19,11.5,20.4,0.8,20:00,N,22.0,52.0,1014.8,88.0,32.0,Weather archive 2015-2026,19,10,2024,October,Saturday,1
2024-10-20,10.8,13.1,0.8,0:00,NW,13.0,22.0,1023.1,67.0,54.0,Weather archive 2015-2026,20,10,2024,October,Sunday,1
2024-10-21,12.9,14.0,0.0,22:30,SW,11.0,20.0,1029.8,78.0,64.0,Weather archive 2015-2026,21,10,2024,October,Monday,0
2024-10-22,12.4,13.7,0.0,22:00,S,9.0,15.0,1028.8,84.0,74.0,Weather archive 2015-2026,22,10,2024,October,Tuesday,0
2024-10-23,11.3,16.8,0.0,20:00,SW,2.0,7.0,1024.3,96.0,70.0,Weather archive 2015-2026,23,10,2024,October,Wednesday,0
2024-10-24,15.2,25.0,0.2,19:30,S,9.0,15.0,1019.2,64.0,25.0,Weather archive 2015-2026,24,10,2024,October,Thursday,1
2024-10-25,26.5,31.8,0.0,20:30,NNE,15.0,30.0,1007.3,24.0,14.0,Weather archive 2015-2026,25,10,2024,October,Friday,0
2024-10-26,15.6,21.1,0.4,20:00,SSW,15.0,28.0,1006.7,64.0,28.0,Weather archive 2015-2026,26,10,2024,October,Saturday,1
2024-10-27,11.4,13.9,1.2,22:00,W,15.0,24.0,1015.9,68.0,51.0,Weather archive 2015-2026,27,10,2024,October,Sunday,1
2024-10-28,12.7,14.9,1.4,22:00,S,15.0,28.0,1023.1,82.0,74.0,Weather archive 2015-2026,28,10,2024,October,Monday,1
2024-10-29,12.0,18.8,0.0,19:30,SW,2.0,6.0,1022.3,91.0,54.0,Weather archive 2015-2026,29,10,2024,October,Tuesday,0
2024-10-30,18.7,26.0,0.0,23:30,SSW,9.0,19.0,1017.7,60.0,27.0,Weather archive 2015-2026,30,10,2024,October,Wednesday,0
2024-10-31,15.1,18.9,0.0,20:30,W,6.0,13.0,1014.7,100.0,78.0,Weather archive 2015-2026,31,10,2024,October,Thursday,0
2024-11-01,11.5,12.0,1.2,0:00,W,11.0,19.0,990.3,92.0,73.0,Weather archive 2015-2026,1,11,2024,November,Friday,1
2024-11-02,7.8,9.4,2.6,21:00,WNW,15.0,28.0,999.8,76.0,62.0,Weather archive 2015-2026,2,11,2024,November,Saturday,1
2024-11-03,12.3,13.1,0.2,23:30,WNW,17.0,24.0,1012.4,78.0,66.0,Weather archive 2015-2026,3,11,2024,November,Sunday,1
2024-11-04,13.2,13.5,0.2,21:30,SSE,15.0,17.0,1025.7,76.0,72.0,Weather archive 2015-2026,4,11,2024,November,Monday,1
2024-11-05,12.4,14.1,0.0,21:30,SSE,13.0,17.0,1028.1,82.0,71.0,Weather archive 2015-2026,5,11,2024,November,Tuesday,0
2024-11-06,14.3,15.6,0.0,23:30,N,0.0,6.0,1023.8,92.0,79.0,Weather archive 2015-2026,6,11,2024,November,Wednesday,0
2024-11-07,17.8,19.9,0.0,21:10,NNW,19.0,20.0,1021.7,68.0,56.0,Weather archive 2015-2026,7,11,2024,November,Thursday,0
2024-11-08,17.5,20.4,0.0,21:00,NNE,11.0,17.0,1019.3,77.0,56.0,Weather archive 2015-2026,8,11,2024,November,Friday,0
2024-11-09,16.8,18.9,2.8,22:40,NNE,11.0,13.0,1018.4,95.0,78.0,Weather archive 2015-2026,9,11,2024,November,Saturday,1
2024-11-10,21.3,25.1,0.0,22:30,NNE,9.0,15.0,1015.1,68.0,47.0,Weather archive 2015-2026,10,11,2024,November,Sunday,0
2024-11-11,19.8,20.2,2.8,22:30,NNW,13.0,20.0,1011.5,78.0,76.0,Weather archive 2015-2026,11,11,2024,November,Monday,1
2024-11-12,15.6,16.9,0.0,23:40,SSE,17.0,20.0,1013.0,88.0,80.0,Weather archive 2015-2026,12,11,2024,November,Tuesday,0
2024-11-13,16.0,18.1,4.8,21:30,ESE,11.0,13.0,1009.2,100.0,74.0,Weather archive 2015-2026,13,11,2024,November,Wednesday,1
2024-11-14,19.7,21.9,0.0,0:00,N,22.0,30.0,997.2,71.0,59.0,Weather archive 2015-2026,14,11,2024,November,Thursday,0
2024-11-15,10.7,13.4,11.4,21:00,W,19.0,32.0,1010.4,92.0,74.0,Weather archive 2015-2026,15,11,2024,November,Friday,1
2024-11-16,8.2,9.4,0.6,21:00,W,13.0,19.0,1014.2,71.0,65.0,Weather archive 2015-2026,16,11,2024,November,Saturday,1
2024-11-17,10.7,12.3,1.0,0:00,SSW,22.0,28.0,1018.4,82.0,64.0,Weather archive 2015-2026,17,11,2024,November,Sunday,1
2024-11-18,10.3,12.9,0.0,22:00,SSE,11.0,15.0,1018.7,86.0,65.0,Weather archive 2015-2026,18,11,2024,November,Monday,0
2024-11-19,17.6,20.9,0.0,21:20,NNE,9.0,13.0,1008.9,56.0,38.0,Weather archive 2015-2026,19,11,2024,November,Tuesday,0
2024-11-20,14.7,16.9,11.4,21:20,N,19.0,30.0,992.9,100.0,85.0,Weather archive 2015-2026,20,11,2024,November,Wednesday,1
2024-11-21,11.8,12.7,1.2,21:30,WNW,15.0,33.0,1000.5,70.0,61.0,Weather archive 2015-2026,21,11,2024,November,Thursday,1
2024-11-22,8.8,9.7,2.0,23:00,WNW,17.0,26.0,1011.0,74.0,68.0,Weather archive 2015-2026,22,11,2024,November,Friday,1
2024-11-23,14.3,15.4,0.2,23:00,W,13.0,20.0,1014.3,71.0,67.0,Weather archive 2015-2026,23,11,2024,November,Saturday,1
2024-11-24,13.1,14.1,2.8,0:00,NNW,7.0,11.0,1019.6,100.0,82.0,Weather archive 2015-2026,24,11,2024,November,Sunday,1
2024-11-25,14.1,14.4,0.0,21:00,S,13.0,20.0,1022.0,79.0,75.0,Weather archive 2015-2026,25,11,2024,November,Monday,0
2024-11-26,13.9,16.0,0.0,21:00,SSE,7.0,13.0,1018.1,77.0,65.0,Weather archive 2015-2026,26,11,2024,November,Tuesday,0
2024-11-27,19.3,20.4,0.2,21:30,N,15.0,24.0,1003.7,75.0,65.0,Weather archive 2015-2026,27,11,2024,November,Wednesday,1
2024-11-28,12.4,14.0,0.2,21:00,S,13.0,24.0,1008.3,73.0,64.0,Weather archive 2015-2026,28,11,2024,November,Thursday,1
2024-11-29,14.2,15.5,0.0,21:00,NW,15.0,28.0,1011.0,77.0,67.0,Weather archive 2015-2026,29,11,2024,November,Friday,0
2024-11-30,12.7,14.6,0.0,21:30,S,9.0,19.0,1018.6,77.0,66.0,Weather archive 2015-2026,30,11,2024,November,Saturday,0
2024-12-01,13.6,15.5,0.0,22:30,S,9.0,17.0,1018.9,81.0,65.0,Weather archive 2015-2026,1,12,2024,December,Sunday,0
2024-12-02,12.6,14.9,0.0,21:00,SSE,13.0,20.0,1019.2,71.0,63.0,Weather archive 2015-2026,2,12,2024,December,Monday,0
2024-12-03,16.8,18.7,0.0,23:00,WSW,7.0,15.0,1016.0,84.0,79.0,Weather archive 2015-2026,3,12,2024,December,Tuesday,0
2024-12-04,20.6,25.3,0.0,21:00,SSE,9.0,13.0,1013.4,63.0,45.0,Weather archive 2015-2026,4,12,2024,December,Wednesday,0
2024-12-05,22.9,29.4,0.0,0:00,SW,20.0,32.0,1006.1,56.0,30.0,Weather archive 2015-2026,5,12,2024,December,Thursday,0
2024-12-06,13.4,14.1,0.2,22:30,S,20.0,37.0,1013.4,90.0,82.0,Weather archive 2015-2026,6,12,2024,December,Friday,1
2024-12-07,13.8,17.3,0.2,21:00,SE,11.0,15.0,1007.7,73.0,58.0,Weather archive 2015-2026,7,12,2024,December,Saturday,1
2024-12-08,11.6,14.0,0.0,22:00,WSW,15.0,35.0,1010.6,64.0,55.0,Weather archive 2015-2026,8,12,2024,December,Sunday,0
2024-12-09,12.7,13.2,2.4,21:30,S,17.0,35.0,1017.6,63.0,50.0,Weather archive 2015-2026,9,12,2024,December,Monday,1
2024-12-10,11.6,14.2,0.0,22:00,SSE,11.0,20.0,1017.9,72.0,57.0,Weather archive 2015-2026,10,12,2024,December,Tuesday,0
2024-12-11,19.1,22.3,0.0,22:30,N,7.0,11.0,1010.5,63.0,46.0,Weather archive 2015-2026,11,12,2024,December,Wednesday,0
2024-12-12,15.2,16.3,10.0,23:30,SSW,6.0,11.0,1004.5,100.0,90.0,Weather archive 2015-2026,12,12,2024,December,Thursday,1
2024-12-13,12.9,14.0,3.2,22:30,W,11.0,24.0,1009.2,70.0,63.0,Weather archive 2015-2026,13,12,2024,December,Friday,1
2024-12-14,10.0,11.9,3.4,22:00,WNW,13.0,20.0,1011.7,64.0,54.0,Weather archive 2015-2026,14,12,2024,December,Saturday,1
2024-12-15,11.1,12.7,3.2,21:30,S,22.0,46.0,1017.1,86.0,63.0,Weather archive 2015-2026,15,12,2024,December,Sunday,1
2024-12-16,12.7,13.3,0.0,21:00,S,11.0,22.0,1017.3,70.0,57.0,Weather archive 2015-2026,16,12,2024,December,Monday,0
2024-12-17,13.8,15.5,0.2,23:00,SSE,15.0,28.0,1021.7,69.0,57.0,Weather archive 2015-2026,17,12,2024,December,Tuesday,1
2024-12-18,14.1,18.0,0.0,23:50,SE,20.0,30.0,1023.0,71.0,49.0,Weather archive 2015-2026,18,12,2024,December,Wednesday,0
2024-12-19,14.7,18.2,0.0,21:00,SE,13.0,24.0,1022.6,68.0,53.0,Weather archive 2015-2026,19,12,2024,December,Thursday,0
2024-12-20,14.7,19.9,0.0,21:00,ESE,17.0,26.0,1022.1,64.0,39.0,Weather archive 2015-2026,20,12,2024,December,Friday,0
2024-12-21,16.1,20.9,0.0,21:30,SE,11.0,19.0,1016.8,66.0,50.0,Weather archive 2015-2026,21,12,2024,December,Saturday,0
2024-12-22,22.1,24.0,0.0,23:30,E,7.0,11.0,1010.9,62.0,51.0,Weather archive 2015-2026,22,12,2024,December,Sunday,0
2024-12-23,18.1,19.1,1.6,22:00,NW,6.0,11.0,1010.7,100.0,93.0,Weather archive 2015-2026,23,12,2024,December,Monday,1
2024-12-24,17.5,18.7,0.0,22:10,SSW,17.0,24.0,1010.3,87.0,82.0,Weather archive 2015-2026,24,12,2024,December,Tuesday,0
2024-12-25,15.8,17.8,0.0,22:30,SSE,13.0,20.0,1013.5,74.0,64.0,Weather archive 2015-2026,25,12,2024,December,Wednesday,0
2024-12-26,20.4,22.7,0.0,22:00,SSW,13.0,19.0,1015.7,67.0,61.0,Weather archive 2015-2026,26,12,2024,December,Thursday,0
2024-12-27,19.5,20.1,0.0,21:00,S,6.0,9.0,1019.0,94.0,82.0,Weather archive 2015-2026,27,12,2024,December,Friday,0
2024-12-28,29.8,33.6,0.0,21:00,NNE,11.0,15.0,1009.0,37.0,31.0,Weather archive 2015-2026,28,12,2024,December,Saturday,0
2024-12-29,16.4,30.5,0.8,6:30,N,26.0,43.0,1017.0,81.0,34.0,Weather archive 2015-2026,29,12,2024,December,Sunday,1
2024-12-30,14.0,19.0,0.8,14:30,SSE,20.0,33.0,1019.0,84.0,48.0,Weather archive 2015-2026,30,12,2024,December,Monday,1
2024-12-31,13.0,25.5,0.0,16:00,SSW,17.0,30.0,1015.9,92.0,44.0,Weather archive 2015-2026,31,12,2024,December,Tuesday,0
2025-02-01,14.9,29.3,0.0,14:55,SW,9.0,22.0,1019.9,70.0,53.0,Weather archive 2015-2026,1,2,2025,February,Saturday,0
2025-02-02,17.8,39.3,0.0,18:58,SSE,20.0,44.0,1014.5,35.0,27.0,Weather archive 2015-2026,2,2,2025,February,Sunday,0
2025-02-03,20.9,37.8,14.4,15:22,NW,11.0,31.0,1011.3,61.0,27.0,Weather archive 2015-2026,3,2,2025,February,Monday,1
2025-02-04,24.1,37.3,0.0,15:48,SSW,22.0,46.0,1008.0,56.0,40.0,Weather archive 2015-2026,4,2,2025,February,Tuesday,0
2025-02-05,17.5,23.2,0.0,15:32,SW,15.0,37.0,1015.0,60.0,58.0,Weather archive 2015-2026,5,2,2025,February,Wednesday,0
2025-02-06,16.9,31.2,0.0,17:14,SSW,11.0,33.0,1011.8,74.0,54.0,Weather archive 2015-2026,6,2,2025,February,Thursday,0
2025-02-07,19.6,23.9,0.0,16:52,SSW,11.0,39.0,1009.0,89.0,71.0,Weather archive 2015-2026,7,2,2025,February,Friday,0
2025-02-08,17.4,22.1,0.0,19:01,SE,13.0,39.0,1012.3,67.0,61.0,Weather archive 2015-2026,8,2,2025,February,Saturday,0
2025-02-09,17.6,28.3,0.0,17:26,SE,19.0,54.0,1011.5,67.0,43.0,Weather archive 2015-2026,9,2,2025,February,Sunday,0
2025-02-10,18.7,27.0,0.0,17:43,SE,19.0,46.0,1014.5,72.0,47.0,Weather archive 2015-2026,10,2,2025,February,Monday,0
2025-02-11,19.0,31.5,0.0,17:22,ESE,13.0,30.0,1012.8,73.0,54.0,Weather archive 2015-2026,11,2,2025,February,Tuesday,0
2025-02-12,18.4,33.9,0.0,19:11,SE,11.0,24.0,1011.4,73.0,41.0,Weather archive 2015-2026,12,2,2025,February,Wednesday,0
2025-02-13,22.6,34.8,0.0,11:59,N,28.0,54.0,1004.2,47.0,31.0,Weather archive 2015-2026,13,2,2025,February,Thursday,0
2025-02-14,16.8,23.2,5.0,20:17,SSW,13.0,44.0,1007.7,66.0,50.0,Weather archive 2015-2026,14,2,2025,February,Friday,1
2025-02-15,13.6,17.9,2.8,18:02,SSW,17.0,54.0,1009.9,66.0,53.0,Weather archive 2015-2026,15,2,2025,February,Saturday,1
2025-02-16,9.9,18.5,15.0,1:49,W,15.0,54.0,1019.2,69.0,49.0,Weather archive 2015-2026,16,2,2025,February,Sunday,1
2025-02-17,11.4,20.4,0.8,9:08,ESE,15.0,28.0,1022.0,51.0,50.0,Weather archive 2015-2026,17,2,2025,February,Monday,1
2025-02-18,11.9,21.1,0.0,13:51,S,20.0,39.0,1018.0,76.0,73.0,Weather archive 2015-2026,18,2,2025,February,Tuesday,0
2025-02-19,15.3,19.8,0.4,15:59,SSW,19.0,39.0,1018.8,60.0,58.0,Weather archive 2015-2026,19,2,2025,February,Wednesday,1
2025-02-20,15.0,20.3,0.0,,,17.0,,1023.5,59.0,46.0,Weather archive 2015-2026,20,2,2025,February,Thursday,0
2025-02-21,10.8,32.4,0.0,16:14,NE,11.0,26.0,1024.0,71.0,46.0,Weather archive 2015-2026,21,2,2025,February,Friday,0
2025-02-22,13.7,36.3,0.0,10:54,N,22.0,52.0,1016.7,42.0,29.0,Weather archive 2015-2026,22,2,2025,February,Saturday,0
2025-02-23,26.2,29.6,0.0,1:59,N,20.0,65.0,1011.4,68.0,49.0,Weather archive 2015-2026,23,2,2025,February,Sunday,0
2025-02-24,15.9,23.0,6.8,17:50,S,13.0,35.0,1022.5,71.0,54.0,Weather archive 2015-2026,24,2,2025,February,Monday,1
2025-02-25,15.7,24.0,0.0,15:35,SSW,13.0,31.0,1025.8,68.0,55.0,Weather archive 2015-2026,25,2,2025,February,Tuesday,0
2025-02-26,15.5,35.2,0.0,16:27,S,13.0,39.0,1017.3,61.0,19.0,Weather archive 2015-2026,26,2,2025,February,Wednesday,0
2025-02-27,18.0,23.9,0.0,16:46,SSW,9.0,30.0,1018.1,68.0,58.0,Weather archive 2015-2026,27,2,2025,February,Thursday,0
2025-02-28,17.4,26.4,0.0,16:37,SSW,13.0,30.0,1015.6,60.0,49.0,Weather archive 2015-2026,28,2,2025,February,Friday,0
2025-03-01,14.8,25.1,0.0,17:27,SSW,9.0,31.0,1015.4,71.0,48.0,Weather archive 2015-2026,1,3,2025,March,Saturday,0
2025-03-02,15.9,21.0,0.0,16:08,SSW,13.0,35.0,1018.4,71.0,60.0,Weather archive 2015-2026,2,3,2025,March,Sunday,0
2025-03-03,11.4,20.7,0.4,15:55,SSW,17.0,37.0,1022.4,66.0,55.0,Weather archive 2015-2026,3,3,2025,March,Monday,1
2025-03-04,11.9,33.1,0.0,15:09,NW,7.0,33.0,1021.3,76.0,34.0,Weather archive 2015-2026,4,3,2025,March,Tuesday,0
2025-03-05,14.5,35.3,0.0,15:17,S,15.0,43.0,1019.7,44.0,26.0,Weather archive 2015-2026,5,3,2025,March,Wednesday,0
2025-03-06,18.2,23.5,0.0,21:18,SSE,11.0,31.0,1024.1,87.0,74.0,Weather archive 2015-2026,6,3,2025,March,Thursday,0
2025-03-07,16.2,28.7,0.0,23:08,SE,11.0,26.0,1022.4,81.0,43.0,Weather archive 2015-2026,7,3,2025,March,Friday,0
2025-03-08,15.6,33.3,0.0,9:15,NNW,9.0,35.0,1020.7,67.0,17.0,Weather archive 2015-2026,8,3,2025,March,Saturday,0
2025-03-09,18.3,34.5,0.0,14:09,NNW,22.0,39.0,1018.9,56.0,32.0,Weather archive 2015-2026,9,3,2025,March,Sunday,0
2025-03-10,21.8,32.2,1.8,9:15,NNW,11.0,28.0,1018.2,73.0,38.0,Weather archive 2015-2026,10,3,2025,March,Monday,1
2025-03-11,19.8,32.5,0.0,14:46,SSE,11.0,30.0,1020.6,72.0,40.0,Weather archive 2015-2026,11,3,2025,March,Tuesday,0
2025-03-12,20.6,35.4,0.0,10:19,NNW,22.0,43.0,1018.9,54.0,31.0,Weather archive 2015-2026,12,3,2025,March,Wednesday,0
2025-03-13,18.1,23.9,2.6,16:24,SSW,11.0,26.0,1019.4,75.0,60.0,Weather archive 2015-2026,13,3,2025,March,Thursday,1
2025-03-14,14.5,27.4,0.0,17:23,SSW,13.0,28.0,1019.3,93.0,36.0,Weather archive 2015-2026,14,3,2025,March,Friday,0
2025-03-15,15.4,34.9,0.0,21:13,SSW,9.0,35.0,1016.5,73.0,28.0,Weather archive 2015-2026,15,3,2025,March,Saturday,0
2025-03-16,20.1,21.4,4.6,16:26,SSW,13.0,48.0,1010.5,97.0,86.0,Weather archive 2015-2026,16,3,2025,March,Sunday,1
2025-03-17,11.1,19.1,18.0,9:25,SSE,15.0,31.0,1024.3,70.0,48.0,Weather archive 2015-2026,17,3,2025,March,Monday,1
2025-03-18,11.5,25.0,0.0,19:29,SE,9.0,22.0,1023.9,66.0,44.0,Weather archive 2015-2026,18,3,2025,March,Tuesday,0
2025-03-19,12.4,32.5,0.0,,,17.0,,1017.4,75.0,33.0,Weather archive 2015-2026,19,3,2025,March,Wednesday,0
2025-03-20,15.1,27.9,0.0,11:01,N,24.0,54.0,1011.4,66.0,53.0,Weather archive 2015-2026,20,3,2025,March,Thursday,0
2025-03-21,15.5,19.6,11.8,2:16,SSE,7.0,24.0,1017.4,86.0,65.0,Weather archive 2015-2026,21,3,2025,March,Friday,1
2025-03-22,10.7,20.1,0.6,15:32,S,13.0,26.0,1019.8,86.0,51.0,Weather archive 2015-2026,22,3,2025,March,Saturday,1
2025-03-23,11.4,21.8,0.0,17:53,S,11.0,28.0,1021.4,98.0,58.0,Weather archive 2015-2026,23,3,2025,March,Sunday,0
2025-03-24,14.2,21.0,0.0,14:44,SSW,13.0,33.0,1021.8,71.0,59.0,Weather archive 2015-2026,24,3,2025,March,Monday,0
2025-03-25,12.8,22.4,0.0,16:59,SSW,11.0,30.0,1023.6,87.0,60.0,Weather archive 2015-2026,25,3,2025,March,Tuesday,0
2025-03-26,15.6,21.1,0.0,14:10,S,13.0,31.0,1023.4,79.0,63.0,Weather archive 2015-2026,26,3,2025,March,Wednesday,0
2025-03-27,14.6,21.1,0.0,12:07,S,13.0,28.0,1024.8,69.0,65.0,Weather archive 2015-2026,27,3,2025,March,Thursday,0
2025-03-28,14.5,30.1,0.0,10:29,N,15.0,33.0,1019.9,96.0,39.0,Weather archive 2015-2026,28,3,2025,March,Friday,0
2025-03-29,16.3,21.5,0.2,16:26,SSW,17.0,33.0,1016.0,83.0,75.0,Weather archive 2015-2026,29,3,2025,March,Saturday,1
2025-03-30,16.4,21.5,0.4,13:31,SSE,19.0,43.0,1020.7,74.0,51.0,Weather archive 2015-2026,30,3,2025,March,Sunday,1
2025-03-31,14.9,21.9,0.0,9:58,ESE,13.0,41.0,1021.4,61.0,41.0,Weather archive 2015-2026,31,3,2025,March,Monday,0
2025-04-01,13.7,24.3,0.0,14:17,ESE,13.0,31.0,1020.0,77.0,39.0,Weather archive 2015-2026,1,4,2025,April,Tuesday,0
2025-04-02,10.7,24.3,0.0,14:19,S,11.0,20.0,1012.3,80.0,45.0,Weather archive 2015-2026,2,4,2025,April,Wednesday,0
2025-04-03,12.2,21.0,0.0,18:15,SSW,15.0,35.0,1012.6,82.0,65.0,Weather archive 2015-2026,3,4,2025,April,Thursday,0
2025-04-04,12.3,17.7,0.2,1:15,W,7.0,22.0,1018.5,66.0,52.0,Weather archive 2015-2026,4,4,2025,April,Friday,1
2025-04-05,11.6,18.1,0.2,1:35,WSW,11.0,33.0,1020.6,57.0,39.0,Weather archive 2015-2026,5,4,2025,April,Saturday,1
2025-04-06,7.4,22.3,0.0,12:47,NNW,13.0,46.0,1018.1,64.0,37.0,Weather archive 2015-2026,6,4,2025,April,Sunday,0
2025-04-07,11.9,18.0,1.2,10:03,WSW,11.0,33.0,1022.4,64.0,62.0,Weather archive 2015-2026,7,4,2025,April,Monday,1
2025-04-08,10.7,19.0,0.0,16:03,S,7.0,19.0,1026.0,72.0,52.0,Weather archive 2015-2026,8,4,2025,April,Tuesday,0
2025-04-09,8.8,21.0,0.0,13:08,S,9.0,22.0,1023.5,75.0,53.0,Weather archive 2015-2026,9,4,2025,April,Wednesday,0
2025-04-10,13.7,27.8,0.0,12:23,NNW,11.0,30.0,1020.0,49.0,31.0,Weather archive 2015-2026,10,4,2025,April,Thursday,0
2025-04-11,16.2,21.4,0.0,14:53,SSW,17.0,28.0,1025.3,74.0,65.0,Weather archive 2015-2026,11,4,2025,April,Friday,0
2025-04-12,11.7,28.3,0.0,12:09,S,9.0,15.0,1029.0,75.0,50.0,Weather archive 2015-2026,12,4,2025,April,Saturday,0
2025-04-13,16.0,31.8,0.0,13:45,NNW,15.0,43.0,1026.0,37.0,26.0,Weather archive 2015-2026,13,4,2025,April,Sunday,0
2025-04-14,18.1,21.8,0.0,10:41,SSE,11.0,26.0,1027.3,76.0,66.0,Weather archive 2015-2026,14,4,2025,April,Monday,0
2025-04-15,11.8,27.8,0.0,16:35,E,6.0,19.0,1026.5,86.0,40.0,Weather archive 2015-2026,15,4,2025,April,Tuesday,0
2025-04-16,16.0,28.6,0.0,9:29,N,20.0,37.0,1021.5,44.0,33.0,Weather archive 2015-2026,16,4,2025,April,Wednesday,0
2025-04-17,15.1,30.2,0.0,7:27,NNE,7.0,17.0,1016.9,62.0,36.0,Weather archive 2015-2026,17,4,2025,April,Thursday,0
2025-04-18,17.6,30.6,0.4,14:04,NNW,22.0,43.0,1011.4,51.0,29.0,Weather archive 2015-2026,18,4,2025,April,Friday,1
2025-04-19,17.5,29.6,0.0,14:01,N,17.0,37.0,1008.5,36.0,24.0,Weather archive 2015-2026,19,4,2025,April,Saturday,0
2025-04-20,18.6,25.2,0.0,13:23,NNW,22.0,39.0,1007.4,42.0,41.0,Weather archive 2015-2026,20,4,2025,April,Sunday,0
2025-04-21,13.7,21.7,0.0,15:04,SSW,17.0,41.0,1017.4,70.0,67.0,Weather archive 2015-2026,21,4,2025,April,Monday,0
2025-04-22,14.0,19.1,0.6,0:14,SSW,11.0,28.0,1026.7,72.0,68.0,Weather archive 2015-2026,22,4,2025,April,Tuesday,1
2025-04-23,13.6,23.2,0.0,0:23,SSE,9.0,24.0,1025.8,78.0,55.0,Weather archive 2015-2026,23,4,2025,April,Wednesday,0
2025-04-24,14.0,26.8,0.0,10:11,N,22.0,44.0,1020.3,59.0,39.0,Weather archive 2015-2026,24,4,2025,April,Thursday,0
2025-04-25,16.3,24.5,0.0,11:39,NW,15.0,33.0,1015.4,66.0,65.0,Weather archive 2015-2026,25,4,2025,April,Friday,0
2025-04-26,15.6,20.1,5.4,14:55,SSW,17.0,28.0,1016.2,100.0,90.0,Weather archive 2015-2026,26,4,2025,April,Saturday,1
2025-04-27,15.8,17.5,0.2,14:55,SSW,15.0,24.0,1018.3,77.0,65.0,Weather archive 2015-2026,27,4,2025,April,Sunday,1
2025-04-28,11.2,18.9,0.0,14:15,SSW,11.0,24.0,1019.1,71.0,70.0,Weather archive 2015-2026,28,4,2025,April,Monday,0
2025-04-29,13.5,17.6,4.8,9:36,SSE,15.0,33.0,1022.1,78.0,64.0,Weather archive 2015-2026,29,4,2025,April,Tuesday,1
2025-04-30,10.3,18.5,6.8,14:41,ESE,17.0,35.0,1027.6,66.0,54.0,Weather archive 2015-2026,30,4,2025,April,Wednesday,1
2025-05-01,7.6,18.9,0.0,15:40,SSE,13.0,28.0,1033.0,73.0,40.0,Weather archive 2015-2026,1,5,2025,May,Thursday,0
2025-05-02,6.9,21.0,0.0,10:50,N,7.0,17.0,1034.8,80.0,34.0,Weather archive 2015-2026,2,5,2025,May,Friday,0
2025-05-03,6.6,21.2,0.0,11:56,NNE,17.0,33.0,1034.6,65.0,32.0,Weather archive 2015-2026,3,5,2025,May,Saturday,0
2025-05-04,10.9,23.2,0.0,12:51,N,20.0,43.0,1030.7,42.0,37.0,Weather archive 2015-2026,4,5,2025,May,Sunday,0
2025-05-05,14.8,24.6,0.0,13:36,NNW,22.0,43.0,1024.6,47.0,39.0,Weather archive 2015-2026,5,5,2025,May,Monday,0
2025-05-06,17.5,26.7,0.0,12:33,N,26.0,46.0,1016.7,49.0,31.0,Weather archive 2015-2026,6,5,2025,May,Tuesday,0
2025-05-07,16.1,20.8,0.0,14:14,WSW,15.0,41.0,1016.0,68.0,58.0,Weather archive 2015-2026,7,5,2025,May,Wednesday,0
2025-05-08,9.7,16.7,1.2,11:17,S,11.0,28.0,1029.3,67.0,51.0,Weather archive 2015-2026,8,5,2025,May,Thursday,1
2025-05-09,8.5,18.0,0.0,16:18,SSW,9.0,15.0,1034.0,72.0,56.0,Weather archive 2015-2026,9,5,2025,May,Friday,0
2025-05-10,7.1,19.0,0.0,4:06,NNE,7.0,15.0,1032.4,79.0,61.0,Weather archive 2015-2026,10,5,2025,May,Saturday,0
2025-05-11,8.1,23.4,0.0,12:04,NNW,11.0,26.0,1028.5,68.0,35.0,Weather archive 2015-2026,11,5,2025,May,Sunday,0
2025-05-12,9.2,20.2,0.0,13:42,S,7.0,20.0,1027.3,70.0,50.0,Weather archive 2015-2026,12,5,2025,May,Monday,0
2025-05-13,7.9,22.5,0.0,6:01,NE,7.0,13.0,1026.5,83.0,48.0,Weather archive 2015-2026,13,5,2025,May,Tuesday,0
2025-05-14,9.3,18.9,0.0,12:12,WSW,7.0,20.0,1022.3,69.0,64.0,Weather archive 2015-2026,14,5,2025,May,Wednesday,0
2025-05-15,9.2,17.6,0.0,12:19,S,9.0,17.0,1024.5,87.0,54.0,Weather archive 2015-2026,15,5,2025,May,Thursday,0
2025-05-16,6.5,17.9,0.0,13:47,NW,7.0,24.0,1021.4,80.0,49.0,Weather archive 2015-2026,16,5,2025,May,Friday,0
2025-05-17,9.7,13.8,5.8,15:18,S,11.0,37.0,1021.1,100.0,89.0,Weather archive 2015-2026,17,5,2025,May,Saturday,1
2025-05-18,5.9,14.4,7.2,14:41,SSE,17.0,35.0,1030.2,62.0,35.0,Weather archive 2015-2026,18,5,2025,May,Sunday,1
2025-05-19,2.0,14.6,0.0,14:30,SSW,11.0,22.0,1034.2,72.0,50.0,Weather archive 2015-2026,19,5,2025,May,Monday,0
2025-05-20,2.7,18.2,0.0,11:19,NNW,9.0,28.0,1032.5,74.0,37.0,Weather archive 2015-2026,20,5,2025,May,Tuesday,0
2025-05-21,3.1,15.0,0.0,13:58,S,7.0,17.0,1030.7,73.0,53.0,Weather archive 2015-2026,21,5,2025,May,Wednesday,0
2025-05-22,5.3,17.4,0.0,15:43,SSE,6.0,20.0,1026.5,85.0,73.0,Weather archive 2015-2026,22,5,2025,May,Thursday,0
2025-05-23,7.3,16.8,0.0,23:56,NNW,4.0,24.0,1015.9,99.0,87.0,Weather archive 2015-2026,23,5,2025,May,Friday,0
2025-05-24,12.5,18.9,1.4,14:06,N,19.0,41.0,1010.3,59.0,49.0,Weather archive 2015-2026,24,5,2025,May,Saturday,1
2025-05-25,10.9,19.1,0.2,13:46,N,24.0,41.0,1015.4,58.0,42.0,Weather archive 2015-2026,25,5,2025,May,Sunday,1
2025-05-26,12.7,20.3,0.0,20:46,NNW,20.0,52.0,1006.8,46.0,36.0,Weather archive 2015-2026,26,5,2025,May,Monday,0
2025-05-27,9.3,15.1,0.0,10:51,NW,17.0,31.0,1010.4,73.0,61.0,Weather archive 2015-2026,27,5,2025,May,Tuesday,0
2025-05-28,11.2,14.6,3.2,15:37,S,13.0,39.0,1022.2,74.0,73.0,Weather archive 2015-2026,28,5,2025,May,Wednesday,1
2025-05-29,12.0,15.8,2.2,0:33,SSW,9.0,26.0,1025.2,81.0,69.0,Weather archive 2015-2026,29,5,2025,May,Thursday,1
2025-05-30,10.4,15.3,0.0,11:24,SSW,9.0,19.0,1028.5,73.0,63.0,Weather archive 2015-2026,30,5,2025,May,Friday,0
2025-05-31,10.3,16.2,0.0,14:40,SW,7.0,19.0,1029.7,79.0,67.0,Weather archive 2015-2026,31,5,2025,May,Saturday,0
2025-06-01,6.0,18.1,0.2,12:06,N,17.0,41.0,1024.9,75.0,41.0,Weather archive 2015-2026,1,6,2025,June,Sunday,1
2025-06-02,9.5,20.4,0.0,11:33,NNW,11.0,31.0,1018.5,59.0,40.0,Weather archive 2015-2026,2,6,2025,June,Monday,0
2025-06-03,11.4,13.4,3.8,12:45,SSW,15.0,43.0,1016.3,90.0,60.0,Weather archive 2015-2026,3,6,2025,June,Tuesday,1
2025-06-04,6.5,13.8,3.4,10:47,S,13.0,33.0,1024.8,60.0,56.0,Weather archive 2015-2026,4,6,2025,June,Wednesday,1
2025-06-05,4.7,15.9,0.0,21:36,N,6.0,28.0,1026.0,85.0,49.0,Weather archive 2015-2026,5,6,2025,June,Thursday,0
2025-06-06,7.2,14.8,0.0,16:50,N,20.0,54.0,1015.9,48.0,43.0,Weather archive 2015-2026,6,6,2025,June,Friday,0
2025-06-07,10.2,15.1,0.8,1:43,NNE,15.0,35.0,1004.4,76.0,53.0,Weather archive 2015-2026,7,6,2025,June,Saturday,1
2025-06-08,8.1,11.8,15.2,7:05,W,9.0,30.0,1002.6,94.0,74.0,Weather archive 2015-2026,8,6,2025,June,Sunday,1
2025-06-09,8.6,14.4,7.4,14:30,S,11.0,26.0,1008.5,100.0,74.0,Weather archive 2015-2026,9,6,2025,June,Monday,1
2025-06-10,8.5,14.7,2.4,13:33,SW,11.0,26.0,1013.1,92.0,58.0,Weather archive 2015-2026,10,6,2025,June,Tuesday,1
2025-06-11,5.4,15.0,0.0,11:58,NNW,6.0,17.0,1015.5,87.0,75.0,Weather archive 2015-2026,11,6,2025,June,Wednesday,0
2025-06-12,4.9,15.5,0.0,8:54,NNE,11.0,17.0,1020.8,87.0,58.0,Weather archive 2015-2026,12,6,2025,June,Thursday,0
2025-06-13,3.6,14.0,0.0,14:27,S,9.0,15.0,1026.9,90.0,50.0,Weather archive 2015-2026,13,6,2025,June,Friday,0
2025-06-14,3.7,12.1,0.2,12:57,N,19.0,52.0,1023.0,88.0,62.0,Weather archive 2015-2026,14,6,2025,June,Saturday,1
2025-06-15,6.9,13.7,0.0,11:30,NNW,17.0,31.0,1019.9,74.0,68.0,Weather archive 2015-2026,15,6,2025,June,Sunday,0
2025-06-16,9.5,14.0,0.0,13:33,NNW,24.0,56.0,1019.8,75.0,61.0,Weather archive 2015-2026,16,6,2025,June,Monday,0
2025-06-17,9.1,13.5,2.8,11:56,WNW,13.0,37.0,1020.5,77.0,56.0,Weather archive 2015-2026,17,6,2025,June,Tuesday,1
2025-06-18,5.2,12.4,0.0,0:46,NW,13.0,22.0,1027.8,78.0,56.0,Weather archive 2015-2026,18,6,2025,June,Wednesday,0
2025-06-19,6.8,12.8,0.0,10:57,NNW,22.0,35.0,1027.0,68.0,60.0,Weather archive 2015-2026,19,6,2025,June,Thursday,0
2025-06-20,5.7,17.5,0.0,10:02,N,7.0,20.0,1029.7,77.0,47.0,Weather archive 2015-2026,20,6,2025,June,Friday,0
2025-06-21,4.6,12.9,0.0,15:08,NNW,20.0,37.0,1031.1,81.0,64.0,Weather archive 2015-2026,21,6,2025,June,Saturday,0
2025-06-22,4.8,16.2,0.0,12:02,NNW,24.0,44.0,1028.2,72.0,42.0,Weather archive 2015-2026,22,6,2025,June,Sunday,0
2025-06-23,7.6,19.0,0.0,10:10,NNW,28.0,57.0,1013.4,69.0,54.0,Weather archive 2015-2026,23,6,2025,June,Monday,0
2025-06-24,11.5,13.8,4.0,14:07,N,28.0,56.0,1000.0,63.0,58.0,Weather archive 2015-2026,24,6,2025,June,Tuesday,1
2025-06-25,8.0,10.1,1.6,15:10,SW,15.0,46.0,1011.3,75.0,73.0,Weather archive 2015-2026,25,6,2025,June,Wednesday,1
2025-06-26,6.4,12.9,13.4,0:42,W,9.0,20.0,1030.3,83.0,72.0,Weather archive 2015-2026,26,6,2025,June,Thursday,1
2025-06-27,5.8,14.0,0.0,16:03,SSW,7.0,17.0,1033.4,98.0,68.0,Weather archive 2015-2026,27,6,2025,June,Friday,0
2025-06-28,7.2,15.1,0.0,15:22,N,11.0,22.0,1029.4,89.0,51.0,Weather archive 2015-2026,28,6,2025,June,Saturday,0
2025-06-29,7.5,13.1,0.0,16:15,SSW,4.0,20.0,1026.5,85.0,84.0,Weather archive 2015-2026,29,6,2025,June,Sunday,0
2025-06-30,7.5,13.0,0.8,10:07,S,9.0,19.0,1030.1,82.0,64.0,Weather archive 2015-2026,30,6,2025,June,Monday,1
2025-07-01,5.7,13.8,1.8,12:24,SSE,13.0,35.0,1025.7,96.0,68.0,Weather archive 2015-2026,1,7,2025,July,Tuesday,1
2025-07-02,9.7,11.0,0.4,4:20,SSW,7.0,28.0,1019.2,100.0,85.0,Weather archive 2015-2026,2,7,2025,July,Wednesday,1
2025-07-03,9.2,13.8,15.0,14:49,SSW,9.0,19.0,1018.9,100.0,73.0,Weather archive 2015-2026,3,7,2025,July,Thursday,1
2025-07-04,4.3,16.1,0.2,15:29,N,17.0,33.0,1019.7,100.0,59.0,Weather archive 2015-2026,4,7,2025,July,Friday,1
2025-07-05,6.0,17.9,0.0,14:33,N,19.0,44.0,1019.8,100.0,44.0,Weather archive 2015-2026,5,7,2025,July,Saturday,0
2025-07-06,7.5,16.9,0.0,11:57,SSW,6.0,15.0,1015.6,93.0,51.0,Weather archive 2015-2026,6,7,2025,July,Sunday,0
2025-07-07,5.7,17.6,0.0,21:19,N,7.0,26.0,1018.5,98.0,55.0,Weather archive 2015-2026,7,7,2025,July,Monday,0
2025-07-08,7.0,15.3,0.0,11:25,N,22.0,70.0,1003.2,64.0,61.0,Weather archive 2015-2026,8,7,2025,July,Tuesday,0
2025-07-09,6.9,12.4,0.0,22:20,N,19.0,54.0,1006.0,75.0,61.0,Weather archive 2015-2026,9,7,2025,July,Wednesday,0
2025-07-10,8.2,12.1,2.0,16:29,WSW,13.0,39.0,1005.9,82.0,68.0,Weather archive 2015-2026,10,7,2025,July,Thursday,1
2025-07-11,9.2,16.4,0.6,15:08,W,13.0,41.0,1016.9,81.0,75.0,Weather archive 2015-2026,11,7,2025,July,Friday,1
2025-07-12,6.2,17.0,0.8,12:41,NW,11.0,26.0,1025.6,79.0,52.0,Weather archive 2015-2026,12,7,2025,July,Saturday,1
2025-07-13,8.6,15.5,0.0,15:03,NNW,24.0,50.0,1016.3,68.0,54.0,Weather archive 2015-2026,13,7,2025,July,Sunday,0
2025-07-14,8.3,14.4,3.0,,,9.0,,1014.6,72.0,48.0,Weather archive 2015-2026,14,7,2025,July,Monday,1
2025-07-15,8.7,13.7,0.4,1:03,N,11.0,28.0,1011.6,72.0,72.0,Weather archive 2015-2026,15,7,2025,July,Tuesday,1
2025-07-16,8.1,14.0,0.0,22:43,N,11.0,31.0,1017.1,73.0,70.0,Weather archive 2015-2026,16,7,2025,July,Wednesday,0
2025-07-17,9.6,16.0,0.0,0:29,N,19.0,37.0,1016.2,69.0,63.0,Weather archive 2015-2026,17,7,2025,July,Thursday,0
2025-07-18,4.8,16.1,0.4,13:33,NNW,7.0,22.0,1020.9,86.0,46.0,Weather archive 2015-2026,18,7,2025,July,Friday,1
2025-07-19,6.4,14.2,0.0,9:49,N,24.0,54.0,1014.3,66.0,51.0,Weather archive 2015-2026,19,7,2025,July,Saturday,0
2025-07-20,5.1,15.6,0.6,14:17,NNW,13.0,26.0,1023.5,78.0,47.0,Weather archive 2015-2026,20,7,2025,July,Sunday,1
2025-07-21,4.6,17.0,0.0,14:57,NNE,22.0,46.0,1021.1,81.0,37.0,Weather archive 2015-2026,21,7,2025,July,Monday,0
2025-07-22,7.3,16.0,0.0,10:39,N,26.0,52.0,1004.6,71.0,60.0,Weather archive 2015-2026,22,7,2025,July,Tuesday,0
2025-07-23,7.2,12.9,4.4,11:26,NW,13.0,37.0,1013.2,64.0,51.0,Weather archive 2015-2026,23,7,2025,July,Wednesday,1
2025-07-24,4.8,16.6,0.0,19:39,N,7.0,28.0,1021.6,74.0,45.0,Weather archive 2015-2026,24,7,2025,July,Thursday,0
2025-07-25,6.9,13.6,0.0,23:08,NNE,13.0,52.0,1018.2,67.0,52.0,Weather archive 2015-2026,25,7,2025,July,Friday,0
2025-07-26,9.6,13.6,0.4,0:15,NE,19.0,50.0,999.8,76.0,72.0,Weather archive 2015-2026,26,7,2025,July,Saturday,1
2025-07-27,9.5,14.0,0.4,12:58,NNW,9.0,28.0,1000.0,79.0,71.0,Weather archive 2015-2026,27,7,2025,July,Sunday,1
2025-07-28,10.7,15.7,5.8,15:02,SSW,19.0,39.0,1008.0,77.0,67.0,Weather archive 2015-2026,28,7,2025,July,Monday,1
2025-07-29,7.5,13.9,1.2,12:21,SSW,11.0,19.0,1016.5,80.0,60.0,Weather archive 2015-2026,29,7,2025,July,Tuesday,1
2025-07-30,5.6,12.7,0.2,15:19,SSW,13.0,22.0,1019.3,100.0,68.0,Weather archive 2015-2026,30,7,2025,July,Wednesday,1
2025-07-31,4.5,13.9,0.0,15:18,SSW,13.0,28.0,1027.0,100.0,68.0,Weather archive 2015-2026,31,7,2025,July,Thursday,0
2025-08-01,3.2,13.2,0.0,15:26,S,9.0,20.0,1027.9,91.0,66.0,Weather archive 2015-2026,1,8,2025,August,Friday,0
2025-08-02,4.8,15.9,0.0,15:05,SSW,6.0,20.0,1027.7,88.0,56.0,Weather archive 2015-2026,2,8,2025,August,Saturday,0
2025-08-03,3.3,19.8,0.2,6:51,NNE,9.0,15.0,1026.4,96.0,31.0,Weather archive 2015-2026,3,8,2025,August,Sunday,1
2025-08-04,6.0,17.9,0.0,15:50,N,20.0,50.0,1019.3,65.0,53.0,Weather archive 2015-2026,4,8,2025,August,Monday,0
2025-08-05,9.9,16.7,2.6,0:05,N,19.0,44.0,1014.9,66.0,44.0,Weather archive 2015-2026,5,8,2025,August,Tuesday,1
2025-08-06,9.8,15.1,0.0,12:41,SSW,11.0,31.0,1023.4,74.0,74.0,Weather archive 2015-2026,6,8,2025,August,Wednesday,0
2025-08-07,5.8,13.4,0.2,15:59,SSW,13.0,22.0,1030.9,75.0,57.0,Weather archive 2015-2026,7,8,2025,August,Thursday,1
2025-08-08,7.6,13.8,0.0,15:25,SSW,11.0,26.0,1034.3,95.0,74.0,Weather archive 2015-2026,8,8,2025,August,Friday,0
2025-08-09,5.4,15.3,0.2,15:03,SSW,9.0,17.0,1035.1,100.0,66.0,Weather archive 2015-2026,9,8,2025,August,Saturday,1
2025-08-10,4.5,17.6,0.0,14:50,S,9.0,15.0,1031.3,92.0,49.0,Weather archive 2015-2026,10,8,2025,August,Sunday,0
2025-08-11,4.6,19.0,0.0,11:47,NNE,11.0,28.0,1028.5,79.0,41.0,Weather archive 2015-2026,11,8,2025,August,Monday,0
2025-08-12,6.7,14.9,0.0,11:31,N,15.0,41.0,1024.3,68.0,55.0,Weather archive 2015-2026,12,8,2025,August,Tuesday,0
2025-08-13,6.0,14.3,10.2,12:34,SSW,11.0,22.0,1028.8,100.0,66.0,Weather archive 2015-2026,13,8,2025,August,Wednesday,1
2025-08-14,5.1,19.4,0.0,23:26,N,13.0,31.0,1028.9,84.0,44.0,Weather archive 2015-2026,14,8,2025,August,Thursday,0
2025-08-15,8.8,14.7,0.0,7:03,N,22.0,50.0,1015.9,80.0,65.0,Weather archive 2015-2026,15,8,2025,August,Friday,0
2025-08-16,7.4,12.9,4.4,14:57,SSW,17.0,37.0,1015.4,74.0,60.0,Weather archive 2015-2026,16,8,2025,August,Saturday,1
2025-08-17,4.7,13.9,0.6,22:02,SSE,11.0,24.0,1019.1,79.0,53.0,Weather archive 2015-2026,17,8,2025,August,Sunday,1
2025-08-18,5.1,12.1,0.0,,,11.0,,1030.5,81.0,53.0,Weather archive 2015-2026,18,8,2025,August,Monday,0
2025-08-19,1.6,17.0,0.0,14:13,NNW,13.0,28.0,1033.7,78.0,42.0,Weather archive 2015-2026,19,8,2025,August,Tuesday,0
2025-08-20,3.7,18.4,0.0,15:22,SW,9.0,20.0,1032.7,69.0,37.0,Weather archive 2015-2026,20,8,2025,August,Wednesday,0
2025-08-21,4.6,20.3,0.0,16:24,SE,9.0,20.0,1028.8,69.0,42.0,Weather archive 2015-2026,21,8,2025,August,Thursday,0
2025-08-22,9.1,19.5,0.0,14:04,N,20.0,39.0,1022.0,68.0,54.0,Weather archive 2015-2026,22,8,2025,August,Friday,0
2025-08-23,8.8,15.1,0.0,14:31,SSE,13.0,28.0,1024.1,81.0,52.0,Weather archive 2015-2026,23,8,2025,August,Saturday,0
2025-08-24,5.4,14.2,0.0,15:52,SSW,11.0,28.0,1027.1,71.0,56.0,Weather archive 2015-2026,24,8,2025,August,Sunday,0
2025-08-25,4.7,18.2,0.0,13:52,N,19.0,37.0,1021.2,87.0,39.0,Weather archive 2015-2026,25,8,2025,August,Monday,0
2025-08-26,8.1,16.3,0.0,11:48,N,26.0,76.0,1006.8,63.0,53.0,Weather archive 2015-2026,26,8,2025,August,Tuesday,0
2025-08-27,10.3,15.8,5.6,9:52,NNW,19.0,46.0,996.8,64.0,58.0,Weather archive 2015-2026,27,8,2025,August,Wednesday,1
2025-08-28,9.9,16.7,0.6,14:12,NNW,15.0,39.0,1002.4,60.0,41.0,Weather archive 2015-2026,28,8,2025,August,Thursday,1
2025-08-29,9.0,14.0,0.4,13:34,N,17.0,69.0,1001.0,76.0,71.0,Weather archive 2015-2026,29,8,2025,August,Friday,1
2025-08-30,6.7,12.5,10.8,2:08,SSW,11.0,78.0,1022.8,75.0,68.0,Weather archive 2015-2026,30,8,2025,August,Saturday,1
2025-08-31,6.8,17.1,1.6,12:28,W,11.0,30.0,1026.5,73.0,55.0,Weather archive 2015-2026,31,8,2025,August,Sunday,1
2025-09-01,9.7,15.7,0.2,0:51,NNW,9.0,22.0,1025.4,68.0,56.0,Weather archive 2015-2026,1,9,2025,September,Monday,1
2025-09-02,8.7,17.2,0.0,15:51,NNW,22.0,43.0,1022.5,71.0,50.0,Weather archive 2015-2026,2,9,2025,September,Tuesday,0
2025-09-03,11.6,19.4,0.2,14:08,NW,20.0,48.0,1015.4,58.0,32.0,Weather archive 2015-2026,3,9,2025,September,Wednesday,1
2025-09-04,10.6,15.8,0.4,11:50,SSW,15.0,39.0,1018.4,59.0,58.0,Weather archive 2015-2026,4,9,2025,September,Thursday,1
2025-09-05,4.2,15.4,1.2,16:19,SSW,11.0,26.0,1030.2,72.0,50.0,Weather archive 2015-2026,5,9,2025,September,Friday,1
2025-09-06,3.7,22.1,0.0,12:30,N,20.0,43.0,1026.7,68.0,31.0,Weather archive 2015-2026,6,9,2025,September,Saturday,0
2025-09-07,9.7,20.8,0.0,9:40,N,26.0,61.0,1015.0,63.0,46.0,Weather archive 2015-2026,7,9,2025,September,Sunday,0
2025-09-08,13.1,20.1,0.6,12:58,N,24.0,43.0,1014.2,59.0,49.0,Weather archive 2015-2026,8,9,2025,September,Monday,1
2025-09-09,10.8,16.2,1.2,17:19,S,9.0,30.0,1017.0,93.0,54.0,Weather archive 2015-2026,9,9,2025,September,Tuesday,1
2025-09-10,7.6,14.0,0.2,16:19,S,17.0,39.0,1012.9,80.0,63.0,Weather archive 2015-2026,10,9,2025,September,Wednesday,1
2025-09-11,9.0,14.6,1.0,8:34,S,17.0,28.0,1019.6,76.0,64.0,Weather archive 2015-2026,11,9,2025,September,Thursday,1
2025-09-12,7.4,17.1,0.4,11:34,WSW,9.0,24.0,1025.0,75.0,59.0,Weather archive 2015-2026,12,9,2025,September,Friday,1
2025-09-13,11.3,17.0,0.0,11:25,SSW,9.0,20.0,1027.3,78.0,65.0,Weather archive 2015-2026,13,9,2025,September,Saturday,0
2025-09-14,10.8,21.4,0.0,15:41,N,20.0,50.0,1022.0,58.0,38.0,Weather archive 2015-2026,14,9,2025,September,Sunday,0
2025-09-15,14.4,24.2,0.0,13:48,N,33.0,72.0,1013.0,44.0,32.0,Weather archive 2015-2026,15,9,2025,September,Monday,0
2025-09-16,15.7,18.6,0.0,11:53,NNW,20.0,46.0,1008.1,56.0,43.0,Weather archive 2015-2026,16,9,2025,September,Tuesday,0
2025-09-17,10.2,16.1,7.2,12:59,NW,15.0,39.0,1018.9,54.0,42.0,Weather archive 2015-2026,17,9,2025,September,Wednesday,1
2025-09-18,6.4,19.8,0.0,15:30,N,24.0,50.0,1022.7,58.0,38.0,Weather archive 2015-2026,18,9,2025,September,Thursday,0
2025-09-19,13.6,23.1,0.0,10:15,N,22.0,65.0,1011.0,43.0,41.0,Weather archive 2015-2026,19,9,2025,September,Friday,0
2025-09-20,8.4,15.2,0.2,12:13,NW,13.0,35.0,1011.9,58.0,39.0,Weather archive 2015-2026,20,9,2025,September,Saturday,1
2025-09-21,10.5,17.2,0.0,16:47,W,19.0,39.0,1014.2,63.0,53.0,Weather archive 2015-2026,21,9,2025,September,Sunday,0
2025-09-22,7.9,13.9,2.2,10:25,SSW,17.0,43.0,1025.8,67.0,63.0,Weather archive 2015-2026,22,9,2025,September,Monday,1
2025-09-23,8.6,17.7,0.6,9:31,S,11.0,28.0,1029.0,62.0,49.0,Weather archive 2015-2026,23,9,2025,September,Tuesday,1
2025-09-24,12.9,17.3,0.0,11:52,WSW,11.0,33.0,1022.3,71.0,65.0,Weather archive 2015-2026,24,9,2025,September,Wednesday,0
2025-09-25,11.6,17.2,1.0,5:19,WNW,11.0,31.0,1015.7,64.0,52.0,Weather archive 2015-2026,25,9,2025,September,Thursday,1
2025-09-26,13.2,24.2,0.0,15:53,NW,20.0,43.0,1008.7,59.0,29.0,Weather archive 2015-2026,26,9,2025,September,Friday,0
2025-09-27,10.9,19.5,0.2,16:07,NW,13.0,37.0,1012.5,54.0,36.0,Weather archive 2015-2026,27,9,2025,September,Saturday,1
2025-09-28,10.6,16.1,0.0,8:53,SSW,13.0,22.0,1017.2,69.0,45.0,Weather archive 2015-2026,28,9,2025,September,Sunday,0
2025-09-29,6.4,22.5,0.0,13:12,N,24.0,44.0,1017.8,56.0,36.0,Weather archive 2015-2026,29,9,2025,September,Monday,0
2025-09-30,13.4,21.0,0.8,13:44,W,15.0,33.0,1003.5,79.0,46.0,Weather archive 2015-2026,30,9,2025,September,Tuesday,1
2025-10-01,10.5,18.3,1.2,13:46,N,26.0,59.0,1005.9,59.0,49.0,Weather archive 2015-2026,1,10,2025,October,Wednesday,1
2025-10-02,8.9,15.2,3.6,0:08,WNW,13.0,50.0,1008.4,61.0,51.0,Weather archive 2015-2026,2,10,2025,October,Thursday,1
2025-10-03,12.0,18.6,0.6,13:07,W,11.0,37.0,1020.5,74.0,63.0,Weather archive 2015-2026,3,10,2025,October,Friday,1
2025-10-04,9.4,25.3,0.0,11:48,N,9.0,31.0,1024.7,74.0,44.0,Weather archive 2015-2026,4,10,2025,October,Saturday,0
2025-10-05,15.2,26.3,0.0,7:55,N,28.0,48.0,1015.3,41.0,34.0,Weather archive 2015-2026,5,10,2025,October,Sunday,0
2025-10-06,11.5,17.2,2.6,0:51,SSW,13.0,43.0,1016.2,71.0,42.0,Weather archive 2015-2026,6,10,2025,October,Monday,1
2025-10-07,9.7,19.7,0.0,14:51,N,17.0,37.0,1016.3,56.0,39.0,Weather archive 2015-2026,7,10,2025,October,Tuesday,0
2025-10-08,9.7,23.8,0.0,15:27,NW,20.0,46.0,1008.8,54.0,38.0,Weather archive 2015-2026,8,10,2025,October,Wednesday,0
2025-10-09,12.5,21.2,0.0,11:37,NNW,17.0,56.0,1008.8,48.0,40.0,Weather archive 2015-2026,9,10,2025,October,Thursday,0
2025-10-10,13.7,21.9,0.0,13:20,NW,28.0,56.0,1008.5,48.0,41.0,Weather archive 2015-2026,10,10,2025,October,Friday,0
2025-10-11,13.4,22.0,0.0,8:55,W,19.0,43.0,1011.2,57.0,34.0,Weather archive 2015-2026,11,10,2025,October,Saturday,0
2025-10-12,10.2,20.1,2.0,17:55,S,19.0,76.0,1012.1,67.0,40.0,Weather archive 2015-2026,12,10,2025,October,Sunday,1
2025-10-13,8.1,17.4,4.0,15:57,SW,11.0,28.0,1021.1,68.0,41.0,Weather archive 2015-2026,13,10,2025,October,Monday,1
2025-10-14,7.8,19.3,0.0,10:13,W,13.0,30.0,1018.4,61.0,49.0,Weather archive 2015-2026,14,10,2025,October,Tuesday,0
2025-10-15,8.9,21.9,0.0,12:32,SSW,9.0,30.0,1022.2,68.0,50.0,Weather archive 2015-2026,15,10,2025,October,Wednesday,0
2025-10-16,10.6,30.1,0.0,13:01,N,24.0,56.0,1014.9,36.0,24.0,Weather archive 2015-2026,16,10,2025,October,Thursday,0
2025-10-17,13.4,18.6,0.0,7:01,WNW,15.0,30.0,1015.7,63.0,44.0,Weather archive 2015-2026,17,10,2025,October,Friday,0
2025-10-18,9.5,19.8,0.0,10:26,SSW,7.0,24.0,1018.3,70.0,41.0,Weather archive 2015-2026,18,10,2025,October,Saturday,0
2025-10-19,12.3,27.0,0.0,6:25,N,28.0,54.0,1009.0,37.0,33.0,Weather archive 2015-2026,19,10,2025,October,Sunday,0
2025-10-20,12.7,19.0,8.4,14:46,NNW,7.0,24.0,1011.2,100.0,63.0,Weather archive 2015-2026,20,10,2025,October,Monday,1
2025-10-21,9.6,21.6,1.2,21:47,N,9.0,28.0,1014.6,64.0,48.0,Weather archive 2015-2026,21,10,2025,October,Tuesday,1
2025-10-22,13.8,21.5,1.4,14:58,NNW,26.0,72.0,996.2,67.0,41.0,Weather archive 2015-2026,22,10,2025,October,Wednesday,1
2025-10-23,11.4,17.5,11.6,0:00,W,9.0,26.0,1018.0,54.0,48.0,Weather archive 2015-2026,23,10,2025,October,Thursday,1
2025-10-24,11.0,17.6,0.2,4:05,WSW,7.0,20.0,1017.7,68.0,48.0,Weather archive 2015-2026,24,10,2025,October,Friday,1
2025-10-25,7.3,16.4,0.0,12:56,SSW,9.0,20.0,1016.7,71.0,68.0,Weather archive 2015-2026,25,10,2025,October,Saturday,0
2025-10-26,12.0,19.6,6.2,15:28,WSW,9.0,41.0,1002.5,97.0,93.0,Weather archive 2015-2026,26,10,2025,October,Sunday,1
2025-10-27,10.7,14.0,35.4,3:39,SSW,20.0,46.0,1015.1,64.0,47.0,Weather archive 2015-2026,27,10,2025,October,Monday,1
2025-10-28,5.2,17.8,0.2,15:40,SSW,15.0,41.0,1020.3,59.0,43.0,Weather archive 2015-2026,28,10,2025,October,Tuesday,1
2025-10-29,7.1,20.1,0.0,13:46,S,13.0,22.0,1020.0,73.0,51.0,Weather archive 2015-2026,29,10,2025,October,Wednesday,0
2025-10-30,9.3,25.4,0.0,14:07,NNE,11.0,24.0,1017.5,76.0,31.0,Weather archive 2015-2026,30,10,2025,October,Thursday,0
2025-10-31,13.5,20.7,0.0,10:44,N,9.0,30.0,1014.1,61.0,43.0,Weather archive 2015-2026,31,10,2025,October,Friday,0
2025-11-01,13.5,21.0,1.0,15:18,SW,13.0,24.0,1018.0,81.0,67.0,Weather archive 2015-2026,1,11,2025,November,Saturday,1
2025-11-02,13.2,32.3,0.0,12:03,N,26.0,50.0,1010.1,67.0,31.0,Weather archive 2015-2026,2,11,2025,November,Sunday,0
2025-11-03,12.7,14.6,14.6,7:39,W,11.0,30.0,1003.7,100.0,92.0,Weather archive 2015-2026,3,11,2025,November,Monday,1
2025-11-04,10.1,17.3,22.4,13:22,WNW,9.0,41.0,1004.5,77.0,62.0,Weather archive 2015-2026,4,11,2025,November,Tuesday,1
2025-11-05,10.3,20.0,1.0,14:05,NNW,19.0,43.0,1013.1,64.0,41.0,Weather archive 2015-2026,5,11,2025,November,Wednesday,1
2025-11-06,9.9,25.0,0.0,12:27,N,19.0,48.0,1015.5,63.0,34.0,Weather archive 2015-2026,6,11,2025,November,Thursday,0
2025-11-07,14.7,25.8,1.6,15:28,N,13.0,46.0,1007.0,79.0,34.0,Weather archive 2015-2026,7,11,2025,November,Friday,1
2025-11-08,11.4,12.7,3.0,11:05,SSW,19.0,44.0,1012.7,93.0,89.0,Weather archive 2015-2026,8,11,2025,November,Saturday,1
2025-11-09,9.9,15.7,15.6,9:27,SSW,13.0,33.0,1017.6,79.0,73.0,Weather archive 2015-2026,9,11,2025,November,Sunday,1
2025-11-10,11.2,18.4,0.6,16:01,SSW,9.0,30.0,1017.0,59.0,51.0,Weather archive 2015-2026,10,11,2025,November,Monday,1
2025-11-11,8.1,13.7,15.6,12:35,SSW,11.0,43.0,1017.9,85.0,59.0,Weather archive 2015-2026,11,11,2025,November,Tuesday,1
2025-11-12,6.9,20.1,0.6,7:35,N,17.0,26.0,1019.0,56.0,48.0,Weather archive 2015-2026,12,11,2025,November,Wednesday,1
2025-11-13,8.7,24.9,0.0,14:33,NW,13.0,50.0,1008.7,46.0,30.0,Weather archive 2015-2026,13,11,2025,November,Thursday,0
2025-11-14,12.1,17.3,0.0,15:37,SW,11.0,28.0,1011.1,54.0,51.0,Weather archive 2015-2026,14,11,2025,November,Friday,0
2025-11-15,11.2,22.5,2.6,16:40,SSW,13.0,26.0,1004.4,76.0,57.0,Weather archive 2015-2026,15,11,2025,November,Saturday,1
2025-11-16,13.7,19.9,0.0,17:20,SSW,13.0,59.0,1003.6,77.0,49.0,Weather archive 2015-2026,16,11,2025,November,Sunday,0
2025-11-17,11.6,17.4,3.6,8:20,WNW,13.0,33.0,1005.0,66.0,64.0,Weather archive 2015-2026,17,11,2025,November,Monday,1
2025-11-18,13.1,23.8,0.8,10:03,NW,13.0,33.0,1009.1,63.0,47.0,Weather archive 2015-2026,18,11,2025,November,Tuesday,1
2025-11-19,13.9,21.2,0.4,15:00,SSW,9.0,35.0,1009.6,64.0,44.0,Weather archive 2015-2026,19,11,2025,November,Wednesday,1
2025-11-20,11.4,16.2,0.0,15:25,SSE,19.0,44.0,1017.9,71.0,49.0,Weather archive 2015-2026,20,11,2025,November,Thursday,0
2025-11-21,8.7,18.8,0.0,13:16,S,19.0,39.0,1023.1,53.0,51.0,Weather archive 2015-2026,21,11,2025,November,Friday,0
2025-11-22,10.3,25.1,0.0,11:27,N,11.0,26.0,1016.4,75.0,42.0,Weather archive 2015-2026,22,11,2025,November,Saturday,0
2025-11-23,13.3,18.9,22.8,10:24,S,9.0,28.0,1011.4,100.0,91.0,Weather archive 2015-2026,23,11,2025,November,Sunday,1
2025-11-24,12.9,27.4,0.0,16:16,ESE,6.0,26.0,1008.1,73.0,53.0,Weather archive 2015-2026,24,11,2025,November,Monday,0
2025-11-25,17.7,24.9,0.0,1:09,SW,15.0,35.0,1000.6,66.0,45.0,Weather archive 2015-2026,25,11,2025,November,Tuesday,0
2025-11-26,14.9,22.1,0.0,8:03,N,20.0,46.0,997.5,49.0,45.0,Weather archive 2015-2026,26,11,2025,November,Wednesday,0
2025-11-27,12.4,19.4,3.6,10:12,W,11.0,35.0,1006.0,77.0,42.0,Weather archive 2015-2026,27,11,2025,November,Thursday,1
2025-11-28,10.4,23.4,0.0,18:14,NW,7.0,37.0,1007.8,56.0,51.0,Weather archive 2015-2026,28,11,2025,November,Friday,0
2025-11-29,13.3,17.7,15.6,14:11,S,17.0,33.0,1006.1,100.0,77.0,Weather archive 2015-2026,29,11,2025,November,Saturday,1
2025-11-30,12.0,16.9,2.4,20:54,W,15.0,33.0,1007.5,66.0,64.0,Weather archive 2015-2026,30,11,2025,November,Sunday,1
2025-12-01,10.3,16.1,8.0,18:00,S,15.0,43.0,1005.6,61.0,58.0,Weather archive 2015-2026,1,12,2025,December,Monday,1
2025-12-02,10.6,18.8,2.6,,,11.0,,1016.6,63.0,50.0,Weather archive 2015-2026,2,12,2025,December,Tuesday,1
2025-12-03,10.5,29.9,0.0,14:35,NNW,15.0,39.0,1016.6,55.0,32.0,Weather archive 2015-2026,3,12,2025,December,Wednesday,0
2025-12-04,18.2,34.5,0.0,15:41,NW,20.0,52.0,1011.9,29.0,18.0,Weather archive 2015-2026,4,12,2025,December,Thursday,0
2025-12-05,14.1,23.2,0.0,18:54,SSW,15.0,28.0,1010.9,65.0,64.0,Weather archive 2015-2026,5,12,2025,December,Friday,0
2025-12-06,13.5,19.4,0.0,16:03,SW,4.0,43.0,1005.6,81.0,78.0,Weather archive 2015-2026,6,12,2025,December,Saturday,0
2025-12-07,9.7,20.3,2.8,1:08,W,11.0,28.0,1014.7,58.0,39.0,Weather archive 2015-2026,7,12,2025,December,Sunday,1
2025-12-08,11.5,28.8,0.0,10:42,N,15.0,41.0,1010.7,37.0,28.0,Weather archive 2015-2026,8,12,2025,December,Monday,0
2025-12-09,16.6,20.8,0.0,14:50,SSW,13.0,33.0,1017.6,69.0,45.0,Weather archive 2015-2026,9,12,2025,December,Tuesday,0
2025-12-10,11.1,18.9,0.0,15:30,S,11.0,28.0,1022.2,69.0,63.0,Weather archive 2015-2026,10,12,2025,December,Wednesday,0
2025-12-11,9.5,20.9,0.0,14:11,SSW,20.0,43.0,1023.2,68.0,61.0,Weather archive 2015-2026,11,12,2025,December,Thursday,0
2025-12-12,13.0,31.9,0.0,8:45,N,9.0,35.0,1014.2,62.0,34.0,Weather archive 2015-2026,12,12,2025,December,Friday,0
2025-12-13,20.2,24.5,0.0,6:57,NNW,13.0,30.0,1007.8,72.0,48.0,Weather archive 2015-2026,13,12,2025,December,Saturday,0
2025-12-14,13.6,21.0,0.0,11:27,SSW,13.0,46.0,1009.2,66.0,45.0,Weather archive 2015-2026,14,12,2025,December,Sunday,0
2025-12-15,11.6,17.6,0.0,14:25,SSW,17.0,43.0,1021.0,53.0,50.0,Weather archive 2015-2026,15,12,2025,December,Monday,0
2025-12-16,13.2,18.6,0.0,15:25,SSW,13.0,33.0,1024.6,58.0,58.0,Weather archive 2015-2026,16,12,2025,December,Tuesday,0
2025-12-17,11.2,31.6,0.2,14:27,SSW,9.0,24.0,1020.2,68.0,48.0,Weather archive 2015-2026,17,12,2025,December,Wednesday,1
2025-12-18,15.5,38.3,0.0,12:56,SW,20.0,44.0,1012.3,45.0,27.0,Weather archive 2015-2026,18,12,2025,December,Thursday,0
2025-12-19,21.5,33.8,0.0,15:35,N,7.0,28.0,1008.0,36.0,33.0,Weather archive 2015-2026,19,12,2025,December,Friday,0
2025-12-20,15.9,22.0,0.0,18:34,SSW,9.0,28.0,1008.8,78.0,60.0,Weather archive 2015-2026,20,12,2025,December,Saturday,0
2025-12-21,14.0,18.9,0.0,16:44,SSW,9.0,28.0,1002.4,100.0,68.0,Weather archive 2015-2026,21,12,2025,December,Sunday,0
2025-12-22,11.7,20.4,14.2,11:02,SSW,11.0,28.0,1010.7,73.0,50.0,Weather archive 2015-2026,22,12,2025,December,Monday,1
2025-12-23,13.1,20.3,0.0,8:25,SSW,13.0,31.0,1014.3,59.0,45.0,Weather archive 2015-2026,23,12,2025,December,Tuesday,0
2025-12-24,13.4,20.0,0.0,12:43,SSW,13.0,39.0,1014.5,57.0,54.0,Weather archive 2015-2026,24,12,2025,December,Wednesday,0
2025-12-25,12.1,17.3,0.0,6:15,S,19.0,44.0,1018.7,58.0,49.0,Weather archive 2015-2026,25,12,2025,December,Thursday,0
2025-12-26,12.5,17.1,0.0,12:41,SSE,19.0,43.0,1021.6,54.0,45.0,Weather archive 2015-2026,26,12,2025,December,Friday,0
2025-12-27,11.1,20.0,0.0,,,17.0,,1020.5,58.0,56.0,Weather archive 2015-2026,27,12,2025,December,Saturday,0
2025-12-28,10.9,29.0,0.0,13:26,SSW,11.0,20.0,1019.0,63.0,32.0,Weather archive 2015-2026,28,12,2025,December,Sunday,0
2025-12-29,14.0,35.0,0.0,10:46,NNW,7.0,28.0,1017.8,58.0,17.0,Weather archive 2015-2026,29,12,2025,December,Monday,0
2025-12-30,19.8,33.3,0.0,13:06,S,15.0,46.0,1012.0,75.0,40.0,Weather archive 2015-2026,30,12,2025,December,Tuesday,0
2025-12-31,13.6,18.1,0.0,11:10,SSW,20.0,41.0,1016.2,58.0,57.0,Weather archive 2015-2026,31,12,2025,December,Wednesday,0
2026-01-01,14.2,20.2,0.0,12:04,S,19.0,46.0,1016.7,71.0,66.0,Weather archive 2015-2026,1,1,2026,January,Thursday,0
2026-01-02,12.6,25.1,0.0,14:04,SSW,9.0,22.0,1017.0,68.0,60.0,Weather archive 2015-2026,2,1,2026,January,Friday,0
2026-01-03,15.7,32.4,0.0,17:15,SSW,9.0,35.0,1010.6,65.0,39.0,Weather archive 2015-2026,3,1,2026,January,Saturday,0
2026-01-04,17.1,20.1,0.0,17:24,S,19.0,39.0,1013.3,76.0,65.0,Weather archive 2015-2026,4,1,2026,January,Sunday,0
2026-01-05,14.3,20.6,0.0,13:20,SSW,19.0,31.0,1015.7,60.0,60.0,Weather archive 2015-2026,5,1,2026,January,Monday,0
2026-01-06,13.8,30.8,0.0,18:57,SSW,11.0,22.0,1016.2,70.0,47.0,Weather archive 2015-2026,6,1,2026,January,Tuesday,0
2026-01-07,17.6,41.1,0.0,10:00,NNW,22.0,46.0,1012.4,38.0,17.0,Weather archive 2015-2026,7,1,2026,January,Wednesday,0
2026-01-08,22.0,30.9,0.0,11:13,S,15.0,35.0,1012.1,56.0,45.0,Weather archive 2015-2026,8,1,2026,January,Thursday,0
2026-01-09,18.4,42.9,0.0,1:54,N,28.0,67.0,1004.2,66.0,14.0,Weather archive 2015-2026,9,1,2026,January,Friday,0
2026-01-10,17.5,24.5,0.2,11:06,NW,13.0,44.0,1007.4,43.0,33.0,Weather archive 2015-2026,10,1,2026,January,Saturday,1
2026-01-11,14.8,19.1,0.0,14:59,S,19.0,41.0,1020.3,56.0,45.0,Weather archive 2015-2026,11,1,2026,January,Sunday,0
2026-01-12,11.5,21.9,0.0,16:47,S,13.0,35.0,1018.8,59.0,51.0,Weather archive 2015-2026,12,1,2026,January,Monday,0
2026-01-13,15.3,20.5,0.0,15:19,S,13.0,33.0,1014.0,73.0,69.0,Weather archive 2015-2026,13,1,2026,January,Tuesday,0
2026-01-14,17.0,27.5,0.0,15:47,SSW,15.0,37.0,1011.4,72.0,60.0,Weather archive 2015-2026,14,1,2026,January,Wednesday,0
2026-01-15,15.9,26.3,0.0,15:48,SSE,19.0,43.0,1007.1,81.0,61.0,Weather archive 2015-2026,15,1,2026,January,Thursday,0
2026-01-16,17.5,25.5,0.0,15:09,SE,20.0,52.0,1011.9,65.0,44.0,Weather archive 2015-2026,16,1,2026,January,Friday,0
2026-01-17,17.1,27.5,0.0,14:43,SE,20.0,39.0,1014.0,61.0,44.0,Weather archive 2015-2026,17,1,2026,January,Saturday,0
2026-01-18,15.2,29.0,0.0,16:04,ESE,13.0,33.0,1015.0,53.0,39.0,Weather archive 2015-2026,18,1,2026,January,Sunday,0
2026-01-19,16.8,31.3,0.0,9:46,N,11.0,31.0,1012.8,49.0,39.0,Weather archive 2015-2026,19,1,2026,January,Monday,0
2026-01-20,16.9,25.4,0.0,14:55,SSW,13.0,28.0,1010.7,70.0,58.0,Weather archive 2015-2026,20,1,2026,January,Tuesday,0
2026-01-21,16.0,22.9,0.0,20:50,S,19.0,46.0,1008.5,73.0,68.0,Weather archive 2015-2026,21,1,2026,January,Wednesday,0
2026-01-22,14.6,19.8,1.4,23:46,SSW,20.0,43.0,1016.4,61.0,51.0,Weather archive 2015-2026,22,1,2026,January,Thursday,1
2026-01-23,11.0,26.3,0.0,14:37,SSW,17.0,26.0,1016.8,58.0,46.0,Weather archive 2015-2026,23,1,2026,January,Friday,0
2026-01-24,14.7,38.5,0.0,11:33,NNE,9.0,30.0,1010.4,58.0,13.0,Weather archive 2015-2026,24,1,2026,January,Saturday,0
2026-01-25,18.9,22.8,0.0,15:18,S,17.0,31.0,1009.5,75.0,66.0,Weather archive 2015-2026,25,1,2026,January,Sunday,0
2026-01-26,15.1,33.6,0.0,17:04,SSE,9.0,24.0,1012.5,80.0,51.0,Weather archive 2015-2026,26,1,2026,January,Monday,0
2026-01-27,16.6,42.7,0.0,10:38,N,19.0,43.0,1008.0,66.0,18.0,Weather archive 2015-2026,27,1,2026,January,Tuesday,0
2026-01-28,20.4,23.6,0.0,13:54,S,20.0,33.0,1016.2,73.0,72.0,Weather archive 2015-2026,28,1,2026,January,Wednesday,0
2026-01-29,16.9,23.4,0.0,13:30,SSW,15.0,31.0,1019.2,66.0,65.0,Weather archive 2015-2026,29,1,2026,January,Thursday,0
2026-01-30,18.7,29.8,0.0,16:48,SSW,9.0,30.0,1014.9,77.0,51.0,Weather archive 2015-2026,30,1,2026,January,Friday,0
2026-01-31,19.5,26.2,0.0,21:27,S,13.0,33.0,1009.8,80.0,79.0,Weather archive 2015-2026,31,1,2026,January,Saturday,0
2026-02-01,15.3,21.4,1.4,17:55,SSW,19.0,57.0,1014.6,68.0,56.0,Weather archive 2015-2026,1,2,2026,February,Sunday,1
2026-02-02,12.7,20.1,0.0,16:15,S,19.0,37.0,1025.8,49.0,42.0,Weather archive 2015-2026,2,2,2026,February,Monday,0
2026-02-03,10.9,31.1,0.0,12:22,NNW,19.0,44.0,1022.4,57.0,22.0,Weather archive 2015-2026,3,2,2026,February,Tuesday,0
2026-02-04,15.2,31.3,0.0,8:34,N,15.0,43.0,1015.4,54.0,32.0,Weather archive 2015-2026,4,2,2026,February,Wednesday,0
2026-02-05,16.6,22.9,0.0,11:27,S,17.0,31.0,1020.0,71.0,58.0,Weather archive 2015-2026,5,2,2026,February,Thursday,0
2026-02-06,14.1,22.6,0.0,16:54,SSW,13.0,31.0,1020.3,64.0,58.0,Weather archive 2015-2026,6,2,2026,February,Friday,0
2026-02-07,12.9,25.3,0.0,16:33,S,17.0,33.0,1018.4,72.0,63.0,Weather archive 2015-2026,7,2,2026,February,Saturday,0
2026-02-08,17.2,32.2,0.0,12:19,SSW,19.0,41.0,1014.0,55.0,51.0,Weather archive 2015-2026,8,2,2026,February,Sunday,0
2026-02-09,18.6,21.2,1.2,13:54,S,13.0,28.0,1013.8,86.0,78.0,Weather archive 2015-2026,9,2,2026,February,Monday,1
2026-02-10,17.2,26.0,0.0,1:07,S,11.0,20.0,1016.2,75.0,65.0,Weather archive 2015-2026,10,2,2026,February,Tuesday,0
2026-02-11,16.8,34.0,0.0,15:29,S,17.0,46.0,1007.2,45.0,32.0,Weather archive 2015-2026,11,2,2026,February,Wednesday,0
2026-02-12,12.8,19.0,11.4,11:12,S,17.0,46.0,1013.9,62.0,44.0,Weather archive 2015-2026,12,2,2026,February,Thursday,1
2026-02-13,12.7,20.9,0.2,,,15.0,,1019.3,51.0,51.0,Weather archive 2015-2026,13,2,2026,February,Friday,1
2026-02-14,13.4,22.9,0.0,16:58,SSW,11.0,31.0,1021.6,71.0,59.0,Weather archive 2015-2026,14,2,2026,February,Saturday,0
2026-02-15,15.0,30.0,0.0,16:37,SW,9.0,26.0,1018.7,81.0,48.0,Weather archive 2015-2026,15,2,2026,February,Sunday,0
2026-02-16,17.3,35.0,0.0,9:44,NNW,15.0,37.0,1014.5,48.0,27.0,Weather archive 2015-2026,16,2,2026,February,Monday,0
2026-02-17,21.2,34.1,0.0,9:18,N,24.0,48.0,1007.2,40.0,27.0,Weather archive 2015-2026,17,2,2026,February,Tuesday,0
2026-02-18,14.6,23.9,2.6,13:16,SSE,11.0,24.0,1010.1,65.0,46.0,Weather archive 2015-2026,18,2,2026,February,Wednesday,1
2026-02-19,14.4,25.5,0.2,10:49,SSW,9.0,24.0,1016.9,67.0,51.0,Weather archive 2015-2026,19,2,2026,February,Thursday,1
2026-02-20,13.8,30.8,0.0,21:36,S,9.0,22.0,1016.1,75.0,33.0,Weather archive 2015-2026,20,2,2026,February,Friday,0
2026-02-21,17.7,25.7,0.0,23:37,SSW,11.0,28.0,1013.3,71.0,64.0,Weather archive 2015-2026,21,2,2026,February,Saturday,0
2026-02-22,18.7,26.5,0.0,20:06,S,15.0,43.0,1004.5,61.0,43.0,Weather archive 2015-2026,22,2,2026,February,Sunday,0
2026-02-23,14.3,22.6,10.8,14:11,S,15.0,35.0,1014.0,59.0,55.0,Weather archive 2015-2026,23,2,2026,February,Monday,1
2026-02-24,15.8,23.8,0.2,13:42,WNW,6.0,28.0,1013.2,96.0,66.0,Weather archive 2015-2026,24,2,2026,February,Tuesday,1
2026-02-25,17.5,20.4,16.6,16:46,S,15.0,31.0,1020.1,69.0,60.0,Weather archive 2015-2026,25,2,2026,February,Wednesday,1
2026-02-26,13.0,28.3,0.0,17:20,SE,9.0,28.0,1018.8,88.0,58.0,Weather archive 2015-2026,26,2,2026,February,Thursday,0
2026-02-27,15.2,31.0,0.0,17:43,N,6.0,22.0,1016.0,75.0,49.0,Weather archive 2015-2026,27,2,2026,February,Friday,0
2026-02-28,19.5,30.5,0.0,11:31,ENE,11.0,26.0,1015.1,80.0,45.0,Weather archive 2015-2026,28,2,2026,February,Saturday,0
