asset_id,asset_key,dataset,link,source,publisher,description,themes,used_by,datatype,size,variable_count,variables
ASSET-0018,MOP:2018-aerial-imagery-true-ortho,2018 Aerial Imagery (True Ortho),https://data.melbourne.vic.gov.au/explore/dataset/2018-aerial-imagery-true-ortho/,City of Melbourne Open Data,data.melbourne.vic.gov.au,"Aerial image (true ortho) mosaic of the City of Melbourne municipal area. The true ortho image has been corrected to provide a true ‘top down’ view of the city, removing building lean and other interference typically found in oblique aerial imagery. The aerial image was captured May 2018 and is available for download in georeferenced (JPEG2000) and formats (JPEG). Capture Information - Capture Date: May 2018 - Capture Pixel Size: 7.5cm ground sample distance - Map Projection: MGA Zone 55 (MGA55) - Spatial Accuracy (XYZ) Supplied survey control used for control (Madigan Surveying) – 25 cm absolute accuracy Limitations; Whilst every effort is made to provide the data as accurate as possible, the content may not be free from errors, omissions or defects. Preview image: See an example image showing the data quality of the aerial. Download: Download the aerial image data as a zipped .jpg2000 file (4GB).",Property,,Tabular,0,Not stated,Not stated
ASSET-0019,MOP:2018-building-footprints,2018 Building Footprints,https://data.melbourne.vic.gov.au/explore/dataset/2018-building-footprints/,City of Melbourne Open Data,data.melbourne.vic.gov.au,"This dataset shows the footprints of all structures within the City of Melbourne. A building footprint is a 2D polygon (or multi-polygon) representation of the base of a building or structure. The footprint is defined as the boundary of the structure where the walls intersect with the ground plane or podium, rather than an outline of the roof area (roofprint). Where a building has a significant change in built form, multiple footprint polygons are ‘stacked’ vertically to define shape of the built form. This includes, and is not limited to: - Tower - Podium - Setbacks/offsets To see the footprints in 3D please refer to our Development Activity Model The Australian Height Datum (AHD) is the national vertical datum for Australia. The National Mapping Council adopted the AHD in May 1971 as the datum to which all vertical control mapping would be referred The data was captured in May 2018.",Property,,Geospatial,37872,13,geo_point_2d | geo_shape | footprint_type | tier | structure_max_elevation | footprint_max_elevation | structure_min_elevation | property_id | structure_id | footprint_extrusion | footprint_min_elevation | structure_extrusion | roof_type
ASSET-0020,MOP:2019-aerial-imagery,2019 Aerial Imagery,https://data.melbourne.vic.gov.au/explore/dataset/2019-aerial-imagery/,City of Melbourne Open Data,data.melbourne.vic.gov.au,"This dataset contains an aerial image mosaic of the City of Melbourne municipal area. This image provies a 'top down' view of the city and is availible for download in a georeferenced format. Capture Information - Capture Date: 2nd/3rd February 2019 - Capture Pixel Size: 5cm - Map Projection: MGA Zone 55 (MGA55) Additional technical information: ArborCarbon collected the aerial image using the ArborCam, a unique 11-band airborne multispectral camera system optimized for the accurate detection of vegetation and subtle changes in vegetation condition. ArborCarbon have created this seamless 5cm pixel resolution RGB mosaic co-registered to the 4-band image. The multispectral imagery was acquired at 8,000ft above ground level over the City of Melbourne under cloudless conditions between 09:45 and 12:45 on 2nd and 3rd February 2019. Imagery was acquired with the ArborCam system with a ground sample distance (GSD) ranging from 6 cm/pixel to 25 cm/pixel dependent on the band. Preview Image: See an example image showing the data quality of the aerial. Download: Download the aerial image as a ecw file (6GB)",Environment,,Tabular,0,Not stated,Not stated
ASSET-0021,MOP:2019-false-colour-composite-aerial-imagery,2019 False Colour Composite Aerial Imagery,https://data.melbourne.vic.gov.au/explore/dataset/2019-false-colour-composite-aerial-imagery/,City of Melbourne Open Data,data.melbourne.vic.gov.au,"This dataset contains a false color aerial image mosaic of the City of Melbourne municipal area. False color images render the scene in other colors not seen by the human eye. It is used for the interpretation of natural resources. The red tone of the aerial image is associated with live vegetation. Intense reds indicate vegetation which is growing vigorously and quite dense. This image is contains embedded georeferenced information. Capture Information: - Capture Date: 2nd/3rd February 2019 - Capture Pixel Size: 5cm - Map Projection: MGA Zone 55 (MGA55) Additional technical information: ArborCarbon collected high resolution multispectral imagery using the ArborCam, a unique 11-band airborne multispectral camera system optimized for the accurate detection of vegetation and subtle changes in vegetation condition. ArborCarbon have used this multispectral image to create this seamless 20cm false-colour composite showing variation in vegetation condition. The multispectral imagery was acquired at 8,000ft above ground level over the City of Melbourne under cloudless conditions between 09:45 and 12:45 on 2nd and 3rd February 2019. Imagery was acquired with the ArborCam system with a grou",Environment,,Tabular,0,Not stated,Not stated
ASSET-0022,MOP:2020-aerial-imagery-true-ortho,2020 Aerial Imagery,https://data.melbourne.vic.gov.au/explore/dataset/2020-aerial-imagery-true-ortho/,City of Melbourne Open Data,data.melbourne.vic.gov.au,"Aerial image (true ortho) mosaic of the City of Melbourne municipal area. The true ortho image has been corrected to provide a true ‘top down’ view of the city, removing building lean and other interference typically found in oblique aerial imagery. The aerial image was captured May 2020 and is available for download in georeferenced format (JPEG2000). Capture Information - Capture Date: May 2020 - Capture Pixel Size: 10cm ground sample distance - Map Projection: MGA 2020 Zone 55 – 11 cm absolute accuracy Limitations: Whilst every effort is made to provide the data as accurate as possible, the content may not be free from errors, omissions or defects. Preview Image: See an example image showing the data quality of the aerial: Download: Download the aerial image data as a zipped .jpg2000 file. (45GB)",Environment,,Tabular,0,Not stated,Not stated
ASSET-0023,MOP:2020-building-footprints,2020 Building Footprints,https://data.melbourne.vic.gov.au/explore/dataset/2020-building-footprints/,City of Melbourne Open Data,data.melbourne.vic.gov.au,"This dataset shows the footprints of all structures within the City of Melbourne. A building footprint is a 2D polygon (or multi-polygon) representation of the base of a building or structure. The footprint is defined as the boundary of the structure where the walls intersect with the ground plane or podium, rather than an outline of the roof area (roofprint). Where a building has a significant change in built form, multiple footprint polygons are ‘stacked’ vertically to define shape of the built form. This includes, and is not limited to: - Tower - Podium - Setbacks/offsets The Australian Height Datum (AHD) is the national vertical datum for Australia. The National Mapping Council adopted the AHD in May 1971 as the datum to which all vertical control mapping would be referred The data was captured in May 2020.",Property,,Geospatial,37750,13,geo_point_2d | geo_shape | footprint_type | tier | structure_max_elevation | footprint_max_elevation | structure_min_elevation | property_id | structure_id | footprint_extrusion | footprint_min_elevation | structure_extrusion | roof_type
ASSET-0024,MOP:2023-building-footprints,2023 Building Footprints,https://data.melbourne.vic.gov.au/explore/dataset/2023-building-footprints/,City of Melbourne Open Data,data.melbourne.vic.gov.au,"This dataset shows the footprints of all structures within the City of Melbourne. A building footprint is a 2D polygon (or multi-polygon) representation of the base of a building or structure. The footprint is defined as the boundary of the structure where the walls intersect with the ground plane or podium, rather than an outline of the roof area (roofprint). Where a building has a significant change in built form, multiple footprint polygons are ‘stacked’ vertically to define shape of the built form. This includes, and is not limited to: - Tower - Podium - Setbacks/offsets The Australian Height Datum (AHD) is the national vertical datum for Australia. The National Mapping Council adopted the AHD in May 1971 as the datum to which all vertical control mapping would be referred The data was captured in May 2023.",Property,,Geospatial,41701,13,geo_point_2d | geo_shape | objectid | structure_id | footprint_type | roof_type | footprint_max_elevation | footprint_min_elevation | structure_max_elevation | structure_min_elevation | footprint_extrusion | structure_extrusion | date_captured
ASSET-0025,MOP:annual-bike-counts-super-tuesday,Annual Bike Counts (Super Tuesday),https://data.melbourne.vic.gov.au/explore/dataset/annual-bike-counts-super-tuesday/,City of Melbourne Open Data,data.melbourne.vic.gov.au,"This dataset contains observed bike counts from sites across the city. These counts are often referred to ""Super Tuesday"" and is Australia’s biggest annual commuter bike count. The count also contains information for gender, and movement flow of people on bikes. There is a large number of fields captured for this dataset, which has been compiled into an attached metadata document .",Transport,,Geospatial,352,82,state | electorate | site_id | latitude | longitude | legs | description | layout_1 | layout_1_enter | layout_2 | layout_2_enter | layout_3 | layout_3_enter | layout_4 | layout_4_enter | layout_5 | layout_5_enter | layout_6 | layout_6_enter | leg1_2 | leg1_3 | leg1_4 | leg1_5 | leg1_6 | leg2_1 | leg2_3 | leg2_4 | leg2_5 | leg2_6 | leg3_1 | leg3_2 | leg3_4 | leg3_5 | leg3_6 | leg4_1 | leg4_2 | leg4_3 | leg4_5 | leg4_6 | leg5_1 | leg5_2 | leg5_3 | leg5_4 | leg5_6 | leg6_1 | leg6_2 | leg6_3 | leg6_4 | leg6_5 | leg1_enter | leg1_exit | leg1_total | leg2_enter | leg2_exit | leg2_total | leg3_enter | leg3_exit | leg3_total | leg4_enter | leg4_exit | leg4_total | leg5_enter | leg5_exit | leg5_total | leg6_enter | leg6_exit | leg6_total | female | male | not_known | total | year | 7_00_am | 7_15_am | 7_30_am | 7_45_am | 8_00_am | 8_15_am | 8_30_am | 8_45_am | location | geolocation
ASSET-0026,MOP:argyle-square-air-quality,Argyle Square Air Quality (Historical),https://data.melbourne.vic.gov.au/explore/dataset/argyle-square-air-quality/,City of Melbourne Open Data,City of Melbourne,This dataset contains microclimate readings from microclimate sensors located in Argyle square during a pilot (removed). The data is updated every 30 minutes and can be used to determine variations in microclimate changes throughout the day. This data includes: · Average Sound Pressure Level · Carbon Monoxide (CO) · Relative Humidity · Battery Level / Internal Battery · Nitrogen Dioxide (NO₂) · Ozone (O₃) · Particulate Sensor Error · Particulate Sensor Version · Peak Sound Pressure Level · Particulate Matter 1.0 · Particulate Matter 10 · Particulate Matter 2.5 · Air Temperature Note this dataset may not contain a reading every hour as the sensor device might not have a reading for each value. There may be some situations where no readings are reported.,Environment,,Geospatial,142507,19,time | dev_id | sensor_name | lat_long | averagespl | carbonmonoxide | humidity | ibatt | nitrogendioxide | ozone | particulateserr | particulatesvsn | peakspl | pm1 | pm10 | pm25 | temperature | vbatt | vpanel
ASSET-0103,MOP:guppy,Argyle Square Benches usage data,https://data.melbourne.vic.gov.au/explore/dataset/guppy/,City of Melbourne Open Data,City of Melbourne,Sensor measuring benches utilisation in Argyle Square,People,,Geospatial,155764,13,device_id | time | sensor_location | sensor_name | azimuthdeg | lat_long | batv | intrip | inclinationdeg | mandown | temp | type | xyz
ASSET-0010,MOP:meshed-sensor-type-2,Argyle Square Microclimate sensors,https://data.melbourne.vic.gov.au/explore/dataset/meshed-sensor-type-2/,City of Melbourne Open Data,City of Melbourne,This dataset contains microclimate readings from microclimate sensors located within the City of Melbourne Municipality. The data is updated every hour and can be used to determine variations in microclimate changes throughout the day. This data includes: - Ambient air temperature - Relative humidity - Device battery level - Lat-long Note this dataset may not contain a reading every hour as the sensor device might not have a reading for each value. There may be some situations where no readings are reported.,Environment,,Geospatial,105097,8,device_id | time | sensor_name | temperature | humidity | battery | lat_long | location_picture_hyperlink
ASSET-0123,MOP:meshed-sensor-type-3,Argyle Square sound stage activity,https://data.melbourne.vic.gov.au/explore/dataset/meshed-sensor-type-3/,City of Melbourne Open Data,City of Melbourne,"Measurement of movements/activity on the sound-stage area of Argyle Park, showing how often it is being used by the public. The stage is equipped with Elsys ERS movement sensors.",People,,Geospatial,633992,10,dev_id | sensor_name | time | temperature | humidity | light | motion | visit | vdd | lat_long
ASSET-0027,MOP:argyle-square-sound-stage-activity-copy,Argyle Square sound stage activity - copy,https://data.melbourne.vic.gov.au/explore/dataset/argyle-square-sound-stage-activity-copy/,City of Melbourne Open Data,City of Melbourne,"Measurement of movements/activity on the sound-stage area of Argyle Park, showing how often it is being used by the public. The stage is equipped with Elsys ERS movement sensors.","Spatial planning, Assets Management & Monitoring",,Geospatial,0,10,dev_id | sensor_name | time | temperature | humidity | light | motion | visit | vdd | lat_long
ASSET-0122,MOP:meshed-sensor-type-1,Argyle Square weather stations (historical data),https://data.melbourne.vic.gov.au/explore/dataset/meshed-sensor-type-1/,City of Melbourne Open Data,City of Melbourne,Historical data collected by weather stations (ATMOS 41) installed in Argyle Square,Environment,UC00180,Geospatial,117897,18,device_id | time | rtc | battery | solarpanel | command | solar | precipitation | strikes | windspeed | winddirection | gustspeed | vapourpressure | atmosphericpressure | relativehumidity | airtemp | lat_long | sensor_name
ASSET-0028,MOP:assets-for-environmental-reporting,Assets for environmental reporting,https://data.melbourne.vic.gov.au/explore/dataset/assets-for-environmental-reporting/,City of Melbourne Open Data,data.melbourne.vic.gov.au,The Environmental data includes energy consumed and generated as well as greenhouse gas emissions from Council's assets and a portion of its supply chain.,Environment,,Geospatial,447,11,branch | asset_type | asset_name | address | suburb | postcode | category | nger_entity | latitude | longitude | geocode
ASSET-0029,MOP:bars-and-pubs-with-patron-capacity,"Bar, tavern, pub patron capacity",https://data.melbourne.vic.gov.au/explore/dataset/bars-and-pubs-with-patron-capacity/,City of Melbourne Open Data,data.melbourne.vic.gov.au,"Data collected as part of the City of Melbourne's Census of Land Use and Employment (CLUE). The data covers the period 2002-2024. It show business establishments with their trading name, business address, bar/tavern/pub patron capacity, location and CLUE block and small area designation. For more information about CLUE see http://www.melbourne.vic.gov.au/clue",Business,,Geospatial,5304,12,census_year | block_id | property_id | base_property_id | building_address | clue_small_area | trading_name | business_address | number_of_patrons | longitude | latitude | location
ASSET-0030,MOP:bat-records-in-fitzroy-gardens-and-royal-botanic-gardens-2010,Bat Records in Fitzroy Gardens and Royal Botanic Gardens 2010,https://data.melbourne.vic.gov.au/explore/dataset/bat-records-in-fitzroy-gardens-and-royal-botanic-gardens-2010/,City of Melbourne Open Data,data.melbourne.vic.gov.au,Bat Records in Fitzroy Gardens and Royal Botanic Gardens 2010. Collected by Fiona Caryl (field surveys from PhD research) in April 2010 by acoustic recording devices - then species were identified from their calls. All species are microbats. Some records are only classified down to genus level. All records have coordinates.,Environment,,Geospatial,10,11,taxa | kingdom | phylum | class | order | family | genus | species | common_name | park_name | location
ASSET-0031,MOP:bicycle-network,Bicycle Network,https://data.melbourne.vic.gov.au/explore/dataset/bicycle-network/,City of Melbourne Open Data,data.melbourne.vic.gov.au,This dataset contains a simplified network representation of bike paths across City of Melbourne. The dataset can be used to create a digital bicycle network with route modelling capabilities that integrated existing bicycle infrastructure. The network has been created to be used with ArcGIS network analyst. The resulting network was connected to the City of Melbourne property layer through centroids created for this project: The network can assist in multiple modelling tasks including catchment analysis and route analysis. The download is a zip file containing compressed .json files Please see the metadata attached for further information.,Transport,,Geospatial,130048,10,geo_point_2d | geo_shape | objectid | roadclass | width | oneway | management | direction | shape_length | description
ASSET-0032,MOP:bicycle-routes-including-informal-on-road-and-off-road-routes,"Bicycle routes, including informal, on-road and off-road routes.",https://data.melbourne.vic.gov.au/explore/dataset/bicycle-routes-including-informal-on-road-and-off-road-routes/,City of Melbourne Open Data,data.melbourne.vic.gov.au,This dataset represents the bicycle routes within the municipal boundary of the City of Melbourne.,Transport,,Geospatial,5517,23,assetid | class | type | area | assetmanager | company | contract | description | ownership | primaryservicemanager | objectid | active | lanetype | roadclass | surfacetreatment | protection | tenure | length | width | clueregion | segmentdescription | json_geometry | geo_point_2d
ASSET-0033,MOP:bike-share-dock-locations,Bike Share Dock Locations,https://data.melbourne.vic.gov.au/explore/dataset/bike-share-dock-locations/,City of Melbourne Open Data,data.melbourne.vic.gov.au,This dataset show the historical Melbourne Bike Share docks. This program came to an end in November 2019. Contains the bike share dock locations that were deployed across Melbourne as part of the Melbourne Bike Share Program. Melbourne Bike Share is a joint RACV/Victorian Government bicycle hire scheme. It allows commuters to hire a bike from a dock location and return it to another dock location in the city. This dataset contains the bike share dock locations and capacity across the city. This dataset can be joined to the bike share data feed using the column station_id .,Transport,,Geospatial,50,7,station_id | name | rental_method | capacity | lat | lon | location
ASSET-0034,MOP:bioblitz-2016,BioBlitz 2016,https://data.melbourne.vic.gov.au/explore/dataset/bioblitz-2016/,City of Melbourne Open Data,data.melbourne.vic.gov.au,"Melbourne BioBlitz is one of the City of Melbourne’s major citizen science programs, where experts and members of the community work together to discover, document, and learn about the species that call our city home. The most recent Melbourne BioBlitz took place over 24 hours on 4 and 5 March 2016. During the BioBlitz 744 members of the public joined 27 activities which included spotting birds at Royal Park, identifying insects at Westgate Park, and searching for plants in the Fitzroy Gardens. The City of Melbourne has analysed the data collected in past BioBlitzes and is now building a baseline dataset against which future changes in biodiversity can be measured and evaluated.",Environment,,Geospatial,1356,16,taxa | kingdom | phylum | class | order | family | genus | species | common_name | identification_notes | data_resource_name | sighting_date | latitude | longitude | location | geopoint
ASSET-0035,MOP:bird-survey-results-for-areas-in-the-city-of-melbourne-february-and-march-2018,"Bird Survey Results for Areas in the City of Melbourne, February and March 2018",https://data.melbourne.vic.gov.au/explore/dataset/bird-survey-results-for-areas-in-the-city-of-melbourne-february-and-march-2018/,City of Melbourne Open Data,data.melbourne.vic.gov.au,"This dataset contains survey data for bird species across various river and wetland locations in the City of Melbourne. Bird transect surveys were conducted by Ecology Australia at the following locations: Dynon Road, West Melbourne, Wildlife Sanctuary (1), Dynon Road, West Melbourne, Tidal Drain (2), Moonee Ponds Creek lower catchment near Racecourse Road, Kensington and Dynon Road, West Melbourne (3), Maribyrnong River near Newells Paddock and Dynon Road, West Melbourne (4), Royal Park Oak Street Wetland (5), and Stony Creek Backwash, Footscray (6). Surveys were undertaken during daylight hours and were repeated on various dates throughout February and March 2018. Bird surveys were conducted by completing transects along the waterbodies and identifying bird species and numbers. These surveys were undertaken to primarily track bird species richness at Site (1) with Site (3) existing as a reference site with comparable habitat characteristics. This bird survey dataset includes the bird’s common name, scientific name, the corresponding Victorian Biodiversity Atlas Code, the date the survey was conducted, and the location of the survey (including the latitude and longitude). The Vict",Environment,,Geospatial,498,14,sighting_date | common_name | scientific_name | sighting_count | victorian_biodiversity_atlas_code | lat | lon | loc1_desc | lat2 | lon2 | loc2_desc | site_name | location_2 | location_1
ASSET-0036,MOP:block-level-energy-consumption-modelled-on-building-attributes-2011-baseline,Block level energy consumption (modelled on building attributes) - 2011 baseline,https://data.melbourne.vic.gov.au/explore/dataset/block-level-energy-consumption-modelled-on-building-attributes-2011-baseline/,City of Melbourne Open Data,data.melbourne.vic.gov.au,"This dataset should be read alongside other energy consumption datasets on the City of Melbourne open data platform as well as the following report: http://imap.vic.gov.au/uploads/Meeting%20Agendas/2014%20August/Att%207a_IMAP_Energy_Map_-_CSIRO_-_Energy_Use_2011-2026_Report_-_2014June30_-Final_pdf_11.2MB.pdf The dataset outlines modelled energy consumption across the City of Melbourne municipality. It is not energy consumption data captured by a meter, but modelled data based on building attributes such as building age, floor area etc. This data was provided by the CSIRO as a result of a study commissioned by IMAP Councils. The study was governed by a Grant Agreement between Councils and the CSIRO, which stated an intent for the data to be published. This specific dataset is presented at a block level scale. It includes both commercial and residential buildings and is a 2011 baseline. It does not include the industrial sector.",Environment,,Geospatial,686,6,geo_point_2d | geo_shape | comm | num_b_prop | resi | total
ASSET-0037,MOP:block-level-energy-consumption-modelled-on-building-attributes-2016-projection-b,Block level energy consumption (modelled on building attributes) - 2016 projection - business-as-usual scenario,https://data.melbourne.vic.gov.au/explore/dataset/block-level-energy-consumption-modelled-on-building-attributes-2016-projection-b/,City of Melbourne Open Data,data.melbourne.vic.gov.au,"This dataset should be read alongside other energy consumption datasets on the City of Melbourne open data platform as well as the following report: http://imap.vic.gov.au/uploads/Meeting%20Agendas/2014%20August/Att%207a_IMAP_Energy_Map_-_CSIRO_-_Energy_Use_2011-2026_Report_-_2014June30_-Final_pdf_11.2MB.pdf The dataset outlines modelled energy consumption across the City of Melbourne municipality. It is not energy consumption data captured by a meter, but modelled data based on building attributes such as building age, floor area etc. This data was provided by the CSIRO as a result of a study commissioned by IMAP Councils. The study was governed by a Grant Agreement between Councils and the CSIRO, which stated an intent for the data to be published. This specific dataset is presented at a block level scale. It includes both commercial and residential buildings and is a 2016 business-as-usual projection, relative to a 2011 baseline. It does not include the industrial sector.",Environment,,Geospatial,662,6,geo_point_2d | geo_shape | comm | num_b_prop | resi | total
ASSET-0038,MOP:block-level-energy-consumption-modelled-on-building-attributes-2016-projection-r,Block level energy consumption (modelled on building attributes) - 2016 projection - retrofit scenario,https://data.melbourne.vic.gov.au/explore/dataset/block-level-energy-consumption-modelled-on-building-attributes-2016-projection-r/,City of Melbourne Open Data,data.melbourne.vic.gov.au,"This dataset should be read alongside other energy consumption datasets on the City of Melbourne open data platform as well as the following report: http://imap.vic.gov.au/uploads/Meeting%20Agendas/2014%20August/Att%207a_IMAP_Energy_Map_-_CSIRO_-_Energy_Use_2011-2026_Report_-_2014June30_-Final_pdf_11.2MB.pdf The dataset outlines modelled energy consumption across the City of Melbourne municipality. It is not energy consumption data captured by a meter, but modelled data based on building attributes such as building age, floor area etc. This data was provided by the CSIRO as a result of a study commissioned by IMAP Councils. The study was governed by a Grant Agreement between Councils and the CSIRO, which stated an intent for the data to be published. This specific dataset is presented at a block level scale. It includes both commercial and residential buildings and is a 2016 projection, relative to a 2011 baseline, based on a scenario of buildings being retrofitted. It does not include the industrial sector.",Environment,,Geospatial,662,3,geo_point_2d | geo_shape | total
ASSET-0039,MOP:block-level-energy-consumption-modelled-on-building-attributes-2021-projection-b,Block level energy consumption (modelled on building attributes) - 2021 projection - business-as-usual scenario,https://data.melbourne.vic.gov.au/explore/dataset/block-level-energy-consumption-modelled-on-building-attributes-2021-projection-b/,City of Melbourne Open Data,data.melbourne.vic.gov.au,"This dataset should be read alongside other energy consumption datasets on the City of Melbourne open data platform as well as the following report: http://imap.vic.gov.au/uploads/Meeting%20Agendas/2014%20August/Att%207a_IMAP_Energy_Map_-_CSIRO_-_Energy_Use_2011-2026_Report_-_2014June30_-Final_pdf_11.2MB.pdf The dataset outlines modelled energy consumption across the City of Melbourne municipality. It is not energy consumption data captured by a meter, but modelled data based on building attributes such as building age, floor area etc. This data was provided by the CSIRO as a result of a study commissioned by IMAP Councils. The study was governed by a Grant Agreement between Councils and the CSIRO, which stated an intent for the data to be published. This specific dataset is presented at a block level scale. It includes both commercial and residential buildings and is a 2021 business-as-usual projection, relative to a 2011 baseline. It does not include the industrial sector.",Environment,,Geospatial,640,6,geo_point_2d | geo_shape | comm | num_b_prop | resi | total
ASSET-0040,MOP:block-level-energy-consumption-modelled-on-building-attributes-2021-projection-r,Block level energy consumption (modelled on building attributes) - 2021 projection - retrofit scenario,https://data.melbourne.vic.gov.au/explore/dataset/block-level-energy-consumption-modelled-on-building-attributes-2021-projection-r/,City of Melbourne Open Data,data.melbourne.vic.gov.au,"This dataset should be read alongside other energy consumption datasets on the City of Melbourne open data platform as well as the following report: http://imap.vic.gov.au/uploads/Meeting%20Agendas/2014%20August/Att%207a_IMAP_Energy_Map_-_CSIRO_-_Energy_Use_2011-2026_Report_-_2014June30_-Final_pdf_11.2MB.pdf The dataset outlines modelled energy consumption across the City of Melbourne municipality. It is not energy consumption data captured by a meter, but modelled data based on building attributes such as building age, floor area etc. This data was provided by the CSIRO as a result of a study commissioned by IMAP Councils. The study was governed by a Grant Agreement between Councils and the CSIRO, which stated an intent for the data to be published. This specific dataset is presented at a block level scale. It includes both commercial and residential buildings and is a 2021 projection, relative to a 2011 baseline, based on a scenario of buildings being retrofitted. It does not include the industrial sector.",Environment,,Geospatial,640,3,geo_point_2d | geo_shape | total
ASSET-0001,MOP:block-level-energy-consumption-modelled-on-building-attributes-2026-projection-b,Block level energy consumption (modelled on building attributes) - 2026 projection - business-as-usual scenario,https://data.melbourne.vic.gov.au/explore/dataset/block-level-energy-consumption-modelled-on-building-attributes-2026-projection-b/,City of Melbourne Open Data,data.melbourne.vic.gov.au,"This dataset should be read alongside other energy consumption datasets on the City of Melbourne open data platform as well as the following report: http://imap.vic.gov.au/uploads/Meeting%20Agendas/2014%20August/Att%207a_IMAP_Energy_Map_-_CSIRO_-_Energy_Use_2011-2026_Report_-_2014June30_-Final_pdf_11.2MB.pdf The dataset outlines modelled energy consumption across the City of Melbourne municipality. It is not energy consumption data captured by a meter, but modelled data based on building attributes such as building age, floor area etc. This data was provided by the CSIRO as a result of a study commissioned by IMAP Councils. The study was governed by a Grant Agreement between Councils and the CSIRO, which stated an intent for the data to be published. This specific dataset is presented at a block level scale. It includes both commercial and residential buildings and is a 2026 business-as-usual projection, relative to a 2011 baseline. It does not include the industrial sector.",Environment,,Geospatial,628,6,geo_point_2d | geo_shape | comm | num_b_prop | resi | total
ASSET-0041,MOP:block-level-energy-consumption-modelled-on-building-attributes-2026-projection-r,Block level energy consumption (modelled on building attributes) - 2026 projection - retrofit scenario,https://data.melbourne.vic.gov.au/explore/dataset/block-level-energy-consumption-modelled-on-building-attributes-2026-projection-r/,City of Melbourne Open Data,data.melbourne.vic.gov.au,"This dataset should be read alongside other energy consumption datasets on the City of Melbourne open data platform as well as the following report: http://imap.vic.gov.au/uploads/Meeting%20Agendas/2014%20August/Att%207a_IMAP_Energy_Map_-_CSIRO_-_Energy_Use_2011-2026_Report_-_2014June30_-Final_pdf_11.2MB.pdf The dataset outlines modelled energy consumption across the City of Melbourne municipality. It is not energy consumption data captured by a meter, but modelled data based on building attributes such as building age, floor area etc. This data was provided by the CSIRO as a result of a study commissioned by IMAP Councils. The study was governed by a Grant Agreement between Councils and the CSIRO, which stated an intent for the data to be published. This specific dataset is presented at a block level scale. It includes both commercial and residential buildings and is a 2026 projection, relative to a 2011 baseline, based on a scenario of buildings being retrofitted. It does not include the industrial sector.",Environment,,Geospatial,628,3,geo_point_2d | geo_shape | total
ASSET-0042,MOP:blocks-for-census-of-land-use-and-employment-clue,Blocks for Census of Land Use and Employment (CLUE),https://data.melbourne.vic.gov.au/explore/dataset/blocks-for-census-of-land-use-and-employment-clue/,City of Melbourne Open Data,data.melbourne.vic.gov.au,"This is a spatial layer that can be used to map CLUE datasets to CLUE blocks. CLUE blocks are a geographical boundary that can be linked to CLUE information. This dataset previously contained information of 2016 establishments, employment and floor space which can now be found in the following datasets: • Business establishments per block by CLUE industry • Employment by block by CLUE industry • Floor space by use by block In addition, these data sets also provide data from years 2002 to 2024. For more information about CLUE see http://www.melbourne.vic.gov.au/clue CLUE Block boundaries have been re-aligned and modified during 2025.",Business,UC00027,Geospatial,603,5,geo_point_2d | geo_shape | block_id | region_name | area_name
ASSET-0043,MOP:bom-weather-at-olympic-park,BOM Weather at Olympic Park,https://data.melbourne.vic.gov.au/explore/dataset/bom-weather-at-olympic-park/,City of Melbourne Open Data,Bureau of Meteorology,30 Minute weather observations taken at Olympic Park,Environment,,Geospatial,11359,43,local_date_time_full | refresh_message | id | main_id | name | state_time_zone | time_zone | product_name | state | sort_order | wmo | history_product | local_date_time | aifstime_utc | lat | lon | apparent_t | cloud | cloud_base_m | cloud_oktas | cloud_type_id | cloud_type | delta_t | gust_kmh | gust_kt | air_temp | dewpt | press | press_qnh | press_msl | press_tend | rain_trace | rel_hum | sea_state | swell_dir_worded | swell_height | swell_period | vis_km | weather | wind_dir | wind_spd_kmh | wind_spd_kt | latlong
ASSET-0044,MOP:bookable-banner-poles,Bookable Banner Poles,https://data.melbourne.vic.gov.au/explore/dataset/bookable-banner-poles/,City of Melbourne Open Data,data.melbourne.vic.gov.au,The dataset contains all the banner pole locations in the City of Melbourne. Banner poles can be booked to promote events throughout the city. Further information can be found in the link below. https://www.melbourne.vic.gov.au/business/grow-business/promote-business/banners-advertising/pages/banner-program.aspx,City Council,,Geospatial,402,21,description | class | type | subtype | company | contract | assetmanager | primaryservicemanager | ownership | conditionrating | evaluationdate | installationdate | modelno | modeldescription | bookinggroup | venuenumber | isactive | locationdescription | roadsegmentdescription | location | geo_point_2d
ASSET-0048,MOP:buildings-with-name-age-size-accessibility-and-bicycle-facilities,Building information,https://data.melbourne.vic.gov.au/explore/dataset/buildings-with-name-age-size-accessibility-and-bicycle-facilities/,City of Melbourne Open Data,data.melbourne.vic.gov.au,"Data collected as part of the City of Melbourne's Census of Land Use and Employment (CLUE). The data covers the period 2002-2024. It shows selected building attributes including location, construction year, refurbished year, number of floors above ground, predominant space use, bicycle/shower facilities and building accessibility. Building accessibility data is collected to track accessibility for internal City of Melbourne purposes. This data is provided as a community service by the City of Melbourne. It is not and does not purport to be a complete guide. There may be errors or omissions. Data is liable to change. The City of Melbourne accepts no responsibility in respect of any claim arising from use or reliance upon this data. For more information about CLUE see http://www.melbourne.vic.gov.au/clue",Property,,Geospatial,305557,19,census_year | block_id | property_id | base_property_id | building_name | street_address | clue_small_area | construction_year | refurbished_year | number_of_floors_above_ground | predominant_space_use | accessibility_type | accessibility_type_description | accessibility_rating | bicycle_spaces | has_showers | longitude | latitude | location
ASSET-0045,MOP:building-outlines-20140,Building outlines 2014,https://data.melbourne.vic.gov.au/explore/dataset/building-outlines-20140/,City of Melbourne Open Data,data.melbourne.vic.gov.au,"This shapefile shows all of the footprints of all buildings within the City of Melbourne. The footprint is the outline of the total area of a lot or site that is surrounded by the exterior walls of a building or portion of a building, exclusive of courtyards. In the absence of surrounding exterior walls, the building footprint shall be the area under the horizontal projection of the roof. The height on each building footprint feature is the height of the Z axis for the individual models. As such it will include plant, overrun and possibly even communication towers.",Property,,Geospatial,21982,12,geo_point_2d | geo_shape | fmtaddress | mccid_str | easting | height | northing | build_year | zmin | floors | mccid_int | zmax
ASSET-0046,MOP:building-outlines-2015,Building outlines 2015,https://data.melbourne.vic.gov.au/explore/dataset/building-outlines-2015/,City of Melbourne Open Data,data.melbourne.vic.gov.au,"This shapefile shows all of the footprints of all buildings within the City of Melbourne. The footprint is the outline of the total area of a lot or site that is surrounded by the exterior walls of a building or portion of a building, exclusive of courtyards. In the absence of surrounding exterior walls, the building footprint shall be the area under the horizontal projection of the roof. Please see attached PDF for the data dictionary. The Australian Height Datum (AHD) is the national vertical datum for Australia. The National Mapping Council adopted the AHD in May 1971 as the datum to which all vertical control mapping would be referred.",Property,,Geospatial,20861,7,geo_point_2d | geo_shape | geom_type | ovlhgt_ahd | suburb | struct_id | base_ahd
ASSET-0047,MOP:building-permits,Building Permits,https://data.melbourne.vic.gov.au/explore/dataset/building-permits/,City of Melbourne Open Data,data.melbourne.vic.gov.au,"This public register of building permits lists all building permits for building works issued by Melbourne Certification Group, in and outside of the City of Melbourne, and also any building works issued by Private Building Surveyors within the City of Melbourne. ​The information provided is extracted from the records held by City of Melbourne. For a definition of the building classification type please see the attachment.",Property,,Tabular,184740,10,council_ref | permit_number | issue_date | address | desc_of_works | estimated_cost_of_works | rbs_number | commence_by_date | completed_by_date | permit_certificate_type
ASSET-0002,MOP:bus-stops,Bus stops,https://data.melbourne.vic.gov.au/explore/dataset/bus-stops/,City of Melbourne Open Data,data.melbourne.vic.gov.au,"This data set shows the locations of the bus stops within the city of Melbourne, As the city of Melbourne do not run the bus services, this is simply to show the locations of the stops, this data does not include the services that run from each of the stops.",Transport,UC00088 | UC00157,Geospatial,309,16,geo_point_2d | geo_shape | prop_id | addresspt1 | addressp_1 | asset_clas | asset_type | objectid | str_id | addresspt | asset_subt | model_desc | mcc_id | roadseg_id | descriptio | model_no
ASSET-0049,MOP:bus-stops-for-melbourne-visitor-shuttle,Bus stops for Melbourne Visitor Shuttle,https://data.melbourne.vic.gov.au/explore/dataset/bus-stops-for-melbourne-visitor-shuttle/,City of Melbourne Open Data,data.melbourne.vic.gov.au,The Melbourne Visitor Shuttle service started in March 2006 and was discontinued on 31 August 2017 . It provided visitors with a route around the City with 13 stops at significant points of interest. Their descriptions and locations are maintained within this dataset,Transport,,Geospatial,13,4,stop_number | name | address | co_ordinates
ASSET-0051,MOP:business-establishments-and-jobs-data-by-business-size-and-anzsic-in-municipality,Business establishments and jobs data by business size and ANZSIC in municipality,https://data.melbourne.vic.gov.au/explore/dataset/business-establishments-and-jobs-data-by-business-size-and-anzsic-in-municipality/,City of Melbourne Open Data,data.melbourne.vic.gov.au,"Data collected as part of the City of Melbourne's Census of Land Use and Employment (CLUE). The data covers the period 2002-2024. It shows number of jobs and number of business establishments by business size, classified by their ANZSIC1 in the entire municipality. Business size is determined by the total number of jobs at each business establishment and is categorised as follows: Non employing, no jobs allocated to the establishment. Small business, 1 to 19 jobs employed at a business establishment. Medium business, 20 to 199 jobs employed at a business establishment. Larger business, 200 or more jobs employed at a business establishment. This dataset has been confidentialised to protect the commercially sensitive information of individual businesses. Data in cells which pertain to two or fewer businesses have been suppressed and are shown as a blank cell. Non-confidentialised data may be made available subject to a data supply agreement. For more information contact cityfacts@melbourne.vic.gov.au For CLUE small area spatial files see https://data.melbourne.vic.gov.au/explore/dataset/small-areas-for-census-of-land-use-and-employment-clue/map For more information about CLUE see htt","Economy, Business, SME, Economic development, Employment | Business | Property",,Tabular,1686,6,census_year | clue_small_area | anzsic_indusrty | business_size | total_establishments | total_jobs
ASSET-0050,MOP:business-establishments-and-jobs-data-by-business-size-and-anzsic,Business establishments and jobs data by business size and ANZSIC in small areas,https://data.melbourne.vic.gov.au/explore/dataset/business-establishments-and-jobs-data-by-business-size-and-anzsic/,City of Melbourne Open Data,data.melbourne.vic.gov.au,"Data collected as part of the City of Melbourne's Census of Land Use and Employment (CLUE). The data covers the period 2002-2024. It shows number of jobs and number of business establishments by business size, classified by their ANZSIC1 and CLUE small area allocation. Business size is determined by the total number of jobs at each business establishment and is categorised as follows: Non employing, no jobs allocated to the establishment. Small business, 1 to 19 jobs employed at a business establishment. Medium business, 20 to 199 jobs employed at a business establishment. Larger business, 200 or more jobs employed at a business establishment. This dataset has been confidentialised to protect the commercially sensitive information of individual businesses. Data in cells which pertain to two or fewer businesses have been suppressed and are shown as a blank cell. The true column values for the City of Melbourne can be found in the 'Business establishments and jobs data by business size and ANZSIC in municipality' dataset. The values in this dataset refer to the true total, including those suppressed cells. Non-confidentialised data may be made available subject to a data supply agree","Economy, Business, SME, Economic development, Employment | Business | Property",,Tabular,13353,6,census_year | clue_small_area | anzsic_indusrty | business_size | total_establishments | total_jobs
ASSET-0053,MOP:business-establishments-and-jobs-data-by-business-size-and-clue-industry-in-municipality,Business establishments and jobs data by business size and CLUE industry in municipality,https://data.melbourne.vic.gov.au/explore/dataset/business-establishments-and-jobs-data-by-business-size-and-clue-industry-in-municipality/,City of Melbourne Open Data,data.melbourne.vic.gov.au,"Data collected as part of the City of Melbourne's Census of Land Use and Employment (CLUE). The data covers the period 2002-2024. It shows number of jobs and number of business establishments by business size, classified by their CLUE industry for the entire municipality. Business size is determined by the total number of jobs at each business establishment and is categorised as follows: Non employing, no jobs allocated to the establishment. Small business, 1 to 19 jobs employed at a business establishment. Medium business, 20 to 199 jobs employed at a business establishment. Larger business, 200 or more jobs employed at a business establishment. This dataset has been confidentialised to protect the commercially sensitive information of individual businesses. Data in cells which pertain to two or fewer businesses have been suppressed and are shown as a blank cell. Non-confidentialised data may be made available subject to a data supply agreement. For more information contact cityfacts@melbourne.vic.gov.au For CLUE small area spatial files see https://data.melbourne.vic.gov.au/explore/dataset/small-areas-for-census-of-land-use-and-employment-clue/map For more information about CLUE ","Economy, Business, SME, Economic development, Employment | Business | Property",,Tabular,1802,6,census_year | clue_small_area | clue_industry | business_size | total_establishments | total_jobs
ASSET-0052,MOP:business-establishments-and-jobs-data-by-business-size-and-clue-industry,Business establishments and jobs data by business size and CLUE industry in small areas,https://data.melbourne.vic.gov.au/explore/dataset/business-establishments-and-jobs-data-by-business-size-and-clue-industry/,City of Melbourne Open Data,data.melbourne.vic.gov.au,"Data collected as part of the City of Melbourne's Census of Land Use and Employment (CLUE). The data covers the period 2002-2024. It shows number of jobs and number of business establishments by business size, classified by their CLUE industry and CLUE small area allocation. Business size is determined by the total number of jobs at each business establishment and is categorised as follows: Non employing, no jobs allocated to the establishment. Small business, 1 to 19 jobs employed at a business establishment. Medium business, 20 to 199 jobs employed at a business establishment. Larger business, 200 or more jobs employed at a business establishment. This dataset has been confidentialised to protect the commercially sensitive information of individual businesses. Data in cells which pertain to two or fewer businesses have been suppressed and are shown as a blank cell. The true column values for the City of Melbourne can be found in the 'Business establishments and jobs data by business size and CLUE industry in municipality' dataset. The values in this dataset refer to the true total, including those suppressed cells. Non-confidentialised data may be made available subject to a data","Economy, Business, SME, Economic development, Employment | Property | Business",UC00061,Tabular,14107,6,census_year | clue_small_area | clue_industry | business_size | total_establishments | total_jobs
ASSET-0003,MOP:business-establishments-with-address-and-industry-classification,Business establishments location and industry classification,https://data.melbourne.vic.gov.au/explore/dataset/business-establishments-with-address-and-industry-classification/,City of Melbourne Open Data,data.melbourne.vic.gov.au,"Data collected as part of the City of Melbourne's Census of Land Use and Employment (CLUE). The data covers the period 2002-2024. It show business establishments with their business address, industry (ANZSIC4) classification, location and CLUE block and small area allocation. A business establishment is defined as a • Commercial occupant in a building • Separate land use • Any permanent presence of economic activity in accordance with standard Industry classification (ANZSIC). Hence, if one organisation has its presence in several buildings in the CLUE area, each time it will be counted as a separate establishment. Consequently, the count of establishments presented in CLUE represents the number of locations, rather than 'enterprises'. For more information about CLUE see http://www.melbourne.vic.gov.au/clue For more information about the ANZSIC industry classification system see http://www.abs.gov.au/ausstats/abs@.nsf/mf/1292.0",Business,,Geospatial,413550,12,census_year | block_id | property_id | base_property_id | clue_small_area | trading_name | business_address | industry_anzsic4_code | industry_anzsic4_description | longitude | latitude | point
ASSET-0055,MOP:business-establishments-per-block-by-anzsic,Business establishments per ANZSIC for blocks,https://data.melbourne.vic.gov.au/explore/dataset/business-establishments-per-block-by-anzsic/,City of Melbourne Open Data,data.melbourne.vic.gov.au,"Data collected as part of the City of Melbourne's Census of Land Use and Employment (CLUE). The data covers the period 2002-24. It shows the number of business establishments per city (CLUE) block, classified by their ANZSIC1 industry and small area allocation. To see total values for the entire City of Melbourne municipality please refer to the 'Business establishments per ANZSIC in municipality' dataset. A business establishment is defined as a • Commercial occupant in a building • Separate land use • Any permanent presence of economic activity in accordance with standard Industry classification (ANZSIC). Hence, if one organisation has its presence in several buildings in the CLUE area, each time it will be counted as a separate establishment. Consequently, the count of establishments presented in CLUE represents the number of locations, rather than 'enterprises'. For more information about CLUE see http://www.melbourne.vic.gov.au/clue For more information about the ANZSIC industry classification system see http://www.abs.gov.au/ausstats/abs@.nsf/mf/1292.0",Business,,Tabular,13519,23,census_year | block_id | clue_small_area | accommodation_and_food_services | administrative_and_support_services | agriculture_forestry_and_fishing | arts_and_recreation_services | construction | education_and_training | electricity_gas_water_and_waste_services | financial_and_insurance_services | health_care_and_social_assistance | information_media_and_telecommunications | manufacturing | mining | other_services | professional_scientific_and_technical_services | public_administration_and_safety | rental_hiring_and_real_estate_services | retail_trade | transport_postal_and_warehousing | wholesale_trade | total_establishments_in_block
ASSET-0054,MOP:business-establishments-per-anzsic-in-municipality,Business establishments per ANZSIC in municipality,https://data.melbourne.vic.gov.au/explore/dataset/business-establishments-per-anzsic-in-municipality/,City of Melbourne Open Data,data.melbourne.vic.gov.au,"Data collected as part of the City of Melbourne's Census of Land Use and Employment (CLUE). The data covers the period 2002-24. It shows the number of business establishments in the entire municipality, classified by their ANZSIC1 industry and small area allocation. To see CLUE block level data, please refer to the 'Business establishments per ANZSIC for blocks' dataset. A business establishment is defined as a • Commercial occupant in a building • Separate land use • Any permanent presence of economic activity in accordance with standard Industry classification (ANZSIC). Hence, if one organisation has its presence in several buildings in the CLUE area, each time it will be counted as a separate establishment. Consequently, the count of establishments presented in CLUE represents the number of locations, rather than 'enterprises'. For more information about CLUE see http://www.melbourne.vic.gov.au/clue For more information about the ANZSIC industry classification system see http://www.abs.gov.au/ausstats/abs@.nsf/mf/1292.0",Business,,Tabular,23,22,census_year | clue_small_area | accommodation_and_food_services | administrative_and_support_services | agriculture_forestry_and_fishing | arts_and_recreation_services | construction | education_and_training | electricity_gas_water_and_waste_services | financial_and_insurance_services | health_care_and_social_assistance | information_media_and_telecommunications | manufacturing | mining | other_services | professional_scientific_and_technical_services | public_administration_and_safety | rental_hiring_and_real_estate_services | retail_trade | transport_postal_and_warehousing | wholesale_trade | total_establishments_in_block
ASSET-0056,MOP:business-establishments-per-block-by-clue-industry,Business establishments per CLUE industry for blocks,https://data.melbourne.vic.gov.au/explore/dataset/business-establishments-per-block-by-clue-industry/,City of Melbourne Open Data,data.melbourne.vic.gov.au,"Data collected as part of the City of Melbourne's Census of Land Use and Employment (CLUE). The data covers the period 2002-24. It shows the number of business establishments per city (CLUE) block, classified by their CLUE industry (from ANZSIC) and small area allocation. To see total values for the entire City of Melbourne municipality please refer to the 'Business establishments per CLUE industry in municipality' dataset. A business establishment is defined as a • Commercial occupant in a building • Separate land use • Any permanent presence of economic activity in accordance with standard Industry classification (ANZSIC). Hence, if one organisation has its presence in several buildings in the CLUE area, each time it will be counted as a separate establishment. Consequently, the count of establishments presented in CLUE represents the number of locations, rather than 'enterprises'. For more information about CLUE see http://www.melbourne.vic.gov.au/clue For more information about the ANZSIC industry classification system see http://www.abs.gov.au/ausstats/abs@.nsf/mf/1292.0",Business,,Tabular,13519,24,census_year | block_id | clue_small_area | accommodation | admin_and_support_services | agriculture_and_mining | arts_and_recreation_services | business_services | construction | education_and_training | electricity_gas_water_and_waste_services | finance_and_insurance | food_and_beverage_services | health_care_and_social_assistance | information_media_and_telecommunications | manufacturing | other_services | public_administration_and_safety | real_estate_services | rental_and_hiring_services | retail_trade | transport_postal_and_storage | wholesale_trade | total_establishments_in_block
ASSET-0132,MOP:new_clue_industry_establishments_for_com,Business establishments per CLUE industry in municipality,https://data.melbourne.vic.gov.au/explore/dataset/new_clue_industry_establishments_for_com/,City of Melbourne Open Data,data.melbourne.vic.gov.au,"Data collected as part of the City of Melbourne's Census of Land Use and Employment (CLUE). The data covers the period 2002-24. It shows the number of business establishments in the entire municipality, classified by their CLUE industry (from ANZSIC) and small area allocation. To see CLUE block level data, please refer to the 'Business establishments per CLUE industry for blocks' dataset. A business establishment is defined as a • Commercial occupant in a building • Separate land use • Any permanent presence of economic activity in accordance with standard Industry classification (ANZSIC). Hence, if one organisation has its presence in several buildings in the CLUE area, each time it will be counted as a separate establishment. Consequently, the count of establishments presented in CLUE represents the number of locations, rather than 'enterprises'. For more information about CLUE see http://www.melbourne.vic.gov.au/clue For more information about the ANZSIC industry classification system see http://www.abs.gov.au/ausstats/abs@.nsf/mf/1292.0",Business,,Tabular,23,23,census_year | clue_small_area | accommodation | admin_and_support_services | agriculture_and_mining | arts_and_recreation_services | business_services | construction | education_and_training | electricity_gas_water_and_waste_services | finance_and_insurance | food_and_beverage_services | health_care_and_social_assistance | information_media_and_telecommunications | manufacturing | other_services | public_administration_and_safety | real_estate_services | rental_and_hiring_services | retail_trade | transport_postal_and_storage | wholesale_trade | total_establishments_in_block
ASSET-0057,MOP:butterfly-biodiversity-survey-2017,Butterfly biodiversity survey 2017,https://data.melbourne.vic.gov.au/explore/dataset/butterfly-biodiversity-survey-2017/,City of Melbourne Open Data,data.melbourne.vic.gov.au,"The Our City's Little Gems study observed butterfly biodiversity and flower-butterfly interactions in the City of Melbourne between January - March 2017. The Our City's Little Gems project is a direct extension of The Little Things that Run the City project that assessed the insect biodiversity of green spaces in the City of Melbourne. The Little Things that Run the City project did not originally feature butterflies, so the Our City’s Little Gems project was created to solely look at butterfly-flower interactions in our city. Please use the detailed legend for all species, environmental and location information. All species records are butterflies. All records have coordinates.",Environment,,Geospatial,4056,42,site | sloc | walk | date | time | vegwalktime | vegspecies | vegfamily | lat | lon | temp | hum | win1 | win2 | win3 | win4 | win | per | sur | prap | vker | vite | blue | dpet | dple | pana | pdem | hesp | esmi | cato | gaca | belo | tabe | brow | csem | aand | jvil | paur | ogyr | gmac | datetime | location
ASSET-0004,MOP:cafes-and-restaurants-with-seating-capacity,"Café, restaurant, bistro seats",https://data.melbourne.vic.gov.au/explore/dataset/cafes-and-restaurants-with-seating-capacity/,City of Melbourne Open Data,data.melbourne.vic.gov.au,"Data collected as part of the City of Melbourne's Census of Land Use and Employment (CLUE). The data covers the period 2002-2024. It show business establishments with their trading name, business address, industry (ANZSIC4) classification, number of dining seats (classified by indoor/outdoor), location and CLUE block and small area designation. For more information about CLUE see http://www.melbourne.vic.gov.au/clue",Business,UC00010 | UC00021,Geospatial,66356,15,census_year | block_id | property_id | base_property_id | building_address | clue_small_area | trading_name | business_address | industry_anzsic4_code | industry_anzsic4_description | seating_type | number_of_seats | longitude | latitude | location
ASSET-0058,MOP:cardboard-bales-collected-at-degraves-st-recycling-facility-2016,Cardboard bales collected at Degraves St Recycling Facility 2016,https://data.melbourne.vic.gov.au/explore/dataset/cardboard-bales-collected-at-degraves-st-recycling-facility-2016/,City of Melbourne Open Data,data.melbourne.vic.gov.au,This dataset records the number of bales (bundles) of cardboard collected each day at the Degraves Street Recycling Facility. Each bale weighs approximately 250 kilograms.,Environment,,Tabular,53,10,week_beginning_date | monday | tuesday | wednesday | thursday | friday | saturday | sunday | bales_collected | estimated_weight_of_cardboard_kg
ASSET-0059,MOP:childcare-centres,Childcare centres,https://data.melbourne.vic.gov.au/explore/dataset/childcare-centres/,City of Melbourne Open Data,data.melbourne.vic.gov.au,Facilities that look after young children during the day. Information about the data fields can be found here: http://standards.opencouncildata.org/#/childcare_centres.,Business,,Geospatial,36,43,propertyid | parentid | propertyname | tradingname | entrancetype | propertyaddress | parentaddress | grandparentaddress | display1 | display2 | isbase | isbuilding | isoccupancy | isstreet | island | iscommon | status | landusedescription | allowtitle | allowoccupancy | oldward | propertytypeid | propertytype | subpropseq | area | ratetype | ratetypetext | propertydescription | street | suburb | clueregion | cluearea | parkingpermitarea | electricalretailer | gasretailer | waterretailer | easting | northing | latitude | longitude | json_geometry | coordinates | valuationyear
ASSET-0060,MOP:city-circle-tram-route,City Circle tram route,https://data.melbourne.vic.gov.au/explore/dataset/city-circle-tram-route/,City of Melbourne Open Data,data.melbourne.vic.gov.au,"The City Circle tram service operates within Melbourne's central business district. The service operates in a circular route passing major tourist attractions, as well as linking with other tram, train and bus routes in and around Melbourne. This maps shows the location of the stops on the route.",Transport,,Geospatial,1,9,geo_point_2d | geo_shape | name | xorg | mccid_str | xsource | xdate | mccid_int | route_no
ASSET-0061,MOP:city-circle-tram-stops,City Circle tram stops,https://data.melbourne.vic.gov.au/explore/dataset/city-circle-tram-stops/,City of Melbourne Open Data,data.melbourne.vic.gov.au,"The City Circle tram service operates within Melbourne's central business district. The service operates in a circular route passing major tourist attractions, as well as linking with other tram, train and bus routes in and around Melbourne. This maps shows the location of the stops on the route.",Transport,UC00157,Geospatial,28,9,geo_point_2d | geo_shape | name | xorg | stop_no | mccid_str | xsource | xdate | mccid_int
ASSET-0062,MOP:city-of-melbourne-3d-point-cloud-2018,City of Melbourne 3D Point Cloud 2018,https://data.melbourne.vic.gov.au/explore/dataset/city-of-melbourne-3d-point-cloud-2018/,City of Melbourne Open Data,data.melbourne.vic.gov.au,"3D point cloud representing all physical features (e.g. buildings, trees and terrain) across City of Melbourne. The data has been encoded into a .las file format containing geospatial coordinates and RGB values for each point. The download is a zip file containing compressed .las files for tiles across the city area. The geospatial data has been captured in Map Grid of Australia (MGA) Zone 55 projection and is reflected in the xyz coordinates within each .las file. Also included are RGB (Red, Green, Blue) attributes to indicate the colour of each point. Capture Information - Capture Date: May 2018 - Capture Pixel Size: 7.5cm ground sample distance - Map Projection: MGA Zone 55 (MGA55) - Vertical Datum: Australian Height Datum (AHD) - Spatial Accuracy (XYZ): Supplied survey control used for control (Madigan Surveying) – 25 cm absolute accuracy Limitations: Whilst every effort is made to provide the data as accurate as possible, the content may not be free from errors, omissions or defects. Sample Data: For an interactive sample of the data please see the link below. https://cityofmelbourne.maps.arcgis.com/apps/webappviewer3d/index.html?id=b3dc1147ceda46ffb8229117a2dac56d Preview: Do",City Council,,Tabular,0,Not stated,Not stated
ASSET-0063,MOP:city-of-melbourne-3d-textured-mesh-photomesh-2018,City of Melbourne 3D Textured Mesh (Photomesh) 2018,https://data.melbourne.vic.gov.au/explore/dataset/city-of-melbourne-3d-textured-mesh-photomesh-2018/,City of Melbourne Open Data,data.melbourne.vic.gov.au,"3D textured mesh (photomesh) representing all physical features (e.g. buildings, trees and terrain) across City of Melbourne. The 3D textured mesh is provided in object file format (.obj) and is accompanied by material (.mtl) and image texture (.jpg) files. The data has been split into a series of tiles covering the entire municipality. An index file (Tile_Index.kml) is included to indicate the geo-spatial location of each tile. To position the mesh in its real world location, use the origin coordinates found in the metadata file (metadata.xml). The 3D textured mesh is provided in different levels of detail, as indicated in the file name of the .obj filename. The levels of detail vary from L13 (lowest level of detail) to L20 (highest level of detail). Capture Information - Capture Date: May 2018 - Capture Pixel Size: 7.5cm ground sample distance - Map Projection: MGA Zone 55 (MGA55) - Vertical Datum: Australian Height Datum (AHD) - Spatial Accuracy (XYZ): Supplied survey control used for control (Madigan Surveying) Contents The download is a zip file containing compressed: - Object files (.obj) - Material files (.mtl) - Image textures (.jpg) - Metadata (.xml) - Tile index (.kml) Pr",Property,,Tabular,0,Not stated,Not stated
ASSET-0064,MOP:city-of-melbourne-3d-textured-mesh-photomesh-2020,City of Melbourne 3D Textured Mesh (Photomesh) 2020,https://data.melbourne.vic.gov.au/explore/dataset/city-of-melbourne-3d-textured-mesh-photomesh-2020/,City of Melbourne Open Data,data.melbourne.vic.gov.au,"3D textured mesh (photomesh) representing all physical features (e.g. buildings, trees and terrain) across City of Melbourne. The 3D textured mesh is provided in both ESRI scene layer package (SLPK) format and object file format (.obj) accompanied by material (.mtl) and image texture (.jpg) files. The data has been split into a series of tiles covering the entire municipality. To find the geo-spatial location of each tile, please follow the links below under 'Preview Data' Capture Information - Capture Date: May 2020 - Capture Pixel Size: 2cm ground sample distance - Map Projection: MGA Zone 55 (MGA55) - Vertical Datum: Australian Height Datum (AHD) - Spatial Accuracy (XYZ):Estimated accuracies 0.05m (X), 0.6m (Y), 0.04m (Z). Preview Data and Download Data: For an interactive sample of the data please see the link below (WebGL browser required - Google Chrome recommended). ESRI Scene Layer Package (SLPK) Format: Photomesh 2020 - SLPK (arcgis.com) Wavefront OBJ Format: Photomesh 2020 - OBJ (arcgis.com) Click on a region of interest within the sample and a ‘Download_URL’ link will display in the pop-up. Usage: Through the download an use of this data you agree to the licensing and di",Property,,Tabular,0,Not stated,Not stated
ASSET-0065,MOP:city-of-melbourne-dwellings-and-household-forecasts-by-small-area-2020-2040,City of Melbourne Dwellings and Household Forecasts by Small Area 2023-2043,https://data.melbourne.vic.gov.au/explore/dataset/city-of-melbourne-dwellings-and-household-forecasts-by-small-area-2020-2040/,City of Melbourne Open Data,data.melbourne.vic.gov.au,"This dataset provides dwellings and households forecasts by single year for 2023 to 2043. Prepared by SGS Economics and Planning (Feb-Sep 2024), forecasts are available for the municipality and small areas, as well as by household size and composition. Further information can be found on our City Forecasts page. Related datasets are also available on Open Data.",People,,Tabular,2646,5,geography | year | category | households | value
ASSET-0066,MOP:city-of-melbourne-floor-space-forecasts-by-small-area-2020-2040,City of Melbourne Floor Space Forecasts by Small Area 2023-2043,https://data.melbourne.vic.gov.au/explore/dataset/city-of-melbourne-floor-space-forecasts-by-small-area-2020-2040/,City of Melbourne Open Data,data.melbourne.vic.gov.au,"This dataset provides floor space demand (sqm) forecasts by single year for 2023 to 2043. Prepared by SGS Economics and Planning (Feb-Sep 2024), forecasts are available for the municipality and small areas, as well as by industry and the type of space use. Further information can be found on our City Forecasts page. Related datasets are also available on Open Data.",People,,Tabular,9345,5,geography | year | category | industry_space_use | value
ASSET-0067,MOP:city-of-melbourne-jobs-forecasts-by-small-area-2020-2040,City of Melbourne Jobs Forecasts by Small Area 2023-2043,https://data.melbourne.vic.gov.au/explore/dataset/city-of-melbourne-jobs-forecasts-by-small-area-2020-2040/,City of Melbourne Open Data,data.melbourne.vic.gov.au,"This dataset provides jobs forecasts by single year for 2023 to 2043. Prepared by SGS Economics and Planning (Feb-Sep 2024), forecasts are available for the municipality and small areas, as well as by industry and space use type. Further information can be found on our City Forecasts page. Related datasets are also available on Open Data.",People,,Tabular,8505,5,geography | year | category | industry_space_use | value
ASSET-0068,MOP:city-of-melbourne-liveability-and-social-indicators,City of Melbourne Liveability and Social Indicators,https://data.melbourne.vic.gov.au/explore/dataset/city-of-melbourne-liveability-and-social-indicators/,City of Melbourne Open Data,data.melbourne.vic.gov.au,"Indicators help us to assess our municipality's performance, measure progress and compare with other cities. The results also help us monitor our Council Plan and guide policy, planning and management to ensure that Melbourne continues to be a liveable, bold, inspirational and sustainable city. A visual representation of the indicators presented here can be found in our online visualisation. The indicators are from a select list we collect for the following two main activities: 1. The City of Melbourne Social Indicator Survey (CoMSIS) provides insight into the health, wellbeing, participation and connection of residents in our city. This data is collected to directly address some of the Council Plan’s municipal outcome indicators and support our health and wellbeing priorities. Findings of the survey give insight into the perceived quality of life for our residents. 2. The World Council on City Data (WCCD) is a network of cities committed to improving services and quality of life with open city data and standardised urban indicators. The WCCD developed and oversees an international standard for city data: ISO 37120 Sustainable Development of Communities: Indicators for City Service",People,,Tabular,319,10,type | topic | id | indicator | period | numerator | denominator | value | value_type | sources
ASSET-0069,MOP:city-of-melbourne-municipal-greenhouse-gas-emissions-2013-2020,City of Melbourne Municipal Greenhouse Gas Emissions 2013-2020,https://data.melbourne.vic.gov.au/explore/dataset/city-of-melbourne-municipal-greenhouse-gas-emissions-2013-2020/,City of Melbourne Open Data,data.melbourne.vic.gov.au,"This dataset contains the Greenhouse Gas Emissions (GHG) from activities taking place within the geographic boundary of the City of Melbourne Local Government Area. The City of Melbourne uses the Global Protocol for communities (GPC) method to measure and report municipal greenhouse emissions. Emissions are reported annually through the Carbon Disclosure Project (CDP) platform, which is a requirement of Global Covenant of Mayors and C40 membership. Emission sources are broken down across the sectors: Stationary energy, Transportation and Waste. They are categorized by their ""scope"" which distinguishes between emissions that physically occur within the city (scope 1), from those that occur from the use of electricity and supplied by grids potentially crossing city boundaries (scope 2), from those that occur outside the city but are driven by activities taking place within the city’s boundaries (scope 3). All GHG emissions are presented in units of metric tonnes CO2 equivalent (tCO2e). In cases where there are limitations on data availability notation keys have been used. NO indicates that an activity or process does not occur or exist within the city. IE signifies GHG emissions for ",Environment,,Tabular,8,60,year | population | area_km2 | gdp_m | residential_buildings_scope_1 | residential_buildings_scope_2 | residential_buildings_scope_3 | commercial_and_institutional_buildings_and_facilities_scope_1 | commercial_and_institutional_buildings_and_facilities_scope_2 | commercial_and_institutional_buildings_and_facilities_scope_3 | manufacturing_industries_and_construction_scope_1 | manufacturing_industries_and_construction_scope_2 | manufacturing_industries_and_construction_scope_3 | energy_industries_scope_1 | energy_industries_scope_2 | energy_industries_scope_3 | energy_generation_supplied_to_the_grid_scope_1 | agriculture_forestry_and_fishing_activities_scope_1 | agriculture_forestry_and_fishing_activities_scope_2 | agriculture_forestry_and_fishing_activities_scope_3 | non_specified_sources_scope_1 | non_specified_sources_scope_2 | non_specified_sources_scope_3 | fugitive_emissions_from_mining_processing_storage_and_transportation_of_coal_scope_1 | fugitive_emissions_from_oil_and_natural_gas_systems_scope_1 | on_road_transportation_scope_1 | on_road_transportation_scope_2 | on_road_transportation_scope_3 | railways_scope_1 | railways_scope_2 | railways_scope_3 | waterborne_navigation_scope_1 | waterborne_navigation_scope_2 | waterborne_navigation_scope_3 | aviation_scope_1 | aviation_scope_2 | aviation_scope_3 | off_road_transportation_scope_1 | off_road_transportation_scope_2 | off_road_transportation_scope_3 | solid_waste_generated_in_the_city_scope_1 | solid_waste_generated_in_the_city_scope_2 | solid_waste_generated_in_the_city_scope_3 | biological_waste_generated_in_the_city_scope_1 | biological_waste_generated_in_the_city_scope_2 | biological_waste_generated_in_the_city_scope_3 | incinerated_and_burned_waste_generated_in_the_city_scope_1 | incinerated_and_burned_waste_generated_in_the_city_scope_2 | incinerated_and_burned_waste_generated_in_the_city_scope_3 | wastewater_generated_in_the_city_scope_1 | wastewater_generated_in_the_city_scope_2 | wastewater_generated_in_the_city_scope_3 | emissions_from_industrial_processes_occurring_in_the_city_boundary_scope_1 | emissions_from_product_use_occurring_within_the_city_boundary_scope_2 | emissions_from_livestock_scope_3 | emissions_from_land_scope_1 | emissions_from_aggregate_sources_and_non_co2_emission_sources_on_land_scope_2 | other_scope_3_scope_3 | mrep1_and_mrep2_power_purchase_agreement_city_of_melbourne_scope_2 | yarra_trams_power_purchase_agreement_victorian_state_government_scope_2
ASSET-0005,MOP:city-of-melbourne-population-forecasts-by-small-area-2020-2040,City of Melbourne Population Forecasts by Small Area 2023-2043,https://data.melbourne.vic.gov.au/explore/dataset/city-of-melbourne-population-forecasts-by-small-area-2020-2040/,City of Melbourne Open Data,data.melbourne.vic.gov.au,"This dataset provides population forecasts by single year for 2023 to 2043. Prepared by SGS Economics and Planning (Feb-Sep 2024), forecasts are available for the municipality and small areas, as well as by gender and 5 year age groups. Further information can be found on our City Forecasts page. Related datasets are also available on Open Data.",People,,Tabular,10584,5,geography | year | gender | age | value
ASSET-0070,MOP:commingled-recycling-collected-at-centre-place-2016,Commingled recycling collected at Centre Place 2016,https://data.melbourne.vic.gov.au/explore/dataset/commingled-recycling-collected-at-centre-place-2016/,City of Melbourne Open Data,data.melbourne.vic.gov.au,The Centre Place hub is one of several sites where commingled recycling is collected to be processed by the City of Melbourne's Degraves Street Recycling Facility. This dataset contains the amount of commingled recyclables collected each day of 2016.,Environment,,Tabular,366,6,date | total_1100_litre_bins_filled | time_bin_1_spot_weight_checked | time_bin_2_spot_weight_checked | time_bin_3_spot_weight_checked | daily_estimated_net_weight_kg
ASSET-0071,MOP:commingled-recycling-collected-at-degraves-st-hub-2016,Commingled recycling collected at Degraves St Hub 2016,https://data.melbourne.vic.gov.au/explore/dataset/commingled-recycling-collected-at-degraves-st-hub-2016/,City of Melbourne Open Data,data.melbourne.vic.gov.au,The Degraves St Hub is one of several sites where commingled recycling is collected to be processed by the City of Melbourne's Degraves Street Recycling Facility. This dataset contains the amount of commingled recyclables collected each day of 2016.,Environment,,Tabular,366,12,day | date | number_of_1100_litre_bins_filled | time_bin_1_spot_check_weight_recorded | time_bin_2_spot_check_weight_recorded | time_bin_3_spot_check_weight_recorded | time_bin_4_spot_check_weight_recorded | time_bin_5_spot_check_weight_recorded | daily_estimated_net_weight_kg | column_9 | column_10 | column_11
ASSET-0072,MOP:coworking-spaces,Coworking Spaces,https://data.melbourne.vic.gov.au/explore/dataset/coworking-spaces/,City of Melbourne Open Data,data.melbourne.vic.gov.au,The coworking spaces listed are currently only located within the City of Melbourne municipal boundary. The list is not exhaustive. There may be other coworking spaces within the City of Melbourne municipality.,Business,,Geospatial,64,6,organisation | address | website | latitude | longitude | geopoint
ASSET-0073,MOP:customer-service-requests-with-digital-channel-information,Customer Service Requests (with digital channel information),https://data.melbourne.vic.gov.au/explore/dataset/customer-service-requests-with-digital-channel-information/,City of Melbourne Open Data,data.melbourne.vic.gov.au,"This dataset contains service requests received from external customers. This data is collected through the council's Salesforce system. It contains information about the service type, status, and dates for received and closed. This dataset only contains a subset of the received requests as it is extracted from one of several customer requests systems.",City Council,,Tabular,42221,6,service_type | date_opened | date_closed | status | case_origin | suburb
ASSET-0074,MOP:customer-service-requests-with-resolution-time,"Customer service requests, with resolution time",https://data.melbourne.vic.gov.au/explore/dataset/customer-service-requests-with-resolution-time/,City of Melbourne Open Data,data.melbourne.vic.gov.au,"Requests for service logged by members of the public relating to waste, graffiti, parking, roads and traffic, parks and trees and assets in a public space. REQUEST_STATUS - The current status of the request. This can be a combination of: CLOSED (completed/resolved), WIP (work in progress), REASSIGNED (This request has been moved to another work unit), NEW (This request has been logged and will be allocated to the appropriate officer), ACTIONED (The work has been assigned to a unit). DATE_RECEIVED - The date that the customer service request was received. DATE_COMPLETED - The date that the request was finalized/resolved. SUBURB - The suburb of the request (confidential requests have been removed). Some suburb values will be blank because they do not have a location assigned. CATEGORY - The high level category of the request. SERVICE_DESC - A more detailed description of the request. DAYS_TO_COMPLETE - Indicates numbers of days between DATE_RECEIVED and DATE_COMPLETED. This does not include time taken when referring to other authorities or waiting for more information from the customer.",City Council,,Tabular,46479,7,request_status | date_received | date_completed | suburb | category | service_desc | days_to_complete
ASSET-0075,MOP:development-activity-model-footprints,Development Activity Model Footprints,https://data.melbourne.vic.gov.au/explore/dataset/development-activity-model-footprints/,City of Melbourne Open Data,data.melbourne.vic.gov.au,"This dataset contains spatial information about development activity located within the City of Melbourne municipal area. Developments may have one of four statuses. Applied, Approved and Under Construction, and Complete. Site content is derived from a range of sources at various times and as such the content may not be free from errors, omissions or defects. Inconsistencies may occur in some data sets. The City of Melbourne uses its best endeavours to ensure that the information is reliable. The development polygons are representational only and are not intended for analytical or comparative purposes. The polygons are simplified polygons of an indicative floor plate for the podium (if relevant) and tower. The height data is an approximation of the height of the building and does not show the architectural features of the buildings. Further information is provided in the attached pdf document below. This is provided to help users understand the currency and reliability of the site content which often involves complex processes to derive the information. The aim is to provide users with facts about the source of the content and when it was collected. Users can then make an informed ",Property,,Geospatial,1274,14,dev_key | status | permit_num | bldhgt_ahd | base_ahd | address | num_floors | land_use_1 | land_use_2 | land_use_3 | shape_type | datadate | json_geometry | geo_point_2d
ASSET-0076,MOP:development-activity-model-sketchup-massing,Development Activity Model Sketchup Massing,https://data.melbourne.vic.gov.au/explore/dataset/development-activity-model-sketchup-massing/,City of Melbourne Open Data,data.melbourne.vic.gov.au,"This dataset contains a basic Sketchup format representation of the City of Melbourne’s Development Activity Model ( https://www.developmentactivity.melbourne.vic.gov.au/ ). The Development Activity Model displays development activity located within the City of Melbourne municipal area. Developments may have one of four statuses. Applied, Approved and Under Construction, and Complete. Site content is derived from a range of sources at various times and as such the content may not be free from errors, omissions or defects. Inconsistencies may occur in some data sets. The City of Melbourne uses its best endeavours to ensure that the information is reliable. The massings in the Sketchup model are representational only, sit on a two dimensional planar surface and are not intended for analytical or comparative purposes. The massings are derived by extruding simplified polygons of an indicative floor plate for the podium (if relevant) and tower. The height data is an approximation of the height of the building and does not show the architectural features of the buildings. Users can then make an informed decision as to whether the site content is appropriate for their particular purpose a",Property,,Tabular,0,Not stated,Not stated
ASSET-0077,MOP:development-activity-monitor,Development Activity Monitor,https://data.melbourne.vic.gov.au/explore/dataset/development-activity-monitor/,City of Melbourne Open Data,data.melbourne.vic.gov.au,"The project monitors major new commercial and residential property development in the City of Melbourne municipality. The outputs can inform short to medium-term supply forecasts in the commercial and residential markets. This data provides our current understanding of major development sites that are recently completed, under construction, planned or mooted in all of 13 small areas of the city. For full details about this dataset and the meaning of each field, see the attached document .",Property,,Geospatial,1444,42,data_format | development_key | status | year_completed | clue_small_area | clue_block | street_address | property_id | property_id_2 | property_id_3 | property_id_4 | property_id_5 | floors_above | resi_dwellings | studio_dwe | one_bdrm_dwe | two_bdrm_dwe | three_bdrm_dwe | student_apartments | student_beds | student_accommodation_units | institutional_accom_beds | hotel_rooms | serviced_apartments | hotels_serviced_apartments | hostel_beds | childcare_places | office_flr | retail_flr | industrial_flr | storage_flr | education_flr | hospital_flr | recreation_flr | publicdispaly_flr | community_flr | car_spaces | bike_spaces | town_planning_application | longitude | latitude | geopoint
ASSET-0078,MOP:digital-surface-model,Digital Surface Model,https://data.melbourne.vic.gov.au/explore/dataset/digital-surface-model/,City of Melbourne Open Data,data.melbourne.vic.gov.au,"A terrain surface dataset that represents the height value of all natural and built features of the surface of the city. Each pixel within the image contains an elevation value in accordance with the Australian Height Datum (AHD). The data has been captured in May 2018 as GeoTiff files, and covers the entire municipality. A KML tile index file can be found in the attachments to indicate the location of each tile, along with a sample image. Capture Information: Capture Pixel Resolution: 0.1 metres Limitations: Whilst every effort is made to provide the data as accurate as possible, the content may not be free from errors, omissions or defects. Preview: Download: A zip file containing all relevant files representing the Digital Surface Model Download Digital Surface Model data (12.0GB)",Environment,,Tabular,0,Not stated,Not stated
ASSET-0079,MOP:drainpipes,Drainpipes,https://data.melbourne.vic.gov.au/explore/dataset/drainpipes/,City of Melbourne Open Data,data.melbourne.vic.gov.au,Drainage pipe data showing the underground network of drainage infrastructure. Developed using the open council data standard (0.2) http://standards.opencouncildata.org/#/drainpipes,City Council,UC00041,Geospatial,17242,17,geo_point_2d | geo_shape | built | dnstr_pit | upstr_inv | upstr_pit | ref | width_mm | condition | carrying | operator | diameter | material | height_mm | form | mat_desc | dnstr_inv
ASSET-0080,MOP:drinking-fountains,Drinking fountains,https://data.melbourne.vic.gov.au/explore/dataset/drinking-fountains/,City of Melbourne Open Data,data.melbourne.vic.gov.au,"This dataset holds the description, type and geographical location of all drinking fountains in the City of Melbourne",City Council,,Geospatial,338,25,assetid | class | type | subtype | company | contract | assetmanager | primaryservicemanager | description | ownership | conditionrating | evaluationdate | installationdate | modelno | modeldescription | colourscheme | locationdescription | propertyname | roadsegmentdescription | easting | northing | latitude | longitude | json_geometry | geo_point_2d
ASSET-0084,MOP:environmental-resources-consumed-including-air-travel-chemicals-electricity-fuel,"Environmental resources consumed, including air travel, chemicals, electricity, fuel, gas, water, and waste generated 2013-14",https://data.melbourne.vic.gov.au/explore/dataset/environmental-resources-consumed-including-air-travel-chemicals-electricity-fuel/,City of Melbourne Open Data,data.melbourne.vic.gov.au,The Environmental data includes energy consumed and generated as well as greenhouse gas emissions from Council's assets and a portion of its supply chain.,Environment,,Tabular,9474,12,branch | asset_name | resource_category | resource_type | amount | unit | total_greenhouse_gases_t_co2_e | billing_start_date | billing_end_date | com_or_supply_chain | peak_amount | off_peak_amount
ASSET-0085,MOP:estimated-greenhouse-gas-emissions-generated-by-degraves-st-recycling-facility-2,Estimated greenhouse gas emissions generated by Degraves St Recycling Facility 2016,https://data.melbourne.vic.gov.au/explore/dataset/estimated-greenhouse-gas-emissions-generated-by-degraves-st-recycling-facility-2/,City of Melbourne Open Data,data.melbourne.vic.gov.au,"These are estimated greenhouse gas emissions produced at the City of Melbourne's Degraves Street Recycling Facility, based on calculations on the amount of waste processed. No direct CO2 measurements are taken.",Environment,,Tabular,364,14,week_day | date_in | weight_in_kg | weight_out_kg | est_co2_e_produced_if_landfill_ton | est_energy_use_kwh | est_co2_e_produced_by_dehydrator_ton | reduction_co2_e_ton | reduction | cumulative_co2_e_produced_ton | cumulative_co2_e_reduction_ton | black_ballon_produced_per_cycle | cumulative_co2_e_produced_black_balloons | cumulative_co2_e_reduction_black_balloons
ASSET-0086,MOP:event-permits-2014-2018-including-film-shoots-photo-shoots-weddings-christmas-pa,"Event permits 2014-2018 including film shoots, photo shoots, weddings, Christmas parties, promotions, fun runs and public events.",https://data.melbourne.vic.gov.au/explore/dataset/event-permits-2014-2018-including-film-shoots-photo-shoots-weddings-christmas-pa/,City of Melbourne Open Data,data.melbourne.vic.gov.au,"This dataset contains all permits types issued from the event booking system which consists of Weddings, Promotions, Filming and Event permits. The data can be used to determine the types of events taking place at various locations throughout the city, as well as assess the level of disruption caused by events that take place on roads.",Events,,Tabular,2827,6,title | event_start | event_end | category_1 | category_2 | location
ASSET-0087,MOP:families-with-children-profile-2016-aged-0-12-years,Families with Children Profile 2016 (aged 0-12 years),https://data.melbourne.vic.gov.au/explore/dataset/families-with-children-profile-2016-aged-0-12-years/,City of Melbourne Open Data,data.melbourne.vic.gov.au,"Contains demographic profile information from the Australian Bureau of Statistics (ABS) 2016 Census of Population and Housing. Data has been aggregated by families with children aged 0-12 years (as well as 0-5 years, 6-8 years and 9-12 years). This data has been derived from the ABS Census TableBuilder online data tool ( http://www.abs.gov.au/websitedbs/D3310114.nsf/Home/2016%20TableBuilder ) by Australian Bureau of Statistics, used under CC 4.0 .",People,,Tabular,671,6,profile | census_year | category | sub_category | sub_order | value
ASSET-0006,MOP:feature-lighting-including-light-type-wattage-and-location,"Feature Lighting (including light type, wattage and location)",https://data.melbourne.vic.gov.au/explore/dataset/feature-lighting-including-light-type-wattage-and-location/,City of Melbourne Open Data,data.melbourne.vic.gov.au,"This dataset contains information such as location, lighting type and wattage of feature lighting across City of Melbourne. Feature lights are usually found around high profile areas of the city.",City Council,UC00157,Geospatial,5836,20,assetid | description | class | type | company | contract | assetmanager | primaryservicemanager | ownership | conditionrating | evaluationdate | locationdescription | propertyname | roadsegmentdescription | featuredescription | lightmounting | lamptype | lamprating | json_geometry | geo_point_2d
ASSET-0088,MOP:fees-and-charges-2014-15,Fees and charges 2014-15,https://data.melbourne.vic.gov.au/explore/dataset/fees-and-charges-2014-15/,City of Melbourne Open Data,data.melbourne.vic.gov.au,"This is a list of all Fees and charges administered by the City of Melbourne. Where there is a change to or from $0 this reflects; a new facilities coming online or a new service offered, changes to the pricing structure as determined by the state government or a review of the existing pricing structure. Some fees and charges including GST status are subject to change following a review of Division 81 GST legislation.",City Council,,Tabular,1854,5,financial_year | branch | name_of_product_or_service | unit_of_measure | price_per_unit_including_gst
ASSET-0089,MOP:fire-hydrants,Fire Hydrants,https://data.melbourne.vic.gov.au/explore/dataset/fire-hydrants/,City of Melbourne Open Data,data.melbourne.vic.gov.au,This dataset contains all the fire hydrants that are maintained by the City of Melbourne,City Council,,Geospatial,4006,15,assetid | description | class | company | ownership | evaluationdate | installationdate | firehydranttype | firehydrantmaintainer | locationdescription | roadsegmentdescription | easting | northing | json_geometry | geo_point_2d
ASSET-0090,MOP:floor-space-by-block-by-anzsic,Floor space per ANZSIC for blocks,https://data.melbourne.vic.gov.au/explore/dataset/floor-space-by-block-by-anzsic/,City of Melbourne Open Data,data.melbourne.vic.gov.au,"Data collected as part of the City of Melbourne's Census of Land Use and Employment (CLUE). The data covers the period 2002-2024. It shows floor space (in square meters) per city (CLUE) block, classified by their ANZSIC1 industry and small area allocation. The City of Melbourne creates unique codes to account for floor space allocated to residential space, vacant space, open space and common area. These unique codes are not included within ANZSIC 1 classification and therefore these floor areas are not included in this data set. This dataset has been confidentialised to protect the commercially sensitive information of individual businesses. Data in cells which pertain to two or fewer businesses have been suppressed and are shown as a blank cell. The row totals refer to the true total, including those suppressed cells. To see column total values for the entire municipality, please refer to the 'Floor space per CLUE industry in municipality' dataset. Non-confidentialised data may be made available subject to a data supply agreement. For more information contact cityfacts@melbourne.vic.gov.au For CLUE block spatial files see Blocks for Census of Land Use and Employment (CLUE) — CoM O",Business,,Tabular,13519,23,census_year | block_id | clue_small_area | accommodation_and_food_services | administrative_and_support_services | agriculture_forestry_and_fishing | arts_and_recreation_services | construction | education_and_training | electricity_gas_water_and_waste_services | financial_and_insurance_services | health_care_and_social_assistance | information_media_and_telecommunications | manufacturing | mining | other_services | professional_scientific_and_technical_services | public_administration_and_safety | rental_hiring_and_real_estate_services | retail_trade | transport_postal_and_warehousing | wholesale_trade | total_floor_space_in_block
ASSET-0093,MOP:floor-space-per-anzsic-in-municipality,Floor space per ANZSIC in municipality,https://data.melbourne.vic.gov.au/explore/dataset/floor-space-per-anzsic-in-municipality/,City of Melbourne Open Data,data.melbourne.vic.gov.au,"Data collected as part of the City of Melbourne's Census of Land Use and Employment (CLUE). The data covers the period 2002-2024. It shows floor space (in square meters) per city (CLUE) block, classified by their ANZSIC1 industry and small area allocation. The City of Melbourne creates unique codes to account for floor space allocated to residential space, vacant space, open space and common area. These unique codes are not included within ANZSIC 1 classification and therefore these floor areas are not included in this data set. This dataset has been confidentialised to protect the commercially sensitive information of individual businesses. Data in cells which pertain to two or fewer businesses have been suppressed and are shown as a blank cell. The row totals refer to the true total, including those suppressed cells. To see CLUE block level data for this data set, please refer to the ' Floor space per ANZSIC for blocks ' dataset. Non-confidentialised data may be made available subject to a data supply agreement. For more information contact cityfacts@melbourne.vic.gov.au For CLUE block spatial files see Blocks for Census of Land Use and Employment (CLUE) — CoM Open Data Portal Fo",Business,,Tabular,23,22,census_year | clue_small_area | accommodation_and_food_services | administrative_and_support_services | agriculture_forestry_and_fishing | arts_and_recreation_services | construction | education_and_training | electricity_gas_water_and_waste_services | financial_and_insurance_services | health_care_and_social_assistance | information_media_and_telecommunications | manufacturing | mining | other_services | professional_scientific_and_technical_services | public_administration_and_safety | rental_hiring_and_real_estate_services | retail_trade | transport_postal_and_warehousing | wholesale_trade | total_floor_space_in_block
ASSET-0091,MOP:floor-space-by-block-by-clue-industry,Floor space per CLUE industry for blocks,https://data.melbourne.vic.gov.au/explore/dataset/floor-space-by-block-by-clue-industry/,City of Melbourne Open Data,data.melbourne.vic.gov.au,"Data collected as part of the City of Melbourne's Census of Land Use and Employment (CLUE). The data covers the period 2002-2024. It shows floor space (in square meters) per city (CLUE) block, classified by their CLUE industry (from ANZSIC1) and small area allocation. The City of Melbourne creates unique codes to account for floor space allocated to residential space, vacant space, open space and common area. These unique codes are not included within ANZSIC 1 classification and therefore these floor areas are not included in this data set. This dataset has been confidentialised to protect the commercially sensitive information of individual businesses. Data in cells which pertain to two or fewer businesses have been suppressed and are shown as a blank cell. The row totals refer to the true total, including those suppressed cells. To see column total values for the entire municipality, please refer to the 'Floor space per CLUE industry in municipality' dataset. Non-confidentialised data may be made available subject to a data supply agreement. For more information contact cityfacts@melbourne.vic.gov.au For CLUE block spatial files see Blocks for Census of Land Use and Employment (C",Business,,Tabular,13519,24,census_year | block_id | clue_small_area | accommodation | admin_and_support_services | agriculture_and_mining | arts_and_recreation_services | business_services | construction | education_and_training | electricity_gas_water_and_waste_services | finance_and_insurance | food_and_beverage_services | health_care_and_social_assistance | information_media_and_telecommunications | manufacturing | other_services | public_administration_and_safety | real_estate_services | rental_and_hiring_services | retail_trade | transport_postal_and_storage | wholesale_trade | total_floor_space_in_block
ASSET-0094,MOP:floor-space-per-clue-industry-in-municipality,Floor space per CLUE industry in municipality,https://data.melbourne.vic.gov.au/explore/dataset/floor-space-per-clue-industry-in-municipality/,City of Melbourne Open Data,data.melbourne.vic.gov.au,"Data collected as part of the City of Melbourne's Census of Land Use and Employment (CLUE). The data covers the period 2002-2024. It shows floor space (in square meters) in the entire municipality, classified by their CLUE industry (from ANZSIC1) and small area allocation. The City of Melbourne creates unique codes to account for floor space allocated to residential space, vacant space, open space and common area. These unique codes are not included within ANZSIC 1 classification and therefore these floor areas are not included in this data set. This dataset has been confidentialised to protect the commercially sensitive information of individual businesses. Data in cells which pertain to two or fewer businesses have been suppressed and are shown as a blank cell. The row totals refer to the true total, including those suppressed cells. To see CLUE block level data for this data set, please refer to the 'Floor space per CLUE industry for blocks' dataset. Non-confidentialised data may be made available subject to a data supply agreement. For more information contact cityfacts@melbourne.vic.gov.au For CLUE block spatial files see Blocks for Census of Land Use and Employment (CLUE) — C",Business,,Tabular,23,23,census_year | clue_small_area | accommodation | admin_and_support_services | agriculture_and_mining | arts_and_recreation_services | business_services | construction | education_and_training | electricity_gas_water_and_waste_services | finance_and_insurance | food_and_beverage_services | health_care_and_social_assistance | information_media_and_telecommunications | manufacturing | other_services | public_administration_and_safety | real_estate_services | rental_and_hiring_services | retail_trade | transport_postal_and_storage | wholesale_trade | total_floor_space_in_block
ASSET-0092,MOP:floor-space-by-use-by-block,Floor space per space use for blocks,https://data.melbourne.vic.gov.au/explore/dataset/floor-space-by-use-by-block/,City of Melbourne Open Data,data.melbourne.vic.gov.au,"Data collected as part of the City of Melbourne's Census of Land Use and Employment (CLUE). The data covers the period 2002-2024. It shows floor space (in square metres) per city (CLUE) block, classified by their space use and small area allocation. This dataset has been confidentialised to protect the commercially sensitive information of individual businesses. Data in cells which pertain to two or fewer businesses have been suppressed and are shown as a blank cell. The row totals refer to the true total, including those suppressed cells. To see column total values for the entire municipality, please refer to the 'Floor space per space use in municipality' dataset. Non-confidentialised data may be made available subject to a data supply agreement. For more information contact cityfacts@melbourne.vic.gov.au For CLUE block spatial files see https://data.melbourne.vic.gov.au/explore/dataset/blocks-for-census-of-land-use-and-employment-clue/information/ For space use definitions see Census of Land Use and Employment - Definitions For more information about CLUE see http://www.melbourne.vic.gov.au/clue",Business,,Tabular,13519,41,census_year | block_id | clue_small_area | commercial_accommodation | common_area | community_use | educational_research | entertainment_recreation_indoor | equipment_installation | hospital_clinic | house_townhouse | institutional_accommodation | manufacturing | office | park_reserve | parking_commercial_covered | parking_commercial_uncovered | parking_private_covered | parking_private_uncovered | performances_conferences_ceremonies | private_outdoor_space | public_display_area | residential_apartment | retail_cars | retail_shop | retail_showroom | retail_stall | sports_and_recreation_outdoor | square_promenade | storage | student_accommodation | transport | transport_storage_uncovered | unoccupied_under_construction | unoccupied_under_demolition_condemned | unoccupied_under_renovation | unoccupied_undeveloped_site | unoccupied_unused | wholesale | workshop_studio | total_floor_space_in_block
ASSET-0095,MOP:floor-space-per-space-use-in-municipality,Floor space per space use in municipality,https://data.melbourne.vic.gov.au/explore/dataset/floor-space-per-space-use-in-municipality/,City of Melbourne Open Data,data.melbourne.vic.gov.au,"Data collected as part of the City of Melbourne's Census of Land Use and Employment (CLUE). The data covers the period 2002-2024. It shows floor space (in square metres) for the municipality, classified by their space use and small area allocation. This dataset has been confidentialised to protect the commercially sensitive information of individual businesses. Data in cells which pertain to two or fewer businesses have been suppressed and are shown as a blank cell. The row totals refer to the true total, including those suppressed cells. To see CLUE block level data for this data set, please refer to the 'Floor space per space use for blocks' dataset. Non-confidentialised data may be made available subject to a data supply agreement. For more information contact cityfacts@melbourne.vic.gov.au For space use definitions see Census of Land Use and Employment - Definitions For more information about CLUE see http://www.melbourne.vic.gov.au/clue",Business,,Tabular,23,40,census_year | clue_small_area | commercial_accommodation | common_area | community_use | educational_research | entertainment_recreation_indoor | equipment_installation | hospital_clinic | house_townhouse | institutional_accommodation | manufacturing | office | park_reserve | parking_commercial_covered | parking_commercial_uncovered | parking_private_covered | parking_private_uncovered | performances_conferences_ceremonies | private_outdoor_space | public_display_area | residential_apartment | retail_cars | retail_shop | retail_showroom | retail_stall | sports_and_recreation_outdoor | square_promenade | storage | student_accommodation | transport | transport_storage_uncovered | unoccupied_under_construction | unoccupied_under_demolition_condemned | unoccupied_under_renovation | unoccupied_undeveloped_site | unoccupied_unused | wholesale | workshop_studio | total_floor_space_in_block
ASSET-0096,MOP:footpath-steepness,Footpath steepness,https://data.melbourne.vic.gov.au/explore/dataset/footpath-steepness/,City of Melbourne Open Data,data.melbourne.vic.gov.au,"This shapefile contains the gradients of all City of Melbourne public footpaths. includes streets, laneways and park walkways. The gradients are expressed ion the distance of the section and the percentage gradient",City Council,,Geospatial,33585,15,geo_point_2d | geo_shape | grade1in | gradepc | segside | statusid | asset_type | deltaz | streetid | mccid_int | mcc_id | address | rlmax | rlmin | distance
ASSET-0097,MOP:footpaths,Footpaths,https://data.melbourne.vic.gov.au/explore/dataset/footpaths/,City of Melbourne Open Data,data.melbourne.vic.gov.au,This map shows the locations and outlines of all footpaths located within the city of Melbourne,City Council,,Geospatial,12222,27,geo_point_2d | geo_shape | prop_id | name | shape_stle | addresspt1 | xorg | ext_id | asset_clas | label | asset_type | easting | last_edite | created_us | northing | created_da | str_id | addresspt | asset_subt | xsource | profile | last_edi_1 | xdate | xdrawing | mcc_id | shape_star | roadseg_id
ASSET-0098,MOP:former-creeks-in-melbourne-urban-forest,Former creeks in Melbourne (Urban Forest),https://data.melbourne.vic.gov.au/explore/dataset/former-creeks-in-melbourne-urban-forest/,City of Melbourne Open Data,data.melbourne.vic.gov.au,"This shapefile delineates historic creek lines digitised from the 1855 map Melbourne and its Suburbs"" compiled by James Kearney, draughtsman ; engraved by David Tulloch and James D. Brown. http://handle.slv.vic.gov.au/10381/89107. The Elizabeth Street, Swanston Street and Fitzroy Garden creek alignments are included based on descriptions in: 1. Presland, Gary. 2009. Place for Village. 2. Burchett, Winston. 1978. East Melbourne, 1837-1977.",Environment,,Geospatial,14,4,geo_point_2d | geo_shape | id | source
ASSET-0099,MOP:former-lakes-and-wetlands-in-melbourne,Former lakes and wetlands in Melbourne,https://data.melbourne.vic.gov.au/explore/dataset/former-lakes-and-wetlands-in-melbourne/,City of Melbourne Open Data,data.melbourne.vic.gov.au,"This shapefile delineates historic water bodies including wetlands, the old Yarra River and Moonee Ponds Creek alignments and lakes (presumably seasonal and generally estuarine). The polygons are digitised from the 1855 map ""Melbourne and its Suburbs"" compiled by James Kearney, draughtsman ; engraved by David Tulloch and James D. Brown. http://handle.slv.vic.gov.au/10381/89107",Environment,,Geospatial,35,5,geo_point_2d | geo_shape | id | source | type
ASSET-0100,MOP:free-and-cheap-support-services-with-opening-hours-public-transport-and-parking-,"Free and cheap support services, with opening hours, public transport and parking options (Helping Out)",https://data.melbourne.vic.gov.au/explore/dataset/free-and-cheap-support-services-with-opening-hours-public-transport-and-parking-/,City of Melbourne Open Data,data.melbourne.vic.gov.au,"The City of Melbourne's Helping Out booklet provides a list of free and cheap support services available from more than 70 organisations. The list includes food, accommodation, health services, drug and alcohol services, and legal advice.",People,,Geospatial,119,34,name | what | who | address_1 | address_2 | suburb | phone | phone_2 | free_call | email | website | twitter | social_media | monday | tuesday | wednesday | thursday | friday | saturday | sunday | public_holidays | cost | tram_routes | bus_routes | nearest_train_station | category_1 | category_2 | category_3 | category_4 | category_5 | category_6 | longitude | latitude | geocoded_location
ASSET-0101,MOP:garbage-collection-zones,Garbage collection zones,https://data.melbourne.vic.gov.au/explore/dataset/garbage-collection-zones/,City of Melbourne Open Data,data.melbourne.vic.gov.au,"Polygon data of Garbage Collection Zones for the City of Melbourne. Includes waste and recycling, with date, repeat and interval in ISO8601. Data was created following the Open Council Data Standards . Data field metadata can be found here: http://standards.opencouncildata.org/#/garbage-collection-zones. Although all due care has been taken to ensure that these data are correct, no warranty is expressed or implied by the City of Melbourne in their use.",City Council,,Geospatial,6,20,geo_point_2d | geo_shape | desc | name | rec_ok | rec_weeks | rub_start | rub_ok | rub_day | info_url | rub_notok | rec_url | rec_name | rec_notok | rub_name | rec_day | rub_weeks | rec_start | rub_url | missed_ph
ASSET-0102,MOP:greenhouse-gas-conversion-factors-for-environmental-reporting-with-sources,"Greenhouse gas conversion factors for environmental reporting, with sources",https://data.melbourne.vic.gov.au/explore/dataset/greenhouse-gas-conversion-factors-for-environmental-reporting-with-sources/,City of Melbourne Open Data,data.melbourne.vic.gov.au,The Environmental data includes energy consumed and generated as well as greenhouse gas emissions from Council's assets and a portion of its supply chain.,Environment,,Tabular,27,9,resource_category | energy_content | unit | scope1 | scope2 | scope3 | source | website_link | notes
ASSET-0104,MOP:high-rise-residents-profile-2016,High Rise Residents Profile 2016,https://data.melbourne.vic.gov.au/explore/dataset/high-rise-residents-profile-2016/,City of Melbourne Open Data,data.melbourne.vic.gov.au,"Contains demographic profile information from the Australian Bureau of Statistics (ABS) 2016 Census of Population and Housing. Data has been aggregated based on residents living in buildings with four or more storeys. This data has been derived from the ABS Census TableBuilder online data tool ( http://www.abs.gov.au/websitedbs/D3310114.nsf/Home/2016%20TableBuilder ) by Australian Bureau of Statistics, used under CC 4.0 .",People,,Tabular,3389,6,profile | census_year | category | sub_category | sub_order | value
ASSET-0105,MOP:house-prices-by-small-area-sale-year,House Prices by Small Area - Sale Year,https://data.melbourne.vic.gov.au/explore/dataset/house-prices-by-small-area-sale-year/,City of Melbourne Open Data,data.melbourne.vic.gov.au,"Median prices for dwellings/townhouses, and apartments by their year of sale for the City of Melbourne by CLUE Small area.",Property,,Tabular,347,5,sale_year | small_area | type | median_price | transaction_count
ASSET-0106,MOP:house-prices-by-small-area-transfer-year,House Prices by Small Area - Transfer Year,https://data.melbourne.vic.gov.au/explore/dataset/house-prices-by-small-area-transfer-year/,City of Melbourne Open Data,data.melbourne.vic.gov.au,"Median prices for dwellings/townhouses, and apartments by their year of settlement for the City of Melbourne by CLUE Small area.",Property,,Tabular,340,5,transfer_year | small_area | type | median_price | transaction_count
ASSET-0107,MOP:indicators-of-quality-of-life-and-city-services-by-year,Indicators of quality of life and city services by year,https://data.melbourne.vic.gov.au/explore/dataset/indicators-of-quality-of-life-and-city-services-by-year/,City of Melbourne Open Data,data.melbourne.vic.gov.au,"The World Council on City Data (WCCD) awarded the City of Melbourne a platinum designation for its compliance with ISO 37120 (http://www.iso.org/iso/catalogue_detail?csnumber=62436), the world’s first international standard for city indicators. Reporting to the standard allows cities to compare their service delivery and quality of life to other cities globally. The City of Melbourne was one on 20 cities to, globally to help pilot this program and is one of sixteen cities to receive the highest level of accreditation (platinum). Having an international standard methodology to measure city performance allows the City of Melbourne to share data about practices in service delivery, learn from other global cities, rank its results relative to those cities, and address common challenges through more informed decision making. Indicators include: Fire and emergency response; Governance; Health; Recreation; Safety; Shelter; Solid Waste; Telecommunications and Innovation; Transportation; Urban Planning; Wastewater; Water and Sanitation; Economy; Education; Energy; Environment; and Finance. City of Melbourne also submitted an application for accreditation, on behalf of ‘Greater Melbourne’, t",People,,Tabular,100,11,number | indicator_theme | indicator_variable | indicator_descriptor | type | greater_melbourne_value | greater_melbourne_year | greater_melbourne_units | melbourne_municipality_value | melbourne_municipality_year | melbourne_municipality_units
ASSET-0108,MOP:indicators-of-wellbeing-by-year-future-melbourne,Indicators of wellbeing by year (Future Melbourne),https://data.melbourne.vic.gov.au/explore/dataset/indicators-of-wellbeing-by-year-future-melbourne/,City of Melbourne Open Data,data.melbourne.vic.gov.au,"Future Melbourne Community Plan is the City of Melbourne’s premier planning document. It outlines a plan to grow Melbourne as a global, liveable, and sustainable city. The City of Melbourne accepted responsibility for monitoring the Future Melbourne indicators over the ten years from 2008 and reporting outcomes to Melbourne City Council, the public and City of Melbourne administration. City of Melbourne has commenced a review of the Future Melbourne 2008 plan this year with a view to writing a renewed Future Melbourne 2016-26 plan. To be able to track Melbourne’s progress according to the aims set out in the Future Melbourne 2008 Plan, City of Melbourne developed and indicators framework including indicators for personal wellbeing and social connection, derived from the Australian Unity wellbeing survey. Australian Unity and the Australian Centre on Quality of Life at Deakin University have conducted national bi-annual population surveys for the last ten years and created an index of perceived wellbeing for the Australian population, including the population of Melbourne. Both organisations support the Index being used and developed as a scientific tool and encourage investigations",People,,Tabular,88,10,indicator_label | indicator_description | unit | 2012 | 2013 | 2014 | 2015 | 2016 | population | source
ASSET-0109,MOP:insect-records-in-the-city-of-melbourne-from-little-things-that-run-the-city,Insect Records in the City of Melbourne (from Little Things that Run the City),https://data.melbourne.vic.gov.au/explore/dataset/insect-records-in-the-city-of-melbourne-from-little-things-that-run-the-city/,City of Melbourne Open Data,data.melbourne.vic.gov.au,"Insect Records in the City of Melbourne from the Little Things that Run the City Project. This data identifies what individual species were found in the Little Things that Run the City Project and is not a count of all species recorded. This data was obtained from Luis Mata, a postdoctoral researcher at RMIT. The data is owned by the City of Melbourne and RMIT. The project started in October 2014 with the first survey of insects for this project in parks and gardens in the City of Melbourne. More surveys were conducted between January and March 2015. Insect species were sorted and identified from April to September 2015. This is the raw data for the report that was published in late 2016. Some records are lacking information on the species classifcation level, and may have the correct genus information accompanied with a number in the identification notes column - this donates species 1, 2, or 3 of that genus where the species could not be identfiifed. All records lack a species name as this was not provided to the City of Melbourne in the original dataset.",Environment,,Tabular,1295,11,taxa | kingdom | phylum | class | order | family | genus | species | identification_notes | location | sighting_date
ASSET-0081,MOP:employment-by-block-by-anzsic,Jobs per ANZSIC for blocks,https://data.melbourne.vic.gov.au/explore/dataset/employment-by-block-by-anzsic/,City of Melbourne Open Data,data.melbourne.vic.gov.au,"Data collected as part of the City of Melbourne's Census of Land Use and Employment (CLUE). The data covers the period 2002-2024. It shows employment (number of jobs) in the entire municipality, classified by their ANZSIC1 industry and small area allocation. This dataset has been confidentialised to protect the commercially sensitive information of individual businesses. Data in cells which pertain to two or fewer businesses have been suppressed and are shown as a blank cell. The row totals refer to the true total, including those suppressed cells. To see column total values for the entire municipality, please refer to the 'Jobs per ANZSIC in municipality' dataset. Non-confidentialised data may be made available subject to a data supply agreement. For more information contact cityfacts@melbourne.vic.gov.au For CLUE block spatial files see https://data.melbourne.vic.gov.au/explore/dataset/blocks-for-census-of-land-use-and-employment-clue/information/ For more information about CLUE see http://www.melbourne.vic.gov.au/clue For more information about the ANZSIC industry classification system see http://www.abs.gov.au/ausstats/abs@.nsf/mf/1292.0",Business,UC00027,Tabular,13519,23,census_year | block_id | clue_small_area | accommodation_and_food_services | administrative_and_support_services | agriculture_forestry_and_fishing | arts_and_recreation_services | construction | education_and_training | electricity_gas_water_and_waste_services | financial_and_insurance_services | health_care_and_social_assistance | information_media_and_telecommunications | manufacturing | mining | other_services | professional_scientific_and_technical_services | public_administration_and_safety | rental_hiring_and_real_estate_services | retail_trade | transport_postal_and_warehousing | wholesale_trade | total_jobs_in_block
ASSET-0007,MOP:jobs-per-anzsic-in-municipality,Jobs per ANZSIC in municipality,https://data.melbourne.vic.gov.au/explore/dataset/jobs-per-anzsic-in-municipality/,City of Melbourne Open Data,data.melbourne.vic.gov.au,"Data collected as part of the City of Melbourne's Census of Land Use and Employment (CLUE). The data covers the period 2002-2024. It shows employment (number of jobs) in the entire municipality, classified by their ANZSIC1 industry and small area allocation. This dataset has been confidentialised to protect the commercially sensitive information of individual businesses. Data in cells which pertain to two or fewer businesses have been suppressed and are shown as a blank cell. The row totals refer to the true total, including those suppressed cells. To see CLUE block level data for this data set, please refer to the 'Jobs per ANZSIC for blocks' dataset. Non-confidentialised data may be made available subject to a data supply agreement. For more information contact cityfacts@melbourne.vic.gov.au For CLUE block spatial files see https://data.melbourne.vic.gov.au/explore/dataset/blocks-for-census-of-land-use-and-employment-clue/information/ For more information about CLUE see http://www.melbourne.vic.gov.au/clue For more information about the ANZSIC industry classification system see http://www.abs.gov.au/ausstats/abs@.nsf/mf/1292.0",Business,,Tabular,23,22,census_year | clue_small_area | accommodation_and_food_services | administrative_and_support_services | agriculture_forestry_and_fishing | arts_and_recreation_services | construction | education_and_training | electricity_gas_water_and_waste_services | financial_and_insurance_services | health_care_and_social_assistance | information_media_and_telecommunications | manufacturing | mining | other_services | professional_scientific_and_technical_services | public_administration_and_safety | rental_hiring_and_real_estate_services | retail_trade | transport_postal_and_warehousing | wholesale_trade | total_jobs_in_block
ASSET-0082,MOP:employment-by-block-by-clue-industry,Jobs per CLUE industry for blocks,https://data.melbourne.vic.gov.au/explore/dataset/employment-by-block-by-clue-industry/,City of Melbourne Open Data,data.melbourne.vic.gov.au,"Data collected as part of the City of Melbourne's Census of Land Use and Employment (CLUE). The data covers the period 2002-2024. It shows employment (number of jobs) per city (CLUE) block, classified by their CLUE industry (from ANZSIC1) and small area allocation. To see CLUE block level data, please refer to the 'Business establishments per CLUE industry for blocks' dataset. This dataset has been confidentialised to protect the commercially sensitive information of individual businesses. Data in cells which pertain to two or fewer businesses have been suppressed and are shown as a blank cell. The row totals refer to the true total, including those suppressed cells. To see column total values for the entire municipality, please refer to the 'Jobs per CLUE industry in municipality' dataset. Non-confidentialised data may be made available subject to a data supply agreement. For more information contact cityfacts@melbourne.vic.gov.au For CLUE block spatial files see https://data.melbourne.vic.gov.au/explore/dataset/blocks-for-census-of-land-use-and-employment-clue/information/ For more information about CLUE see http://www.melbourne.vic.gov.au/clue For more information about the ANZS",Business,,Tabular,13519,24,census_year | block_id | clue_small_area | accommodation | admin_and_support_services | agriculture_and_mining | arts_and_recreation_services | business_services | construction | education_and_training | electricity_gas_water_and_waste_services | finance_and_insurance | food_and_beverage_services | health_care_and_social_assistance | information_media_and_telecommunications | manufacturing | other_services | public_administration_and_safety | real_estate_services | rental_and_hiring_services | retail_trade | transport_postal_and_storage | wholesale_trade | total_jobs_in_block
ASSET-0110,MOP:jobs-per-clue-industry-in-municipality,Jobs per CLUE industry in municipality,https://data.melbourne.vic.gov.au/explore/dataset/jobs-per-clue-industry-in-municipality/,City of Melbourne Open Data,data.melbourne.vic.gov.au,"Data collected as part of the City of Melbourne's Census of Land Use and Employment (CLUE). The data covers the period 2002-2024. It shows employment (number of jobs) in the entire municipality, classified by their CLUE industry (from ANZSIC1) and small area allocation. This dataset has been confidentialised to protect the commercially sensitive information of individual businesses. Data in cells which pertain to two or fewer businesses have been suppressed and are shown as a blank cell. The row totals refer to the true total, including those suppressed cells. To see CLUE block level data for this data set, please refer to the 'Jobs per CLUE industry for blocks' dataset. Non-confidentialised data may be made available subject to a data supply agreement. For more information contact cityfacts@melbourne.vic.gov.au For CLUE block spatial files see https://data.melbourne.vic.gov.au/explore/dataset/blocks-for-census-of-land-use-and-employment-clue/information/ For more information about CLUE see http://www.melbourne.vic.gov.au/clue For more information about the ANZSIC industry classification system see http://www.abs.gov.au/ausstats/abs@.nsf/mf/1292.0",Business,,Tabular,23,23,census_year | clue_small_area | accommodation | admin_and_support_services | agriculture_and_mining | arts_and_recreation_services | business_services | construction | education_and_training | electricity_gas_water_and_waste_services | finance_and_insurance | food_and_beverage_services | health_care_and_social_assistance | information_media_and_telecommunications | manufacturing | other_services | public_administration_and_safety | real_estate_services | rental_and_hiring_services | retail_trade | transport_postal_and_storage | wholesale_trade | total_jobs_in_block
ASSET-0083,MOP:employment-by-block-by-space-use,Jobs per space use for blocks,https://data.melbourne.vic.gov.au/explore/dataset/employment-by-block-by-space-use/,City of Melbourne Open Data,data.melbourne.vic.gov.au,"Data collected as part of the City of Melbourne's Census of Land Use and Employment (CLUE). The data covers the period 2002-2024. It shows employment (number of jobs) per city (CLUE) block, classified by their space use and small area allocation. This dataset has been confidentialised to protect the commercially sensitive information of individual businesses. Data in cells which pertain to two or fewer businesses have been suppressed and are shown as a blank cell. The row totals refer to the true total, including those suppressed cells. To see column total values for the entire municipality, please refer to the 'Jobs per space use in municipality' dataset. Non-confidentialised data may be made available subject to a data supply agreement. For more information contact cityfacts@melbourne.vic.gov.au For CLUE block spatial files see https://data.melbourne.vic.gov.au/explore/dataset/blocks-for-census-of-land-use-and-employment-clue/information/ For more information about CLUE see http://www.melbourne.vic.gov.au/clue For more information about the ANZSIC industry classification system see http://www.abs.gov.au/ausstats/abs@.nsf/mf/1292.0",Business,,Tabular,13519,41,census_year | block_id | clue_small_area | commercial_accommodation | common_area | community_use | educational_research | entertainment_recreation_indoor | equipment_installation | hospital_clinic | house_townhouse | institutional_accommodation | manufacturing | office | park_reserve | parking_commercial_covered | parking_commercial_uncovered | parking_private_covered | parking_private_uncovered | performances_conferences_ceremonies | private_outdoor_space | public_display_area | residential_apartment | retail_cars | retail_shop | retail_showroom | retail_stall | sports_and_recreation_outdoor | square_promenade | storage | student_accommodation | transport | transport_storage_uncovered | unoccupied_under_construction | unoccupied_under_demolition_condemned | unoccupied_under_renovation | unoccupied_undeveloped_site | unoccupied_unused | wholesale | workshop_studio | total_jobs_in_block
ASSET-0111,MOP:jobs-per-space-use-in-municipality,Jobs per space use in municipality,https://data.melbourne.vic.gov.au/explore/dataset/jobs-per-space-use-in-municipality/,City of Melbourne Open Data,data.melbourne.vic.gov.au,"Data collected as part of the City of Melbourne's Census of Land Use and Employment (CLUE). The data covers the period 2002-2024. It shows employment (number of jobs) in the municipality, classified by their space use and small area allocation. This dataset has been confidentialised to protect the commercially sensitive information of individual businesses. Data in cells which pertain to two or fewer businesses have been suppressed and are shown as a blank cell. The row totals refer to the true total, including those suppressed cells. To see CLUE block level data for this data set, please refer to the 'Jobs per space use for blocks' dataset. Non-confidentialised data may be made available subject to a data supply agreement. For more information contact cityfacts@melbourne.vic.gov.au For more information about CLUE see http://www.melbourne.vic.gov.au/clue For more information about the ANZSIC industry classification system see http://www.abs.gov.au/ausstats/abs@.nsf/mf/1292.0",Business,,Tabular,23,40,census_year | clue_small_area | commercial_accommodation | common_area | community_use | educational_research | entertainment_recreation_indoor | equipment_installation | hospital_clinic | house_townhouse | institutional_accommodation | manufacturing | office | park_reserve | parking_commercial_covered | parking_commercial_uncovered | parking_private_covered | parking_private_uncovered | performances_conferences_ceremonies | private_outdoor_space | public_display_area | residential_apartment | retail_cars | retail_shop | retail_showroom | retail_stall | sports_and_recreation_outdoor | square_promenade | storage | student_accommodation | transport | transport_storage_uncovered | unoccupied_under_construction | unoccupied_under_demolition_condemned | unoccupied_under_renovation | unoccupied_undeveloped_site | unoccupied_unused | wholesale | workshop_studio | total_jobs_in_block
ASSET-0008,MOP:landmarks-and-places-of-interest-including-schools-theatres-health-services-spor,"Landmarks and places of interest, including schools, theatres, health services, sports facilities, places of worship, galleries and museums.",https://data.melbourne.vic.gov.au/explore/dataset/landmarks-and-places-of-interest-including-schools-theatres-health-services-spor/,City of Melbourne Open Data,data.melbourne.vic.gov.au,"This dataset contains a description and co-ordinates of places of interest within the City of Melbourne. Themes include: Community Use, Education Centre, Health Services, Leisure/Recreation, Mixed Use, Office, Place Of Assembly, Place of Worship, Purpose Built, Retail, Transport, Vacant Land Sub-themes include: Art Gallery/Museum, Church, Function/Conference/Exhibition Centre, Informal Outdoor Facility (Park/Garden/Reserve), Major Sports & Recreation Facility, Office, Public Buildings, Public Hospital, Railway Station, Retail/Office/Carpark, Tertiary (University), Theatre Live",People,UC00010 | UC00157,Geospatial,242,4,theme | sub_theme | feature_name | co_ordinates
ASSET-0009,MOP:laneways-with-greening-potential,Laneways with greening potential,https://data.melbourne.vic.gov.au/explore/dataset/laneways-with-greening-potential/,City of Melbourne Open Data,data.melbourne.vic.gov.au,"This dataset includes City of Melbourne’s mapping of greening potential in laneways across the municipality. 'Greening' in this dataset refers to four types of possible greening responses: forest lanes, farm lanes, park lanes and vertical gardens. Higher gridcodes indicate lower potential for adaptation - i.e. a gridcode of 1 is optimal. This dataset can be used the general public, developers, landscape architects and other interested parties who want to know what the future of green laneways may look like for Melbourne. This dataset can be used as a starting point for greening projects including forest, farm and park lanes as well as vertical gardens Anyone interested in potential greening within the city should contact the City of Melbourne or visit the Green Infrastructure webpages found on the City of Melboune website here . The Growing Green Guide is another helpful and comprehensive guide for the building and maintaining green roofs, walls and facades in Melbourne and Victoria. The Laneways with greening potential dataset is part of a larger suite of work by City of Melbourne to explore and implement contemporary and unique ways of greening in the city that can help combat in",Environment,,Geospatial,246,23,geo_point_2d | geo_shape | segid_1 | mapbase_mc | insol_scor | verticalsu | segid | driveways | parklane | objectid | climate_ty | narrowing | closepart | farmlane | walls | farm_rank | vert_rank | fores_rank | forest | park_rank | binsperct | mapbase_1 | wsud
ASSET-0112,MOP:litter-traps,Litter Traps,https://data.melbourne.vic.gov.au/explore/dataset/litter-traps/,City of Melbourne Open Data,data.melbourne.vic.gov.au,Litter traps are devices that retain ‘gross pollutants’ (litter and debris greater than 5mm) They are available in several configurations and designs. This dataset can be used in conjunction with the drainpipe dataset https://data.melbourne.vic.gov.au/Assets-Infrastructure/Drainpipes/3bff-vaa5 The stormwater pit dataset: https://data.melbourne.vic.gov.au/Assets-Infrastructure/Stormwater-Pits/psq9-yz4x and also the pumping station dataset: https://data.melbourne.vic.gov.au/Assets-Infrastructure/Pumping-Station/55z9-zqzu,City Council,UC00021,Geospatial,63,9,asset_number | asset_description | construct_material_lupvalue | inspection_frequency | maintained_by | object_type_lupvalue | lat | lon | location
ASSET-0113,MOP:live-music-venues,Live Music Venues,https://data.melbourne.vic.gov.au/explore/dataset/live-music-venues/,City of Melbourne Open Data,data.melbourne.vic.gov.au,"Melbourne is widely known as one of the world’s great music cities, and has more live music venues per capita than any other city in the world (Melbourne Live Music Census Report 2017). City of Melbourne is home to a large number of these venues and this dataset provides a list of dedicated live music venues, and other venues and spaces which present live music, in the municipality. It should be noted that the criteria for a live music venue, as determined by the Melbourne Live Music Census Report 2017, is a venue which presents live music two nights per week minimum. The census also identified that on an annual basis, 44% of regular venues feature live music on four nights per week, 28% on five nights and 10% on seven nights. Additionally according to the census and associated venue survey responses, a live venue in Melbourne typically: - is a hotel or bar in the CBD or inner suburbs which has been operating for an average of 8 years and, in 50%+ of cases, presents live music four nights per week.",Property,,Geospatial,227,9,property_number | venue_name | venue_address | space_type | website | lat | lon | location | geolocation
ASSET-0114,MOP:mahlstedts-fire-plans-of-melbourne-1888,Mahlstedt's fire plans of Melbourne 1888,https://data.melbourne.vic.gov.au/explore/dataset/mahlstedts-fire-plans-of-melbourne-1888/,City of Melbourne Open Data,data.melbourne.vic.gov.au,"This is a set of 24 maps of buildings around Melbourne's CBD, produced by Mahlstedt and Gee in 1888. They were published under the title ""Standard plans of the city of Melbourne"". They were digitised by the City of Melbourne and geo-referenced. The same maps are avaiilable through the State Library of Victoria: http://handle.slv.vic.gov.au/10381/126848 To help you choose between the two sources, here are some of the differences: - the SLV digitisations are higher quality, with fewer artefacts such as other maps bleeding through - the SLV has a web viewer, enabling you to quickly view each map online - the CoM versions are geo-referenced JPEG2000 files, meaning you can overlay them on a map - the CoM files are available for bulk download There is no copyright on these map images.",Property,,Tabular,0,Not stated,Not stated
ASSET-0115,MOP:marine-berths,Marine Berths,https://data.melbourne.vic.gov.au/explore/dataset/marine-berths/,City of Melbourne Open Data,data.melbourne.vic.gov.au,This dataset represents the berthing status within the municipal boundary of the City of Melbourne.,Property,,Geospatial,213,4,berth_type | ref | geo_shape | geo_point_2d
ASSET-0117,MOP:median-house-prices-by-type-and-sale-year,Median House Prices - By Type and Sale Year,https://data.melbourne.vic.gov.au/explore/dataset/median-house-prices-by-type-and-sale-year/,City of Melbourne Open Data,data.melbourne.vic.gov.au,"Median prices for dwellings/townhouses, and apartments by their year of sale for the City of Melbourne.",Property,,Tabular,34,4,sale_year | type | median_price | transaction_count
ASSET-0116,MOP:median-house-prices-by-transfer-year-from-2000-2016,Median House Prices by Transfer Year from 2000 - 2016,https://data.melbourne.vic.gov.au/explore/dataset/median-house-prices-by-transfer-year-from-2000-2016/,City of Melbourne Open Data,data.melbourne.vic.gov.au,"Median prices for dwellings/townhouses, and apartments by their year of settlement for the City of Melbourne.",Property,,Tabular,34,4,transfer_year | type | median_price | transaction_count
ASSET-0118,MOP:melbourne-bike-share-station-readings-2011-2017,Melbourne Bike Share Station Readings 2011-2017,https://data.melbourne.vic.gov.au/explore/dataset/melbourne-bike-share-station-readings-2011-2017/,City of Melbourne Open Data,data.melbourne.vic.gov.au,"This dataset show the historical Melbourne Bike Share dock usage. This program came to an end in November 2019. This dataset contains the historical dock readings from sensors in Melbourne's Bike Share. Melbourne Bike Share is a joint RACV/Victorian Government bicycle hire scheme. This dataset contains the locations of all of the bike share pods, the number of bikes located at each pod and the number of empty slots at the pod. Download: Download compressed CSV (51.6MB, 5.64 million rows)",Transport,,Tabular,0,Not stated,Not stated
ASSET-0119,MOP:melbourne-conversations-past-events-2001-2017,Melbourne Conversations past events 2001-2017,https://data.melbourne.vic.gov.au/explore/dataset/melbourne-conversations-past-events-2001-2017/,City of Melbourne Open Data,data.melbourne.vic.gov.au,"A list of all the past public events held in the Melbourne Conversations series, which began in October 2001. This data comes from an internal working document and may contain errors and omissions. More information about Melbourne Conversations here: http://www.melbourne.vic.gov.au/arts-and-culture/events-partnerships/melbourne-conversations/Pages/melbourne-conversations.aspx",People,,Tabular,296,7,title | date_venue | venue | attendance_est | speakers | partners_sponsors | overview
ASSET-0120,MOP:melbourne-testbed-devices-reference-list,Melbourne Testbed Devices Reference List,https://data.melbourne.vic.gov.au/explore/dataset/melbourne-testbed-devices-reference-list/,City of Melbourne Open Data,City of Melbourne,Dataset containing list and location of all devices used for the Melbourne 5G and IoT testbed,Sensors,,Tabular,56,8,sensor_name | sensor_id | sensor_type | type_measure | sensor_location | location_name | location_picture_hyperlink | location_picture
ASSET-0121,MOP:melbourne-visitor-contact-stats,Melbourne Visitor Contact Stats,https://data.melbourne.vic.gov.au/explore/dataset/melbourne-visitor-contact-stats/,City of Melbourne Open Data,data.melbourne.vic.gov.au,"The City of Melbourne provides visitor programs such as city tours, town hall tours, cruise ship and visitor shuttle trips and face to face visitor contact points including the visitor centre, visitor booth and the city ambassador program. This dataset tracks the number of people who participate in visitor programs and the number of visitors our customer relations officers assist every month. Melbourne Visitor Shuttle ceased as of September 2017 The Melbourne Visitor Centre closed on Sunday 19th of August 2018 The Melbourne Visitor Hub at Town Hall opened on Monday 20th of August 2018 The Visitor Hub at Queen Victoria Market opened in late November",City Council,,Tabular,476,5,date | number_of_contacts | source | year | month
ASSET-0124,MOP:microclimate-sensor-locations,Microclimate Sensor Locations - Historical,https://data.melbourne.vic.gov.au/explore/dataset/microclimate-sensor-locations/,City of Melbourne Open Data,data.melbourne.vic.gov.au,"Note: these sensors are removed and new microclimate sensors are installed in the City. Please check https://data.melbourne.vic.gov.au/explore/dataset/microclimate-sensors-data/table/ This dataset contains the historical location and location description for each microclimate sensor device installed throughout the city. Each microclimate sensor device will have several climate sensors embedded inside. Sensor devices are typically installed on a street pole and locations are selected based on relevant project criteria. Since the beginning of the Microclimate Sensor Readings dataset in 2019, some sensor devices have been relocated. This may be for various reasons such as construction works or re-assignment to new climate projects. Any changes to sensor locations are important to consider when analysing and interpreting historical data. The site_id column can be used to merge the data with related dataset (linked below). Site_id refers to the location of the unique sensor device which may have changed over time. Related datasets: Microclimate Sensor - Sensor Readings",Environment,,Geospatial,16,9,site_id | gatewayhub_id | site_status | last_data_local | start_reading | end_reading | latitude | longitude | location
ASSET-0125,MOP:microclimate-sensor-readings,Microclimate Sensor Readings-Historical,https://data.melbourne.vic.gov.au/explore/dataset/microclimate-sensor-readings/,City of Melbourne Open Data,data.melbourne.vic.gov.au,"This dataset contains historical environmental readings from microclimate sensors located across the city. The data was updated every hour in fifteen minute increments and can be used to determine variations in microclimate changes throughout the day. Microclimate data includes: - Ambient air temperature - Relative humidity - Barometric pressure - Particulate matter 2.5 - Particulate matter 10 - Average wind speed The Microclimate Sensor Readings helps us to understand temperature, relative humidity, pressure, particulate matter 2.5, particulate matter 10, and average wind speed at different locations and different times of day to better inform decision-making and plan for the future. Additional values are included in this dataset to provide an easier way to correlate the data with the official EPA Victoria data. These can be identified with the value 'epa' included in the type column. EPA Victoria report air quality readings in 1 hour and 24 hour averages. This includes; ambient air temperature readings in 1 hour average, relative humidity readings in 1 hour average, particulate matter 2.5 readings in 1 hour and 24 hour averages, and particulate matter 10 readings in 1 hour and 24",Environment,,Tabular,56,9,local_time | id | site_id | sensor_id | value | type | units | gatewayhub_id | site_status
ASSET-0126,MOP:microclimate-sensors-data,Microclimate sensors data,https://data.melbourne.vic.gov.au/explore/dataset/microclimate-sensors-data/,City of Melbourne Open Data,data.melbourne.vic.gov.au,This dataset contains climate readings from climate sensors located within the City. The data is updated every fifteen minutes and can be used to determine variations in microclimate changes throughout the day. This data includes: - Ambient air temperature - Relative humidity - Atmospheric pressure - Wind speed and direction - Gust wind speed - Particulate matter 2.5 - Particulate matter 10 - Noise Note this dataset may not contain a reading every 15 minutes as the sensor devices might not have a reading for each value. There may be some situations where no readings are reported.,Sensors | Environment,UC00171,Geospatial,999130,16,device_id | received_at | sensorlocation | latlong | minimumwinddirection | averagewinddirection | maximumwinddirection | minimumwindspeed | averagewindspeed | gustwindspeed | airtemperature | relativehumidity | atmosphericpressure | pm25 | pm10 | noise
ASSET-0127,MOP:microlabs-accelerometer-sensor-data,Microlabs Accelerometer Sensor Data,https://data.melbourne.vic.gov.au/explore/dataset/microlabs-accelerometer-sensor-data/,City of Melbourne Open Data,City of Melbourne,Not stated,Sensors,,Geospatial,3687,14,time | sensor_location | dev_id | sensor_name | lat_long | batv | intrip | mandown | type | speedkmph | latitudedeg | fixfailed | headingdeg | longitudedeg
ASSET-0128,MOP:microlabs-co2-sensor-data,Microlabs CO2 Sensor Data,https://data.melbourne.vic.gov.au/explore/dataset/microlabs-co2-sensor-data/,City of Melbourne Open Data,City of Melbourne,Not stated,Environment,,Geospatial,341292,11,dev_id | sensor_name | time | temperature | humidity | light | motion | visit | vdd | lat_long | co2
ASSET-0129,MOP:microlabs-sound-sensor-data,Microlabs Sound Sensor Data,https://data.melbourne.vic.gov.au/explore/dataset/microlabs-sound-sensor-data/,City of Melbourne Open Data,City of Melbourne,Not stated,Sensors,,Geospatial,313336,12,dev_id | sensor_name | time | temperature | humidity | light | motion | visit | vdd | soundpeak | soundavg | lat_long
ASSET-0130,MOP:multicultural-community-profile-2016,Multicultural Community Profile 2016,https://data.melbourne.vic.gov.au/explore/dataset/multicultural-community-profile-2016/,City of Melbourne Open Data,data.melbourne.vic.gov.au,"Contains demographic profile information from the Australian Bureau of Statistics (ABS) 2016 Census of Population and Housing. Data has been aggregated based on the top 12 countries of birth for residents. This data has been derived from the ABS Census TableBuilder online data tool ( http://www.abs.gov.au/websitedbs/D3310114.nsf/Home/2016%20TableBuilder ) by Australian Bureau of Statistics, used under CC 4.0 .",People,,Tabular,2374,6,profile | census_year | category | sub_category | sub_order | value
ASSET-0131,MOP:municipal-boundary,Municipal boundary,https://data.melbourne.vic.gov.au/explore/dataset/municipal-boundary/,City of Melbourne Open Data,data.melbourne.vic.gov.au,This shapefile shows the boundary of the City of Melbourne municipality.,Property,,Geospatial,1,10,geo_point_2d | geo_shape | mccid_gis | maplabel | name | xorg | mccid_str | xsource | xdate | mccid_int
ASSET-0133,MOP:off-street-car-parks-with-capacity-and-type,Off-street car parks with capacity and type,https://data.melbourne.vic.gov.au/explore/dataset/off-street-car-parks-with-capacity-and-type/,City of Melbourne Open Data,data.melbourne.vic.gov.au,"Data collected as part of the City of Melbourne's Census of Land Use and Employment (CLUE). The data covers the period 2002-2024. The number of off-street car parking spaces per property is recorded in CLUE. Car parking can be classified as: • Commercial: Car parking in a publicly accessible, paid parking facility • Residential: Car parking in a residential building or property • Private: Car parking in a non-residential building that is provided for use by staff, customers or visitors. For more information see http://www.melbourne.vic.gov.au/clue",Transport,UC00027,Geospatial,151199,11,census_year | block_id | property_id | base_property_id | building_address | clue_small_area | parking_type | parking_spaces | longitude | latitude | location
ASSET-0134,MOP:older-people-profile-2016-60-years-and-over,Older People Profile 2016 (60 years and over),https://data.melbourne.vic.gov.au/explore/dataset/older-people-profile-2016-60-years-and-over/,City of Melbourne Open Data,data.melbourne.vic.gov.au,"Contains demographic profile information from the Australian Bureau of Statistics (ABS) 2016 Census of Population and Housing. Data has been aggregated by older people (aged 60 years and over), as well as the remaining population (aged under 60 years). This data has been derived from the ABS Census TableBuilder online data tool ( http://www.abs.gov.au/websitedbs/D3310114.nsf/Home/2016%20TableBuilder ) by Australian Bureau of Statistics, used under CC 4.0 .",People,UC00117,Tabular,548,6,profile | census_year | category | sub_category | sub_order | value
ASSET-0135,MOP:on-street-car-park-bay-restrictions,On-street Car Park Bay Restrictions,https://data.melbourne.vic.gov.au/explore/dataset/on-street-car-park-bay-restrictions/,City of Melbourne Open Data,data.melbourne.vic.gov.au,"Upcoming Changes: Please note that our parking system is being improved and this dataset may be disrupted. See more information here . Each row contains information about the restrictions that apply to one parking bay. Each restriction consists of a set of columns: How the data joins: There are three datasets that make up the live parking sensor release. They are the on-street parking bay sensors, on-street parking bays and the on-street car park bay restrictions. The way the datasets join is as follows. The on-street parking bay sensors join to the on-street parking bays by the marker_id attribute. The on-street parking bay sensors join to the on-street car park bay restrictions by the bay_id attribute. The on-street parking bays and the on-street car park bay restrictions don’t currently join. Field information: - FromDay: The first day in the range on which this restriction applies (0=Sunday, 6=Saturday) - ToDay: The final day in the range, inclusive. (1-5=Monday to Friday) - StartTime: The time each day when the restriction applies. - EndTime: The time each day when the restriction ends. - TypeDesc: The type of restriction. Eg: ""2P Meter"" (two hour parking, paid for using a met",Transport,UC00111 | UC00163,Tabular,4263,62,bayid | deviceid | description1 | description2 | description3 | description4 | description5 | description6 | disabilityext1 | disabilityext2 | disabilityext3 | disabilityext4 | disabilityext5 | disabilityext6 | duration1 | duration2 | duration3 | duration4 | duration5 | duration6 | effectiveonph1 | effectiveonph2 | effectiveonph3 | effectiveonph4 | effectiveonph5 | effectiveonph6 | endtime1 | endtime2 | endtime3 | endtime4 | endtime5 | endtime6 | exemption1 | exemption2 | exemption3 | exemption4 | exemption5 | exemption6 | fromday1 | fromday2 | fromday3 | fromday4 | fromday5 | fromday6 | starttime1 | starttime2 | starttime3 | starttime4 | starttime5 | starttime6 | today1 | today2 | today3 | today4 | today5 | today6 | typedesc1 | typedesc2 | typedesc3 | typedesc4 | typedesc5 | typedesc6
ASSET-0136,MOP:on-street-car-parking-meters-with-location,On-street Car Parking Meters with Location,https://data.melbourne.vic.gov.au/explore/dataset/on-street-car-parking-meters-with-location/,City of Melbourne Open Data,data.melbourne.vic.gov.au,"Upcoming Changes: Please note that our parking system is being improved and this dataset may be disrupted. See more information here . This dataset shows the location and information about council's on-street car parking meters. It contains information about the parking meter model type, if the model accepts credit card and tap 'n go facilities.",Transport,UC00163,Geospatial,1404,9,barcode | creditcard | tapandgo | asset_id | meter_id | location_description | latitude | longitude | location
ASSET-0137,MOP:on-street-car-parking-sensor-data-2011,On-street Car Parking Sensor Data - 2011,https://data.melbourne.vic.gov.au/explore/dataset/on-street-car-parking-sensor-data-2011/,City of Melbourne Open Data,data.melbourne.vic.gov.au,"The City of Melbourne has installed in-ground parking bay sensors in most CBD parking bays. These sensors record when a vehicle arrives and when it departs. Each record also includes the parking restriction for the bay and whether the vehicle has overstayed that restriction. This is the data for the 2011 calendar year Known data issues: 1.There are 488,167 records that have the text ‘OLD’ at the end of the restriction in the field named ‘Sign’. This has been investigated and determined the text refers to one of two things, either: · At the time of the parking event the restriction that has been captured is correct but when the data was extracted from the server (July 2017) the restriction had since changed. · (Or) The particular sensor has since been replaced. 2. There are a number of records that have a negative value in the duration in field ‘seconds’. This occurs due to a sensor detecting an arrival time being after the departure time. 3. There are a number of records where the arrival and departure times have not been recorded. If the time has not been recorded the time is calculated from midnight of the arrival day to either midnight of the departure day or to the departure ti",Transport,,Tabular,0,Not stated,Not stated
ASSET-0138,MOP:on-street-car-parking-sensor-data-2012,On-street Car Parking Sensor Data - 2012,https://data.melbourne.vic.gov.au/explore/dataset/on-street-car-parking-sensor-data-2012/,City of Melbourne Open Data,data.melbourne.vic.gov.au,"The City of Melbourne has installed in-ground parking bay sensors in most CBD parking bays. These sensors record when a vehicle arrives and when it departs. Each record also includes the parking restriction for the bay and whether the vehicle has overstayed that restriction. This is the data for the 2012 calendar year. Known data issues: 1. There are 1,139,275 records that have the text ‘OLD’ at the end of the restriction in the field named ‘Sign’. This has been investigated and determined the text refers to one of two things, either: · At the time of the parking event the restriction that has been captured is correct but when the data was extracted from the server (July 2017) the restriction had since changed. · (Or) The particular sensor has since been replaced. 2. There are a number of records that have a negative value in the duration in field ‘seconds’. This occurs due to a sensor detecting an arrival time being after the departure time. 3. There are a number of records where the arrival and departure times have not been recorded. If the time has not been recorded the time is calculated from midnight of the arrival day to either midnight of the departure day or to the departur",Transport,,Tabular,0,Not stated,Not stated
ASSET-0139,MOP:on-street-car-parking-sensor-data-2013,On-street Car Parking Sensor Data - 2013,https://data.melbourne.vic.gov.au/explore/dataset/on-street-car-parking-sensor-data-2013/,City of Melbourne Open Data,data.melbourne.vic.gov.au,"The City of Melbourne has installed in-ground parking bay sensors in most CBD parking bays. These sensors record when a vehicle arrives and when it departs. Each record also includes the parking restriction for the bay and whether the vehicle has overstayed that restriction. This is the data for the 2013 calendar year Known data issues: 1. There are 987,179 records that have the text ‘OLD’ at the end of the restriction in the field named ‘Sign’. This has been investigated and determined the text refers to one of two things, either: · At the time of the parking event the restriction that has been captured is correct but when the data was extracted from the server (July 2017) the restriction had since changed. · (Or) The particular sensor has since been replaced. 2. There are a number of records that have a negative value in the duration in field ‘seconds’. This occurs due to a sensor detecting an arrival time being after the departure time. 3. There are a number of records where the arrival and departure times have not been recorded. If the time has not been recorded the time is calculated from midnight of the arrival day to either midnight of the departure day or to the departure t",Transport,,Tabular,0,Not stated,Not stated
ASSET-0140,MOP:on-street-car-parking-sensor-data-2014,On-street Car Parking Sensor Data - 2014,https://data.melbourne.vic.gov.au/explore/dataset/on-street-car-parking-sensor-data-2014/,City of Melbourne Open Data,data.melbourne.vic.gov.au,"The City of Melbourne has installed in-ground parking bay sensors in most CBD parking bays. These sensors record when a vehicle arrives and when it departs. Each record also includes the parking restriction for the bay and whether the vehicle has overstayed that restriction. This is the data for the 2014 calendar year. Known data issues: 1. There are 1,126,441 records that have the text ‘OLD’ at the end of the restriction in the field named ‘Sign’. This has been investigated and determined the text refers to one of two things, either: · At the time of the parking event the restriction that has been captured is correct but when the data was extracted from the server (July 2017) the restriction had since changed. · (Or) The particular sensor has since been replaced. 2. There are a number of records that have a negative value in the duration in field ‘seconds’. This occurs due to a sensor detecting an arrival time being after the departure time. 3. There are a number of records where the arrival and departure times have not been recorded. If the time has not been recorded the time is calculated from midnight of the arrival day to either midnight of the departure day or to the departur",Transport,,Tabular,0,Not stated,Not stated
ASSET-0141,MOP:on-street-car-parking-sensor-data-2015,On-street Car Parking Sensor Data - 2015,https://data.melbourne.vic.gov.au/explore/dataset/on-street-car-parking-sensor-data-2015/,City of Melbourne Open Data,data.melbourne.vic.gov.au,"The City of Melbourne has installed in-ground parking bay sensors in most CBD parking bays. These sensors record when a vehicle arrives and when it departs. Each record also includes the parking restriction for the bay and whether the vehicle has overstayed that restriction. This is the data for the 2015 calendar year. Known data issues: 1. There are 453,178 records that have the text ‘OLD’ at the end of the restriction in the field named ‘Sign’. This has been investigated and determined the text refers to one of two things, either: · At the time of the parking event the restriction that has been captured is correct but when the data was extracted from the server (July 2017) the restriction had since changed. · (Or) The particular sensor has since been replaced. 2. There are a number of records that have a negative value in the duration in field ‘seconds’. This occurs due to a sensor detecting an arrival time being after the departure time. 3. There are a number of records where the arrival and departure times have not been recorded. If the time has not been recorded the time is calculated from midnight of the arrival day to either midnight of the departure day or to the departure ",Transport,,Tabular,0,Not stated,Not stated
ASSET-0142,MOP:on-street-car-parking-sensor-data-2016,On-street Car Parking Sensor Data - 2016,https://data.melbourne.vic.gov.au/explore/dataset/on-street-car-parking-sensor-data-2016/,City of Melbourne Open Data,data.melbourne.vic.gov.au,"The City of Melbourne has installed in-ground parking bay sensors in most CBD parking bays. These sensors record when a vehicle arrives and when it departs. Each record also includes the parking restriction for the bay and whether the vehicle has overstayed that restriction. This is the data for the 2016 calendar year. Known data issues: 1. There are 342,475 records that have the text ‘OLD’ at the end of the restriction in the field named ‘Sign’. This has been investigated and determined the text refers to one of two things, either: · At the time of the parking event the restriction that has been captured is correct but when the data was extracted from the server (July 2017) the restriction had since changed. · (Or) The particular sensor has since been replaced. 2. There are a number of records that have a negative value in the duration in field ‘seconds’. This occurs due to a sensor detecting an arrival time being after the departure time. 3. There are a number of records where the arrival and departure times have not been recorded. If the time has not been recorded the time is calculated from midnight of the arrival day to either midnight of the departure day or to the departure ",Transport,,Tabular,0,Not stated,Not stated
ASSET-0143,MOP:on-street-car-parking-sensor-data-2017,On-street Car Parking Sensor Data - 2017,https://data.melbourne.vic.gov.au/explore/dataset/on-street-car-parking-sensor-data-2017/,City of Melbourne Open Data,data.melbourne.vic.gov.au,"The City of Melbourne has installed in-ground parking bay sensors in most CBD parking bays. These sensors record when a vehicle arrives and when it departs. Each record also includes the parking restriction for the bay and whether the vehicle has overstayed that restriction. This is the data for the 2017 calendar year. Known data issues: 1. There are 860 records that have the text ‘OLD’ at the end of the restriction in the field named ‘Sign’. This has been investigated and determined the text refers to one of two things, either: · At the time of the parking event the restriction that has been captured is correct but when the data was extracted from the server (April 2018) the restriction had since changed. · (Or) The particular sensor has since been replaced. 2. There are a number of records that have a negative value in the duration in field ‘seconds’. This occurs due to a sensor detecting an arrival time being after the departure time. 3. There are a number of records where the arrival and departure times have not been recorded. If the time has not been recorded the time is calculated from midnight of the arrival day to either midnight of the departure day or to the departure tim",Transport,,Tabular,0,Not stated,Not stated
ASSET-0144,MOP:on-street-car-parking-sensor-data-2018,On-street Car Parking Sensor Data - 2018,https://data.melbourne.vic.gov.au/explore/dataset/on-street-car-parking-sensor-data-2018/,City of Melbourne Open Data,data.melbourne.vic.gov.au,"The City of Melbourne has installed in-ground parking bay sensors in most CBD parking bays. These sensors record when a vehicle arrives and when it departs. Each record also includes the parking restriction for the bay and whether the vehicle has overstayed that restriction. An event will include if a vehicle was present or not which can determine stay time and vacancy time. Download: Download compressed CSV (504MB, 30.2 million rows)",Transport,,Tabular,0,Not stated,Not stated
ASSET-0145,MOP:on-street-car-parking-sensor-data-2019,On-street Car Parking Sensor Data - 2019,https://data.melbourne.vic.gov.au/explore/dataset/on-street-car-parking-sensor-data-2019/,City of Melbourne Open Data,data.melbourne.vic.gov.au,"The City of Melbourne has installed in-ground parking bay sensors in most CBD parking bays. These sensors record when a vehicle arrives and when it departs. Each record also includes the parking restriction for the bay and whether the vehicle has overstayed that restriction. An event will include if a vehicle was present or not which can determine stay time and vacancy time. Download: Download compressed CSV (717.1MB, 42.7 million rows)",Transport,,Tabular,0,Not stated,Not stated
ASSET-0146,MOP:on-street-car-parking-sensor-data-2020-jan-may,On-street Car Parking Sensor Data - 2020 (Jan - May),https://data.melbourne.vic.gov.au/explore/dataset/on-street-car-parking-sensor-data-2020-jan-may/,City of Melbourne Open Data,data.melbourne.vic.gov.au,"The City of Melbourne has installed in-ground parking bay sensors in most CBD parking bays. These sensors record when a vehicle arrives and when it departs. Each record also includes the parking restriction for the bay and whether the vehicle has overstayed that restriction. This is the data for the period of Jan 1st 2020 to May 2020. This dataset was released to support customer requests to understand the impact of Covid-19 on city movement. Download: Download compressed CSV (258.5MB, 14.2 million rows)",Transport,,Tabular,0,Not stated,Not stated
ASSET-0147,MOP:on-street-parking-bay-sensors,On-street Parking Bay Sensors,https://data.melbourne.vic.gov.au/explore/dataset/on-street-parking-bay-sensors/,City of Melbourne Open Data,data.melbourne.vic.gov.au,"This dataset contains information from in-ground car parking bay sensors across the city with status indicating if a car is present or not present, the spatial coordinate of the sensor, and the Kerbside id. Additional information: Further information about City of Melbourne's parking sensors can be found here . Outages This dataset is updated through network relays and can be disrupted causing delays in data updates. Users of this data are encouraged to monitor the dataset's last updated timestamp (Lastupdated column) to check for delays in the data being updated. Disclaimer While all due care has been taken to ensure the data of this website is accurate, current and available please note: · there may be errors or omission in it · there may be occasions where the data is not available and/or the website will be unavailable. The City of Melbourne and its employees accept no responsibility for any loss, damage, claim, expense, cost or liability whatsoever (including in contract, tort including negligence, pursuant to statue and otherwise) arising in respect of or in connection with accessing, using or reliance upon the data in this website, or the unavailability of the data or the we",Transport,UC00111 | UC00163,Geospatial,6324,6,lastupdated | status_timestamp | zone_number | status_description | kerbsideid | location
ASSET-0148,MOP:on-street-parking-bays,On-street Parking Bays,https://data.melbourne.vic.gov.au/explore/dataset/on-street-parking-bays/,City of Melbourne Open Data,data.melbourne.vic.gov.au,"Upcoming Changes: Please note that our parking system is being improved and this dataset may be disrupted. See more information here . This dataset contains spatial polygons which represent parking bays across the city. Each bay can also link to it's parking meter, and parking sensor information. How the data joins: There are three datasets that make up the live parking sensor release. They are the on-street parking bay sensors, on-street parking bays and the on-street car park bay information. The way the datasets join is as follows. The on-street parking bay sensors join to the on-street parking bays by the marker_id attribute. The on-street parking bay sensors join to the on-street car park bay restrictions by the bay_id attribute. The on-street parking bays and the on-street car park bay information don’t currently join. Please see City of Melbourne's disclaimer regarding the use of this data. https://data.melbourne.vic.gov.au/stories/s/94s9-uahn",Transport,UC00111,Geospatial,29053,7,roadsegmentid | kerbsideid | roadsegmentdescription | latitude | longitude | lastupdated | location
ASSET-0149,MOP:organic-waste-collected-at-degraves-st-recycling-facility-2016,Organic waste collected at Degraves St Recycling Facility 2016,https://data.melbourne.vic.gov.au/explore/dataset/organic-waste-collected-at-degraves-st-recycling-facility-2016/,City of Melbourne Open Data,data.melbourne.vic.gov.au,"This dataset records amount of organic waste collected each day at the Degraves Street Recycling Facility, in kilograms, throughout 2016.",Environment,,Tabular,366,7,day | date | gross_weight_bin_1_kg | gross_weight_bin_2_kg | gross_weight_bin_3_kg | gross_weight_bin_4_kg | daily_estimated_net_weight_kg
ASSET-0150,MOP:outdoor-artworks,Outdoor artworks,https://data.melbourne.vic.gov.au/explore/dataset/outdoor-artworks/,City of Melbourne Open Data,data.melbourne.vic.gov.au,"This dataset contains outdoor artwork such as memorials and sculptures located around the city including the makers behind the artwork and dates the artwork was installed. This data allows residents and owners to explore the City of Melbourne's streets and intimate laneways, parks and waterfront to find inspiring works of art in surprising places.",People,,Geospatial,202,19,geo_point_2d | geo_shape | road_segment | location | latitude | asset_id | history | owner_type | description | object_type | art_date | inscription | longitude | company | service_manager | makers | property | classification | title
ASSET-0151,MOP:outdoor-non-smoking-zones,Outdoor non-smoking zones,https://data.melbourne.vic.gov.au/explore/dataset/outdoor-non-smoking-zones/,City of Melbourne Open Data,data.melbourne.vic.gov.au,The City of Melbourne has designated outdoor no smoking areas which are above and beyond those areas designated in the tobacco act. This dataset displays the outdoor areas which the City of Melbourne has the authority to designate as no smoking areas,Property,,Geospatial,12,19,name | venue_type | location | legislatio | shape_stle | property_i | xorg | mccid_str | last_edite | created_us | created_da | xsource | last_edi_1 | xdate | mccid_int | shape_star | roadseg_id | geo_shape | geo_point_2d
ASSET-0152,MOP:parking-bay-arrivals-and-departures-2014,Parking bay arrivals and departures 2014,https://data.melbourne.vic.gov.au/explore/dataset/parking-bay-arrivals-and-departures-2014/,City of Melbourne Open Data,data.melbourne.vic.gov.au,"The City of Melbourne has installed in-ground parking bay sensors in most CBD parking bays. These sensors record when a vehicle arrives and when it departs. Each record also includes the parking restriction for the bay and whether the vehicle has overstayed that restriction. This is the data for the 2014 calendar year Download: Download compressed CSV 247.7MB, 13.5 million rows)",Transport,,Tabular,0,Not stated,Not stated
ASSET-0153,MOP:parking-restrictions-southeast-cbd-only-2014,Parking restrictions (southeast CBD only) 2014,https://data.melbourne.vic.gov.au/explore/dataset/parking-restrictions-southeast-cbd-only-2014/,City of Melbourne Open Data,data.melbourne.vic.gov.au,This survey was conducted for 1/3 of the CBD with as a proof of concept. This survey shows the parking restrictions that apply along lengths of CBD roads.,Transport,,Geospatial,2188,50,geo_point_2d | geo_shape | period4st | lable | period1et | period3des | a_code | period6des | period2des | refline_id | period5et | limitation | period4ed | period5sd | exceptions | period3et | moddes | code0 | period1ed | period4des | period1des | period2st | period6sd | period6et | period5st | fromasseti | code | period5ed | code1 | type_code | period3sd | period5des | comment | period2et | park | period1st | period2sd | period6st | notes | period4sd | period2ed | period6ed | period3st | type | descript0 | period4et | period3ed | toassetid | period1sd | descriptio
ASSET-0154,MOP:parking-zones-linked-to-street-segments,Parking zones linked to street segments,https://data.melbourne.vic.gov.au/explore/dataset/parking-zones-linked-to-street-segments/,City of Melbourne Open Data,data.melbourne.vic.gov.au,This dataset contains each parking zone and the street segment that it is linked to. The parking zone can go across multiple street segments and also one street segment can have multiple parking zones. This data can be linked to both the sign plate parking zone dataset . The dataset(s) can be joined on parking zone. To create a spatial dataset the street segment can be joined with the road corridor dataset on the street segment id.,Transport,,Tabular,926,5,parkingzone | onstreet | streetfrom | streetto | segment_id
ASSET-0155,MOP:patents-2010-14-with-per-capita-count-standard-and-innovation-only,Patents 2010-14 with per-capita count (Standard and Innovation only),https://data.melbourne.vic.gov.au/explore/dataset/patents-2010-14-with-per-capita-count-standard-and-innovation-only/,City of Melbourne Open Data,data.melbourne.vic.gov.au,"The number of patents issued to resident persons or corporations of a city is an indicator of innovation, which is a result of the production and use of knowledge. The patents counted in this indicator were 'standard' and 'innovation patents. Standard patents are granted only for inventions - in other words an invention that is not an obvious thing to do for someone with knowledge and experience in the technological field of the invention. The innovation patent is granted for an incremental advance on existing technology or knowledge that makes a substantial contribution to the working of the invention. To derive the figure for per 100,000 residents, the total number of patents granted annually to individuals and entities living or working in the municipality is divided by the municipality's population divided by 100,000. The result is a figures expressed as the number of new patents granted per 100,000 population.",Business,,Tabular,5,3,year | total_patents_granted | patents_granted_per_100_000_residents
ASSET-0156,MOP:patents-by-postcode-2010-14-standard-and-innovation-only,Patents by postcode 2010-14 (Standard and Innovation only),https://data.melbourne.vic.gov.au/explore/dataset/patents-by-postcode-2010-14-standard-and-innovation-only/,City of Melbourne Open Data,data.melbourne.vic.gov.au,"The number of patents issued to resident persons or corporations of a city is an indicator of innovation, which is a result of the production and use of knowledge. The patents counted in this indicator were 'standard' and 'innovation patents. Standard patents are granted only for inventions - in other words an invention that is not an obvious thing to do for someone with knowledge and experience in the technological field of the invention. The innovation patent is granted for an incremental advance on existing technology or knowledge that makes a substantial contribution to the working of the invention.",Business,,Tabular,16,6,postcode | 2010 | 2011 | 2012 | 2013 | 2014
ASSET-0157,MOP:pay-stay-parking-restrictions,Pay Stay parking restrictions,https://data.melbourne.vic.gov.au/explore/dataset/pay-stay-parking-restrictions/,City of Melbourne Open Data,data.melbourne.vic.gov.au,This dataset refers to a deprecated parking management solution. It contains detailed historical information on parking restrictions in each Pay Stay zone. There can be multiple restrictions per Pay Stay zone per day. This data can be linked to both the street segment Pay Stay zone dataset. https://data.melbourne.vic.gov.au/explore/dataset/pay-stay-zones-linked-to-street-segments/information/ and also the sign plate Pay Stay zone dataset https://data.melbourne.vic.gov.au/explore/dataset/sign-plates-located-in-each-pay-stay-zone/information/ The datasets can be joined on Pay Stay zone. For further information on Pay Stay https://www.paystay.com.au/,Transport,,Tabular,6270,8,pay_stay_zone | day_of_week | start_time | end_time | minimum_stay | maximum_stay | cost_per_hour | day_of_week_name
ASSET-0158,MOP:pay-stay-zones-linked-to-street-segments,Pay Stay zones linked to street segments,https://data.melbourne.vic.gov.au/explore/dataset/pay-stay-zones-linked-to-street-segments/,City of Melbourne Open Data,data.melbourne.vic.gov.au,This dataset refers to a deprecated parking management solution. It contains each Pay Stay zone and the street segment that it is linked to. The Pay Stay zone can go across multiple street segments and also one street segment can have multiple Pay Stay zones. This data can be linked to both the sign plate Pay Stay zone dataset. https://data.melbourne.vic.gov.au/explore/dataset/sign-plates-located-in-each-pay-stay-zone/information/ and also the Pay Stay parking restrictions dataset https://data.melbourne.vic.gov.au/explore/dataset/pay-stay-parking-restrictions/information/ The datasets can be joined on Pay Stay zone. To create a spatial dataset the street segment can be joined with the road corridor dataset on the street segment id. https://data.melbourne.vic.gov.au/explore/dataset/road-corridors/information/ For further information on Pay Stay https://www.paystay.com.au/,Transport,,Tabular,935,5,pay_stay_zone | street | between_street_1 | between_street_2 | street_segment_id
ASSET-0011,MOP:pedestrian-counting-system-monthly-counts-per-hour,Pedestrian Counting System (counts per hour),https://data.melbourne.vic.gov.au/explore/dataset/pedestrian-counting-system-monthly-counts-per-hour/,City of Melbourne Open Data,data.melbourne.vic.gov.au,"This dataset contains hourly pedestrian counts since 2009 from pedestrian sensor devices located across the city. The data is updated on a monthly basis and can be used to determine variations in pedestrian activity throughout the day. The sensor_id column can be used to merge the data with the Pedestrian Counting System - Sensor Locations dataset which details the location, status and directional readings of sensors. Any changes to sensor locations are important to consider when analysing and interpreting pedestrian counts over time. Importants notes about this dataset: • Where no pedestrians have passed underneath a sensor during an hour, a count of zero will be shown for the sensor for that hour. • Directional readings are not included, though we hope to make this available later in the year. Directional readings are provided in the Pedestrian Counting System – Past Hour (counts per minute) dataset. The Pedestrian Counting System helps to understand how people use different city locations at different times of day to better inform decision-making and plan for the future. A representation of pedestrian volume which compares each location on any given day and time can be found in ",Transport,UC00088 | UC00157 | UC00171 | UC00180,Geospatial,1621525,9,id | location_id | sensing_date | hourday | direction_1 | direction_2 | pedestriancount | sensor_name | location
ASSET-0159,MOP:pedestrian-counting-system-past-hour-counts-per-minute,Pedestrian Counting System - Past Hour (counts per minute),https://data.melbourne.vic.gov.au/explore/dataset/pedestrian-counting-system-past-hour-counts-per-minute/,City of Melbourne Open Data,data.melbourne.vic.gov.au,"Current issue 23/09/2020 Please note: Sensors 67, 68 and 69 are showing duplicate records. We are currently working on a fix to resolve this. This dataset contains minute by minute directional pedestrian counts for the last hour from pedestrian sensor devices located across the city. The data is updated every 15 minutes and can be used to determine variations in pedestrian activity throughout the day. The sensor_id column can be used to merge the data with the Sensor Locations dataset which details the location, status and directional readings of sensors. Any changes to sensor locations are important to consider when analysing and interpreting historical pedestrian counting data. Note this dataset may not contain a reading for every sensor for every minute as sensor devices only create a record when one or more pedestrians have passed underneath the sensor. The Pedestrian Counting System helps us to understand how people use different city locations at different times of day to better inform decision-making and plan for the future. A representation of pedestrian volume which compares each location on any given day and time can be found in our Online Visualisation . Related datasets",Transport,,Tabular,28103,7,location_id | sensing_datetime | sensing_date | sensing_time | direction_1 | direction_2 | total_of_directions
ASSET-0160,MOP:pedestrian-counting-system-sensor-locations,Pedestrian Counting System - Sensor Locations,https://data.melbourne.vic.gov.au/explore/dataset/pedestrian-counting-system-sensor-locations/,City of Melbourne Open Data,data.melbourne.vic.gov.au,"This dataset contains status, location and directional information for each pedestrian sensor device installed throughout the city. The sensor_id column can be used to merge the data with related datasets. Since the inauguration of the Pedestrian Counting System in 2009, some sensor devices have been removed or relocated. This may be for various reasons such as construction works. Others may be inactive due to a temporary issue. This is detailed in the notes column. Any changes to sensor locations are important to consider when analysing and interpreting historical pedestrian counting data. Sensors are typically installed under an awning or on a street pole to form a counting zone on the footpath below. They record bi-directional pedestrian movements through the zone, 24 hours, every day. Locations are selected based on three criteria – retail and event activity, regular pedestrian use and the egress and entry flow to these areas. The system records movements, not images, so no individual information is collected. New sensor devices have been recently installed, with more to come in the near future as part of the city’s commitment to expanding the system. Status field: This field i",Transport,,Geospatial,134,12,location_id | sensor_description | sensor_name | installation_date | note | location_type | status | direction_1 | direction_2 | latitude | longitude | location
ASSET-0012,MOP:pedestrian-network,Pedestrian Network,https://data.melbourne.vic.gov.au/explore/dataset/pedestrian-network/,City of Melbourne Open Data,data.melbourne.vic.gov.au,"This dataset contains a line network representing pedestrian walking routes throughout the City of Melbourne. It features links to additional land subdivisions and incorporates additional elements/attributes. The network has been created with the intent to assist interested stakeholder in multiple modelling tasks including catchment analysis and route analysis. The network emulates pedestrian behaviour, by allowing free movement in low traffic areas while penalising busy crossings with traffic lights. The network also connects to the City of Melbourne property layer through property centroids and connectors for all the different properties in the dataset. The download is a zip file containing compressed .json files. Please see the metadata attached for further information.",Transport,UC00010,Geospatial,85326,4,geo_point_2d | geo_shape | objectid | neworkid
ASSET-0161,MOP:planned-capital-works-and-maintenance-2014-15-with-funding-sources,"Planned capital works and maintenance 2014-15, with funding sources",https://data.melbourne.vic.gov.au/explore/dataset/planned-capital-works-and-maintenance-2014-15-with-funding-sources/,City of Melbourne Open Data,data.melbourne.vic.gov.au,This is the planned council works expenditure budget and the sources of funding for the budget. It should be noted that maintenance is included as part of the overall review of council works program but is funded out of the operating budget.,City Council,,Tabular,133,14,financial_year | program | category | sub_category | expenditure_type | program_code | description | cash_000 | grants_000 | parking_levy_000 | external_000 | public_open_space_000 | proceeds_from_sale_of_assets_000 | total_funding_000
ASSET-0162,MOP:plaques-located-at-the-shrine-of-remembrance,Plaques located at the Shrine of Remembrance,https://data.melbourne.vic.gov.au/explore/dataset/plaques-located-at-the-shrine-of-remembrance/,City of Melbourne Open Data,data.melbourne.vic.gov.au,"This dataset contains details on the plaques located at the Shrine of Remembrance of Reserve​. Many of these plaques are located under trees, and where relevant, this dataset also contains details of the tree next to the plaque.",City Council,,Geospatial,310,9,asset_number | title_of_plaque | description_of_plaque | tree_common_name | tree_scientific_name | date_of_tree_planted | lon | lat | location
ASSET-0163,MOP:playgrounds,Playgrounds,https://data.melbourne.vic.gov.au/explore/dataset/playgrounds/,City of Melbourne Open Data,data.melbourne.vic.gov.au,The City of Melbourne maintains a number of public playgrounds across the municipality. This dataset contains spatial information representing the location and playground facility description.,People,,Geospatial,45,6,name | council_re | features | location_d | geo_shape | geo_point_2d
ASSET-0164,MOP:polystyrene-collected-at-degraves-st-recycling-facility-2016,Polystyrene collected at Degraves St Recycling Facility 2016,https://data.melbourne.vic.gov.au/explore/dataset/polystyrene-collected-at-degraves-st-recycling-facility-2016/,City of Melbourne Open Data,data.melbourne.vic.gov.au,This dataset records the number of bags of polystyrene collected each day at the Degraves Street Recycling Facility. Each bag weighs approximately 6.45 kilograms.,Environment,,Tabular,53,10,week_beginning_date | monday | tuesday | wednesday | thursday | friday | saturday | sunday | weekly_total_bags | weekly_estimated_total_kg
ASSET-0165,MOP:postcodes,Postcodes,https://data.melbourne.vic.gov.au/explore/dataset/postcodes/,City of Melbourne Open Data,data.melbourne.vic.gov.au,This Shapefile defines the boundaries and locations of all postcodes with the City of Melbourne,Property,,Geospatial,17,10,geo_point_2d | geo_shape | mccid_gis | maplabel | name | xorg | mccid_str | xsource | xdate | mccid_int
ASSET-0166,MOP:pre-colonial-plant-list,Pre-colonial plant list,https://data.melbourne.vic.gov.au/explore/dataset/pre-colonial-plant-list/,City of Melbourne Open Data,data.melbourne.vic.gov.au,"This dataset contains plant species and their occurence within the City of Melbourne area before 1835. It is based on the ""Pre-colonial plant list for the City of Melbourne"" produced by S.J. Sinclair, G. Sutter and M. Duncan of the Arthur Rylah Institute. For documented methods please refer to the report (attached). Codes are used in this Plant List that refer to the likelihood of the species having occurred in pre-colonial City of Melbourne: • 0 Did not occur • 1 Unlikely to have occurred • 2.1 Quite likely (at low cover) • 2.2 Quite likely (may have been prominent in places (>5% cover)) • 3.1 Highly likely or known to have occurred (low cover) • 3.2 Highly likely or known to have occurred (>5% cover) • - Certain We acknowledge and respect Victorian Traditional Owners as the original custodians of Victoria's land and waters, their unique ability to care for Country and deep spiritual connection to it. In particular, we acknowledge the Traditional Owners of the land to which this work relates, the Wurundjeri Woi Wurrung and Bunurong Boon Wurrung peoples of the Eastern Kulin. We honour Elders past and present whose knowledge and wisdom has ensured the continuation of culture and tra",Environment,,Tabular,1067,19,species | common_name_s | certain | beach_and_dunes | saltmarsh | coastal_marshlands_and_brackish_flats | swamp_scrub | woodlands_and_heathlands_on_sand | woodlands_and_forests_on_sedimentary_hills_valleys_and_ridges | grasslands_and_woodlands_on_fertile_plains | cliffs_and_escarpments | river_banks_and_creeklines | wet_heathland | freshwater_wetland | saltwater_wetland | most_likely_occurrence | epbc_category_of_threat | ffg_extinction_risk | ffg_category_of_threat
ASSET-0167,MOP:properties-leased-by-city-of-melbourne,Properties leased by City of Melbourne,https://data.melbourne.vic.gov.au/explore/dataset/properties-leased-by-city-of-melbourne/,City of Melbourne Open Data,data.melbourne.vic.gov.au,This is a list of off property leases that are administered by the City of Melbourne.,Property,,Tabular,275,5,financial_year | address | lease_start_date | lease_end_date | rent_pa
ASSET-0168,MOP:properties-owned-by-city-of-melbourne-2014-values-over-25-million-only,Properties owned by City of Melbourne 2014 (values over $2.5 million only),https://data.melbourne.vic.gov.au/explore/dataset/properties-owned-by-city-of-melbourne-2014-values-over-25-million-only/,City of Melbourne Open Data,data.melbourne.vic.gov.au,Council-owned land and building assets valued at more than $2.5 million in 2014. This list is published on our website: http://www.melbourne.vic.gov.au/about-council/governance-transparency/council-information/registers-inspection/Pages/default.aspx A further 145 properties are not included in this list.,Property,,Geospatial,74,4,consolidated_value_2014_million | ownership_or_control | location | address
ASSET-0169,MOP:property-boundaries,Property boundaries,https://data.melbourne.vic.gov.au/explore/dataset/property-boundaries/,City of Melbourne Open Data,data.melbourne.vic.gov.au,"This details the boundaries of all properties within the City of Melbourne. A boundary is described as a division between adjacent political entities, tracts of private land, or geographic zones. Boundary lines may be imaginary lines, physical features that follow those lines, or the graphical representation of those lines on a map. Boundary lines between privately owned land parcels are usually called property lines.",Property,,Geospatial,15353,8,gis_id | polyarea | address | property_id | property_name | date_updated | json_geometry | geo_point_2d
ASSET-0170,MOP:property-level-energy-consumption-modelled-on-building-attributes-baseline-2011-,Property level energy consumption (modelled on building attributes) - baseline 2011 and business as usual projections 2016-2026,https://data.melbourne.vic.gov.au/explore/dataset/property-level-energy-consumption-modelled-on-building-attributes-baseline-2011-/,City of Melbourne Open Data,data.melbourne.vic.gov.au,"This dataset should be read alongside other energy consumption datasets on the City of Melbourne open data platform as well as the following report: http://imap.vic.gov.au/uploads/Meeting%20Agendas/2014%20August/Att%207a_IMAP_Energy_Map_-_CSIRO_-_Energy_Use_2011-2026_Report_-_2014June30_-Final_pdf_11.2MB.pdf The dataset outlines modelled energy consumption across the City of Melbourne municipality. It is not energy consumption data captured by a meter, but modelled data based on building attributes such as building age, floor area etc. This data was provided by the CSIRO as a result of a study commissioned by IMAP Councils. The study was governed by a Grant Agreement between Councils and the CSIRO, which stated an intent for the data to be published. This specific dataset is presented at a property level scale. It includes both commercial and residential buildings and projections for energy consumption have been made for between 2016 and 2026, based on a business-as-usual scenario. It does not include the industrial sector.",Environment,,Geospatial,13587,16,geo_point_2d | geo_shape | total_2011 | p_com_2011 | p_res_2026 | p_com_2026 | total_2026 | p_com_2021 | property_id | p_res_2011 | total_2016 | total_2021 | p_res_2021 | floor_area | p_res_2016 | p_com_2016
ASSET-0171,MOP:public-artworks-fountains-and-monuments,"Public artworks, fountains and monuments",https://data.melbourne.vic.gov.au/explore/dataset/public-artworks-fountains-and-monuments/,City of Melbourne Open Data,data.melbourne.vic.gov.au,"The City of Melbourne maintains a register of all public artwork, fountains and monuments located within the City. This dataset contains various information regarding the type, category and geographical location of the artwork.",City Council,,Geospatial,261,14,asset_type | name | xorg | xsource | address_point | artist | alternate_name | art_date | mel_way_ref | respective_author | structure | co_ordinates | easting | northing
ASSET-0172,MOP:public-barbecues,Public barbecues,https://data.melbourne.vic.gov.au/explore/dataset/public-barbecues/,City of Melbourne Open Data,data.melbourne.vic.gov.au,"This dataset holds the description, type and geographical location of all BBQs in the City of Melbourne",City Council,UC00021,Geospatial,65,23,assetid | description | class | type | company | contract | assetmanager | primaryservicemanager | ownership | conditionrating | evaluationdate | installationdate | modelno | modeldescription | colourscheme | locationdescription | propertyname | easting | northing | latitude | longitude | json_geometry | geo_point_2d
ASSET-0173,MOP:public-memorials-and-sculptures,Public memorials and sculptures,https://data.melbourne.vic.gov.au/explore/dataset/public-memorials-and-sculptures/,City of Melbourne Open Data,data.melbourne.vic.gov.au,The City of Melbourne maintains a register of all of the sculptures and memorials located within the city; this record set contains various details in relation to the artwork and location within the City of Melbourne.,City Council,,Geospatial,163,3,description | title | co_ordinates
ASSET-0174,MOP:public-open-space-contribution-register,Public Open Space Contribution Register,https://data.melbourne.vic.gov.au/explore/dataset/public-open-space-contribution-register/,City of Melbourne Open Data,data.melbourne.vic.gov.au,"The City of Melbourne's Public Open Space Contribution Register provides information on money collected from subdivision applications under the Subdivision Act 1988.​The register has the property address, prior and proposed use, date paid, percentage and amount of money collected.",Property,,Geospatial,648,11,reference_id | status | development_address | prior_use | proposed_use | date_paid | contribution_percentage | contribution_amount | polygon | json_geometry | geo_point_2d
ASSET-0013,MOP:public-toilets,Public toilets,https://data.melbourne.vic.gov.au/explore/dataset/public-toilets/,City of Melbourne Open Data,data.melbourne.vic.gov.au,Public toilets known about or operated by the council. Information about the fields in the data can be found here: http://standards.opencouncildata.org/#/toilets,City Council,,Geospatial,74,9,name | female | male | wheelchair | operator | baby_facil | lat | lon | location
ASSET-0175,MOP:pumping-station-locations,Pumping Station Locations,https://data.melbourne.vic.gov.au/explore/dataset/pumping-station-locations/,City of Melbourne Open Data,data.melbourne.vic.gov.au,A pump station is a holding chamber that pumps liquids to a required area. Using transfer pumps they are installed when liquid is unable to be gravity-fed to the required location. This dataset can be used in conjunction with other related datasets: Drainage Litter Traps Stormwater pits,City Council,,Geospatial,9,8,asset_number | asset_description | number_of_penstocks | number_of_pumps | service_frequency | lat | lon | location
ASSET-0176,MOP:renewals-for-nature-city-of-melbourne-garden-bed-inventory-2024,Renewals for Nature: City of Melbourne garden bed inventory 2024,https://data.melbourne.vic.gov.au/explore/dataset/renewals-for-nature-city-of-melbourne-garden-bed-inventory-2024/,City of Melbourne Open Data,data.melbourne.vic.gov.au,"This dataset contains a detailed inventory of all garden beds assets (over 4,100) managed by City of Melbourne, including their condition, vegetation attributes and ecological function. This data was collected by the Royal Botanic Gardens Victoria (Horticulture Team Cranbourne) between 2023 and 2024. The assessments included visiting all mapped ‘shrub bed assets’ across the municipality and recording data including bed type (annual, bioretention, bulb meadow, bulb understory, groundcover, hedge, mulch, perennial beds) bed type origin (indigenous, native, exotic, mixed), spatial dimensions, plant inventory (complete list of understorey species including scientific and common names, origin, form, and level of certainty for identification), habitat condition (dominant species and presence of logs and rocks), plant cover and plant condition, mulch condition, weed cover, infrastructure condition, and an overall condition rating. This dataset is based on the “Renewals for Nature Garden Bed Inventory and Condition Assessment Report 2024” produced by R. Larke, M. Velthoven, M. Henderson, M. Burns and A. Little of the Royal Botanic Gardens Victoria. For documented methods please refer to th",Environment,,Tabular,17721,39,objectid | asset_id_no_fill | asset_id | asessment_date_current | assessed_bed_type | bed_type_origin | spatial_dimensions_match | botanical_name | common_name | origin | form | level_of_certainty | dominant_species_only_above_25 | logs_present_absent | logs_cover_lineal_m | rocks_present_absent | rocks_percentage_cover | plant_cover_ground_layer | plant_cover_score | plant_condition | plant_condition_score | mulch_condition | mulch_score | weed_percentage_number | weed_cover_score | infrastructure_condition | infrastructure_score | total_score_26_beds_15_mulch | overall_condition_rating | condition_rating_score | neighbourhood | area_m2 | site_type | site | irrigation | previous_condition | corridor | x_coord | y_coord
ASSET-0014,MOP:residential-dwellings,Residential dwellings,https://data.melbourne.vic.gov.au/explore/dataset/residential-dwellings/,City of Melbourne Open Data,data.melbourne.vic.gov.au,"Data collected as part of the City of Melbourne's Census of Land Use and Employment (CLUE). The data covers the period 2002-2024. The dwelling data is based on the Council's property rates database, using a simplified classification schema of Residential Apartment, House/Townhouse and Student Apartment. The count of dwellings per residential building is shown. For more information about CLUE see http://www.melbourne.vic.gov.au/clue",Property,UC00010 | UC00027,Geospatial,219680,11,census_year | block_id | property_id | base_property_id | building_address | clue_small_area | dwelling_type | dwelling_number | longitude | latitude | location
ASSET-0177,MOP:residents-profiles-by-clue-small-area,Residents Profiles by CLUE Small Area,https://data.melbourne.vic.gov.au/explore/dataset/residents-profiles-by-clue-small-area/,City of Melbourne Open Data,data.melbourne.vic.gov.au,"Contains demographic profile information for City of Melbourne residents from the ABS 2011 and 2016 Census of Population and Housing. Data has aggregated by City of Melbourne small areas. This data is a derivative of ""2016 General Community Profile for Melbourne LGA ( https://datapacks.censusdata.abs.gov.au/datapacks )"" by Australian Bureau of Statistics, used under CC 2.5 .",People,,Tabular,10776,7,geography | year | topic | category | sub_category | value_description | value
ASSET-0178,MOP:road-corridors,Road corridors,https://data.melbourne.vic.gov.au/explore/dataset/road-corridors/,City of Melbourne Open Data,data.melbourne.vic.gov.au,This shapefile shows all of the public road and laneway segments within the City of Melbourne. This outlines the street name and the names of the between streets For further information on who is the responsible authority for the road can be found in the attached document.,Transport,,Geospatial,4177,11,geo_point_2d | geo_shape | seg_id | str_type | dtupdate | status_id | seg_descr | poly_area | gisid | street_id | seg_part
ASSET-0179,MOP:road-segment,Road Segment,https://data.melbourne.vic.gov.au/explore/dataset/road-segment/,City of Melbourne Open Data,data.melbourne.vic.gov.au,GisGeoDbPres.MAPBASE.RoadSegmentDetails,Not stated,,Geospatial,3974,23,segid | treeplantingschedule | streetcleaningarea | latitude | seg_length | streetcleaningcategory | easting | northing | parkingofficersectionid | objectid | streetfrom | longitude | streetto | streetname | parkingofficerareaid | responsibleauthoritycommonname | asset_number | segdescr | parkingofficersection | segtype | inspectfrequency | geo_shape | geo_point_2d
ASSET-0180,MOP:road-segments-with-surface-type,"Road segments, with surface type",https://data.melbourne.vic.gov.au/explore/dataset/road-segments-with-surface-type/,City of Melbourne Open Data,data.melbourne.vic.gov.au,"Polygons representing different types of surface information, i.e. - Carriageway, footpath, kerb, channel, median, nature strip and tramway. Polygons representing different types of surface information, i.e. - Carriageway, footpath, kerb, channel, median, nature strip and tramway. Field descriptions: assetno - unique council reference integer. material – description of polygon surface material. instaldate - installation date of surface. condition – visual condition of asset rated 1 to 5(1 failed and 5 good condition) area_sqm – Square meter area value of polygon. length – running length of asset in metres width – average width of asset in metres type – road surface type i.e. carriageway, footpath, median etc the_geom - A Well Known Text (WKT v1.1) representation of the geometry",Transport,,Geospatial,61424,21,assetid | description | class | type | area | assetmanager | company | conditionrating | roadsegmentdescription | contract | evaluationdate | installationdate | ownership | primaryservicemanager | responsibleauthoritycommonname | segtype | surfacematerial | designlife | json_geometry | geometry | geo_point_2d
ASSET-0181,MOP:rooftops-with-environmental-retrofitting-opportunities-rooftop-project,"Rooftops with environmental retrofitting opportunities (""Rooftop Project"")",https://data.melbourne.vic.gov.au/explore/dataset/rooftops-with-environmental-retrofitting-opportunities-rooftop-project/,City of Melbourne Open Data,data.melbourne.vic.gov.au,"The Rooftop Project dataset shows where there may be opportunities to retrofit existing building rooftops for green roofs (intensive and extensive), cool roofs and solar panel installations in Melbourne. There are four ESRI shapefiles comprising the main output of this project. These datasets have been zipped into a single download file. Preview the data in an interactive map view here . The raw project files are also availible in a GeoTiff file format, if you would like access to these, they are available for download from the attachments section below.",Environment,,Tabular,0,Not stated,Not stated
ASSET-0182,MOP:sdg-indicators,SDG Indicators,https://data.melbourne.vic.gov.au/explore/dataset/sdg-indicators/,City of Melbourne Open Data,City of Melbourne,City of Melbourne Sustainable Development Goals,City Council,,Tabular,1,3,column_1 | column_2 | column_3
ASSET-0183,MOP:self-guided-walks,Self Guided Walks,https://data.melbourne.vic.gov.au/explore/dataset/self-guided-walks/,City of Melbourne Open Data,data.melbourne.vic.gov.au,This dataset represents self guided walks throughout Melbourne.,People,,Geospatial,34,4,geo_point_2d | geo_shape | name | distance
ASSET-0184,MOP:sensor-readings-with-temperature-light-humidity-every-5-minutes-at-8-locations-t,"Sensor readings, with temperature, light, humidity every 5 minutes at 8 locations (trial, 2014 to 2015)",https://data.melbourne.vic.gov.au/explore/dataset/sensor-readings-with-temperature-light-humidity-every-5-minutes-at-8-locations-t/,City of Melbourne Open Data,data.melbourne.vic.gov.au,"In 2012, Council and ARUP partnered with the University of Melbourne on a three year Australian Research Council Linkage Grant for Creating a Smart City through Internet of Things."" The aim of the research was to develop new systems and algorithms that can help City administrators remotely monitor, understand and interpret real time information on urban environments"" The researchers are now applying the research in the City by deploying a three month 'real-world' data collection and testing trial. The environmental sensors, measuring light levels, humidity and temperature, have been deployed at Fitzroy Gardens and Library at the Dock. The data collected will assist the Urban Landscapes branch to better understand and communicate the impact of canopy cover for urban cooling.",Environment,,Geospatial,56570,21,timestamp | mac | boardtype | boardid | temp_max | temp_min | temp_avg | light_max | light_min | light_avg | humidity_min | humidity_max | humidity_avg | model | latitude | longitude | elevation | location | rowid | position | geolocation
ASSET-0185,MOP:sign-panels-non-parking,Sign Panels (Non Parking),https://data.melbourne.vic.gov.au/explore/dataset/sign-panels-non-parking/,City of Melbourne Open Data,data.melbourne.vic.gov.au,"This dataset contains all the non parking sign panels, such as Stop signs, wayfinding, speed restrictions within the City of Melbourne. A sign panel is the part of the sign that display the information. This dataset also contains information regarding disabled access, as referenced in the data by the use of DDA acronym.",City Council,,Geospatial,26827,8,asset_description | model_descr_lupvalue | model_no_lupvalue | panel_text | parent_sign_id | lat | lon | location
ASSET-0186,MOP:sign-plates-located-in-each-parking-zone,Sign plates located in each Parking zone,https://data.melbourne.vic.gov.au/explore/dataset/sign-plates-located-in-each-parking-zone/,City of Melbourne Open Data,data.melbourne.vic.gov.au,"A sign plate is where the parking restrictions are displayed. This data set displays parking sign plates that are within a parking zone. There can be multiple restrictions per parking zone. Restrictions_display indicates the parking period in hours, unless specific codes are used: FP1P Free Parking 1 hour MP2P Meter Parking 2 hours limit LZ30 Loading Zone 30 minutes limit QP Quarter Parking (15 minutes) This data can be linked to both the street segments to a parking zone dataset",Transport,,Tabular,1821,5,parkingzone | restriction_days | time_restrictions_start | time_restrictions_finish | restriction_display
ASSET-0187,MOP:sign-plates-located-in-each-pay-stay-zone,Sign plates located in each Pay Stay zone,https://data.melbourne.vic.gov.au/explore/dataset/sign-plates-located-in-each-pay-stay-zone/,City of Melbourne Open Data,data.melbourne.vic.gov.au,This dataset refers to a deprecated parking management solution. A sign plate is where the parking restrictions are displayed. This data set displays parking sign plates that are within a Pay Stay zone. There can be multiple restrictions per Pay Stay zone This data can be linked to both the street segments to a Pay Stay zone dataset https://data.melbourne.vic.gov.au/explore/dataset/pay-stay-zones-linked-to-street-segments/information/ and also the Pay Stay parking restrictions dataset https://data.melbourne.vic.gov.au/explore/dataset/pay-stay-parking-restrictions/information/ The datasets can be joined on Pay Stay zone. For further information on Pay Stay https://www.paystay.com.au/,Transport,,Tabular,1495,6,pay_stay_zone | restriction_and_payment_display | sign_exemptions | days_of_restriction | time_restrictions_start | time_restrictions_finish
ASSET-0015,MOP:small-areas-for-census-of-land-use-and-employment-clue,Small Areas for Census of Land Use and Employment (CLUE),https://data.melbourne.vic.gov.au/explore/dataset/small-areas-for-census-of-land-use-and-employment-clue/,City of Melbourne Open Data,data.melbourne.vic.gov.au,Spatial layer of small areas used for the City of Melbourne's Census Of Land Use And Employment (CLUE) analysis. Note that these small area boundaries do not exactly correspond with gazetted suburb or postcode boundaries. For more information about CLUE see http://www.melbourne.vic.gov.au/clue,Business,UC00061,Geospatial,13,5,geo_point_2d | geo_shape | featurenam | shape_area | shape_len
ASSET-0188,MOP:social-indicators-for-city-of-melbourne-residents-2018,Social Indicators for City of Melbourne Residents 2018,https://data.melbourne.vic.gov.au/explore/dataset/social-indicators-for-city-of-melbourne-residents-2018/,City of Melbourne Open Data,data.melbourne.vic.gov.au,"The City of Melbourne Social Indicators Survey (CoMSIS) was conducted for the first time in 2018. The survey collects data about the state of health, well-being, participation and connection of communities in the Melbourne Local Government Area, primarily to report on key Council Plan 2017-21 municipal outcome indicators. This new survey program replaces the previous Future Melbourne surveys and will be conducted on an annual basis. This data set provides indicator results for 1,247 residents surveyed via a mix of telephone and online interviewing. Results have been provided by suburb, gender and age groups and has been weighted according to population proportions for the Melbourne LGA. Responses such as don't know, don't understand, prefer not to say, not applicable etc. were excluded in the calculation of indicators. The sample sizes shown reflect this accordingly.",People,,Tabular,666,10,indicator | type | topic | description | response | year | respondent_group | sample_size | result | format
ASSET-0189,MOP:social-indicators-for-city-of-melbourne-residents-2019,Social Indicators for City of Melbourne Residents 2019,https://data.melbourne.vic.gov.au/explore/dataset/social-indicators-for-city-of-melbourne-residents-2019/,City of Melbourne Open Data,data.melbourne.vic.gov.au,"The City of Melbourne Social Indicators Survey (CoMSIS) was conducted for the first time in 2018. The survey collects data, annually, about the state of health, well-being, participation and connection of communities in the Melbourne Local Government Area, primarily to report on key Council Plan 2017-21 municipal outcome indicators. This dataset provides indicator results for 1,212 residents surveyed via telephone and online. Data has been provided by suburb, gender and age groups and has been weighted according to population proportions. Responses such as don't know, not sure, not applicable etc. were excluded in the calculation of indicators. The sample sizes shown reflect this accordingly.",People,,Tabular,664,10,indicator | type | topic | description | response | year | respondent_group | sample_size | result | format
ASSET-0190,MOP:social-indicators-for-city-of-melbourne-residents-2020,Social Indicators for City of Melbourne Residents 2020,https://data.melbourne.vic.gov.au/explore/dataset/social-indicators-for-city-of-melbourne-residents-2020/,City of Melbourne Open Data,data.melbourne.vic.gov.au,"The City of Melbourne Social Indicators Survey (CoMSIS) was conducted for the first time in 2018. The survey collects data, annually, about the state of health, well-being, participation and connection of communities in the Melbourne Local Government Area, primarily to report on key Council Plan 2017-21 municipal outcome indicators. This dataset provides indicator results for 1,212 residents surveyed via telephone and online. Data has been provided by suburb, gender and age groups and has been weighted according to population proportions. Responses such as don't know, not sure, not applicable etc. were excluded in the calculation of indicators. The sample sizes shown reflect this accordingly.",People,,Tabular,664,10,indicator | type | topic | description | response | year | respondent_group | sample_size | result | format
ASSET-0191,MOP:social-indicators-for-city-of-melbourne-residents-2021,Social Indicators for City of Melbourne Residents 2021,https://data.melbourne.vic.gov.au/explore/dataset/social-indicators-for-city-of-melbourne-residents-2021/,City of Melbourne Open Data,City of Melbourne,"The City of Melbourne Social Indicators Survey (CoMSIS) was conducted for the first time in 2018. The survey collects data, annually, about the state of health, well-being, participation and connection of communities in the Melbourne Local Government Area, primarily to report on key Council Plan 2021-25 municipal outcome indicators. This dataset provides indicator results for 1,378 residents surveyed via telephone and online. Data has been provided by suburb, gender and age groups and has been weighted according to population proportions. Responses such as don't know, not sure, not applicable etc. were excluded in the calculation of indicators. The sample sizes shown reflect this accordingly.",People,,Tabular,664,10,indicator | type | topic | description | response | year | respondent_group0 | sample_size | result | format
ASSET-0192,MOP:social-indicators-for-city-of-melbourne-residents-2022,Social Indicators for City of Melbourne Residents 2022,https://data.melbourne.vic.gov.au/explore/dataset/social-indicators-for-city-of-melbourne-residents-2022/,City of Melbourne Open Data,data.melbourne.vic.gov.au,"The City of Melbourne Social Indicators Survey (CoMSIS) was conducted for the first time in 2018. The survey collects data, annually, about the state of health, well-being, participation and connection of communities in the Melbourne Local Government Area, primarily to report on key Council Plan 2021-25 municipal outcome indicators. This dataset provides indicator results for 1,508 residents surveyed via telephone and online. Data has been provided by suburb, gender and age groups and has been weighted according to population proportions. Responses such as don't know, not sure, not applicable etc. were excluded in the calculation of indicators. The sample sizes shown reflect this accordingly.",People,,Tabular,666,10,indicator | type | topic | description | response | year | respondent_group | sample_size | result | format
ASSET-0193,MOP:social-indicators-for-city-of-melbourne-residents-2023,Social Indicators for City of Melbourne Residents 2023,https://data.melbourne.vic.gov.au/explore/dataset/social-indicators-for-city-of-melbourne-residents-2023/,City of Melbourne Open Data,City of Melbourne,"The City of Melbourne Social Indicators Survey (CoMSIS) was conducted for the first time in 2018. The survey collects data, annually, about the state of health, well-being, participation and connection of communities in the Melbourne Local Government Area, primarily to report on key Council Plan 2021-25 municipal outcome indicators. This dataset provides indicator results for 1,376 residents surveyed via telephone and online. Data has been provided by suburb, gender and age groups and has been weighted according to population proportions. Responses such as don't know, not sure, not applicable etc. were excluded in the calculation of indicators. The sample sizes shown reflect this accordingly.",People,,Tabular,594,10,indicator | type | topic | description | response | respondent_group | year | sample_size | result | format
ASSET-0194,MOP:soil-sensor-locations,Soil Sensor Locations,https://data.melbourne.vic.gov.au/explore/dataset/soil-sensor-locations/,City of Melbourne Open Data,data.melbourne.vic.gov.au,"This dataset contains the locations of where soil sensors have been deployed across the city. The readings are stored in the soil sensor readings dataset . The sensors take a variety of readings such as salinity, temperature and moisture. The units and readings are included within the readings dataset. The dataset joins to the soil sensor readings dataset by matching the site_id column.",Environment,,Geospatial,84,6,site_id | site_name | property_name | latitude | longitude | location
ASSET-0195,MOP:soil-sensor-readings-historical-data,Soil Sensor Readings - Historical data,https://data.melbourne.vic.gov.au/explore/dataset/soil-sensor-readings-historical-data/,City of Melbourne Open Data,data.melbourne.vic.gov.au,"This dataset contains historical readings for soil sensors within parks across the City of Melbourne. The sensors take a variety of readings such as salinity, temperature and moisture. The units and readings are included within the data. This dataset can be joined to the soil sensor locations dataset using the site id column. This dataset contains a large number of records, to download only a particular sensor's readings see our attached guide on how to filter data . 📎 Note: An attachment file is available for download that contains the complete historical data for 2023. Different readings taken (based on unit column): - %VWC: Volumetric water content is a numerical measure of soil moisture. It is simply the ratio of water volume to soil volume. - ºC: Temperature in degrees celsius. - µS/cm: Salinity is the measure of the concentration of dissolved (soluble) salts in water from all sources. (microseimens per centimetre) Note this dataset may not contain a reading for every sensor for every hour as the sensor devices might not have a reading for each value. There may be situations where no readings are reported for all sensors or only some readings are reported at a particular site.",Environment,,Tabular,1562563,10,local_time | site_name | site_id | id | probe_id | probe_measure | soil_value | unit | json_featuretype | year
ASSET-0196,MOP:soil-sensor-readings-historical-data-2022,Soil Sensor Readings - Historical data (2022),https://data.melbourne.vic.gov.au/explore/dataset/soil-sensor-readings-historical-data-2022/,City of Melbourne Open Data,data.melbourne.vic.gov.au,"This dataset contains historical readings for soil sensors within parks across the City of Melbourne, for calendar year 2022 (current year data data is here ) . The sensors take a variety of readings such as salinity, temperature and moisture. The units and readings are included within the data. This dataset can be joined to the soil sensor locations dataset using the site id column. This dataset contains a large number of records, to download only a particular sensor's readings see our attached guide on how to filter data . 📎 Note: An attachment ZIP file is available for download that contains the complete historical data for 2022. Different readings taken (based on unit column): - %VWC: Volumetric water content is a numerical measure of soil moisture. It is simply the ratio of water volume to soil volume. - ºC: Temperature in degrees celsius. - µS/cm: Salinity is the measure of the concentration of dissolved (soluble) salts in water from all sources. (microseimens per centimetre) Note this dataset may not contain a reading for every sensor for every hour as the sensor devices might not have a reading for each value. There may be situations where no readings are reported for all s",Environment,,Tabular,0,Not stated,Not stated
ASSET-0197,MOP:soil-textures-at-various-depths,Soil textures at various depths,https://data.melbourne.vic.gov.au/explore/dataset/soil-textures-at-various-depths/,City of Melbourne Open Data,data.melbourne.vic.gov.au,These are points in the city where soils have been sampled at different depths and a soil texture has been assigned. Location represents the park and sample number. 0_400 refers to the depth from surface (0) to 400 mm. 400_700 refers to depth from 400 mm to 700 mm. 700_1000 refers to depth from 700 mm to 1000 mm,Environment,,Geospatial,124,8,geo_point_2d | geo_shape | location | _0_400 | _400_700 | id | _700_1000 | id_text
ASSET-0198,MOP:soil-types-by-area-urban-forest,Soil types by area (Urban Forest),https://data.melbourne.vic.gov.au/explore/dataset/soil-types-by-area-urban-forest/,City of Melbourne Open Data,data.melbourne.vic.gov.au,"These polygons represent approximate native soil sub-bases and derived textures based on digitized maps from the Geological Survey of Victoria (c. 1956). Soils are expected to be extensively modified from these types throughout Melbourne due to extensive disturbance, and cut and fill associated with the city's development.",Environment,,Geospatial,27,7,geo_point_2d | geo_shape | source | shape_area | soil | sub_base | shape_len
ASSET-0200,MOP:sources-of-funding-works,Sources of Funding - Works,https://data.melbourne.vic.gov.au/explore/dataset/sources-of-funding-works/,City of Melbourne Open Data,data.melbourne.vic.gov.au,"The Sources of Funding Work is a budgeted representation of the external grants to be received by the city of Melbourne to contribute to Capital Works costs for the upcoming financial year. While all due care has been taken in providing these figures, some errors and discrepancies may be present.",Business,,Tabular,9,6,actual_budget_plan | category | sub_category | description | year | value_000
ASSET-0199,MOP:sources-of-funding-operating-2014-15,Sources of Funding – Operating 2014-15,https://data.melbourne.vic.gov.au/explore/dataset/sources-of-funding-operating-2014-15/,City of Melbourne Open Data,data.melbourne.vic.gov.au,"This dataset contains records of sources of operational funding for the council. These records are a budgeted representation of the external grants to be received by the city of Melbourne. These grants contribute to operating costs for the upcoming financial year. While all due care has been taken in providing these figures, some errors and discrepancies may be present.",Business,,Tabular,20,6,year | actual_budget_plan | category | sub_category | description | value_000
ASSET-0201,MOP:staff-counts-2014-15,Staff counts 2014-15,https://data.melbourne.vic.gov.au/explore/dataset/staff-counts-2014-15/,City of Melbourne Open Data,data.melbourne.vic.gov.au,This dataset contains the summary of planned human resources expenditure for City of Melbourne in 2014-15. It contains information which represents the numbers of permanent staff expenditure and the numbers of full time equivalent (FTE) for each category of the organisational structure.,City Council,,Tabular,52,6,as_at_date | actual_budget_plan | category | description | year | value_fte
ASSET-0202,MOP:staff-salary-and-wages-budget-2014-15,Staff salary and wages budget 2014-15,https://data.melbourne.vic.gov.au/explore/dataset/staff-salary-and-wages-budget-2014-15/,City of Melbourne Open Data,data.melbourne.vic.gov.au,"This dataset shows the summary of planned Human Resources expenditure across permanent and temporary council staff. It also includes a breakdown of expenditure and number of staff for each category across the organisation's structure. It also includes information if the figure relates to a planned, actual or budgeted expense record.",City Council,,Tabular,52,6,as_at_date | year | actual_budget_plan | category | description | value_000
ASSET-0203,MOP:standard-balance-sheet-2013-14,Standard Balance Sheet 2013-14,https://data.melbourne.vic.gov.au/explore/dataset/standard-balance-sheet-2013-14/,City of Melbourne Open Data,data.melbourne.vic.gov.au,"The balance sheet is a representation of an organisation's assets, liabilities and equity at a particular point in time. A balance sheet can be used to show a business's net worth. It includes line items such as cash assets, receivables, investments and payables. While all due care has been taken in providing these figures, some errors and discrepancies may be present.",Business,,Tabular,72,7,as_at_date | year | actual_budget_plan | category | sub_category | type | value_000
ASSET-0204,MOP:standard-income-statement-2014-15,Standard Income Statement 2014-15,https://data.melbourne.vic.gov.au/explore/dataset/standard-income-statement-2014-15/,City of Melbourne Open Data,data.melbourne.vic.gov.au,"The Income Statement is an accrual-based statement prepared in accordance with Australian Accounting Standards and generally adopted accounting principles. It includes non-cash items such as depreciation charges but does not include capital items such as capital works funding. While all due care has been taken in providing these figures, some errors and discrepancies may be present.",Business,,Tabular,128,7,as_at_date | year | actual_budget_plan | category | sub_category | description | value_000
ASSET-0205,MOP:standard-statement-of-cash-flows-2014-15,Standard Statement of Cash Flows 2014-15,https://data.melbourne.vic.gov.au/explore/dataset/standard-statement-of-cash-flows-2014-15/,City of Melbourne Open Data,data.melbourne.vic.gov.au,"This dataset contains City of Melbourne's cash flows for financial year 2014-15. The Statement of Cash Flow is a cash statement prepared in accordance with Australian Accounting Standards. It shows how changes in the balance sheet accounts income affect cash and cash equivalents. The information breaks the analysis down according operating, investing and financing activities. While all due care has been taken in providing these figures, some errors and discrepancies may be present.",Business,,Tabular,74,7,as_at_date | actual_budget_plan | category | sub_category | type | year | value_000
ASSET-0206,MOP:statement-of-capital-works-program-2014-15,Statement of capital works program 2014-15,https://data.melbourne.vic.gov.au/explore/dataset/statement-of-capital-works-program-2014-15/,City of Melbourne Open Data,data.melbourne.vic.gov.au,"The statement of capital works has been included in accordance with the Local Government Regulations. This statement sets out all the expected capital expenditure in relation to non-current assets for the year. It categorises capital works expenditure into renewal of assets, upgrading of assets, or creating new assets. Each of these categories has a different impact on Council’s future costs.",Business,,Tabular,76,7,as_at_date | financial_year | actual_budget_plan | category | sub_category | title | total_funding_000
ASSET-0207,MOP:statement-of-changes-in-equity-2015-2018,Statement of changes in equity 2015-2018,https://data.melbourne.vic.gov.au/explore/dataset/statement-of-changes-in-equity-2015-2018/,City of Melbourne Open Data,data.melbourne.vic.gov.au,"This dataset contains equity information for the City of Melbourne. It has values started in 2015 and ending in 2018 with each record also indicating the year in which the value occured. The statement of Changes in Equity is a statement which is a representation of accumulated surplus, revaluation reserve and other reserve movements at 30 June each financial year. While all due care has been taken in providing these figures, some errors and discrepancies may be present.",Business,,Tabular,32,6,as_at_date | description | year | accumulated_surplus_000 | revaluation_reserve_000 | other_reserves_000
ASSET-0208,MOP:stormwater-pits,Stormwater Pits,https://data.melbourne.vic.gov.au/explore/dataset/stormwater-pits/,City of Melbourne Open Data,data.melbourne.vic.gov.au,This dataset captures all stormwater pits throughout the City of Melbourne. A stormwater pit is designed to hold water so that the drainage system can process the run off and not be overloaded. This dataset can be used in conjunction with the drainpipe dataset https://data.melbourne.vic.gov.au/Assets-Infrastructure/Drainpipes/3bff-vaa5 The litter trap dataset https://data.melbourne.vic.gov.au/Assets-Infrastructure/Litter-Trap/4spx-8bh5 and also the pumping station dataset https://data.melbourne.vic.gov.au/Assets-Infrastructure/Pumping-Station/55z9-zqzu,City Council,UC00041,Geospatial,21113,13,asset_number | asset_description | construction_material_lupvalue | grate_length | grate_material_lupvalue | grate_width | model_descr_lupvalue | model_no_lupvalue | object_type_lupvalue | overflow_kerb_lupvalue | lat | lon | location
ASSET-0209,MOP:street-addresses,Street addresses,https://data.melbourne.vic.gov.au/explore/dataset/street-addresses/,City of Melbourne Open Data,data.melbourne.vic.gov.au,"Contains the location information (latitude and Longitude, Northing and Easting) of every property address within the City of Melbourne",Property,,Geospatial,63721,14,geo_point_2d | geo_shape | suburb_id | latitude | street_no | str_name | address_pnt | easting | northing | gisid | longitude | suburb | street_id | add_comp
ASSET-0210,MOP:street-furniture-including-bollards-bicycle-rails-bins-drinking-fountains-horse-,"Street furniture including bollards, bicycle rails, bins, drinking fountains, horse troughs, planter boxes, seats, barbecues",https://data.melbourne.vic.gov.au/explore/dataset/street-furniture-including-bollards-bicycle-rails-bins-drinking-fountains-horse-/,City of Melbourne Open Data,data.melbourne.vic.gov.au,"The City of Melbourne owns and maintains various objects and pieces of equipment installed on streets and roads for various purposes. This dataset includes Barbeques, Bicycle Rails, Bin Corrals, Bollards, Drinking Fountains, Floral Crate/Planter Boxs, Hoops, Horse Troughs, Information Pillars, Litter Bins, Picnic Setting, Seats.",City Council,,Geospatial,3771,26,assetid | description | class | type | subtype | company | contract | assetmanager | primaryservicemanager | ownership | conditionrating | evaluationdate | installationdate | modelid | modelno | modeldescription | colourscheme | locationdescription | propertyname | roadsegmentdescription | easting | longitude | latitude | northing | json_geometry | geo_point_2d
ASSET-0016,MOP:street-lights-with-emitted-lux-level-council-owned-lights-only,Street lights with emitted lux level (council-owned lights only),https://data.melbourne.vic.gov.au/explore/dataset/street-lights-with-emitted-lux-level-council-owned-lights-only/,City of Melbourne Open Data,data.melbourne.vic.gov.au,This dataset outline the Lux levels emitted from the City of Melbourne owned street lights. The Lux level is stored in the label field and the higher the Lux level the brighter the point of measurement will be.,City Council,UC00157,Geospatial,106037,21,geo_point_2d | geo_shape | prop_id | name | addresspt1 | xorg | ext_id | asset_clas | label | asset_type | easting | northing | str_id | addresspt | asset_subt | xsource | profile | xdate | xdrawing | mcc_id | roadseg_id
ASSET-0211,MOP:street-names,Street names,https://data.melbourne.vic.gov.au/explore/dataset/street-names/,City of Melbourne Open Data,data.melbourne.vic.gov.au,This dataset shows all of the streets and laneways within the City of Melbourne. This dataset is used in order for people to create their own map of the city and can be used to label the streets with their names down the centre of the road as is the standard for labelling streets on maps.,Transport,,Geospatial,2876,7,geo_point_2d | geo_shape | mccid_gis | maplabel | name | mccid_str | xdate
ASSET-0212,MOP:super-sunday-bike-count,Super Sunday Bike Count,https://data.melbourne.vic.gov.au/explore/dataset/super-sunday-bike-count/,City of Melbourne Open Data,data.melbourne.vic.gov.au,"This dataset contains observed bike counts from sites across the city known as ""Super Sunday"". This is Australia’s biggest survey of recreational travel. Held annually in mid-November, the count looks at how runners, walkers, bike riders and other recreational users move around There is a large number of fields captured for this dataset, which has been compiled into an attached metadata document.",Transport,,Geospatial,59,80,state | electorate | site_id | latitude | longitude | legs | description | layout_1 | layout_1_enter | layout_2 | layout_2_enter | layout_3 | layout_3_enter | layout_4 | layout_4_enter | layout_5 | layout_5_enter | layout_6 | layout_6_enter | leg1_2 | leg1_3 | leg1_4 | leg1_5 | leg1_6 | leg2_1 | leg2_3 | leg2_4 | leg2_5 | leg2_6 | leg3_1 | leg3_2 | leg3_4 | leg3_5 | leg3_6 | leg4_1 | leg4_2 | leg4_3 | leg4_5 | leg4_6 | leg5_1 | leg5_2 | leg5_3 | leg5_4 | leg5_6 | leg6_1 | leg6_2 | leg6_3 | leg6_4 | leg6_5 | leg1_enter | leg1_exit | leg1_total | leg2_enter | leg2_exit | leg2_total | leg3_enter | leg3_exit | leg3_total | leg4_enter | leg4_exit | leg4_total | leg5_enter | leg5_exit | leg5_total | leg6_enter | leg6_exit | leg6_total | bicycle | walker | runner | dog | other | total | year | 9_00_00 | 10_00_00 | 11_00_00 | 12_00_00 | location | geolocation
ASSET-0213,MOP:syringe-bin-locations,Syringe bin locations,https://data.melbourne.vic.gov.au/explore/dataset/syringe-bin-locations/,City of Melbourne Open Data,data.melbourne.vic.gov.au,The City of Melbourne maintains a register of all syringe disposal bins located with the City. This register contains descriptions of each of the disposal bins and their geographical location.,City Council,,Geospatial,442,15,geo_point_2d | geo_shape | prop_id | addresspt1 | addressp_1 | asset_clas | asset_type | str_id | addresspt | asset_subt | model_desc | mcc_id | roadseg_id | descriptio | model_no
ASSET-0017,MOP:tactile-ground-surface-indicator,Tactile Ground Surface Indicator,https://data.melbourne.vic.gov.au/explore/dataset/tactile-ground-surface-indicator/,City of Melbourne Open Data,data.melbourne.vic.gov.au,This dataset contains tactile ground surface indicators(TGSI) that are located within the central business district of the City of Melbourne. TGSI are used to help vision impaired people navigate the urban environment to avoid hazards.,City Council,,Geospatial,357,6,asset_number | asset_description | road_segment | lat | lon | location
ASSET-0214,MOP:taxi-ranks,Taxi Ranks,https://data.melbourne.vic.gov.au/explore/dataset/taxi-ranks/,City of Melbourne Open Data,data.melbourne.vic.gov.au,"This dataset represents taxi ranks located within the municipal boundary of the City of Melbourne. Although all due care has been taken to ensure that theis data is correct, no warranty is expressed or implied by the City of Melbourne in their use.",Transport,,Geospatial,77,7,geo_point_2d | geo_shape | night_only | loc_desc | ref | num_spaces | safe_city
ASSET-0215,MOP:tertiary-students-profile-2019,Tertiary Students Profile 2019,https://data.melbourne.vic.gov.au/explore/dataset/tertiary-students-profile-2019/,City of Melbourne Open Data,data.melbourne.vic.gov.au,"Contains rounded student numbers for 2016-2019. Refer to links below for data quality statements. Data obtained on request from: 1. Australian Government Department of Education, Skills and Employment - Higher Education Student Data (current at December 2020); and 2. National Centre for Vocational Education Research - Total VET Students and Courses (current at March 2021). Higher education data is based on student attendance at campus locations in Victoria and Melbourne LGA. More information: here . NCVER data is based on student attendance at campus locations in Victoria and Melbourne LGA. The sum of students may not add to the total as students may have attended multiple campus locations in a calendar year. More information: here .",People,,Tabular,126,5,profile | year | category | sub_category | value
ASSET-0216,MOP:thermal-image-2012,Thermal image 2012,https://data.melbourne.vic.gov.au/explore/dataset/thermal-image-2012/,City of Melbourne Open Data,data.melbourne.vic.gov.au,"PLEASE NOTE: The raw files (GEOTiff and Esri database files) are available for download within the attachments of the About section, please select the 'About' button and scroll down to see the attachments. Captured on 24th February 2012 this thermal image shows temperature differences between different surfaces in the municipality. Preview",Environment,,Tabular,0,Not stated,Not stated
ASSET-0217,MOP:threatened-plant-living-collection-plan,Threatened Plant Living Collection Plan,https://data.melbourne.vic.gov.au/explore/dataset/threatened-plant-living-collection-plan/,City of Melbourne Open Data,data.melbourne.vic.gov.au,"This dataset contains a list of 200 plant species and their priority as appropriate threatened species for planting in City of Melbourne green spaces. This is based on a Threatened Species Assessment Tool developed by Royal Botanic Gardens Victoria that was used to provide a framework to assess and prioritise the inclusion of threatened species into landscape plantings. The tool includes information and scoring for cultivation requirements, conservation benefits and horticultural potential which are the foundation of the assessment. Additional benefits specific to the City of Melbourne and potential weed threat were also considered as part of the assessment process. Higher priority was given to species which are the most threatened and are indigenous to the City of Melbourne. From this assessment process, a priority list of 56 species has been short-listed as appropriate threatened species for planting. For inclusion in the Threatened Species Assessment Tool, all species were required to be listed as threatened in Victoria. Scores were calculated based on the following: • Cultivation Requirements Subtotal = Cultivation Protocols + Propagation Protocols • Conservation Subtotal = Ger",Environment,,Tabular,200,22,species_name | common_name | habit | soil | sun | cultivation_protocols | propagation_protocols | propagation_methods | cultivation_requirements_subtotal | germplasm_source | conservation_status | germplasm_origin | provenance | additional_conservation_benefit | conservation_subtotal | additional_local_benefits_description_i_e_to_city_of_melbourne | additional_local_benefits_subtotal | total_score | horticultural_potential | total_score_including_hort_potential | weed_rating | priority_species
ASSET-0218,MOP:traffic-count-vehicle-classification-2014-2017,Traffic Count Vehicle Classification 2014-2017,https://data.melbourne.vic.gov.au/explore/dataset/traffic-count-vehicle-classification-2014-2017/,City of Melbourne Open Data,data.melbourne.vic.gov.au,"The City of Melbourne employs a contractor to perform traffic counts on roads throughout the municipality. The numbers of vehicles are recorded per hour and split into 12 categories based on the Austroads vehicle classification. Vehicle class 13 is used when the type of vehicle can’t be determined. In the 2017/16 surveys all bikes, motorcycles and maximum speeds were captured. In the 2015 surveys not all surveys captured bikes, motorcycles and maximum speed. In the 2014 surveys no bikes, motorcycles or maximum speed were captured. This data is designed to be joined to the road corridor data on road_segment and seg_id. Some records have more than one road segment this is because the survey crosses intersecting roads and the intersections have a road segment number. In the Road corridor table some road segments will have the same seg_id. For a description of each field please see the attached data dictionary. Known data issues: - 112 records had vehicle_class fields which contained the character '-'. This should value should be a 0 value.",Transport,,Tabular,60168,28,date | road_name | location | suburb | speed_limit | direction | time | vehicle_class_1 | vehicle_class_2 | vehicle_class_3 | vehicle_class_4 | vehicle_class_5 | vehicle_class_6 | vehicle_class_7 | vehicle_class_8 | vehicle_class_9 | vehicle_class_10 | vehicle_class_11 | vehicle_class_12 | vehicle_class_13 | motorcycle | bike | average_speed | 85th_percentile_speed | maximum_speed | road_segment | road_segment_1 | road_segment_2
ASSET-0219,MOP:tram-tracks,Tram tracks,https://data.melbourne.vic.gov.au/explore/dataset/tram-tracks/,City of Melbourne Open Data,data.melbourne.vic.gov.au,"This dataset is a shapefile that contains all of the tram tracks within the city of Melbourne, this data set is generally used for City of Melbourne related queries, therefor we do not hold the entire tram network",Transport,,Geospatial,645,4,geo_point_2d | geo_shape | descriptio | name
ASSET-0221,MOP:tree-canopies-2008-urban-forest,Tree canopies 2008 (Urban Forest),https://data.melbourne.vic.gov.au/explore/dataset/tree-canopies-2008-urban-forest/,City of Melbourne Open Data,data.melbourne.vic.gov.au,Tree canopy within City of Melbourne mapped using 2008 aerial photos and LiDAR. The canopy polygons represent actual tree canopy extents on both private and public property across the city. The data is considered accurate for 2008. Changes in tree canopy are expected to have occurred since that time.,Environment,,Geospatial,58790,7,geo_point_2d | geo_shape | updated_by | shape_area | data_linea | shape_leng | updated_da
ASSET-0222,MOP:tree-canopies-2011-urban-forest,Tree canopies 2011 (Urban Forest),https://data.melbourne.vic.gov.au/explore/dataset/tree-canopies-2011-urban-forest/,City of Melbourne Open Data,data.melbourne.vic.gov.au,Tree canopy within City of Melbourne mapped using 2008 aerial photos and LiDAR. The canopy polygons represent actual tree canopy extents on both private and public property across the city. The data is considered accurate for 2011. Changes in tree canopy are expected to have occurred since that time.,Environment,,Geospatial,94699,51,geo_point_2d | geo_shape | tree_area | street_fro | data_lin_1 | yearplant | street_nam | updated_by | shape_area | park_stree | location | scientific | height_112 | admin_name | data_linea | ule | native | site | easting | ule_value | sub_site | northing | evergreen | gis_id | objectid | common_nam | age | str_id | shape_leng | condition | updated_da | height_111 | precinct | genus | assetid | street_id | mcc_id | address_po | dbh | admin_id | roadseg_id | street_to | family | ggis_id | overhead_c | date_plant | t11 | canopy_dia | height_11 | descriptio | roadseg_de
ASSET-0223,MOP:tree-canopies-2013,Tree canopies 2013,https://data.melbourne.vic.gov.au/explore/dataset/tree-canopies-2013/,City of Melbourne Open Data,data.melbourne.vic.gov.au,Tree canopy within City of Melbourne mapped using 2016 aerial photos and LiDAR. The canopy polygons represent actual tree canopy extents on both private and public property across the city.,Environment,,Geospatial,99194,10,geo_point_2d | geo_shape | height_yes | shape_area | objectid | shape_leng | updated_da | z_mean | tree_area | ggis_id
ASSET-0224,MOP:tree-canopies-2014,Tree canopies 2014,https://data.melbourne.vic.gov.au/explore/dataset/tree-canopies-2014/,City of Melbourne Open Data,data.melbourne.vic.gov.au,Tree canopy within City of Melbourne mapped using 2014 aerial photos and LiDAR. The canopy polygons represent actual tree canopy extents on both private and public property across the city.,Environment,,Geospatial,64877,8,geo_point_2d | geo_shape | shape_area | t | objectid | shape_leng | ggis_id | height_min
ASSET-0225,MOP:tree-canopies-2015-urban-forest,Tree canopies 2015 (Urban Forest),https://data.melbourne.vic.gov.au/explore/dataset/tree-canopies-2015-urban-forest/,City of Melbourne Open Data,data.melbourne.vic.gov.au,Tree canopy within City of Melbourne mapped using 2015 aerial photos and LiDAR. The canopy polygons represent actual tree canopy extents on both private and public property across the city. he data is considered accurate for 2015. Changes in tree canopy are expected to have occurred since that time.,Environment,,Geospatial,60712,8,geo_point_2d | geo_shape | qa_id_1 | shape_area | area_2015 | change_cod | objectid | shape_leng
ASSET-0226,MOP:tree-canopies-2016-urban-forest,Tree Canopies 2016 (Urban Forest),https://data.melbourne.vic.gov.au/explore/dataset/tree-canopies-2016-urban-forest/,City of Melbourne Open Data,data.melbourne.vic.gov.au,Tree canopy within City of Melbourne mapped using 2016 aerial photos and LiDAR. The canopy polygons represent actual tree canopy extents on both private and public property across the city.,Environment,,Geospatial,59885,3,geo_point_2d | geo_shape | area
ASSET-0227,MOP:tree-canopies-2018-entire-municipal-area-urban-forest,Tree canopies 2018 entire municipal area (Urban Forest),https://data.melbourne.vic.gov.au/explore/dataset/tree-canopies-2018-entire-municipal-area-urban-forest/,City of Melbourne Open Data,data.melbourne.vic.gov.au,Tree canopy within City of Melbourne mapped using 2018 aerial photos. The canopy polygons represent actual tree canopy extents on both private and public property across the city.,Environment,,Geospatial,54680,5,geo_point_2d | geo_shape | objectid | shape_leng | shape_area
ASSET-0228,MOP:tree-canopies-2019,Tree canopies 2019,https://data.melbourne.vic.gov.au/explore/dataset/tree-canopies-2019/,City of Melbourne Open Data,data.melbourne.vic.gov.au,"This dataset contains spatial polygons which represent tree canopy areas across the City of Melbourne. It can be easily mapped using the geometry column. Tree canopy polygons have been derived by ArborCarbon from high-resolution airborne multispectral imagery. ArborCarbon collected this imagery using the ArborCam, a unique 11-band airborne multispectral camera system optimized for the accurate detection of vegetation and subtle changes in vegetation condition. The high-resolution airborne imagery datasets were geometrically corrected and orthorectified using the City of Melbourne’s publicly available 2018 aerial imagery and a Digital Terrain Model supplied by the City. A Digital Surface Model was generated from the acquired imagery for the full extent of the City, enabling the stratification of vegetation into a range of height categories. All vegetation >3m above the ground was classified as canopy (excluding vegetation on building rooftops).",Environment,,Geospatial,114784,3,geo_point_2d | geo_shape | id
ASSET-0229,MOP:tree-canopies-2021-urban-forest,Tree Canopies 2021 (Urban Forest),https://data.melbourne.vic.gov.au/explore/dataset/tree-canopies-2021-urban-forest/,City of Melbourne Open Data,data.melbourne.vic.gov.au,Tree canopy within City of Melbourne mapped using 2021 high resolution multi-spectral imagery. The canopy polygons represent actual tree canopy extents on both private and public property across the city.,Environment,UC00171,Geospatial,57980,2,geo_point_2d | geo_shape
ASSET-0230,MOP:tree-canopies-public-realm-2018-urban-forest,Tree canopies public realm 2018 (Urban Forest),https://data.melbourne.vic.gov.au/explore/dataset/tree-canopies-public-realm-2018-urban-forest/,City of Melbourne Open Data,data.melbourne.vic.gov.au,Tree canopy within City of Melbourne mapped using 2018 aerial photos and LiDAR. The canopy polygons represent actual tree canopy extents on public property (land managed by the City of Melbourne) across the city. The data is considered accurate for 2018. Changes in tree canopy are expected to have occurred since that time. Tree canopy cover is mapped by the City of Melbourne annually.,Environment,,Geospatial,32787,5,geo_point_2d | geo_shape | objectid | shape_leng | shape_area
ASSET-0231,MOP:tree-planting-zone-schedules-with-years-urban-forest,"Tree planting zone schedules, with years (Urban Forest)",https://data.melbourne.vic.gov.au/explore/dataset/tree-planting-zone-schedules-with-years-urban-forest/,City of Melbourne Open Data,data.melbourne.vic.gov.au,"Under the Urban Forest Strategy, there are ten Precinct Plans that provide detailed information about how planting will occur in local streets to meet the objectives of the strategy. A planting schedule for streets in each precinct has been developed in consultation with the community and is based on: - Community priorities - Location and density of vulnerable residents - Opportunities for new planting - Hot and very hot streets, as shown in thermal imaging - Useful Life Expectancy of existing trees - Existing canopy cover This dataset shows the anticipated timeframe for tree planting in each street across the City of Melbourne. This timing is provisional and subject to change. The schedule for some streets may be moved forward or delayed by capital works, developments or renewal projects that impact on tree planting or survival. To learn more about the Urban Forest Strategy and Precinct Plans, visit http://www.melbourne.vic.gov.au/sustainability/urbanforest/pages/urbanforest.aspx",Environment,,Geospatial,839,12,geo_point_2d | geo_shape | str_from | segpart | statusid | segid | streetname | streetid | schedule | mapstatus | str_to | segdescr
ASSET-0232,MOP:trees-with-species-and-dimensions-urban-forest,"Trees, with species and dimensions (Urban Forest)",https://data.melbourne.vic.gov.au/explore/dataset/trees-with-species-and-dimensions-urban-forest/,City of Melbourne Open Data,data.melbourne.vic.gov.au,"The City of Melbourne maintains more than 80,000 trees. This dataset details the location, species and lifespan of Melbourne's urban forest by precinct. To explore Melbourne's tree data and learn more about the life expectancy and diversity of trees in your city, check out our interactive tree map http://melbourneurbanforestvisual.com.au/, You can download the City of Melbourne's Urban forest Strategy and the summary of your precinct's consultation from the attachments section by selecting the 'About' button",Environment,,Geospatial,82064,20,com_id | common_name | scientific_name | genus | family | diameter_breast_height | year_planted | date_planted | age_description | useful_life_expectency | useful_life_expectency_value | precinct | located_in | uploaddate | coordinatelocation | latitude | longitude | easting | northing | geolocation
ASSET-0233,MOP:venues-for-event-bookings,Venues for event bookings,https://data.melbourne.vic.gov.au/explore/dataset/venues-for-event-bookings/,City of Melbourne Open Data,data.melbourne.vic.gov.au,"This dataset shows the location and names of all of the bookable event spaces available to the general public (applications apply) this dataset also shows which events are suitable, whether dogs are allowed and whether they are smoke free or not.",Events,UC00180,Geospatial,206,22,geo_point_2d | geo_shape | prop_id | no_smoking | level_1_na | addresspt1 | event | full_name | addressp_1 | training | dog_prohib | dog_off_le | venue_recn | addresspt | sport | promotion | bookable | level_3_na | wedding | roadseg_id | sustainabi | level_2_na
ASSET-0234,MOP:waste-collected-per-month,Waste collected per month,https://data.melbourne.vic.gov.au/explore/dataset/waste-collected-per-month/,City of Melbourne Open Data,data.melbourne.vic.gov.au,"The City of Melbourne provides a number of waste collection services. The dataset details the weight (in tonnes) of waste collected in a number of different categories including residential garbage, hard waste, commingled recycling, cardboard, green waste, litter and dumped rubbish.",Environment,,Tabular,132,13,date | residential | public_litter_bins | dumped_rubbish | street_sweepings | mattresses | commingled_recycling | cardboard | hardwaste_to_landfill | hardwaste_recovered | hardwaste_total | green_waste | month
ASSET-0235,MOP:waste-processed-by-dehydrator-at-degraves-st-recycling-facility-2016,Waste processed by dehydrator at Degraves St Recycling Facility 2016,https://data.melbourne.vic.gov.au/explore/dataset/waste-processed-by-dehydrator-at-degraves-st-recycling-facility-2016/,City of Melbourne Open Data,data.melbourne.vic.gov.au,"The City of Melbourne operates a dehydrator for organic waste received at the Degraves Street Recycling Facility. This dataset records the amount of material processed, its incoming and outgoing weight each day of 2016.",Environment,,Tabular,363,21,week_day | date_in | 120_ltr_bins | weight_in_kg | run_time_hr | date_ejected | weight_out_kg | weight_of_oversized_kg | volume_out_ltr | volume_of_oversized_ltr | volume_in_ltr | organics_density_kg_120_ltr | mass_reduction | volume_reduction | weekly_weight_in_kg | weight_collected_kg | est_co2_e_produced_if_landfill_ton | est_energy_use_kwh | est_co2_e_produced_by_dehydrator_ton | total_monthly_weight_in_kg | total_monthly_weight_out_kg
ASSET-0236,MOP:water-flow-routes-over-land-urban-forest,Water flow routes over land (Urban Forest),https://data.melbourne.vic.gov.au/explore/dataset/water-flow-routes-over-land-urban-forest/,City of Melbourne Open Data,data.melbourne.vic.gov.au,"These flow routes are derived from the 2008 DEM surface using ESRI Spatial Analyst stream order tool with STRAHLER ordering. The GRID_CODE field represents stream order. Lines with no tributaries are assigned an order of one and are referred to as first order. When two first-order links intersect, the downslope link is assigned an order of two. When two second-order links intersect, the downslope link is assigned an order of three and so on. This was undertaken as part of the urbanforest program, the shapefile excludes a portion of Kensington that became part of City of Melbourne after this data was processed.",Environment,,Geospatial,7701,7,geo_point_2d | geo_shape | grid_code | source | to_node | arcid | from_node
ASSET-0237,MOP:wildlife-sightings-bioblitz-2014,Wildlife Sightings (BioBlitz 2014),https://data.melbourne.vic.gov.au/explore/dataset/wildlife-sightings-bioblitz-2014/,City of Melbourne Open Data,data.melbourne.vic.gov.au,"Melbourne BioBlitz is one of the City of Melbourne’s major citizen science programs, where experts and members of the community work together to discover, document, and learn about the species that call our city home. The 2014 BioBlitz was held between 31 October and 15 November 2014. Over 700 citizens participated in 53 events led by 90 volunteer ecologists and experts. It gave Melburnians the unique opportunity to work alongside professional and amateur naturalists to discover Melbourne's biodiversity and help to produce a list of species living in our city. The City of Melbourne has analysed the data collected in past BioBlitzes and is now building a baseline dataset against which future changes in biodiversity can be measured and evaluated.",Environment,,Geospatial,670,15,taxa | kingdom | phylum | class | order | family | genus | species | common_name | identification_notes | data_resource_name | sighting_date | latitude | longitude | location
ASSET-0238,MOP:workers-profile-2016,Workers Profile 2016,https://data.melbourne.vic.gov.au/explore/dataset/workers-profile-2016/,City of Melbourne Open Data,data.melbourne.vic.gov.au,"Contains demographic profile information for workers from the Australian Bureau of Statistics (ABS) 2016 Census of Population and Housing. Data has been aggregated based on work location. This data has been derived from the ABS Census TableBuilder online data tool ( http://www.abs.gov.au/websitedbs/D3310114.nsf/Home/2016%20TableBuilder ) by Australian Bureau of Statistics, used under CC 4.0 .",People,,Tabular,2438,6,profile | census_year | category | sub_category | sub_order | value
ASSET-0239,MOP:younger-people-profile-2016-15-24-years,Younger People Profile 2016 (15-24 years),https://data.melbourne.vic.gov.au/explore/dataset/younger-people-profile-2016-15-24-years/,City of Melbourne Open Data,data.melbourne.vic.gov.au,"Contains demographic profile information from the Australian Bureau of Statistics (ABS) 2016 Census of Population and Housing. Data has been aggregated by younger people (aged 15-24 years), as well as the remaining population (aged 0-14 years & aged 25 years and over). This data has been derived from the ABS Census TableBuilder online data tool ( http://www.abs.gov.au/websitedbs/D3310114.nsf/Home/2016%20TableBuilder ) by Australian Bureau of Statistics, used under CC 4.0 .",People,UC00117,Tabular,436,6,profile | census_year | category | sub_category | sub_order | value
ASSET-0265,URL:https://www.abs.gov.au/statistics/standards/australian-statistical-geography-standard-asgs-edition-3/jul2021-jun2026/access-and-downloads/digital-boundary-files,ASGS Edition 3 digital boundary files — Australian Bureau of Statistics,https://www.abs.gov.au/statistics/standards/australian-statistical-geography-standard-asgs-edition-3/jul2021-jun2026/access-and-downloads/digital-boundary-files,External government open data — Australian Bureau of Statistics,Australian Bureau of Statistics,Dataset referenced from External government open data — Australian Bureau of Statistics by a FINALISED MOP use case.,Not applicable,UC00010,Not stated,Not stated,Not stated,Not stated
ASSET-0267,URL:https://discover.data.vic.gov.au/dataset/on-street-car-parking-sensor-data-2019,On-street Car Parking Sensor Data 2019,https://discover.data.vic.gov.au/dataset/on-street-car-parking-sensor-data-2019,External government open data — Victorian Government,Victorian Government,Dataset referenced from External government open data — Victorian Government by a FINALISED MOP use case.,Not applicable,UC00163,Not stated,Not stated,Not stated,Not stated
ASSET-0264,URL:https://www.abs.gov.au/statistics/people/population/regional-population/2021-22,"Regional population, 2021–22 — Australian Bureau of Statistics",https://www.abs.gov.au/statistics/people/population/regional-population/2021-22,External government open data — Australian Bureau of Statistics,Australian Bureau of Statistics,Dataset referenced from External government open data — Australian Bureau of Statistics by a FINALISED MOP use case.,Not applicable,UC00010,Not stated,Not stated,Not stated,Not stated
