ASSET_ID,MAIN_LINE_TYPE,MAIN_CLASS,MAIN_NAME,MATERIAL,PIPE_LENGTH,PIPE_WIDTH,SOIL_TYPE,DATE_RELINED,DATE_OF_CONSTRUCTION,SERVICE_STATUS,PIPE_AGE
M193,MAINBG,T,KENNY ST-BROADMEADOWS MAIN,MS,843.07,1150,CLAY,1/1/1965 12:00:00 AM,1965-01-01,IN,61.0
M420,OFTAKE,S,TARAGO - WESTERN PORT MAIN,MSCL,2.71,100,SAND,1/1/1979 12:00:00 AM,1975-08-01,IN,51.0
M420,OFTAKE,S,TARAGO - WESTERN PORT MAIN,MSCL,2.71,300,SAND,1/1/1979 12:00:00 AM,1975-08-01,IN,51.0
M420,OFTAKE,S,TARAGO - WESTERN PORT MAIN,MSCL,2.71,300,SAND,1/1/1979 12:00:00 AM,1975-08-01,IN,51.0
M420,OFTAKE,S,TARAGO - WESTERN PORT MAIN,MSCL,2.71,100,SAND,1/1/1979 12:00:00 AM,1975-08-01,IN,51.0
M420,MAINBG,T,TARAGO - WESTERN PORT MAIN,MS,817.95,1050,SAND,1/1/1979 12:00:00 AM,1975-08-01,IN,51.0
M041,MAINAG,T,MERRI CK - NORTHCOTE-PUNT RD,MS,114.5,600,AIR,1/1/1996 12:00:00 AM,1996-01-01,IN,30.0
M022,MAINBG,T,MITCHAM-NOTTING HILL MAIN,MS,1.0,825,CLAY,1/1/1974 12:00:00 AM,1985-01-01,IN,41.0
M021,CROSS,S,BLACKBURN RD - NOTTING HILL,MSCL,2.0,450,SS&C,1/1/1983 12:00:00 AM,1984-01-01,IN,42.0
M190,BYPASS,S,YAN YEAN-EPPING MAIN,MSCL,16.8,450,CLAY,1/1/1960 12:00:00 AM,1976-07-19,IN,50.0
M190,BYPASS,S,YAN YEAN-EPPING MAIN,MSCL,1.58,450,CLAY,1/1/1960 12:00:00 AM,1976-07-19,IN,50.0
M190,BYPASS,S,YAN YEAN-EPPING MAIN,MSCL,4.17,450,CLAY,1/1/1960 12:00:00 AM,1976-07-19,IN,50.0
M190,CROSS,S,YAN YEAN-EPPING MAIN,MSCL,6.21,825,CLAY,1/1/1960 12:00:00 AM,1976-07-19,IN,50.0
M190,MAINBG,T,YAN YEAN-EPPING MAIN,MS,12.77,2100,CLAY,1/1/1960 12:00:00 AM,1976-07-19,IN,50.0
M190,MAINBG,T,YAN YEAN-EPPING MAIN,MS,18.02,1700,CLAY,1/1/1960 12:00:00 AM,1960-01-01,IN,66.0
M190,OFTAKE,S,YAN YEAN-EPPING MAIN,MSCL,1.99,1150,CLAY,1/1/1960 12:00:00 AM,1976-07-19,IN,50.0
M190,CONN,S,YAN YEAN-EPPING MAIN,MSCL,0.9,450,CLAY,1/1/1960 12:00:00 AM,1976-07-19,IN,50.0
M190,MAINBG,T,YAN YEAN-EPPING MAIN,MS,4.51,1700,CLAY,1/1/1960 12:00:00 AM,1976-07-19,IN,50.0
M190,MAINBG,T,YAN YEAN-EPPING MAIN,MS,1.87,825,CLAY,1/1/1960 12:00:00 AM,1976-07-19,IN,50.0
M190,CONN,S,YAN YEAN-EPPING MAIN,MSCL,1.95,450,CLAY,1/1/1960 12:00:00 AM,1976-07-19,IN,50.0
M190,BYPASS,S,YAN YEAN-EPPING MAIN,MSCL,4.67,225,CLAY,1/1/1960 12:00:00 AM,1976-07-19,IN,50.0
M190,CONN,S,YAN YEAN-EPPING MAIN,MSCL,2.79,450,CLAY,1/1/1960 12:00:00 AM,1976-07-19,IN,50.0
M190,MAINBG,T,YAN YEAN-EPPING MAIN,MS,3.83,1700,CLAY,1/1/1960 12:00:00 AM,1976-07-19,IN,50.0
M190,BYPASS,S,YAN YEAN-EPPING MAIN,MSCL,4.39,225,CLAY,1/1/1960 12:00:00 AM,1976-07-19,IN,50.0
M190,BYPASS,S,YAN YEAN-EPPING MAIN,MSCL,7.49,450,CLAY,1/1/1960 12:00:00 AM,1976-07-19,IN,50.0
M039,MAINBG,T,NORTHCOTE - PUNT RD,MS,140.99,600,SAND,1/1/1967 12:00:00 AM,1971-07-20,IN,55.0
M039,MAINAG,T,NORTHCOTE - PUNT RD,MS,55.97,600,SAND,1/1/1967 12:00:00 AM,1971-07-20,IN,55.0
M182,MAINBG,T,BROOKLYN-GALVIN-LAVERTON MAIN,MSCL,261.18,600,CLAY,1/1/1961 12:00:00 AM,1961-01-01,IN,65.0
M182,MAINBG,T,BROOKLYN-GALVIN-LAVERTON MAIN,MSCL,399.38,600,CLAY,1/1/1961 12:00:00 AM,1961-01-01,IN,65.0
M182,MAINBG,T,BROOKLYN-GALVIN-LAVERTON MAIN,MSCL,0.5,600,CLAY,1/1/1969 12:00:00 AM,1969-01-01,IN,57.0
M182,MAINBG,T,BROOKLYN-GALVIN-LAVERTON MAIN,MSCL,53.1,600,CLAY,1/1/1974 12:00:00 AM,1974-01-01,IN,52.0
M182,MAINBG,T,BROOKLYN-GALVIN-LAVERTON MAIN,MSCL,137.99,600,CLAY,1/1/1961 12:00:00 AM,1961-01-01,IN,65.0
M418,MAINAG,T,BEACONSFIELD - LANGWARRIN MAIN,MS,6.78,1050,CLAY,1/1/1959 12:00:00 AM,1959-01-01,IN,67.0
M158,MAINAG,T,SURREY HILLS - ROSANNA,MS,53.48,1150,CRK,1/1/1980 12:00:00 AM,1980-01-01,IN,46.0
M281,MAINAG,T,CARDINIA-DAND'G-NOTTING HILL M,MS,32.31,1700,SNC,1/1/1974 12:00:00 AM,1976-01-01,IN,50.0
M418,MAINAG,T,BEACONSFIELD - LANGWARRIN MAIN,MS,5.9,1050,CLAY,1/1/1959 12:00:00 AM,1959-01-01,IN,67.0
M418,MAINAG,T,BEACONSFIELD - LANGWARRIN MAIN,MS,55.38,1050,CLAY,1/1/1982 12:00:00 AM,1982-01-01,IN,44.0
M333,MAINBG,T,GREENVALE-YUROKE-SYDENHAM,MS,0.67,1150,CRK,1/1/1978 12:00:00 AM,1978-01-01,IN,48.0
M333,MAINBG,T,GREENVALE-YUROKE-SYDENHAM,MS,1214.74,1150,CRK,1/1/1978 12:00:00 AM,1978-01-01,IN,48.0
M182,MAINBG,T,BROOKLYN-GALVIN-LAVERTON MAIN,MSCL,134.33,600,CLAY,1/1/1969 12:00:00 AM,1969-01-01,IN,57.0
M182,MAINBG,T,BROOKLYN-GALVIN-LAVERTON MAIN,MSCL,0.53,600,CLAY,1/1/1961 12:00:00 AM,1961-01-01,IN,65.0
M182,MAINBG,T,BROOKLYN-GALVIN-LAVERTON MAIN,MSCL,65.09,600,CLAY,1/1/1969 12:00:00 AM,1969-01-01,IN,57.0
M182,MAINBG,T,BROOKLYN-GALVIN-LAVERTON MAIN,MSCL,1189.7,600,CLAY,1/1/1961 12:00:00 AM,1961-01-01,IN,65.0
M182,MAINBG,T,BROOKLYN-GALVIN-LAVERTON MAIN,MSEL,2.91,900,CLAY,1/1/1961 12:00:00 AM,1961-01-01,IN,65.0
M182,MAINBG,T,BROOKLYN-GALVIN-LAVERTON MAIN,MSCL,469.5,600,CLAY,1/1/1961 12:00:00 AM,1961-01-01,IN,65.0
M041,MAINAG,T,MERRI CK - NORTHCOTE-PUNT RD,MS,2.09,600,AIR,1/1/1996 12:00:00 AM,1996-01-01,IN,30.0
M041,OFTAKE,S,MERRI CK - NORTHCOTE-PUNT RD,MSCL,0.85,225,CRK,6/10/2004 12:00:00 AM,2004-06-10,IN,22.0
M041,MAINBG,T,MERRI CK - NORTHCOTE-PUNT RD,MS,33.98,600,CRK,6/10/2004 12:00:00 AM,2004-06-10,IN,22.0
M333,MAINBG,T,GREENVALE-YUROKE-SYDENHAM,MS,2940.96,1150,CRK,1/1/1978 12:00:00 AM,1978-01-01,IN,48.0
M333,MAINBG,T,GREENVALE-YUROKE-SYDENHAM,MS,1.41,1150,CRK,1/1/1978 12:00:00 AM,1978-01-01,IN,48.0
M333,MAINBG,T,GREENVALE-YUROKE-SYDENHAM,MS,1.32,1150,CRK,1/1/1978 12:00:00 AM,1978-01-01,IN,48.0
M054,MAINBG,T,OLINDA-MITCHAM NO.2,MS,531.13,1150,CLAY,1/1/1984 12:00:00 AM,1926-01-01,IN,100.0
M054,MAINBG,T,OLINDA-MITCHAM NO.2,MS,319.79,1150,CLAY,1/1/1984 12:00:00 AM,1926-01-01,IN,100.0
M054,MAINBG,T,OLINDA-MITCHAM NO.2,MS,728.21,1150,CLAY,1/1/1984 12:00:00 AM,1926-01-01,IN,100.0
M022,MAINBG,T,MITCHAM-NOTTING HILL MAIN,MSLB,280.2,750,CLAY,1/1/1975 12:00:00 AM,1927-01-01,IN,99.0
M010,SIPHBG,T,MAROONDAH,WI,217.49,1275,CLAY,1/1/1890 12:00:00 AM,1891-01-01,IN,135.0
M182,MAINBG,T,BROOKLYN-GALVIN-LAVERTON MAIN,MSCL,1.12,825,CLAY,1/1/1966 12:00:00 AM,1966-01-01,IN,60.0
M182,MAINBG,T,BROOKLYN-GALVIN-LAVERTON MAIN,MSEL,8.5,900,CLAY,1/1/1961 12:00:00 AM,1961-01-01,IN,65.0
M182,MAINBG,T,BROOKLYN-GALVIN-LAVERTON MAIN,MSCL,2.82,375,CLAY,1/1/1961 12:00:00 AM,1961-01-01,IN,65.0
M182,BRANCH,S,BROOKLYN-GALVIN-LAVERTON MAIN,MSCL,29.91,450,CLAY,1/1/1961 12:00:00 AM,1961-01-01,IN,65.0
M182,MAINBG,T,BROOKLYN-GALVIN-LAVERTON MAIN,MSCL,1.53,600,CLAY,1/1/1966 12:00:00 AM,1966-01-01,IN,60.0
M182,MAINBG,T,BROOKLYN-GALVIN-LAVERTON MAIN,MSEL,171.3,900,CLAY,1/1/1961 12:00:00 AM,1961-01-01,IN,65.0
M182,MAINBG,T,BROOKLYN-GALVIN-LAVERTON MAIN,MSEL,460.84,900,CLAY,1/1/1961 12:00:00 AM,1961-01-01,IN,65.0
M182,MAINBG,T,BROOKLYN-GALVIN-LAVERTON MAIN,MSEL,12.47,900,CLAY,1/1/1961 12:00:00 AM,1961-01-01,IN,65.0
M010,SIPHBG,T,MAROONDAH,MS,217.56,1350,CLAY,1/1/1928 12:00:00 AM,1889-01-01,IN,137.0
M182,MAINBG,T,BROOKLYN-GALVIN-LAVERTON MAIN,MSCL,658.49,600,CLAY,1/1/1961 12:00:00 AM,1961-01-01,IN,65.0
M182,MAINBG,T,BROOKLYN-GALVIN-LAVERTON MAIN,MSCL,6.93,600,CLAY,1/1/1969 12:00:00 AM,1969-01-01,IN,57.0
M182,MAINBG,T,BROOKLYN-GALVIN-LAVERTON MAIN,MSEL,174.44,900,CLAY,1/1/1961 12:00:00 AM,1961-01-01,IN,65.0
M182,MAINBG,T,BROOKLYN-GALVIN-LAVERTON MAIN,MSCL,105.87,600,CLAY,1/1/1961 12:00:00 AM,1960-07-01,IN,66.0
M182,MAINBG,T,BROOKLYN-GALVIN-LAVERTON MAIN,MSCL,2.87,600,CLAY,1/1/1961 12:00:00 AM,1961-01-01,IN,65.0
M182,MAINBG,T,BROOKLYN-GALVIN-LAVERTON MAIN,MSCL,125.75,600,CLAY,1/1/1961 12:00:00 AM,1961-01-01,IN,65.0
M182,MAINBG,T,BROOKLYN-GALVIN-LAVERTON MAIN,MSCL,1.13,825,CLAY,1/1/1966 12:00:00 AM,1966-01-01,IN,60.0
M182,MAINBG,T,BROOKLYN-GALVIN-LAVERTON MAIN,MSCL,2.1,375,CLAY,1/1/1961 12:00:00 AM,1961-01-01,IN,65.0
M182,MAINBG,T,BROOKLYN-GALVIN-LAVERTON MAIN,MSCL,2.79,600,CLAY,1/1/1961 12:00:00 AM,1961-01-01,IN,65.0
M182,MAINBG,T,BROOKLYN-GALVIN-LAVERTON MAIN,MSEL,850.44,900,CLAY,1/1/1961 12:00:00 AM,1961-01-01,IN,65.0
M182,MAINBG,T,BROOKLYN-GALVIN-LAVERTON MAIN,MSCL,1.0,825,CLAY,1/1/1966 12:00:00 AM,1966-01-01,IN,60.0
M192,MAINBG,T,EPPING-GREENVALE MAIN,MS,0.983,800,CRK,2/1/2010 12:00:00 AM,2010-02-01,IN,16.0
M192,MAINBG,T,EPPING-GREENVALE MAIN,MS,0.505,800,CRK,2/1/2010 12:00:00 AM,2010-02-01,IN,16.0
M192,MAINBG,T,EPPING-GREENVALE MAIN,MS,0.83,600,CRK,2/1/2010 12:00:00 AM,2010-02-01,IN,16.0
M192,MAINBG,T,EPPING-GREENVALE MAIN,MS,0.518,600,CRK,2/1/2010 12:00:00 AM,2010-02-01,IN,16.0
M192,MAINBG,T,EPPING-GREENVALE MAIN,MS,0.742,500,CRK,2/1/2010 12:00:00 AM,2010-02-01,IN,16.0
M192,MAINBG,T,EPPING-GREENVALE MAIN,MS,3.334,800,CRK,1/1/1989 12:00:00 AM,1989-01-01,IN,37.0
M192,MAINBG,T,EPPING-GREENVALE MAIN,MS,1.706,500,CRK,2/1/2010 12:00:00 AM,2010-02-01,IN,16.0
M192,MAINBG,T,EPPING-GREENVALE MAIN,MS,0.642,800,CRK,2/1/2010 12:00:00 AM,2010-02-01,IN,16.0
M182,MAINBG,T,BROOKLYN-GALVIN-LAVERTON MAIN,MSCL,715.41,600,CLAY,1/1/1961 12:00:00 AM,1961-01-01,IN,65.0
M182,MAINBG,T,BROOKLYN-GALVIN-LAVERTON MAIN,MSCL,172.03,600,CLAY,1/1/1961 12:00:00 AM,1961-01-01,IN,65.0
M182,MAINBG,T,BROOKLYN-GALVIN-LAVERTON MAIN,MSCL,2.44,600,CLAY,1/1/1969 12:00:00 AM,1969-01-01,IN,57.0
M182,MAINBG,T,BROOKLYN-GALVIN-LAVERTON MAIN,MSCL,0.42,450,CLAY,1/1/1969 12:00:00 AM,1969-01-01,IN,57.0
M182,MAINBG,T,BROOKLYN-GALVIN-LAVERTON MAIN,MSCL,28.76,600,CLAY,1/1/1961 12:00:00 AM,1961-01-01,IN,65.0
M182,MAINBG,T,BROOKLYN-GALVIN-LAVERTON MAIN,MSCL,45.33,600,CLAY,1/1/1961 12:00:00 AM,1961-01-01,IN,65.0
M182,MAINBG,T,BROOKLYN-GALVIN-LAVERTON MAIN,MSCL,0.61,450,CLAY,1/1/1961 12:00:00 AM,1961-01-01,IN,65.0
M182,MAINBG,T,BROOKLYN-GALVIN-LAVERTON MAIN,MSCL,474.46,600,CLAY,1/1/1961 12:00:00 AM,1961-01-01,IN,65.0
M182,MAINBG,T,BROOKLYN-GALVIN-LAVERTON MAIN,MSCL,0.28,375,CLAY,1/1/1961 12:00:00 AM,1961-01-01,IN,65.0
M182,MAINBG,T,BROOKLYN-GALVIN-LAVERTON MAIN,MSCL,84.17,600,CLAY,1/1/1961 12:00:00 AM,1961-01-01,IN,65.0
M182,MAINBG,T,BROOKLYN-GALVIN-LAVERTON MAIN,MSCL,41.14,600,CLAY,1/1/1961 12:00:00 AM,1961-01-01,IN,65.0
M182,MAINBG,T,BROOKLYN-GALVIN-LAVERTON MAIN,MSEL,23.58,900,CLAY,1/1/1961 12:00:00 AM,1961-01-01,IN,65.0
M182,MAINBG,T,BROOKLYN-GALVIN-LAVERTON MAIN,MSCL,2.74,450,CLAY,1/1/1961 12:00:00 AM,1961-01-01,IN,65.0
M182,MAINBG,T,BROOKLYN-GALVIN-LAVERTON MAIN,MSCL,451.31,600,CLAY,1/1/1961 12:00:00 AM,1961-01-01,IN,65.0
M182,MAINBG,T,BROOKLYN-GALVIN-LAVERTON MAIN,MSCL,0.9,375,CLAY,1/1/1961 12:00:00 AM,1961-01-01,IN,65.0
M190,MAINBG,T,YAN YEAN-EPPING MAIN,MS,1.99,825,CLAY,1/1/1960 12:00:00 AM,1976-07-19,IN,50.0
M190,OFTAKE,S,YAN YEAN-EPPING MAIN,MSCL,1.99,1150,CLAY,1/1/1960 12:00:00 AM,1976-07-19,IN,50.0
M190,MAINBG,S,YAN YEAN-EPPING MAIN,MS,57.3,300,CLAY,1/1/1960 12:00:00 AM,1960-01-01,IN,66.0
M190,CROSS,S,YAN YEAN-EPPING MAIN,MSCL,6.09,825,CLAY,1/1/1960 12:00:00 AM,1976-07-19,IN,50.0
M190,OFTAKE,S,YAN YEAN-EPPING MAIN,MSCL,3.75,450,CLAY,1/1/1960 12:00:00 AM,1976-07-19,IN,50.0
M190,BYPASS,S,YAN YEAN-EPPING MAIN,MSCL,21.73,450,CLAY,1/1/1960 12:00:00 AM,1976-07-19,IN,50.0
M190,BYPASS,S,YAN YEAN-EPPING MAIN,MSCL,1.78,450,CLAY,1/1/1960 12:00:00 AM,1976-07-19,IN,50.0
M190,MAINBG,T,YAN YEAN-EPPING MAIN,MS,34.88,1700,CLAY,1/1/1960 12:00:00 AM,1976-07-19,IN,50.0
M190,BYPASS,S,YAN YEAN-EPPING MAIN,MSCL,4.12,450,CLAY,1/1/1960 12:00:00 AM,1976-07-19,IN,50.0
M190,CONN,S,YAN YEAN-EPPING MAIN,MSCL,3.17,825,CLAY,1/1/1960 12:00:00 AM,1976-07-19,IN,50.0
M190,MAINBG,T,YAN YEAN-EPPING MAIN,MS,21.0,1700,CLAY,1/1/1960 12:00:00 AM,1976-07-19,IN,50.0
M190,CONN,S,YAN YEAN-EPPING MAIN,MSCL,3.2,825,CLAY,1/1/1960 12:00:00 AM,1976-07-19,IN,50.0
M190,MAINBG,S,YAN YEAN-EPPING MAIN,MS,30.0,300,CLAY,1/1/1960 12:00:00 AM,1976-07-19,IN,50.0
M190,MAINBG,T,YAN YEAN-EPPING MAIN,RC,158.27,2100,CLAY,1/1/1960 12:00:00 AM,1976-07-19,IN,50.0
M190,MAINBG,T,YAN YEAN-EPPING MAIN,MS,5.35,1700,CLAY,1/1/1960 12:00:00 AM,1976-07-19,IN,50.0
M190,MAINBG,T,YAN YEAN-EPPING MAIN,MS,4.68,1700,CLAY,1/1/1960 12:00:00 AM,1976-07-19,IN,50.0
M054,MAINBG,T,OLINDA-MITCHAM NO.2,MS,985.7,1150,CLAY,1/1/1984 12:00:00 AM,1926-01-01,IN,100.0
M054,MAINBG,T,OLINDA-MITCHAM NO.2,MS,337.66,1150,CLAY,1/1/1984 12:00:00 AM,1926-01-01,IN,100.0
M333,MAINBG,T,GREENVALE-YUROKE-SYDENHAM,MS,0.6,1150,CRK,1/1/1978 12:00:00 AM,1978-01-01,IN,48.0
M194,MAINBG,S,EPPING-PRESTON MAIN,MS,2.322,600,CLAY,1/1/1960 12:00:00 AM,1960-01-01,IN,66.0
M258,OFTAKE,S,MAROONDAH AQUADUCT REPLACEMENT,MS,1.98,225,SAND,1/1/1975 12:00:00 AM,1974-12-03,IN,52.0
M258,OFTAKE,S,MAROONDAH AQUADUCT REPLACEMENT,MS,2.03,225,SAND,1/1/1975 12:00:00 AM,1974-12-03,IN,52.0
M258,CROSS,S,MAROONDAH AQUADUCT REPLACEMENT,MSCL,6.7,450,SAND,1/1/1968 12:00:00 AM,1983-01-01,IN,43.0
M258,OFTAKE,S,MAROONDAH AQUADUCT REPLACEMENT,MS,6.24,300,SAND,1/1/1975 12:00:00 AM,1974-12-03,IN,52.0
M258,OFTAKE,S,MAROONDAH AQUADUCT REPLACEMENT,MSCL,0.51,225,SAND,1/1/1967 12:00:00 AM,2003-06-01,IN,23.0
M258,MAINBG,T,MAROONDAH AQUADUCT REPLACEMENT,MS,276.23,2100,SAND,1/1/1976 12:00:00 AM,1976-01-01,IN,50.0
M258,BYPASS,S,MAROONDAH AQUADUCT REPLACEMENT,MS,1.5,225,SAND,1/1/1980 12:00:00 AM,1980-01-01,IN,46.0
M420,MAINBG,T,TARAGO - WESTERN PORT MAIN,MSCL,48.69,1050,SAND,1/1/1979 12:00:00 AM,1979-01-01,IN,47.0
M420,MAINBG,T,TARAGO - WESTERN PORT MAIN,MSCL,8.84,1050,SAND,1/1/1979 12:00:00 AM,1979-01-01,IN,47.0
M420,MAINBG,T,TARAGO - WESTERN PORT MAIN,MSCL,1.14,1050,SAND,1/1/1979 12:00:00 AM,1979-01-01,IN,47.0
M420,MAINBG,T,TARAGO - WESTERN PORT MAIN,MSCL,0.5,1050,SAND,1/1/1979 12:00:00 AM,1979-01-01,IN,47.0
M420,MAINBG,T,TARAGO - WESTERN PORT MAIN,MSCL,0.5,1050,SAND,1/1/1979 12:00:00 AM,1979-01-01,IN,47.0
M420,MAINBG,T,TARAGO - WESTERN PORT MAIN,MSCL,1.18,1050,SAND,1/1/1979 12:00:00 AM,1979-01-01,IN,47.0
M197,MAINBG,T,SILVAN-PRESTON MAIN,MS,4.09,1700,TOPS,1/1/1962 12:00:00 AM,1962-01-01,IN,64.0
M289,MAINBG,S,HALLAM NTH. INLET MAIN,MSCL,2.88,225,S&C,1/1/1976 12:00:00 AM,1977-01-01,IN,49.0
M237,OFTAKE,S,NTH ESSENDON BCH GREENVALE MAI,MSCL,0.7,300,SAND,1/1/1965 12:00:00 AM,1965-01-01,IN,61.0
M190,OFTAKE,S,YAN YEAN-EPPING MAIN,MSCL,0.72,600,CLAY,1/1/1960 12:00:00 AM,2007-12-23,IN,19.0
M350,MAINBG,T,WESTERN TRANSFER MAIN,MS,19.79,1350,CLAY,1/1/1984 12:00:00 AM,1984-01-01,IN,42.0
M197,CONN,S,SILVAN-PRESTON MAIN,MSCL,2.03,150,TOPS,1/1/1962 12:00:00 AM,1962-01-01,IN,64.0
M281,CROSS,S,CARDINIA-DAND'G-NOTTING HILL M,MSCL,6.41,225,CLAY,1/1/1958 12:00:00 AM,1982-08-01,IN,44.0
M197,MAINBG,T,SILVAN-PRESTON MAIN,MS,1154.24,1350,CLAY,1/1/1962 12:00:00 AM,1962-01-01,IN,64.0
M132,MAINBG,T,SILVA-MT WAVERLY MAIN,MS,38.33,1700,CLAY,1/1/1957 12:00:00 AM,1957-01-01,IN,69.0
M257,CROSS,S,ST ALBANS OUTLET MAIN,MSCL,2.01,300,CRK,1/1/1966 12:00:00 AM,2001-04-05,IN,25.0
M197,CROSS,S,SILVAN-PRESTON MAIN,MSCL,0.57,150,CLAY,1/1/1962 12:00:00 AM,1977-01-18,IN,49.0
M301,MAINBG,T,U/YARRA-O'SHANNASSY SIPHON MAI,MS,0.74,1700,CLAY,1/1/1938 12:00:00 AM,1938-01-01,IN,88.0
M283,MAINBG,T,YARRA VALLEY CONDUIT MAIN,MS,23.9,2100,SNC,1/1/1973 12:00:00 AM,1976-01-01,IN,50.0
M192,OFTAKE,S,EPPING-GREENVALE MAIN,MSCL,1.42,375,CLAY,1/1/1960 12:00:00 AM,1960-01-01,IN,66.0
M055,OFTAKE,S,NO 1 OLINDA-MITCHAM MAIN,MSCL,3.98,450,CLAY,1/1/1978 12:00:00 AM,1914-01-01,IN,112.0
M055,MAINBG,T,NO 1 OLINDA-MITCHAM MAIN,MSLB,155.45,900,CLAY,1/1/1963 12:00:00 AM,1914-01-01,IN,112.0
M192,MAINBG,T,EPPING-GREENVALE MAIN,MS,457.01,1350,CLAY,1/1/1960 12:00:00 AM,1960-01-01,IN,66.0
M160,MAINBG,T,PRESTON - FOOTSCRAY MAIN,MS,389.71,1350,CLAY,1/1/1958 12:00:00 AM,1958-02-01,IN,68.0
M354,INLET,S,SILVAN - MT WAVERLY NO 2 MAIN,MS,0.58,450,CLAY,1/1/1983 12:00:00 AM,1983-01-01,IN,43.0
M055,MAINBG,T,NO 1 OLINDA-MITCHAM MAIN,MSLB,24.65,900,CLAY,1/1/1963 12:00:00 AM,1914-01-01,IN,112.0
M333,MAINBG,T,GREENVALE-YUROKE-SYDENHAM,MS,13.95,1150,CRK,1/1/1978 12:00:00 AM,1978-01-01,IN,48.0
M257,MAINBG,T,ST ALBANS OUTLET MAIN,MS,2.25,1150,CRK,1/1/1974 12:00:00 AM,1986-01-01,IN,40.0
M257,OFTAKE,S,ST ALBANS OUTLET MAIN,MSCL,3.37,300,CRK,1/1/1974 12:00:00 AM,1979-11-15,IN,47.0
M422,MAINBG,T,BITTERN - DROMANA NO 2 MAIN,MS,1.47,900,CLAY,1/1/1964 12:00:00 AM,1964-01-01,IN,62.0
M262,SIPHBG,T,(A011) MCMAHONS CREEK MAIN,MS,336.45,1350,CLAY,1/1/1958 12:00:00 AM,1939-01-01,IN,87.0
M350,MAINBG,T,WESTERN TRANSFER MAIN,MS,218.13,1350,CLAY,1/1/1983 12:00:00 AM,1984-01-01,IN,42.0
M262,SIPHBG,T,(A011) MCMAHONS CREEK MAIN,MS,125.07,1350,CLAY,1/1/1958 12:00:00 AM,1958-01-01,IN,68.0
M195,MAINBG,T,MT WAVERLY OUTLET MAIN,MS,2.44,1150,SNC,1/1/1962 12:00:00 AM,1962-01-01,IN,64.0
M291,MAINBG,S,SILVAN - OLINDA MAIN,MSEL,2.66,1350,CLAY,1/1/1971 12:00:00 AM,1971-01-01,IN,55.0
M257,OFTAKE,S,ST ALBANS OUTLET MAIN,MSCL,2.83,375,CRK,1/1/1974 12:00:00 AM,1974-01-01,IN,52.0
M198,OFTAKE,S,SOMERTON HIGH LEVEL MAIN,MSCL,1.6,375,CRK,1/1/1962 12:00:00 AM,1962-01-01,IN,64.0
M046,MAINBG,T,MITCHAM-SURREY HILLS MAIN,WI,113.42,900,CLAY,1/1/1912 12:00:00 AM,1912-01-01,IN,114.0
M195,MAINBG,T,MT WAVERLY OUTLET MAIN,MS,792.03,1150,SNC,1/1/1962 12:00:00 AM,1962-01-01,IN,64.0
M160,MAINBG,S,PRESTON - FOOTSCRAY MAIN,MSCL,1.23,450,CLAY,1/1/1958 12:00:00 AM,2003-01-01,IN,23.0
M103,MAINBG,T,CORANDERRK WEIR TO DICKS BASIN,MS,1340.23,1150,CLAY,1/1/1931 12:00:00 AM,1930-09-05,IN,96.0
M113,MAINBG,T,MITCHAM - SURREY HILLS DUP.,MS,3.03,900,CLAY,1/1/1984 12:00:00 AM,1985-01-01,IN,41.0
M055,MAINBG,T,NO 1 OLINDA-MITCHAM MAIN,MSLB,24.3,900,CLAY,1/1/1963 12:00:00 AM,1914-01-01,IN,112.0
M281,BYPASS,S,CARDINIA-DAND'G-NOTTING HILL M,MSCL,1.5,225,SAND,1/1/1974 12:00:00 AM,1981-01-01,IN,45.0
M478,BYPASS,S,CARDINIA - PEARCEDALE DUP,MSCL,1.8,225,CRK,1/1/2001 12:00:00 AM,2001-01-01,IN,25.0
M193,BYPASS,S,KENNY ST-BROADMEADOWS MAIN,MSEL,0.83,225,CLAY,1/1/1965 12:00:00 AM,1965-01-01,IN,61.0
M198,MAINBG,T,SOMERTON HIGH LEVEL MAIN,MS,419.83,600,CRK,1/1/1968 12:00:00 AM,1968-01-01,IN,58.0
M046,MAINBG,T,MITCHAM-SURREY HILLS MAIN,CI,1.51,800,CLAY,1/1/1912 12:00:00 AM,1912-01-01,IN,114.0
M055,MAINBG,T,NO 1 OLINDA-MITCHAM MAIN,MSLB,288.7,900,CLAY,1/1/1976 12:00:00 AM,1914-01-01,IN,112.0
M192,MAINBG,T,EPPING-GREENVALE MAIN,MS,158.6,1350,CLAY,1/1/1960 12:00:00 AM,1960-01-01,IN,66.0
M046,MAINBG,T,MITCHAM-SURREY HILLS MAIN,MSR,367.89,900,CLAY,1/1/1912 12:00:00 AM,1912-01-01,IN,114.0
M078,BRANCH,S,ROSANNA - PRESTON MAIN,MSCL,101.12,900,CRK,1/1/1976 12:00:00 AM,1976-01-01,IN,50.0
M478,BRANCH,T,CARDINIA - PEARCEDALE DUP,MS,2.29,800,CRK,1/1/2001 12:00:00 AM,2001-01-01,IN,25.0
M281,BYPASS,S,CARDINIA-DAND'G-NOTTING HILL M,MSCL,1.17,300,SAND,1/1/1974 12:00:00 AM,1984-01-01,IN,42.0
M462,MAINBG,T,LANGWARRIN-FRANKSTON NO 2 MAIN,MS,2.0,600,SAND,1/1/1967 12:00:00 AM,1967-01-01,IN,59.0
M056,MAINBG,T,OLINDA-MITCHAM NO.3,MS,108.8,1150,CLAY,1/1/1981 12:00:00 AM,2005-09-06,IN,21.0
M160,MAINBG,T,PRESTON - FOOTSCRAY MAIN,MS,5.86,900,CLAY,1/1/1958 12:00:00 AM,1958-03-01,IN,68.0
M103,SIPHBG,T,CORANDERRK WEIR TO DICKS BASIN,MS,1.0,1150,CLAY,1/1/1931 12:00:00 AM,1931-01-01,IN,95.0
M046,MAINBG,T,MITCHAM-SURREY HILLS MAIN,MS,43.02,900,CLAY,1/1/1912 12:00:00 AM,1912-01-01,IN,114.0
M055,MAINBG,T,NO 1 OLINDA-MITCHAM MAIN,MSLB,13.6,900,CLAY,1/1/1963 12:00:00 AM,1914-01-01,IN,112.0
M192,MAINBG,T,EPPING-GREENVALE MAIN,MS,6.65,1350,CLAY,1/1/1960 12:00:00 AM,1960-01-01,IN,66.0
M160,MAINBG,T,PRESTON - FOOTSCRAY MAIN,MS,477.89,1350,CLAY,1/1/1958 12:00:00 AM,1958-02-01,IN,68.0
M046,MAINBG,T,MITCHAM-SURREY HILLS MAIN,MS,35.56,900,SAND,1/1/1964 12:00:00 AM,1964-01-01,IN,62.0
M113,BRANCH,S,MITCHAM - SURREY HILLS DUP.,MS,2.25,900,CRK,1/1/1995 12:00:00 AM,1995-01-01,IN,31.0
M350,CROSS,S,WESTERN TRANSFER MAIN,MSCL,21.1,1150,CLAY,1/1/1983 12:00:00 AM,1984-01-01,IN,42.0
M131,CROSS,S,MT VIEW-DANDENONG MAIN,MSCL,1.36,825,CRK,1/1/1958 12:00:00 AM,1988-01-01,IN,38.0
M132,CROSS,S,SILVA-MT WAVERLY MAIN,MSCL,5.26,600,SAND,1/1/1983 12:00:00 AM,1983-01-01,IN,43.0
M281,MAINBG,T,CARDINIA-DAND'G-NOTTING HILL M,MS,1.6,1700,SAND,1/1/1974 12:00:00 AM,1974-01-01,IN,52.0
M055,OFTAKE,S,NO 1 OLINDA-MITCHAM MAIN,MSCL,0.88,225,CLAY,1/1/1963 12:00:00 AM,1914-01-01,IN,112.0
M262,SIPHBG,T,(A011) MCMAHONS CREEK MAIN,MS,317.06,1350,CLAY,1/1/1958 12:00:00 AM,1958-01-01,IN,68.0
M480,MAINBG,T,POWELL ST CROSS CONNECTION,MS,2.64,900,SAND,7/27/2002 12:00:00 AM,2002-07-24,IN,24.0
M041,MAINBG,T,MERRI CK - NORTHCOTE-PUNT RD,MS,2.13,1150,CLAY,1/1/1928 12:00:00 AM,1927-06-21,IN,99.0
M193,MAINBG,T,KENNY ST-BROADMEADOWS MAIN,MS,2.73,1150,CLAY,1/1/1965 12:00:00 AM,1962-07-23,IN,64.0
M132,MAINBG,T,SILVA-MT WAVERLY MAIN,MS,1.8,1700,CLAY,1/1/1957 12:00:00 AM,1957-01-01,IN,69.0
M350,MAINBG,T,WESTERN TRANSFER MAIN,MS,425.39,1350,CLAY,1/1/1983 12:00:00 AM,1984-01-01,IN,42.0
M350,MAINBG,T,WESTERN TRANSFER MAIN,MS,2665.05,1350,CLAY,1/1/1984 12:00:00 AM,1984-01-01,IN,42.0
M440,MAINAG,T,TYABB MORNINGTON MAIN,MS,2.78,762,CLAY,1/1/1979 12:00:00 AM,1979-01-01,IN,47.0
M132,MAINBG,T,SILVA-MT WAVERLY MAIN,MS,81.56,1700,CLAY,1/1/1957 12:00:00 AM,1957-01-01,IN,69.0
M158,MAINBG,S,SURREY HILLS - ROSANNA,MSCL,3.75,225,CLAY,1/1/1957 12:00:00 AM,2005-06-02,IN,21.0
M022,OFTAKE,S,MITCHAM-NOTTING HILL MAIN,MSCL,2.22,150,CLAY,1/1/1968 12:00:00 AM,1927-01-01,IN,99.0
M182,OFTAKE,S,BROOKLYN-GALVIN-LAVERTON MAIN,MSCL,3.42,150,CLAY,1/1/1961 12:00:00 AM,1961-01-01,IN,65.0
M257,MAINBG,T,ST ALBANS OUTLET MAIN,MS,17.15,1150,CRK,1/1/1970 12:00:00 AM,1970-01-01,IN,56.0
M275,MAINBG,T,MCMAHONS CK DIVERSION MAIN,MS,1.35,1150,CRK,1/1/1968 12:00:00 AM,1969-01-01,IN,57.0
M258,MAINBG,S,MAROONDAH AQUADUCT REPLACEMENT,MS,64.74,1700,SAND,1/1/1979 12:00:00 AM,1979-01-01,IN,47.0
M257,BYPASS,S,ST ALBANS OUTLET MAIN,MSCL,1.1,225,CRK,1/1/1974 12:00:00 AM,1986-01-01,IN,40.0
M346,BYPASS,S,SYDENHAM OUTLET MAIN,MSCL,9.35,225,CRK,1/1/1977 12:00:00 AM,1983-01-01,IN,43.0
M055,BYPASS,S,NO 1 OLINDA-MITCHAM MAIN,MSCL,7.7,150,CLAY,1/1/1963 12:00:00 AM,1914-01-01,IN,112.0
R143,BYPASS,S,MORNINGTON RESERVOIR,MS,0.3,273,CLAY,1/1/1979 12:00:00 AM,1979-01-01,IN,47.0
M319,BYPASS,S,QUARRY HILL RISING MAIN,MS,1.01,225,C&BS,1/1/1977 12:00:00 AM,1978-01-01,IN,48.0
M054,OFTAKE,S,OLINDA-MITCHAM NO.2,MSCL,1.16,225,CLAY,1/1/1984 12:00:00 AM,1926-01-01,IN,100.0
M131,OFTAKE,S,MT VIEW-DANDENONG MAIN,MSCL,11.63,150,CRK,1/1/1958 12:00:00 AM,1968-03-26,IN,58.0
M192,OFTAKE,S,EPPING-GREENVALE MAIN,MSCL,1.43,150,CLAY,1/1/1960 12:00:00 AM,1960-01-01,IN,66.0
M372,MAINBG,T,LUSATIA PARK MAIN,MS,4.12,300,SAND,1/1/1985 12:00:00 AM,1984-09-01,IN,42.0
M291,MAINBG,S,SILVAN - OLINDA MAIN,MSEL,0.3,600,CLAY,1/1/1971 12:00:00 AM,1971-01-01,IN,55.0
M257,MAINBG,T,ST ALBANS OUTLET MAIN,MS,21.74,1150,CRK,1/1/1970 12:00:00 AM,1970-01-01,IN,56.0
M268,MAINBG,T,MT VIEW OUTLET MAIN,MS,20.88,1150,SLCL,1/1/1965 12:00:00 AM,1968-01-01,IN,58.0
M333,OFTAKE,S,GREENVALE-YUROKE-SYDENHAM,MSCL,2.57,300,CRK,1/1/1978 12:00:00 AM,1984-01-01,IN,42.0
M422,MAINBG,T,BITTERN - DROMANA NO 2 MAIN,MS,3769.53,900,CLAY,1/1/1964 12:00:00 AM,1965-01-01,IN,61.0
M462,MAINBG,T,LANGWARRIN-FRANKSTON NO 2 MAIN,MS,2459.67,900,SAND,1/1/1967 12:00:00 AM,1967-01-01,IN,59.0
M055,MAINBG,T,NO 1 OLINDA-MITCHAM MAIN,MSLB,27.54,900,CLAY,1/1/1978 12:00:00 AM,1914-01-01,IN,112.0
M076,MAINBG,T,"HIGH ST RD, MT WAVERLY MAIN",MSLB,14.68,750,CLAY,1/1/1979 12:00:00 AM,1928-01-01,IN,98.0
M192,MAINBG,T,EPPING-GREENVALE MAIN,MS,1.6,600,CRK,1/1/1989 12:00:00 AM,1990-01-01,IN,36.0
M333,MAINBG,T,GREENVALE-YUROKE-SYDENHAM,MS,1109.37,900,CRK,1/1/1978 12:00:00 AM,1978-01-01,IN,48.0
M193,MAINBG,T,KENNY ST-BROADMEADOWS MAIN,MS,481.81,1150,CLAY,1/1/1965 12:00:00 AM,1965-01-01,IN,61.0
M131,MAINBG,S,MT VIEW-DANDENONG MAIN,MSEL,3.4,1150,CRK,1/1/1958 12:00:00 AM,1988-01-01,IN,38.0
M104,MAINBG,T,MORANG OUTLET,MS,109.05,800,CRK,1/1/1989 12:00:00 AM,2005-05-02,IN,21.0
M132,BYPASS,S,SILVA-MT WAVERLY MAIN,MSCL,10.7,150,CLAY,1/1/1968 12:00:00 AM,1957-01-01,IN,69.0
M474,BYPASS,S,ST GEORGES RD REPLACEMENT MAIN,MSCL,0.93,225,SAND,1/1/1995 12:00:00 AM,1996-07-25,IN,30.0
M046,BYPASS,S,MITCHAM-SURREY HILLS MAIN,CICL,7.52,225,CLAY,1/1/1912 12:00:00 AM,1912-01-01,IN,114.0
M190,BYPASS,S,YAN YEAN-EPPING MAIN,CICL,3.29,225,CLAY,1/1/1960 12:00:00 AM,1960-01-01,IN,66.0
M132,BYPASS,S,SILVA-MT WAVERLY MAIN,GWI,0.43,150,SAND,1/1/1983 12:00:00 AM,1983-01-01,IN,43.0
M046,MAINBG,T,MITCHAM-SURREY HILLS MAIN,MSR,0.93,900,CLAY,1/1/1912 12:00:00 AM,1912-01-01,IN,114.0
M333,MAINBG,T,GREENVALE-YUROKE-SYDENHAM,MS,1659.92,1150,CRK,1/1/1978 12:00:00 AM,1978-01-01,IN,48.0
M420,CONN,S,TARAGO - WESTERN PORT MAIN,MSCL,2.1,300,SAND,1/1/1979 12:00:00 AM,1975-08-01,IN,51.0
M046,BYPASS,S,MITCHAM-SURREY HILLS MAIN,MSCL,5.95,225,CLAY,1/1/1912 12:00:00 AM,1912-01-01,IN,114.0
M375,BYPASS,S,CARDINIA - HALLAM NO 2 MAIN,MSCL,1.24,225,UNKN,1/1/1988 12:00:00 AM,1988-01-01,IN,38.0
M375,BYPASS,S,CARDINIA - HALLAM NO 2 MAIN,MSCL,3.54,225,UNKN,1/1/1988 12:00:00 AM,1988-01-01,IN,38.0
M473,MAINBG,T,SILVAN RESERVOIR BY-PASS MAIN,MS,373.75,2100,SAND,1/1/1962 12:00:00 AM,1962-01-01,IN,64.0
M474,BYPASS,S,ST GEORGES RD REPLACEMENT MAIN,MSCL,3.0,150,SAND,1/1/1995 12:00:00 AM,1996-07-25,IN,30.0
M194,MAINBG,T,EPPING-PRESTON MAIN,MS,1.8,1150,CLAY,1/1/1960 12:00:00 AM,2010-01-21,IN,16.0
M132,MAINBG,T,SILVA-MT WAVERLY MAIN,MS,163.91,1700,CLAY,1/1/1957 12:00:00 AM,1957-01-01,IN,69.0
M283,MAINBG,T,YARRA VALLEY CONDUIT MAIN,MS,1300.31,2100,CRK,1/1/1973 12:00:00 AM,1973-01-01,IN,53.0
M132,MAINBG,T,SILVA-MT WAVERLY MAIN,MS,335.04,1700,CLAY,1/1/1957 12:00:00 AM,1957-01-01,IN,69.0
M056,MAINBG,T,OLINDA-MITCHAM NO.3,MS,334.07,1150,CLAY,1/1/1981 12:00:00 AM,1936-01-01,IN,90.0
M333,MAINBG,T,GREENVALE-YUROKE-SYDENHAM,MS,661.23,1150,CRK,1/1/1978 12:00:00 AM,1978-01-01,IN,48.0
M350,CROSS,S,WESTERN TRANSFER MAIN,MSCL,0.79,225,CLAY,1/1/1983 12:00:00 AM,1984-01-01,IN,42.0
M055,OFTAKE,S,NO 1 OLINDA-MITCHAM MAIN,MSCL,1.68,300,CLAY,1/1/1978 12:00:00 AM,1914-01-01,IN,112.0
M131,CONN,S,MT VIEW-DANDENONG MAIN,MSCL,1.05,375,CRK,1/1/1958 12:00:00 AM,1958-01-01,IN,68.0
M022,OFTAKE,S,MITCHAM-NOTTING HILL MAIN,MSCL,1.9,150,CLAY,1/1/1974 12:00:00 AM,1959-07-02,IN,67.0
M232,BYPASS,S,HARRIS GULLY MAIN,MSCL,0.97,150,MS,1/1/1965 12:00:00 AM,1965-01-01,IN,61.0
P091,BYPASS,S,SOMERTON NO2 PS,MSCL,1.07,225,CLAY,1/1/1960 12:00:00 AM,1972-01-01,IN,54.0
M350,BYPASS,S,WESTERN TRANSFER MAIN,MSCL,4.14,150,CLAY,1/1/1960 12:00:00 AM,1984-01-01,IN,42.0
M197,MAINBG,T,SILVAN-PRESTON MAIN,MS,3.23,1700,SAND,1/1/1962 12:00:00 AM,2010-02-01,IN,16.0
M055,BYPASS,S,NO 1 OLINDA-MITCHAM MAIN,MSCL,2.28,225,CLAY,1/1/1978 12:00:00 AM,1914-01-01,IN,112.0
M055,MAINBG,T,NO 1 OLINDA-MITCHAM MAIN,MSLB,25.74,900,CLAY,1/1/1978 12:00:00 AM,1914-01-01,IN,112.0
M132,CROSS,S,SILVA-MT WAVERLY MAIN,MSCL,0.67,600,SAND,1/1/1983 12:00:00 AM,1983-01-01,IN,43.0
M350,CROSS,S,WESTERN TRANSFER MAIN,MSCL,1.22,225,CLAY,1/1/1983 12:00:00 AM,1984-01-01,IN,42.0
M113,MAINBG,T,MITCHAM - SURREY HILLS DUP.,MS,0.71,900,CLAY,1/1/1984 12:00:00 AM,1939-01-01,IN,87.0
M131,CROSS,S,MT VIEW-DANDENONG MAIN,MSCL,0.62,600,CRK,1/1/1958 12:00:00 AM,1988-01-01,IN,38.0
M387,CROSS,S,SILVAN SEVILLE MAIN,MSCL,1.92,375,CRK,1/1/1996 12:00:00 AM,1996-01-01,IN,30.0
M281,MAINBG,T,CARDINIA-DAND'G-NOTTING HILL M,MS,8.25,1700,SAND,1/1/1974 12:00:00 AM,1974-01-01,IN,52.0
M158,MAINBG,T,SURREY HILLS - ROSANNA,MS,43.2,1150,CLAY,1/1/1957 12:00:00 AM,1980-01-01,IN,46.0
M462,BRANCH,S,LANGWARRIN-FRANKSTON NO 2 MAIN,DICL,9.08,450,SAND,1/1/1967 12:00:00 AM,1967-01-01,IN,59.0
M054,BYPASS,S,OLINDA-MITCHAM NO.2,MSCL,2.93,225,SAND,1/1/1992 12:00:00 AM,1926-01-01,IN,100.0
M281,BYPASS,S,CARDINIA-DAND'G-NOTTING HILL M,MSCL,8.84,225,SAND,1/1/1974 12:00:00 AM,1974-01-01,IN,52.0
M378,OFTAKE,S,CARDINIA - BERWICK MAIN,MSCL,0.65,150,SAND,1/1/1981 12:00:00 AM,1981-01-01,IN,45.0
M378,OFTAKE,S,CARDINIA - BERWICK MAIN,MSCL,1.9,450,SAND,1/1/1981 12:00:00 AM,1981-01-01,IN,45.0
M010,SIPHBG,T,MAROONDAH,MS,699.33,1350,CLAY,1/1/1928 12:00:00 AM,1890-01-01,IN,136.0
M046,BYPASS,S,MITCHAM-SURREY HILLS MAIN,CICL,1.22,225,CLAY,1/1/1912 12:00:00 AM,1912-01-01,IN,114.0
M158,CONN,S,SURREY HILLS - ROSANNA,MSCL,1.85,225,CLAY,1/1/1957 12:00:00 AM,1973-01-01,IN,53.0
M422,CONN,S,BITTERN - DROMANA NO 2 MAIN,MSCL,2.12,450,CLAY,1/1/1964 12:00:00 AM,1964-01-01,IN,62.0
M283,MAINBG,T,YARRA VALLEY CONDUIT MAIN,MS,22.65,2100,SNC,1/1/1973 12:00:00 AM,1976-01-01,IN,50.0
M281,MAINBG,S,CARDINIA-DAND'G-NOTTING HILL M,MS,12.0,1700,SAND,1/1/1974 12:00:00 AM,1974-01-01,IN,52.0
M160,CROSS,S,PRESTON - FOOTSCRAY MAIN,MSCL,2.99,450,CLAY,1/1/1958 12:00:00 AM,1958-03-01,IN,68.0
M104,CROSS,S,MORANG OUTLET,MSCL,0.62,600,CLAY,1/1/1960 12:00:00 AM,1981-01-01,IN,45.0
M478,MAINBG,T,CARDINIA - PEARCEDALE DUP,MS,140.58,800,CRK,1/1/2001 12:00:00 AM,2001-01-01,IN,25.0
M333,OFTAKE,S,GREENVALE-YUROKE-SYDENHAM,CICL,3.13,100,CRK,1/1/1978 12:00:00 AM,1978-01-01,IN,48.0
M420,OFTAKE,S,TARAGO - WESTERN PORT MAIN,MSCL,2.54,750,SAND,1/1/1979 12:00:00 AM,1975-08-01,IN,51.0
M054,OFTAKE,S,OLINDA-MITCHAM NO.2,DICL,0.63,150,CLAY,1/1/1984 12:00:00 AM,1926-01-01,IN,100.0
M333,OUTLET,S,GREENVALE-YUROKE-SYDENHAM,MS,0.2,50,CRK,1/1/1978 12:00:00 AM,2005-02-28,IN,21.0
M419,MAINBG,T,LANGWARRIN - BITTERN NO 3 MAIN,MS,10.62,900,CLAY,1/1/1971 12:00:00 AM,1972-01-01,IN,54.0
M046,MAINBG,T,MITCHAM-SURREY HILLS MAIN,MS,750.11,900,CLAY,1/1/1912 12:00:00 AM,1912-01-01,IN,114.0
M387,MAINBG,T,SILVAN SEVILLE MAIN,MS,17.98,450,CRK,1/1/1996 12:00:00 AM,1995-01-01,IN,31.0
M076,MAINBG,T,"HIGH ST RD, MT WAVERLY MAIN",MSLB,283.12,750,CLAY,1/1/1979 12:00:00 AM,1928-01-01,IN,98.0
M350,BRANCH,S,WESTERN TRANSFER MAIN,MSCL,5.84,300,CLAY,1/1/1984 12:00:00 AM,1984-01-01,IN,42.0
M190,OFTAKE,S,YAN YEAN-EPPING MAIN,MSCL,6.56,600,CLAY,1/1/1960 12:00:00 AM,2007-12-23,IN,19.0
M195,OUTLET,S,MT WAVERLY OUTLET MAIN,MS,1.43,1700,SNC,1/1/1962 12:00:00 AM,1962-01-01,IN,64.0
M132,BYPASS,S,SILVA-MT WAVERLY MAIN,MSCL,0.99,225,CLAY,1/1/1957 12:00:00 AM,1981-01-01,IN,45.0
M346,MAINBG,T,SYDENHAM OUTLET MAIN,MS,16.68,900,CRK,1/1/1978 12:00:00 AM,1977-01-01,IN,49.0
M474,MAINBG,S,ST GEORGES RD REPLACEMENT MAIN,MSCL,2.65,450,SAND,1/1/1995 12:00:00 AM,1996-07-25,IN,30.0
M159,MAINBG,T,MT WAVERLY-NOTTING HILL MAIN,MS,36.64,1150,SAND,1/1/1955 12:00:00 AM,1955-01-01,IN,71.0
M346,MAINBG,T,SYDENHAM OUTLET MAIN,MS,1096.78,900,CRK,1/1/1978 12:00:00 AM,1977-01-01,IN,49.0
M022,MAINBG,T,MITCHAM-NOTTING HILL MAIN,MS,3.35,900,CLAY,1/1/1968 12:00:00 AM,1927-01-01,IN,99.0
M478,CROSS,S,CARDINIA - PEARCEDALE DUP,MSCL,0.93,800,CRK,1/1/2001 12:00:00 AM,2001-01-01,IN,25.0
M131,OFTAKE,S,MT VIEW-DANDENONG MAIN,MSCL,2.4,150,CRK,1/1/1958 12:00:00 AM,1981-02-25,IN,45.0
M039,CROSS,S,NORTHCOTE - PUNT RD,CICL,2.93,150,SAND,1/1/1967 12:00:00 AM,1971-07-20,IN,55.0
M192,OFTAKE,S,EPPING-GREENVALE MAIN,MSEL,2.91,1350,CLAY,1/1/1960 12:00:00 AM,1960-01-01,IN,66.0
M040,CROSS,S,PRESTON-MERRI CREEK MAIN,MSCL,1.5,300,SAND,1/1/1995 12:00:00 AM,1996-07-25,IN,30.0
M113,MAINBG,T,MITCHAM - SURREY HILLS DUP.,MS,28.33,1150,CLAY,1/1/1984 12:00:00 AM,1939-01-01,IN,87.0
M195,MAINBG,T,MT WAVERLY OUTLET MAIN,MS,2.5,1050,SNC,1/1/1962 12:00:00 AM,1962-01-01,IN,64.0
M076,CONN,S,"HIGH ST RD, MT WAVERLY MAIN",MSCL,1.12,225,CLAY,1/1/1992 12:00:00 AM,1928-01-01,IN,98.0
M232,MAINBG,T,HARRIS GULLY MAIN,MS,1372.46,1150,MS,1/1/1965 12:00:00 AM,1965-01-01,IN,61.0
M237,MAINBG,T,NTH ESSENDON BCH GREENVALE MAI,MS,118.57,900,CLAY,1/1/1965 12:00:00 AM,1965-01-01,IN,61.0
M375,CROSS,S,CARDINIA - HALLAM NO 2 MAIN,MSCL,0.69,375,UNKN,1/1/1988 12:00:00 AM,1988-01-01,IN,38.0
M160,CROSS,S,PRESTON - FOOTSCRAY MAIN,MSCL,2.44,150,CLAY,1/1/1958 12:00:00 AM,1958-03-01,IN,68.0
M283,MAINBG,T,YARRA VALLEY CONDUIT MAIN,MS,4458.21,2100,CST,1/1/1973 12:00:00 AM,1976-01-01,IN,50.0
M132,MAINBG,T,SILVA-MT WAVERLY MAIN,MS,47.99,1700,CLAY,1/1/1957 12:00:00 AM,1957-01-01,IN,69.0
M056,MAINBG,T,OLINDA-MITCHAM NO.3,MS,88.65,1150,CLAY,1/1/1984 12:00:00 AM,1936-01-01,IN,90.0
M478,MAINBG,S,CARDINIA - PEARCEDALE DUP,MSCL,1.98,800,CRK,1/1/2001 12:00:00 AM,2001-01-01,IN,25.0
M257,MAINBG,T,ST ALBANS OUTLET MAIN,MS,468.92,1150,CRK,1/1/1974 12:00:00 AM,1974-01-01,IN,52.0
M354,CROSS,S,SILVAN - MT WAVERLY NO 2 MAIN,MSEL,0.6,1150,CLAY,1/1/1978 12:00:00 AM,1978-01-01,IN,48.0
M113,CROSS,S,MITCHAM - SURREY HILLS DUP.,CICL,4.27,150,CLAY,1/1/1984 12:00:00 AM,1939-01-01,IN,87.0
M131,CROSS,S,MT VIEW-DANDENONG MAIN,MSCL,3.93,300,CRK,1/1/1958 12:00:00 AM,1971-01-01,IN,55.0
M375,MAINBG,T,CARDINIA - HALLAM NO 2 MAIN,MS,0.67,1350,UNKN,1/1/1988 12:00:00 AM,1988-01-01,IN,38.0
M192,MAINBG,T,EPPING-GREENVALE MAIN,MS,2.39,900,CRK,1/1/1989 12:00:00 AM,1990-01-01,IN,36.0
M160,MAINBG,T,PRESTON - FOOTSCRAY MAIN,MS,26.73,1150,CLAY,1/1/1958 12:00:00 AM,1958-03-01,IN,68.0
M418,MAINBG,T,BEACONSFIELD - LANGWARRIN MAIN,MS,56.18,1050,CLAY,1/1/1959 12:00:00 AM,1957-01-01,IN,69.0
M257,MAINBG,T,ST ALBANS OUTLET MAIN,MS,18.39,1150,CRK,1/1/1966 12:00:00 AM,1966-01-01,IN,60.0
M193,MAINBG,T,KENNY ST-BROADMEADOWS MAIN,MS,591.59,1150,CLAY,1/1/1965 12:00:00 AM,1962-07-23,IN,64.0
M193,MAINBG,T,KENNY ST-BROADMEADOWS MAIN,MS,1432.86,900,CRK,1/1/1965 12:00:00 AM,1965-01-01,IN,61.0
M159,MAINBG,T,MT WAVERLY-NOTTING HILL MAIN,MS,6.06,1150,SAND,1/1/1955 12:00:00 AM,1976-01-01,IN,50.0
P055,INLET,S,(NOT OP) MONTROSE RES INLET PS,MS,0.66,450,CLAY,1/1/1983 12:00:00 AM,1983-01-01,IN,43.0
M078,CONN,S,ROSANNA - PRESTON MAIN,MSCL,3.25,225,CLAY,1/1/1940 12:00:00 AM,1982-02-22,IN,44.0
P245,MAINBG,S,KALLISTA PS,MS,4.42,600,UNKN,1/1/1994 12:00:00 AM,1998-06-01,IN,28.0
M333,MAINBG,T,GREENVALE-YUROKE-SYDENHAM,MS,1979.66,1350,CRK,1/1/1978 12:00:00 AM,1978-01-01,IN,48.0
M375,CROSS,S,CARDINIA - HALLAM NO 2 MAIN,MSCL,1.26,375,UNKN,1/1/1988 12:00:00 AM,2006-09-19,IN,20.0
M160,CROSS,S,PRESTON - FOOTSCRAY MAIN,MSCL,4.94,225,CLAY,1/1/1958 12:00:00 AM,1958-03-01,IN,68.0
M160,CROSS,S,PRESTON - FOOTSCRAY MAIN,MSCL,1.69,150,CLAY,1/1/1958 12:00:00 AM,1958-02-01,IN,68.0
M039,MAINBG,T,NORTHCOTE - PUNT RD,MS,5.94,600,SAND,1/1/1967 12:00:00 AM,1971-07-20,IN,55.0
M054,CROSS,S,OLINDA-MITCHAM NO.2,MSCL,0.71,225,SAND,1/1/1992 12:00:00 AM,1926-01-01,IN,100.0
M132,BYPASS,S,SILVA-MT WAVERLY MAIN,MSCL,7.45,150,SAND,1/1/1983 12:00:00 AM,1983-01-01,IN,43.0
M474,BYPASS,S,ST GEORGES RD REPLACEMENT MAIN,MSCL,0.99,225,SAND,1/1/1995 12:00:00 AM,1996-08-01,IN,30.0
M281,BYPASS,S,CARDINIA-DAND'G-NOTTING HILL M,MSCL,1.18,225,SAND,1/1/1974 12:00:00 AM,1974-01-01,IN,52.0
M268,BYPASS,S,MT VIEW OUTLET MAIN,MSCL,4.86,225,S&C,1/1/1965 12:00:00 AM,1968-01-01,IN,58.0
M182,BYPASS,S,BROOKLYN-GALVIN-LAVERTON MAIN,MSCL,2.16,225,CLAY,1/1/1961 12:00:00 AM,1974-01-01,IN,52.0
M440,BYPASS,T,TYABB MORNINGTON MAIN,CI,0.9,150,CLAY,1/1/1979 12:00:00 AM,1979-01-01,IN,47.0
M197,BYPASS,S,SILVAN-PRESTON MAIN,MSCL,0.86,225,TOPS,1/1/1962 12:00:00 AM,1962-01-01,IN,64.0
M103,BYPASS,S,CORANDERRK WEIR TO DICKS BASIN,MS,3.15,225,CLAY,1/1/1931 12:00:00 AM,1930-09-05,IN,96.0
M193,CONN,S,KENNY ST-BROADMEADOWS MAIN,MSCL,2.05,225,CLAY,1/1/1965 12:00:00 AM,1965-01-01,IN,61.0
M198,CROSS,S,SOMERTON HIGH LEVEL MAIN,MS,3.54,225,CRK,1/1/1962 12:00:00 AM,1962-01-01,IN,64.0
M475,MAINBG,T,PAKENHAM RES NO.2 INLET MAIN,MS,81.68,600,CRK,11/25/1997 12:00:00 AM,1997-11-25,IN,29.0
M237,MAINBG,T,NTH ESSENDON BCH GREENVALE MAI,MS,2.93,900,CLAY,1/1/1965 12:00:00 AM,1965-01-01,IN,61.0
M046,MAINBG,T,MITCHAM-SURREY HILLS MAIN,MS,88.72,900,CLAY,1/1/1912 12:00:00 AM,1912-01-01,IN,114.0
M055,MAINBG,T,NO 1 OLINDA-MITCHAM MAIN,MSLB,407.38,900,CLAY,1/1/1978 12:00:00 AM,1914-01-01,IN,112.0
M192,MAINBG,T,EPPING-GREENVALE MAIN,MS,35.19,1350,CLAY,1/1/1960 12:00:00 AM,2003-12-08,IN,23.0
M131,MAINBG,T,MT VIEW-DANDENONG MAIN,MS,593.07,825,CRK,1/1/1958 12:00:00 AM,1971-01-01,IN,55.0
M022,MAINBG,T,MITCHAM-NOTTING HILL MAIN,MSLB,1.79,750,CLAY,1/1/1975 12:00:00 AM,1927-01-01,IN,99.0
M055,BRANCH,S,NO 1 OLINDA-MITCHAM MAIN,MSCL,1.0,300,CLAY,1/1/1963 12:00:00 AM,1914-01-01,IN,112.0
M197,BYPASS,S,SILVAN-PRESTON MAIN,MSCL,0.86,225,TOPS,1/1/1962 12:00:00 AM,1962-01-01,IN,64.0
M333,OUTLET,S,GREENVALE-YUROKE-SYDENHAM,MS,0.64,50,CRK,1/1/1978 12:00:00 AM,2005-02-28,IN,21.0
M350,BYPASS,S,WESTERN TRANSFER MAIN,MSCL,2.13,225,CLAY,1/1/1984 12:00:00 AM,1984-01-01,IN,42.0
M193,MAINBG,T,KENNY ST-BROADMEADOWS MAIN,MS,3.26,1150,CLAY,1/1/1965 12:00:00 AM,1965-01-01,IN,61.0
M022,BYPASS,S,MITCHAM-NOTTING HILL MAIN,MSCL,6.06,225,CLAY,1/1/1968 12:00:00 AM,1927-01-01,IN,99.0
M158,MAINBG,T,SURREY HILLS - ROSANNA,MS,764.13,1150,CLAY,1/1/1957 12:00:00 AM,1957-01-01,IN,69.0
M132,MAINBG,T,SILVA-MT WAVERLY MAIN,MS,1.74,1700,CLAY,1/1/1957 12:00:00 AM,1981-01-01,IN,45.0
M440,BYPASS,S,TYABB MORNINGTON MAIN,MS,0.7,80,CLAY,1/1/1979 12:00:00 AM,1979-01-01,IN,47.0
M113,MAINBG,T,MITCHAM - SURREY HILLS DUP.,MS,239.1,1150,CLAY,1/1/1984 12:00:00 AM,1939-01-01,IN,87.0
M440,BYPASS,S,TYABB MORNINGTON MAIN,MS,0.37,273,CLAY,1/1/1979 12:00:00 AM,1979-01-01,IN,47.0
M197,BYPASS,S,SILVAN-PRESTON MAIN,MSEL,2.09,1350,SAND,1/1/1962 12:00:00 AM,1962-01-01,IN,64.0
M420,MAINBG,T,TARAGO - WESTERN PORT MAIN,MS,357.72,1050,SAND,1/1/1979 12:00:00 AM,1975-08-01,IN,51.0
M197,CONN,S,SILVAN-PRESTON MAIN,MSCL,2.2,150,TOPS,1/1/1962 12:00:00 AM,1970-01-01,IN,56.0
M193,MAINBG,T,KENNY ST-BROADMEADOWS MAIN,MS,39.82,900,CRK,1/1/1994 12:00:00 AM,1994-01-01,IN,32.0
M159,MAINBG,T,MT WAVERLY-NOTTING HILL MAIN,MS,674.11,1150,SAND,1/1/1955 12:00:00 AM,1955-01-01,IN,71.0
M132,CROSS,S,SILVA-MT WAVERLY MAIN,MSCL,33.29,150,CLAY,1/1/1957 12:00:00 AM,1977-01-18,IN,49.0
M421,MAINBG,S,BITTERN - DROMANA NO 1 MAIN,MS,7.61,900,CLAY,1/1/1964 12:00:00 AM,1964-01-01,IN,62.0
M422,MAINBG,T,BITTERN - DROMANA NO 2 MAIN,MS,2.22,900,CLAY,1/1/1964 12:00:00 AM,1964-01-01,IN,62.0
M046,MAINBG,T,MITCHAM-SURREY HILLS MAIN,MSR,8.6,900,CLAY,1/1/1912 12:00:00 AM,1912-01-01,IN,114.0
M257,MAINBG,T,ST ALBANS OUTLET MAIN,MS,266.36,1150,CRK,1/1/1970 12:00:00 AM,1970-01-01,IN,56.0
M056,MAINBG,T,OLINDA-MITCHAM NO.3,MS,137.41,1150,CLAY,1/1/1981 12:00:00 AM,1936-01-01,IN,90.0
M002,MAINBG,T,SURREY HILLS RES,MS,16.0,1150,CLAY,1/1/1985 12:00:00 AM,1939-01-01,IN,87.0
M375,MAINBG,T,CARDINIA - HALLAM NO 2 MAIN,MS,7.69,1700,SAND,1/1/1974 12:00:00 AM,1974-01-01,IN,52.0
M281,OFTAKE,S,CARDINIA-DAND'G-NOTTING HILL M,MSCL,4.79,225,CLAY,1/1/1974 12:00:00 AM,1974-01-01,IN,52.0
M422,MAINBG,T,BITTERN - DROMANA NO 2 MAIN,MS,1.47,600,CLAY,1/1/1964 12:00:00 AM,1965-01-01,IN,61.0
M159,MAINBG,T,MT WAVERLY-NOTTING HILL MAIN,MS,3.27,1150,SAND,1/1/1955 12:00:00 AM,1976-01-01,IN,50.0
M258,MAINBG,S,MAROONDAH AQUADUCT REPLACEMENT,MS,4.04,2100,SAND,1/1/1979 12:00:00 AM,1979-01-01,IN,47.0
M195,MAINBG,T,MT WAVERLY OUTLET MAIN,MS,14.37,825,SNC,1/1/1962 12:00:00 AM,1962-01-01,IN,64.0
M078,INLET,T,ROSANNA - PRESTON MAIN,MS,7.33,600,CLAY,1/1/1940 12:00:00 AM,1940-01-01,IN,86.0
M257,MAINBG,T,ST ALBANS OUTLET MAIN,MS,2.5,1150,CRK,1/1/1974 12:00:00 AM,1986-01-01,IN,40.0
M291,MAINBG,S,SILVAN - OLINDA MAIN,MSEL,6.1,1150,CLAY,1/1/1971 12:00:00 AM,1971-01-01,IN,55.0
M194,MAINBG,T,EPPING-PRESTON MAIN,MS,619.88,1150,CLAY,1/1/1960 12:00:00 AM,1960-07-04,IN,66.0
M378,MAINBG,T,CARDINIA - BERWICK MAIN,MS,2.53,1350,SAND,1/1/1981 12:00:00 AM,1981-01-01,IN,45.0
M372,MAINBG,T,LUSATIA PARK MAIN,MS,1.26,300,SAND,1/1/1985 12:00:00 AM,1984-09-01,IN,42.0
M462,OFTAKE,T,LANGWARRIN-FRANKSTON NO 2 MAIN,MS,2.48,300,SAND,1/1/1967 12:00:00 AM,1967-01-01,IN,59.0
M420,OFTAKE,S,TARAGO - WESTERN PORT MAIN,MSCL,6.62,300,SAND,1/1/1979 12:00:00 AM,1975-08-01,IN,51.0
M478,MAINBG,T,CARDINIA - PEARCEDALE DUP,MS,3.0,1350,CRK,1/1/2001 12:00:00 AM,2001-01-01,IN,25.0
M160,MAINBG,T,PRESTON - FOOTSCRAY MAIN,MS,551.65,1350,CLAY,1/1/1958 12:00:00 AM,1958-01-01,IN,68.0
M131,MAINBG,T,MT VIEW-DANDENONG MAIN,MS,2.3,600,CRK,1/1/1958 12:00:00 AM,1958-01-01,IN,68.0
M078,OFTAKE,S,ROSANNA - PRESTON MAIN,MSCL,1.23,225,CRK,1/1/1976 12:00:00 AM,1976-01-01,IN,50.0
M055,OFTAKE,S,NO 1 OLINDA-MITCHAM MAIN,MSCL,1.34,150,CLAY,1/1/1976 12:00:00 AM,1914-01-01,IN,112.0
M055,CONN,S,NO 1 OLINDA-MITCHAM MAIN,CICL,8.37,150,CLAY,1/1/1978 12:00:00 AM,1914-01-01,IN,112.0
M197,CROSS,S,SILVAN-PRESTON MAIN,MSCL,4.57,300,CLAY,1/1/1962 12:00:00 AM,1975-01-01,IN,51.0
M132,MAINBG,T,SILVA-MT WAVERLY MAIN,MS,691.67,1700,CLAY,1/1/1957 12:00:00 AM,1957-01-01,IN,69.0
M346,MAINBG,T,SYDENHAM OUTLET MAIN,MS,1.26,825,UNKN,1/1/1978 12:00:00 AM,1977-01-01,IN,49.0
R032,MAINBG,S,ST ALBANS RESERVOIR,MS,2.2,900,CLAY,1/1/1983 12:00:00 AM,1983-01-01,IN,43.0
M418,MAINBG,T,BEACONSFIELD - LANGWARRIN MAIN,MS,392.18,1050,CLAY,1/1/1982 12:00:00 AM,1982-01-01,IN,44.0
M281,CROSS,S,CARDINIA-DAND'G-NOTTING HILL M,MSCL,2.0,825,CLAY,1/1/1958 12:00:00 AM,1982-08-01,IN,44.0
M046,BYPASS,S,MITCHAM-SURREY HILLS MAIN,MSCL,2.4,300,CLAY,1/1/1912 12:00:00 AM,1955-01-01,IN,71.0
M197,MAINBG,T,SILVAN-PRESTON MAIN,MS,1.5,1600,SAND,1/1/1962 12:00:00 AM,2010-02-01,IN,16.0
M478,MAINBG,T,CARDINIA - PEARCEDALE DUP,MS,3.93,1700,CRK,1/1/2001 12:00:00 AM,2001-01-01,IN,25.0
M055,MAINBG,T,NO 1 OLINDA-MITCHAM MAIN,MSLB,729.68,900,CLAY,1/1/1978 12:00:00 AM,1914-01-01,IN,112.0
M192,MAINBG,T,EPPING-GREENVALE MAIN,MS,4.54,600,SAND,1/1/1971 12:00:00 AM,1960-01-01,IN,66.0
M131,MAINBG,T,MT VIEW-DANDENONG MAIN,MS,504.58,825,CRK,1/1/1958 12:00:00 AM,1958-01-01,IN,68.0
M022,MAINBG,T,MITCHAM-NOTTING HILL MAIN,MS,10.77,900,CLAY,1/1/1968 12:00:00 AM,1964-01-01,IN,62.0
M002,MAINBG,T,SURREY HILLS RES,MS,231.84,1150,CLAY,1/1/1985 12:00:00 AM,1939-01-01,IN,87.0
M197,BYPASS,S,SILVAN-PRESTON MAIN,MSCL,0.98,825,TOPS,1/1/1962 12:00:00 AM,1962-01-01,IN,64.0
M195,BRANCH,S,MT WAVERLY OUTLET MAIN,MSCL,1.98,450,SNC,1/1/1962 12:00:00 AM,1962-01-01,IN,64.0
M194,MAINBG,T,EPPING-PRESTON MAIN,MS,2.0,300,CLAY,1/1/1960 12:00:00 AM,2010-01-21,IN,16.0
M375,BYPASS,S,CARDINIA - HALLAM NO 2 MAIN,MSCL,4.77,225,SAND,1/1/1974 12:00:00 AM,1988-01-01,IN,38.0
M195,CROSS,S,MT WAVERLY OUTLET MAIN,UPVC,1.11,225,S&C,1/1/1962 12:00:00 AM,1962-01-01,IN,64.0
M197,CROSS,S,SILVAN-PRESTON MAIN,MSCL,0.94,225,SAND,1/1/1962 12:00:00 AM,2005-07-30,IN,21.0
M283,MAINBG,S,YARRA VALLEY CONDUIT MAIN,MS,5.65,2100,CRK,1/1/1973 12:00:00 AM,1973-01-01,IN,53.0
M194,MAINBG,T,EPPING-PRESTON MAIN,MS,2.83,1150,CLAY,1/1/1960 12:00:00 AM,1960-01-01,IN,66.0
M160,MAINBG,T,PRESTON - FOOTSCRAY MAIN,MS,72.57,1150,CLAY,1/1/1958 12:00:00 AM,1998-06-01,IN,28.0
M350,MAINBG,T,WESTERN TRANSFER MAIN,MS,232.13,1350,CLAY,1/1/1983 12:00:00 AM,1984-01-01,IN,42.0
M132,OFTAKE,S,SILVA-MT WAVERLY MAIN,MS,0.74,450,CLAY,1/1/1957 12:00:00 AM,1957-01-01,IN,69.0
M131,OFTAKE,S,MT VIEW-DANDENONG MAIN,MSCL,0.72,225,CRK,1/1/1958 12:00:00 AM,1973-04-19,IN,53.0
M193,OFTAKE,S,KENNY ST-BROADMEADOWS MAIN,MSEL,0.89,1150,CLAY,1/1/1965 12:00:00 AM,1962-07-23,IN,64.0
M347,MAINBG,S,SUGARLOAF RES WASTE DISPL MAIN,MSCL,5.52,300,CRK,1/1/1980 12:00:00 AM,1980-01-01,IN,46.0
M291,MAINBG,S,SILVAN - OLINDA MAIN,MSEL,0.87,1050,CLAY,1/1/1971 12:00:00 AM,1971-01-01,IN,55.0
M475,OFTAKE,T,PAKENHAM RES NO.2 INLET MAIN,MS,0.43,150,CRK,11/25/1997 12:00:00 AM,1997-11-25,IN,29.0
M420,OFTAKE,S,TARAGO - WESTERN PORT MAIN,MSCL,3.9,100,SAND,1/1/1979 12:00:00 AM,1975-08-01,IN,51.0
M190,OFTAKE,S,YAN YEAN-EPPING MAIN,MSCL,0.98,600,CLAY,1/1/1960 12:00:00 AM,2007-12-23,IN,19.0
M055,OFTAKE,S,NO 1 OLINDA-MITCHAM MAIN,MSCL,0.66,100,CLAY,1/1/1963 12:00:00 AM,1914-01-01,IN,112.0
M046,MAINBG,T,MITCHAM-SURREY HILLS MAIN,CI,3.66,900,CLAY,1/1/1912 12:00:00 AM,1912-01-01,IN,114.0
M055,MAINBG,T,NO 1 OLINDA-MITCHAM MAIN,MSLB,1.73,900,CLAY,1/1/1963 12:00:00 AM,1914-01-01,IN,112.0
M191,MAINBG,T,MORANG BRCH YAN YEAN-EPPING M,MS,313.18,1350,SAND,5/21/2001 12:00:00 AM,1959-12-14,IN,67.0
M257,MAINBG,T,ST ALBANS OUTLET MAIN,MS,76.01,1150,CRK,1/1/1966 12:00:00 AM,1966-01-01,IN,60.0
M257,MAINBG,T,ST ALBANS OUTLET MAIN,MS,118.29,1150,CRK,1/1/1974 12:00:00 AM,1974-01-01,IN,52.0
M420,OFTAKE,S,TARAGO - WESTERN PORT MAIN,MSCL,3.51,100,SAND,1/1/1979 12:00:00 AM,1975-08-01,IN,51.0
M257,OFTAKE,S,ST ALBANS OUTLET MAIN,MSEL,1.14,225,CRK,1/1/2005 12:00:00 AM,2005-05-06,IN,21.0
M021,MAINBG,T,BLACKBURN RD - NOTTING HILL,MS,154.59,825,SAND,1/1/1983 12:00:00 AM,1983-01-01,IN,43.0
M258,MAINBG,T,MAROONDAH AQUADUCT REPLACEMENT,MS,511.33,2100,SAND,1/1/1977 12:00:00 AM,1977-01-01,IN,49.0
M478,MAINBG,T,CARDINIA - PEARCEDALE DUP,MS,2.06,1350,CRK,1/1/2001 12:00:00 AM,2001-01-01,IN,25.0
M478,MAINBG,T,CARDINIA - PEARCEDALE DUP,MS,1.84,1350,CRK,1/1/2001 12:00:00 AM,2001-01-01,IN,25.0
M054,MAINBG,T,OLINDA-MITCHAM NO.2,MS,15.26,900,SAND,1/1/1992 12:00:00 AM,1926-01-01,IN,100.0
M054,MAINBG,T,OLINDA-MITCHAM NO.2,MS,773.04,1150,CLAY,1/1/1984 12:00:00 AM,1926-01-01,IN,100.0
M193,MAINBG,T,KENNY ST-BROADMEADOWS MAIN,MS,308.03,900,CLAY,1/1/1965 12:00:00 AM,1965-01-01,IN,61.0
M160,MAINBG,T,PRESTON - FOOTSCRAY MAIN,MS,563.11,1150,CLAY,1/1/1958 12:00:00 AM,1958-03-01,IN,68.0
M055,MAINBG,T,NO 1 OLINDA-MITCHAM MAIN,MS,4.4,900,CLAY,1/1/1927 12:00:00 AM,1927-01-01,IN,99.0
M103,BRANCH,S,CORANDERRK WEIR TO DICKS BASIN,MSCL,3.43,150,CLAY,1/1/1931 12:00:00 AM,1931-01-01,IN,95.0
M351,BYPASS,S,WERRIBEE RES INLET MAIN,MSCL,4.92,225,CRK,1/1/1985 12:00:00 AM,1985-01-01,IN,41.0
M375,BYPASS,S,CARDINIA - HALLAM NO 2 MAIN,MSCL,9.95,225,SAND,1/1/1974 12:00:00 AM,1988-01-01,IN,38.0
M333,BYPASS,S,GREENVALE-YUROKE-SYDENHAM,MSCL,1.0,225,CRK,1/1/1978 12:00:00 AM,1984-01-01,IN,42.0
M333,BYPASS,S,GREENVALE-YUROKE-SYDENHAM,MSCL,1.2,600,CRK,1/1/1978 12:00:00 AM,2005-02-28,IN,21.0
M281,BYPASS,S,CARDINIA-DAND'G-NOTTING HILL M,MSCL,1.05,150,SAND,1/1/1974 12:00:00 AM,1996-01-01,IN,30.0
M283,MAINBG,T,YARRA VALLEY CONDUIT MAIN,MS,11.99,2100,CRK,1/1/1973 12:00:00 AM,1973-01-01,IN,53.0
M351,MAINBG,T,WERRIBEE RES INLET MAIN,MSCL,1213.94,1150,CRK,1/1/1985 12:00:00 AM,1986-01-01,IN,40.0
M351,MAINBG,T,WERRIBEE RES INLET MAIN,MS,2325.38,1150,CRK,1/1/1985 12:00:00 AM,1986-01-01,IN,40.0
M351,MAINBG,T,WERRIBEE RES INLET MAIN,MS,467.63,900,CRK,1/1/1985 12:00:00 AM,1985-01-01,IN,41.0
M351,MAINBG,T,WERRIBEE RES INLET MAIN,MS,1947.21,900,CRK,1/1/1985 12:00:00 AM,1985-01-01,IN,41.0
M351,MAINBG,T,WERRIBEE RES INLET MAIN,MS,743.89,900,CRK,1/1/1985 12:00:00 AM,1986-01-01,IN,40.0
M293,CROSS,S,MONBULK NO2 DELIVERY MAIN,MSCL,1.2,300,CLAY,1/1/1977 12:00:00 AM,1979-01-01,IN,47.0
M354,MAINBG,T,SILVAN - MT WAVERLY NO 2 MAIN,MS,0.7,1700,UNKN,1/1/1983 12:00:00 AM,1983-01-01,IN,43.0
M046,MAINBG,T,MITCHAM-SURREY HILLS MAIN,MSR,466.31,900,CLAY,1/1/1912 12:00:00 AM,1912-01-01,IN,114.0
M055,CONN,S,NO 1 OLINDA-MITCHAM MAIN,MSCL,0.76,150,CLAY,1/1/1978 12:00:00 AM,1914-01-01,IN,112.0
M055,CROSS,S,NO 1 OLINDA-MITCHAM MAIN,MSCL,1.41,100,CLAY,1/1/1978 12:00:00 AM,1914-01-01,IN,112.0
M194,MAINBG,T,EPPING-PRESTON MAIN,MS,0.6,1150,CLAY,1/1/1960 12:00:00 AM,2010-01-21,IN,16.0
M478,CROSS,T,CARDINIA - PEARCEDALE DUP,MS,1.0,300,CRK,1/1/2001 12:00:00 AM,2001-01-01,IN,25.0
M160,CROSS,S,PRESTON - FOOTSCRAY MAIN,MSCL,1.75,150,CLAY,1/1/1958 12:00:00 AM,1958-03-01,IN,68.0
M158,CROSS,S,SURREY HILLS - ROSANNA,MSCL,1.23,300,CLAY,1/1/1957 12:00:00 AM,1976-07-21,IN,50.0
M055,MAINBG,T,NO 1 OLINDA-MITCHAM MAIN,MSLB,298.28,900,CLAY,1/1/1978 12:00:00 AM,1914-01-01,IN,112.0
M193,MAINBG,T,KENNY ST-BROADMEADOWS MAIN,MS,3.11,900,CRK,1/1/1965 12:00:00 AM,1965-01-01,IN,61.0
M078,MAINBG,S,ROSANNA - PRESTON MAIN,MS,2.16,1150,CLAY,1/1/1940 12:00:00 AM,1940-01-01,IN,86.0
M055,CROSS,S,NO 1 OLINDA-MITCHAM MAIN,MSCL,2.88,600,CLAY,1/1/1963 12:00:00 AM,1914-01-01,IN,112.0
M021,MAINBG,T,BLACKBURN RD - NOTTING HILL,MS,341.5,825,SS&C,1/1/1983 12:00:00 AM,1984-01-01,IN,42.0
M257,MAINBG,T,ST ALBANS OUTLET MAIN,MS,2.45,1150,CRK,1/1/1974 12:00:00 AM,1974-01-01,IN,52.0
M160,MAINAG,T,PRESTON - FOOTSCRAY MAIN,MS,1.75,600,CLAY,1/1/1958 12:00:00 AM,1958-01-01,IN,68.0
M076,MAINBG,T,"HIGH ST RD, MT WAVERLY MAIN",MSLB,100.88,750,CLAY,1/1/1979 12:00:00 AM,1928-01-01,IN,98.0
M022,BRANCH,S,MITCHAM-NOTTING HILL MAIN,MSCL,18.31,375,CLAY,1/1/1974 12:00:00 AM,1985-01-01,IN,41.0
M193,CONN,S,KENNY ST-BROADMEADOWS MAIN,MSCL,2.69,150,CLAY,1/1/1965 12:00:00 AM,1971-01-01,IN,55.0
M132,CROSS,S,SILVA-MT WAVERLY MAIN,MS,0.5,150,CLAY,1/1/1958 12:00:00 AM,1958-01-01,IN,68.0
M475,MAINBG,T,PAKENHAM RES NO.2 INLET MAIN,MS,2.0,600,CRK,11/25/1997 12:00:00 AM,1997-11-25,IN,29.0
M193,MAINBG,T,KENNY ST-BROADMEADOWS MAIN,MS,106.88,1150,CRK,1/1/1965 12:00:00 AM,1965-01-01,IN,61.0
M462,BYPASS,S,LANGWARRIN-FRANKSTON NO 2 MAIN,MSCL,1.84,150,SAND,1/1/1967 12:00:00 AM,1967-01-01,IN,59.0
M198,BYPASS,S,SOMERTON HIGH LEVEL MAIN,MSCL,2.98,150,CRK,1/1/1962 12:00:00 AM,1962-01-01,IN,64.0
M046,CROSS,S,MITCHAM-SURREY HILLS MAIN,MSR,1.94,450,CLAY,1/1/1912 12:00:00 AM,1990-01-01,IN,36.0
M348,CROSS,S,MORANG BCH OF WINNEKE-PRESTON,MS,4.69,1350,CRK,1/1/1980 12:00:00 AM,1980-01-01,IN,46.0
M474,MAINBG,S,ST GEORGES RD REPLACEMENT MAIN,MS,2.0,900,SAND,1/1/1995 12:00:00 AM,2009-07-02,IN,17.0
M046,MAINBG,T,MITCHAM-SURREY HILLS MAIN,MS,588.75,900,CLAY,1/1/1912 12:00:00 AM,1912-01-01,IN,114.0
M078,MAINBG,S,ROSANNA - PRESTON MAIN,MS,1.29,600,CLAY,1/1/1940 12:00:00 AM,1940-01-01,IN,86.0
M132,BYPASS,S,SILVA-MT WAVERLY MAIN,MSCL,0.6,800,CLAY,1/1/1957 12:00:00 AM,1957-01-01,IN,69.0
M350,BYPASS,S,WESTERN TRANSFER MAIN,MSCL,5.45,225,CLAY,1/1/1984 12:00:00 AM,1984-01-01,IN,42.0
M132,BYPASS,S,SILVA-MT WAVERLY MAIN,MSCL,2.51,225,CLAY,1/1/1957 12:00:00 AM,1981-01-01,IN,45.0
M419,BYPASS,S,LANGWARRIN - BITTERN NO 3 MAIN,AC,0.78,150,CLAY,1/1/1971 12:00:00 AM,1972-01-01,IN,54.0
M046,BYPASS,S,MITCHAM-SURREY HILLS MAIN,CICL,7.14,225,CLAY,1/1/1912 12:00:00 AM,1912-01-01,IN,114.0
M419,MAINBG,T,LANGWARRIN - BITTERN NO 3 MAIN,MS,2.34,900,CLAY,1/1/1971 12:00:00 AM,1972-01-01,IN,54.0
M479,OFTAKE,S,BITTERN RES BYPASS MAIN,MSCL,0.39,100,SAND,1/1/1999 12:00:00 AM,1999-01-01,IN,27.0
M420,OFTAKE,S,TARAGO - WESTERN PORT MAIN,MSCL,6.0,225,SAND,1/1/1979 12:00:00 AM,1975-08-01,IN,51.0
M046,MAINBG,T,MITCHAM-SURREY HILLS MAIN,MSR,153.95,900,CLAY,1/1/1912 12:00:00 AM,1912-01-01,IN,114.0
M257,BYPASS,S,ST ALBANS OUTLET MAIN,MSCL,1.07,225,CRK,1/1/1966 12:00:00 AM,2006-12-12,IN,20.0
M387,BYPASS,S,SILVAN SEVILLE MAIN,COPPER,0.37,25,CRK,1/1/1996 12:00:00 AM,1996-01-01,IN,30.0
M198,MAINBG,T,SOMERTON HIGH LEVEL MAIN,MS,1.43,450,CRK,1/1/1968 12:00:00 AM,1968-01-01,IN,58.0
M055,OFTAKE,S,NO 1 OLINDA-MITCHAM MAIN,MSCL,1.18,150,CLAY,1/1/1978 12:00:00 AM,1914-01-01,IN,112.0
M054,OFTAKE,S,OLINDA-MITCHAM NO.2,MSCL,1.91,225,CLAY,1/1/1984 12:00:00 AM,1926-01-01,IN,100.0
M046,OFTAKE,S,MITCHAM-SURREY HILLS MAIN,MSCL,1.62,225,CLAY,1/1/1912 12:00:00 AM,1986-01-01,IN,40.0
M419,OFTAKE,T,LANGWARRIN - BITTERN NO 3 MAIN,MS,1680.81,900,CLAY,1/1/1971 12:00:00 AM,1972-01-01,IN,54.0
M195,OFTAKE,S,MT WAVERLY OUTLET MAIN,MSCL,1.86,100,SNC,1/1/1962 12:00:00 AM,1962-01-01,IN,64.0
M103,BRANCH,T,CORANDERRK WEIR TO DICKS BASIN,MS,0.66,100,CLAY,1/1/1931 12:00:00 AM,1996-03-01,IN,30.0
M160,BYPASS,S,PRESTON - FOOTSCRAY MAIN,MSCL,5.62,225,CLAY,1/1/1958 12:00:00 AM,1996-06-01,IN,30.0
M190,BYPASS,S,YAN YEAN-EPPING MAIN,MSCL,1.5,300,CLAY,1/1/1960 12:00:00 AM,1994-02-01,IN,32.0
M197,MAINBG,T,SILVAN-PRESTON MAIN,MS,0.53,1600,SAND,1/1/1962 12:00:00 AM,2010-02-01,IN,16.0
M258,BYPASS,S,MAROONDAH AQUADUCT REPLACEMENT,MS,1.61,225,SAND,1/1/1975 12:00:00 AM,1980-07-02,IN,46.0
M468,BYPASS,S,JOHNS HILL INLET MAIN,MSCL,2.33,100,UNKN,1/1/1994 12:00:00 AM,1998-06-01,IN,28.0
M335,BYPASS,S,BORONIA INLET MAIN,MSCL,5.37,225,CLAY,1/1/1978 12:00:00 AM,1978-01-01,IN,48.0
M257,BYPASS,S,ST ALBANS OUTLET MAIN,MSCL,4.92,150,CRK,1/1/1974 12:00:00 AM,1974-01-01,IN,52.0
M197,MAINBG,S,SILVAN-PRESTON MAIN,MS,1.51,1350,SAND,1/1/1962 12:00:00 AM,1962-01-01,IN,64.0
M182,BYPASS,S,BROOKLYN-GALVIN-LAVERTON MAIN,MSCL,3.38,150,CLAY,1/1/1966 12:00:00 AM,1974-01-01,IN,52.0
M258,BYPASS,S,MAROONDAH AQUADUCT REPLACEMENT,MS,0.52,225,SAND,1/1/1979 12:00:00 AM,1979-01-01,IN,47.0
M191,MAINBG,T,MORANG BRCH YAN YEAN-EPPING M,MS,2.23,1350,CLAY,1/1/1960 12:00:00 AM,1960-01-01,IN,66.0
M131,MAINBG,T,MT VIEW-DANDENONG MAIN,MS,101.17,825,CRK,1/1/1958 12:00:00 AM,1958-01-01,IN,68.0
R143,MAINAG,T,MORNINGTON RESERVOIR,MS,0.3,350,CLAY,1/1/1979 12:00:00 AM,1979-01-01,IN,47.0
M046,OFTAKE,S,MITCHAM-SURREY HILLS MAIN,MSCL,9.44,100,CLAY,1/1/1912 12:00:00 AM,1988-01-01,IN,38.0
M113,OFTAKE,S,MITCHAM - SURREY HILLS DUP.,CICL,1.21,100,CLAY,1/1/1984 12:00:00 AM,1939-01-01,IN,87.0
M375,MAINBG,T,CARDINIA - HALLAM NO 2 MAIN,MS,7.07,1700,UNKN,1/1/1988 12:00:00 AM,1988-01-01,IN,38.0
M478,OFTAKE,S,CARDINIA - PEARCEDALE DUP,MSCL,0.49,600,CRK,1/1/2001 12:00:00 AM,2001-01-01,IN,25.0
M280,MAINBG,S,GREENVALE RESERVOIR OUTLET,MS,7.0,1150,CRK,1/1/1971 12:00:00 AM,1971-01-01,IN,55.0
M346,MAINBG,T,SYDENHAM OUTLET MAIN,MS,1.14,600,CRK,1/1/1978 12:00:00 AM,1977-01-01,IN,49.0
M402,MAINBG,T,GREENVALE - OUTLET NO 2 MAIN,MS,1.23,1350,CRK,1/1/1971 12:00:00 AM,1989-01-01,IN,37.0
M041,MAINBG,T,MERRI CK - NORTHCOTE-PUNT RD,MS,3.76,1150,CLAY,1/1/1928 12:00:00 AM,1927-06-21,IN,99.0
M194,MAINBG,T,EPPING-PRESTON MAIN,MS,13.7,1150,CLAY,1/1/1960 12:00:00 AM,1960-07-04,IN,66.0
M160,MAINBG,T,PRESTON - FOOTSCRAY MAIN,MS,231.71,1150,CLAY,1/1/1958 12:00:00 AM,1958-03-01,IN,68.0
M283,MAINBG,T,YARRA VALLEY CONDUIT MAIN,MS,103.24,2100,CRK,1/1/1973 12:00:00 AM,1973-01-01,IN,53.0
M273,MAINBG,T,CARDINIA BYPASS,MS,8.81,1700,CRK,1/1/1971 12:00:00 AM,2011-10-11,IN,15.0
M104,CONN,S,MORANG OUTLET,MSCL,3.74,375,CRK,1/1/1987 12:00:00 AM,1988-12-19,IN,38.0
M478,CROSS,S,CARDINIA - PEARCEDALE DUP,MSCL,1.62,450,CRK,1/1/2001 12:00:00 AM,2001-01-01,IN,25.0
M281,BYPASS,S,CARDINIA-DAND'G-NOTTING HILL M,MSCL,0.98,225,SAND,1/1/1955 12:00:00 AM,1976-01-01,IN,50.0
M387,MAINBG,T,SILVAN SEVILLE MAIN,MS,1.06,450,CRK,1/1/1996 12:00:00 AM,1995-01-01,IN,31.0
M158,CONN,S,SURREY HILLS - ROSANNA,MSCL,1.0,150,CLAY,1/1/1957 12:00:00 AM,1969-04-24,IN,57.0
M039,MAINBG,T,NORTHCOTE - PUNT RD,MS,50.06,600,SAND,1/1/1967 12:00:00 AM,1967-01-01,IN,59.0
M230,MAINBG,T,O'SHANNASSY-U/YARRA CONDUIT MA,MS,2.05,900,SAND,1/1/1964 12:00:00 AM,1964-01-01,IN,62.0
M190,MAINBG,S,YAN YEAN-EPPING MAIN,MS,5.0,1150,CLAY,1/1/1960 12:00:00 AM,1960-01-01,IN,66.0
M160,MAINBG,T,PRESTON - FOOTSCRAY MAIN,MS,1.83,1350,CLAY,1/1/1958 12:00:00 AM,1958-01-01,IN,68.0
M258,MAINAG,T,MAROONDAH AQUADUCT REPLACEMENT,MS,1.24,2100,SAND,1/1/1979 12:00:00 AM,1979-01-01,IN,47.0
M158,MAINBG,T,SURREY HILLS - ROSANNA,MS,1.92,1150,CLAY,1/1/1957 12:00:00 AM,2005-06-02,IN,21.0
M104,MAINBG,S,MORANG OUTLET,MSCL,0.79,225,CRK,1/1/1989 12:00:00 AM,2005-05-02,IN,21.0
M046,OFTAKE,S,MITCHAM-SURREY HILLS MAIN,MSCL,2.22,150,CLAY,1/1/1912 12:00:00 AM,1988-01-01,IN,38.0
M182,OFTAKE,S,BROOKLYN-GALVIN-LAVERTON MAIN,DICL,1.44,225,CLAY,1/1/1961 12:00:00 AM,1961-01-01,IN,65.0
M420,OFTAKE,S,TARAGO - WESTERN PORT MAIN,MSCL,3.01,300,SAND,1/1/1979 12:00:00 AM,1975-08-01,IN,51.0
M022,MAINBG,T,MITCHAM-NOTTING HILL MAIN,MSLB,390.87,750,CLAY,1/1/1975 12:00:00 AM,1927-01-01,IN,99.0
M273,OFTAKE,T,CARDINIA BYPASS,MS,0.67,150,S&C,1/1/1971 12:00:00 AM,1971-01-01,IN,55.0
M131,MAINBG,T,MT VIEW-DANDENONG MAIN,MS,1.43,825,CRK,1/1/1958 12:00:00 AM,1958-01-01,IN,68.0
M319,MAINBG,T,QUARRY HILL RISING MAIN,MS,1.21,1150,C&BS,1/1/1977 12:00:00 AM,2009-08-05,IN,17.0
M291,MAINBG,S,SILVAN - OLINDA MAIN,MSEL,1.72,1050,CLAY,1/1/1971 12:00:00 AM,1971-01-01,IN,55.0
M257,OFTAKE,S,ST ALBANS OUTLET MAIN,MSCL,1.1,300,CRK,1/1/1966 12:00:00 AM,1966-01-01,IN,60.0
M333,MAINBG,T,GREENVALE-YUROKE-SYDENHAM,MS,227.03,1150,CRK,1/1/1978 12:00:00 AM,1978-01-01,IN,48.0
M468,MAINBG,T,JOHNS HILL INLET MAIN,MS,1.99,450,UNKN,1/1/1994 12:00:00 AM,1998-06-01,IN,28.0
M280,MAINBG,S,GREENVALE RESERVOIR OUTLET,MSEL,3.62,1350,CLAY,1/1/1971 12:00:00 AM,1971-01-01,IN,55.0
M190,OFTAKE,S,YAN YEAN-EPPING MAIN,MSCL,6.48,450,CLAY,1/1/1960 12:00:00 AM,1960-01-01,IN,66.0
M350,MAINBG,T,WESTERN TRANSFER MAIN,MS,712.89,1350,CLAY,1/1/1984 12:00:00 AM,1984-01-01,IN,42.0
M468,MAINBG,T,JOHNS HILL INLET MAIN,MS,224.4,600,UNKN,1/1/1994 12:00:00 AM,1998-06-01,IN,28.0
M132,BYPASS,S,SILVA-MT WAVERLY MAIN,MSCL,0.66,800,CLAY,1/1/1957 12:00:00 AM,1957-01-01,IN,69.0
M022,CONN,S,MITCHAM-NOTTING HILL MAIN,MSCL,1.53,150,CLAY,1/1/1974 12:00:00 AM,1958-08-18,IN,68.0
M418,MAINBG,T,BEACONSFIELD - LANGWARRIN MAIN,MS,3.54,1050,CLAY,1/1/1959 12:00:00 AM,1959-01-01,IN,67.0
M131,CONN,S,MT VIEW-DANDENONG MAIN,MSCL,0.82,600,CRK,1/1/1958 12:00:00 AM,1988-01-01,IN,38.0
M160,CROSS,S,PRESTON - FOOTSCRAY MAIN,MSCL,13.28,150,CLAY,1/1/1958 12:00:00 AM,1958-03-01,IN,68.0
M197,MAINBG,T,SILVAN-PRESTON MAIN,MS,518.61,1700,SAND,1/1/1962 12:00:00 AM,1962-01-01,IN,64.0
M291,MAINBG,T,SILVAN - OLINDA MAIN,MS,1.7,1700,CRK,1/1/1975 12:00:00 AM,1975-01-01,IN,51.0
M350,CROSS,S,WESTERN TRANSFER MAIN,MSCL,2.01,600,CLAY,1/1/1960 12:00:00 AM,1984-01-01,IN,42.0
M281,CROSS,S,CARDINIA-DAND'G-NOTTING HILL M,MSCL,3.99,825,CLAY,1/1/1958 12:00:00 AM,1982-08-01,IN,44.0
M419,MAINBG,T,LANGWARRIN - BITTERN NO 3 MAIN,MS,6.85,900,CLAY,1/1/1971 12:00:00 AM,1972-01-01,IN,54.0
M419,MAINBG,T,LANGWARRIN - BITTERN NO 3 MAIN,MS,29.55,900,CLAY,1/1/1971 12:00:00 AM,1972-01-01,IN,54.0
M197,MAINBG,T,SILVAN-PRESTON MAIN,MS,1.1,1700,TOPS,1/1/1962 12:00:00 AM,1962-01-01,IN,64.0
M291,MAINBG,T,SILVAN - OLINDA MAIN,MS,0.66,2100,CLAY,1/1/1971 12:00:00 AM,1971-01-01,IN,55.0
M289,MAINBG,T,HALLAM NTH. INLET MAIN,MS,2.2,1150,S&C,1/1/1976 12:00:00 AM,1977-01-01,IN,49.0
M195,OFTAKE,S,MT WAVERLY OUTLET MAIN,MSCL,1.31,375,SNC,1/1/1962 12:00:00 AM,1962-01-01,IN,64.0
M257,OFTAKE,S,ST ALBANS OUTLET MAIN,MSCL,0.74,225,CRK,1/1/1970 12:00:00 AM,1969-01-01,IN,57.0
M350,MAINBG,T,WESTERN TRANSFER MAIN,MS,4.37,1350,CLAY,1/1/1984 12:00:00 AM,1984-01-01,IN,42.0
M468,MAINBG,T,JOHNS HILL INLET MAIN,MS,1.49,450,UNKN,1/1/1994 12:00:00 AM,1998-06-01,IN,28.0
M474,MAINBG,T,ST GEORGES RD REPLACEMENT MAIN,MS,1.06,600,SAND,1/1/1995 12:00:00 AM,1996-07-25,IN,30.0
M009,MAINBG,S,PRESTON-NORTH ESSENDON MAIN,MSCL,3.78,450,CLAY,1/1/1970 12:00:00 AM,2006-10-31,IN,20.0
M191,MAINBG,T,MORANG BRCH YAN YEAN-EPPING M,MS,1.44,1050,SAND,5/21/2001 12:00:00 AM,1959-12-14,IN,67.0
M132,MAINBG,T,SILVA-MT WAVERLY MAIN,MS,76.68,1150,CLAY,1/1/1958 12:00:00 AM,1958-01-01,IN,68.0
M158,MAINBG,T,SURREY HILLS - ROSANNA,MS,10.99,1150,CLAY,1/1/1957 12:00:00 AM,1980-01-01,IN,46.0
M160,MAINBG,T,PRESTON - FOOTSCRAY MAIN,MS,115.9,1350,CLAY,1/1/1958 12:00:00 AM,1958-01-01,IN,68.0
M291,MAINBG,T,SILVAN - OLINDA MAIN,MS,253.98,1350,CRK,1/1/1971 12:00:00 AM,1971-01-01,IN,55.0
M132,MAINBG,T,SILVA-MT WAVERLY MAIN,MS,2.3,1150,CLAY,1/1/1954 12:00:00 AM,1957-01-01,IN,69.0
M046,OFTAKE,S,MITCHAM-SURREY HILLS MAIN,MSCL,1.35,225,CLAY,1/1/1912 12:00:00 AM,1938-01-01,IN,88.0
M182,OFTAKE,S,BROOKLYN-GALVIN-LAVERTON MAIN,MSCL,0.64,150,CLAY,1/1/1961 12:00:00 AM,1961-01-01,IN,65.0
M104,MAINBG,T,MORANG OUTLET,MS,47.2,800,CRK,1/1/1989 12:00:00 AM,2005-05-02,IN,21.0
M475,MAINBG,T,PAKENHAM RES NO.2 INLET MAIN,MS,124.98,600,CRK,11/25/1997 12:00:00 AM,1997-07-01,IN,29.0
M046,MAINBG,T,MITCHAM-SURREY HILLS MAIN,MSR,8.87,900,CLAY,1/1/1912 12:00:00 AM,1912-01-01,IN,114.0
M333,MAINBG,T,GREENVALE-YUROKE-SYDENHAM,MS,25.76,1150,CRK,1/1/1978 12:00:00 AM,1978-01-01,IN,48.0
M350,CROSS,S,WESTERN TRANSFER MAIN,MSCL,1.72,225,CLAY,1/1/1983 12:00:00 AM,1984-01-01,IN,42.0
M350,CROSS,S,WESTERN TRANSFER MAIN,MSCL,5.84,1150,CLAY,1/1/1983 12:00:00 AM,1984-01-01,IN,42.0
M132,CROSS,S,SILVA-MT WAVERLY MAIN,MSCL,1.45,600,SAND,1/1/1983 12:00:00 AM,1983-01-01,IN,43.0
M193,MAINBG,T,KENNY ST-BROADMEADOWS MAIN,MS,1.127,1150,CRK,1/1/1965 12:00:00 AM,1965-01-01,IN,61.0
M132,BYPASS,S,SILVA-MT WAVERLY MAIN,MSCL,2.61,225,CRK,1/1/1975 12:00:00 AM,1981-01-01,IN,45.0
M478,CROSS,S,CARDINIA - PEARCEDALE DUP,MSCL,1.24,600,CRK,1/1/2001 12:00:00 AM,2001-01-01,IN,25.0
M281,MAINBG,T,CARDINIA-DAND'G-NOTTING HILL M,MS,19.61,1700,SAND,1/1/1974 12:00:00 AM,1974-01-01,IN,52.0
M402,CROSS,S,GREENVALE - OUTLET NO 2 MAIN,MSCL,2.28,450,CRK,1/1/1989 12:00:00 AM,1989-01-01,IN,37.0
M197,CROSS,S,SILVAN-PRESTON MAIN,MSCL,1.0,225,CLAY,1/1/1962 12:00:00 AM,1971-02-26,IN,55.0
M194,CROSS,S,EPPING-PRESTON MAIN,MSCL,3.29,225,CLAY,1/1/1960 12:00:00 AM,1977-06-21,IN,49.0
M350,MAINBG,T,WESTERN TRANSFER MAIN,MS,21.0,1350,CLAY,1/1/1984 12:00:00 AM,1984-01-01,IN,42.0
M160,MAINBG,T,PRESTON - FOOTSCRAY MAIN,MS,543.33,1150,CLAY,1/1/1958 12:00:00 AM,1958-01-01,IN,68.0
M022,MAINBG,T,MITCHAM-NOTTING HILL MAIN,MS,4.07,1150,CLAY,1/1/1966 12:00:00 AM,1927-01-01,IN,99.0
M021,MAINBG,T,BLACKBURN RD - NOTTING HILL,MS,2.62,600,SAND,1/1/1983 12:00:00 AM,1983-01-01,IN,43.0
M478,BRANCH,T,CARDINIA - PEARCEDALE DUP,MS,0.79,600,CRK,1/1/2001 12:00:00 AM,2001-01-01,IN,25.0
M055,MAINBG,T,NO 1 OLINDA-MITCHAM MAIN,MS,43.6,900,CLAY,1/1/1963 12:00:00 AM,1914-01-01,IN,112.0
M197,BYPASS,S,SILVAN-PRESTON MAIN,MSCL,0.78,225,TOPS,1/1/1962 12:00:00 AM,1980-01-01,IN,46.0
M054,BYPASS,S,OLINDA-MITCHAM NO.2,MS,0.93,225,CLAY,1/1/1984 12:00:00 AM,1926-01-01,IN,100.0
M273,BYPASS,S,CARDINIA BYPASS,MSEL,6.21,225,S&C,1/1/1971 12:00:00 AM,1971-01-01,IN,55.0
M054,MAINBG,T,OLINDA-MITCHAM NO.2,MS,19.02,1150,CLAY,1/1/1984 12:00:00 AM,1926-01-01,IN,100.0
M193,MAINBG,T,KENNY ST-BROADMEADOWS MAIN,MS,126.84,1150,CLAY,1/1/1965 12:00:00 AM,1965-01-01,IN,61.0
M194,MAINBG,S,EPPING-PRESTON MAIN,MS,1.457,1150,CLAY,1/1/1960 12:00:00 AM,1960-01-01,IN,66.0
M158,MAINBG,T,SURREY HILLS - ROSANNA,MS,318.96,1150,CLAY,1/1/1957 12:00:00 AM,1957-01-01,IN,69.0
M462,MAINBG,T,LANGWARRIN-FRANKSTON NO 2 MAIN,MS,5.9,900,SAND,1/1/1967 12:00:00 AM,1967-01-01,IN,59.0
M056,MAINBG,T,OLINDA-MITCHAM NO.3,MS,19.57,1150,CLAY,1/1/1981 12:00:00 AM,1936-01-01,IN,90.0
M022,CROSS,S,MITCHAM-NOTTING HILL MAIN,MSCL,0.93,375,CLAY,1/1/1974 12:00:00 AM,1927-01-01,IN,99.0
M418,MAINBG,T,BEACONSFIELD - LANGWARRIN MAIN,MS,329.67,1050,CLAY,1/1/1959 12:00:00 AM,1959-01-01,IN,67.0
M193,MAINBG,T,KENNY ST-BROADMEADOWS MAIN,MS,1.19,900,CRK,1/1/1965 12:00:00 AM,1965-01-01,IN,61.0
M002,CROSS,S,SURREY HILLS RES,MSCL,1.52,375,CLAY,1/1/1939 12:00:00 AM,1957-01-01,IN,69.0
M131,CONN,S,MT VIEW-DANDENONG MAIN,MSCL,1.27,300,CRK,1/1/1958 12:00:00 AM,1958-01-01,IN,68.0
M197,CROSS,S,SILVAN-PRESTON MAIN,MSCL,1.9,150,CLAY,1/1/1962 12:00:00 AM,1976-01-01,IN,50.0
M197,MAINBG,T,SILVAN-PRESTON MAIN,MS,160.4,1700,SAND,1/1/1962 12:00:00 AM,1962-01-01,IN,64.0
M160,MAINBG,T,PRESTON - FOOTSCRAY MAIN,MS,5.98,1350,CLAY,1/1/1958 12:00:00 AM,1958-01-01,IN,68.0
M350,CROSS,S,WESTERN TRANSFER MAIN,MSCL,6.56,150,CLAY,1/1/1984 12:00:00 AM,1984-01-01,IN,42.0
M131,CROSS,S,MT VIEW-DANDENONG MAIN,MSCL,2.49,225,CRK,1/1/1958 12:00:00 AM,1988-01-01,IN,38.0
M479,MAINBG,T,BITTERN RES BYPASS MAIN,MS,946.81,900,SAND,1/1/1999 12:00:00 AM,1999-01-01,IN,27.0
M194,MAINBG,S,EPPING-PRESTON MAIN,MS,1.874,600,CLAY,1/1/1960 12:00:00 AM,1960-01-01,IN,66.0
M193,MAINBG,T,KENNY ST-BROADMEADOWS MAIN,MS,583.49,1150,CLAY,1/1/1965 12:00:00 AM,1971-01-01,IN,55.0
M131,MAINBG,T,MT VIEW-DANDENONG MAIN,MS,4.05,825,CRK,1/1/1958 12:00:00 AM,1958-01-01,IN,68.0
M103,MAINBG,T,CORANDERRK WEIR TO DICKS BASIN,MS,304.39,1150,CLAY,1/1/1931 12:00:00 AM,1930-09-05,IN,96.0
M158,MAINBG,T,SURREY HILLS - ROSANNA,MS,679.78,1150,CLAY,1/1/1957 12:00:00 AM,1957-01-01,IN,69.0
M198,MAINBG,T,SOMERTON HIGH LEVEL MAIN,MS,30.65,600,CRK,1/1/1962 12:00:00 AM,1962-01-01,IN,64.0
M346,BRANCH,S,SYDENHAM OUTLET MAIN,MSEL,2.27,1150,CRK,1/1/1977 12:00:00 AM,1977-01-01,IN,49.0
M055,BRANCH,S,NO 1 OLINDA-MITCHAM MAIN,MSCL,14.5,450,CLAY,1/1/1963 12:00:00 AM,1914-01-01,IN,112.0
M387,BRANCH,S,SILVAN SEVILLE MAIN,DICL,0.71,100,CRK,1/1/1996 12:00:00 AM,1996-01-01,IN,30.0
M350,MAINBG,T,WESTERN TRANSFER MAIN,MS,41.58,1350,CLAY,1/1/1984 12:00:00 AM,1984-01-01,IN,42.0
M054,BYPASS,S,OLINDA-MITCHAM NO.2,MSCL,0.8,225,SAND,1/1/1992 12:00:00 AM,1926-01-01,IN,100.0
M281,BYPASS,S,CARDINIA-DAND'G-NOTTING HILL M,MSCL,6.57,300,SAND,1/1/1974 12:00:00 AM,1984-01-01,IN,42.0
M475,BYPASS,S,PAKENHAM RES NO.2 INLET MAIN,MSCL,5.3,225,CRK,11/25/1997 12:00:00 AM,1997-11-25,IN,29.0
M440,BYPASS,T,TYABB MORNINGTON MAIN,CI,1.02,150,CLAY,1/1/1979 12:00:00 AM,1979-01-01,IN,47.0
M197,BYPASS,S,SILVAN-PRESTON MAIN,MSCL,5.01,825,TOPS,1/1/1962 12:00:00 AM,1962-01-01,IN,64.0
M281,BYPASS,S,CARDINIA-DAND'G-NOTTING HILL M,MSCL,1.01,225,SAND,1/1/1955 12:00:00 AM,1976-01-01,IN,50.0
M160,CROSS,S,PRESTON - FOOTSCRAY MAIN,MSCL,2.62,150,CLAY,1/1/1958 12:00:00 AM,1958-03-01,IN,68.0
M348,MAINBG,S,MORANG BCH OF WINNEKE-PRESTON,MS,3.34,1350,CRK,1/1/1980 12:00:00 AM,1980-01-01,IN,46.0
M104,MAINBG,T,MORANG OUTLET,MS,16.13,900,CRK,1/1/1989 12:00:00 AM,1989-01-01,IN,37.0
M332,MAINBG,T,WINNEKE-PRESTON (SLOAF RES.MN),MS,2722.62,2100,SAND,1/1/1980 12:00:00 AM,1980-01-01,IN,46.0
M387,CROSS,S,SILVAN SEVILLE MAIN,MSCL,1.024,375,SAND,1/1/1962 12:00:00 AM,2011-03-08,IN,15.0
M230,MAINAG,T,O'SHANNASSY-U/YARRA CONDUIT MA,MS,1.44,900,SAND,1/1/1964 12:00:00 AM,1964-01-01,IN,62.0
M002,OFTAKE,S,SURREY HILLS RES,MSCL,1.43,225,CLAY,1/1/1939 12:00:00 AM,1968-12-16,IN,58.0
M022,OFTAKE,S,MITCHAM-NOTTING HILL MAIN,MSCL,1.81,300,CLAY,1/1/1974 12:00:00 AM,1984-01-01,IN,42.0
M474,MAINBG,S,ST GEORGES RD REPLACEMENT MAIN,MS,2.29,900,SAND,1/1/1995 12:00:00 AM,1995-01-01,IN,31.0
M281,MAINBG,S,CARDINIA-DAND'G-NOTTING HILL M,MS,9.35,1700,SAND,1/1/1974 12:00:00 AM,1974-01-01,IN,52.0
M190,MAINBG,T,YAN YEAN-EPPING MAIN,MS,7.66,1150,CLAY,1/1/1960 12:00:00 AM,1960-01-01,IN,66.0
M132,MAINBG,T,SILVA-MT WAVERLY MAIN,MS,254.02,1350,CLAY,1/1/1954 12:00:00 AM,1954-01-01,IN,72.0
M197,MAINBG,T,SILVAN-PRESTON MAIN,MS,2.5,1700,TOPS,1/1/1962 12:00:00 AM,1962-01-01,IN,64.0
M158,OFTAKE,S,SURREY HILLS - ROSANNA,MSCL,2.07,225,CLAY,1/1/1957 12:00:00 AM,1957-01-01,IN,69.0
M195,OFTAKE,S,MT WAVERLY OUTLET MAIN,MSCL,2.73,150,SNC,1/1/1962 12:00:00 AM,1966-11-21,IN,60.0
M160,MAINBG,T,PRESTON - FOOTSCRAY MAIN,MS,23.29,1150,CLAY,1/1/1958 12:00:00 AM,1958-03-01,IN,68.0
M194,MAINBG,S,EPPING-PRESTON MAIN,MS,0.312,1150,CLAY,1/1/1960 12:00:00 AM,1960-01-01,IN,66.0
M159,BYPASS,S,MT WAVERLY-NOTTING HILL MAIN,MSCL,5.44,225,SAND,1/1/1955 12:00:00 AM,1955-01-01,IN,71.0
M480,BYPASS,S,POWELL ST CROSS CONNECTION,MSCL,1.73,225,SAND,7/27/2002 12:00:00 AM,2002-07-24,IN,24.0
M198,BRANCH,S,SOMERTON HIGH LEVEL MAIN,MSCL,9.44,600,CRK,1/1/1962 12:00:00 AM,1962-01-01,IN,64.0
M332,BYPASS,S,WINNEKE-PRESTON (SLOAF RES.MN),MSCL,5.43,225,SAND,1/1/1980 12:00:00 AM,1980-10-14,IN,46.0
M197,BYPASS,S,SILVAN-PRESTON MAIN,MSCL,0.96,150,MS&C,1/1/1962 12:00:00 AM,1962-01-01,IN,64.0
M046,MAINBG,T,MITCHAM-SURREY HILLS MAIN,MS,43.39,900,CLAY,1/1/1912 12:00:00 AM,1912-01-01,IN,114.0
M232,MAINBG,T,HARRIS GULLY MAIN,MS,2587.73,1150,MS,1/1/1965 12:00:00 AM,1965-01-01,IN,61.0
M332,MAINBG,T,WINNEKE-PRESTON (SLOAF RES.MN),MS,23.97,2100,SAND,1/1/1980 12:00:00 AM,1980-01-01,IN,46.0
M197,MAINBG,T,SILVAN-PRESTON MAIN,MS,2.13,1350,SAND,1/1/1962 12:00:00 AM,1962-01-01,IN,64.0
M354,INLET,S,SILVAN - MT WAVERLY NO 2 MAIN,MS,2.69,450,CLAY,1/1/1983 12:00:00 AM,1983-01-01,IN,43.0
M258,MAINBG,T,MAROONDAH AQUADUCT REPLACEMENT,MS,1.25,2100,UNKN,1/1/1975 12:00:00 AM,1974-12-13,IN,52.0
M387,MAINBG,T,SILVAN SEVILLE MAIN,DI,1497.43,300,CRK,1/1/1996 12:00:00 AM,1995-01-01,IN,31.0
M021,BYPASS,S,BLACKBURN RD - NOTTING HILL,MSCL,6.59,225,SS&C,1/1/1983 12:00:00 AM,1974-01-01,IN,52.0
M474,BYPASS,S,ST GEORGES RD REPLACEMENT MAIN,MSCL,4.27,225,SAND,1/1/1995 12:00:00 AM,1996-07-25,IN,30.0
M440,BYPASS,S,TYABB MORNINGTON MAIN,MS,0.4,150,CLAY,1/1/1979 12:00:00 AM,1979-01-01,IN,47.0
M195,BYPASS,S,MT WAVERLY OUTLET MAIN,MSCL,1.15,225,SNC,1/1/1962 12:00:00 AM,1962-01-01,IN,64.0
M197,BYPASS,S,SILVAN-PRESTON MAIN,MSCL,0.98,825,TOPS,1/1/1962 12:00:00 AM,1962-01-01,IN,64.0
M193,CONN,S,KENNY ST-BROADMEADOWS MAIN,MSEL,2.34,150,CLAY,1/1/1965 12:00:00 AM,1965-01-01,IN,61.0
M198,CROSS,S,SOMERTON HIGH LEVEL MAIN,MS,1.95,225,CRK,1/1/1962 12:00:00 AM,1962-01-01,IN,64.0
M475,MAINBG,T,PAKENHAM RES NO.2 INLET MAIN,MS,394.16,600,CRK,11/25/1997 12:00:00 AM,1997-11-25,IN,29.0
M257,MAINBG,T,ST ALBANS OUTLET MAIN,MS,12.21,1150,CRK,1/1/1970 12:00:00 AM,1970-01-01,IN,56.0
M293,CROSS,T,MONBULK NO2 DELIVERY MAIN,MS,0.79,375,CLAY,1/1/1973 12:00:00 AM,1977-01-01,IN,49.0
M281,CROSS,S,CARDINIA-DAND'G-NOTTING HILL M,MSEL,25.28,1350,SAND,1/1/1974 12:00:00 AM,1984-01-01,IN,42.0
M257,CROSS,S,ST ALBANS OUTLET MAIN,DICL,2.42,300,CRK,1/1/1974 12:00:00 AM,1986-01-01,IN,40.0
M022,MAINBG,T,MITCHAM-NOTTING HILL MAIN,MS,44.14,825,SAND,1/1/1986 12:00:00 AM,1986-01-01,IN,40.0
M419,MAINBG,T,LANGWARRIN - BITTERN NO 3 MAIN,MS,87.72,900,CLAY,1/1/1971 12:00:00 AM,1972-01-01,IN,54.0
M132,BYPASS,S,SILVA-MT WAVERLY MAIN,MSCL,1.55,225,CLAY,1/1/1957 12:00:00 AM,1985-01-01,IN,41.0
M046,CONN,S,MITCHAM-SURREY HILLS MAIN,CI,1.32,225,CLAY,1/1/1912 12:00:00 AM,1912-01-01,IN,114.0
M195,CONN,S,MT WAVERLY OUTLET MAIN,MSCL,0.83,450,SNC,1/1/1962 12:00:00 AM,1973-01-01,IN,53.0
M197,CROSS,S,SILVAN-PRESTON MAIN,MSCL,1.49,450,CLAY,1/1/1962 12:00:00 AM,1985-01-01,IN,41.0
M055,CROSS,S,NO 1 OLINDA-MITCHAM MAIN,MSCL,2.47,100,CLAY,1/1/1978 12:00:00 AM,1914-01-01,IN,112.0
M478,MAINBG,T,CARDINIA - PEARCEDALE DUP,MS,3235.58,1700,CRK,1/1/2001 12:00:00 AM,2001-01-01,IN,25.0
M378,MAINBG,T,CARDINIA - BERWICK MAIN,MS,1440.78,1350,SAND,1/1/1981 12:00:00 AM,1981-01-01,IN,45.0
M054,MAINBG,T,OLINDA-MITCHAM NO.2,MS,7.56,1150,CLAY,1/1/1984 12:00:00 AM,1926-01-01,IN,100.0
M348,MAINBG,T,MORANG BCH OF WINNEKE-PRESTON,MS,5.25,1350,CRK,1/1/1980 12:00:00 AM,1980-01-01,IN,46.0
M113,MAINBG,T,MITCHAM - SURREY HILLS DUP.,MS,2.65,1150,CLAY,1/1/1988 12:00:00 AM,1939-01-01,IN,87.0
M197,MAINBG,T,SILVAN-PRESTON MAIN,MS,20.93,1350,SAND,1/1/1962 12:00:00 AM,1962-01-01,IN,64.0
M440,MAINAG,T,TYABB MORNINGTON MAIN,MS,0.43,1000,CLAY,1/1/1979 12:00:00 AM,1979-01-01,IN,47.0
M160,MAINAG,T,PRESTON - FOOTSCRAY MAIN,MS,117.06,600,CLAY,1/1/1958 12:00:00 AM,1958-03-01,IN,68.0
M046,OFTAKE,S,MITCHAM-SURREY HILLS MAIN,MSCL,2.78,100,CLAY,1/1/1912 12:00:00 AM,1952-01-01,IN,74.0
M054,OFTAKE,S,OLINDA-MITCHAM NO.2,DICL,0.65,150,CLAY,1/1/1984 12:00:00 AM,1926-01-01,IN,100.0
M197,MAINBG,S,SILVAN-PRESTON MAIN,MSEL,18.18,1350,MS&C,1/1/1962 12:00:00 AM,1962-01-01,IN,64.0
M195,MAINBG,T,MT WAVERLY OUTLET MAIN,MS,8.46,825,SNC,1/1/1962 12:00:00 AM,1962-01-01,IN,64.0
M478,OFTAKE,S,CARDINIA - PEARCEDALE DUP,MSCL,2.06,600,CRK,1/1/2001 12:00:00 AM,2001-01-01,IN,25.0
M420,OFTAKE,S,TARAGO - WESTERN PORT MAIN,MSCL,2.33,100,SAND,1/1/1979 12:00:00 AM,1975-08-01,IN,51.0
M041,CONN,S,MERRI CK - NORTHCOTE-PUNT RD,MSCL,1.21,225,CLAY,1/1/1928 12:00:00 AM,1928-01-01,IN,98.0
M268,CONN,S,MT VIEW OUTLET MAIN,CICL,2.83,225,S&C,1/1/1965 12:00:00 AM,1975-12-22,IN,51.0
M475,MAINBG,T,PAKENHAM RES NO.2 INLET MAIN,MS,7.5,600,CRK,11/25/1997 12:00:00 AM,1997-11-25,IN,29.0
M475,MAINBG,T,PAKENHAM RES NO.2 INLET MAIN,MS,514.65,600,CRK,11/25/1997 12:00:00 AM,1997-11-25,IN,29.0
M195,BYPASS,S,MT WAVERLY OUTLET MAIN,CICL,19.36,225,SNC,1/1/1962 12:00:00 AM,1962-01-01,IN,64.0
M480,BYPASS,S,POWELL ST CROSS CONNECTION,MSCL,2.36,225,SAND,7/27/2002 12:00:00 AM,2002-07-24,IN,24.0
M182,BYPASS,S,BROOKLYN-GALVIN-LAVERTON MAIN,MSCL,1.53,225,CLAY,1/1/1961 12:00:00 AM,1974-01-01,IN,52.0
M478,CROSS,S,CARDINIA - PEARCEDALE DUP,MSCL,2.62,600,CRK,1/1/2001 12:00:00 AM,2001-01-01,IN,25.0
M193,CROSS,S,KENNY ST-BROADMEADOWS MAIN,MSCL,1.13,375,CLAY,1/1/1965 12:00:00 AM,1965-01-01,IN,61.0
M160,BYPASS,S,PRESTON - FOOTSCRAY MAIN,MSEL,1.05,225,CLAY,1/1/1958 12:00:00 AM,1996-06-01,IN,30.0
SL08,MAINBG,T,CARDINIA BYPASS SURGE VESSEL,MS,0.55,600,UNKN,1/1/1971 12:00:00 AM,2011-08-26,IN,15.0
M161,CONN,S,YARRA-SILVAN CONDUIT NO 1,MSCL,1.38,225,CLAY,1/1/1946 12:00:00 AM,1985-03-15,IN,41.0
M475,MAINBG,T,PAKENHAM RES NO.2 INLET MAIN,MS,257.21,600,CRK,11/25/1997 12:00:00 AM,1997-11-25,IN,29.0
M054,MAINBG,T,OLINDA-MITCHAM NO.2,MS,0.78,900,SAND,1/1/1992 12:00:00 AM,1992-01-01,IN,34.0
M478,CROSS,S,CARDINIA - PEARCEDALE DUP,MSCL,0.69,900,CRK,1/1/2001 12:00:00 AM,2001-01-01,IN,25.0
M350,CROSS,S,WESTERN TRANSFER MAIN,MSCL,2.05,1150,CLAY,1/1/1983 12:00:00 AM,1984-01-01,IN,42.0
M197,MAINBG,T,SILVAN-PRESTON MAIN,MS,1214.76,1700,SAND,1/1/1962 12:00:00 AM,1962-01-01,IN,64.0
M054,MAINBG,T,OLINDA-MITCHAM NO.2,MS,0.91,900,SAND,1/1/1992 12:00:00 AM,1926-01-01,IN,100.0
M104,OFTAKE,S,MORANG OUTLET,MSCL,0.79,300,CRK,1/1/1987 12:00:00 AM,1988-01-01,IN,38.0
M193,OFTAKE,S,KENNY ST-BROADMEADOWS MAIN,MSCL,3.46,150,CLAY,1/1/1965 12:00:00 AM,1971-01-01,IN,55.0
M348,MAINBG,T,MORANG BCH OF WINNEKE-PRESTON,MS,0.63,600,CRK,1/1/1980 12:00:00 AM,1980-01-01,IN,46.0
M478,OFTAKE,S,CARDINIA - PEARCEDALE DUP,MSCL,24.41,600,CRK,1/1/2001 12:00:00 AM,2001-01-01,IN,25.0
M055,OFTAKE,S,NO 1 OLINDA-MITCHAM MAIN,MSCL,2.2,150,CLAY,1/1/1978 12:00:00 AM,1914-01-01,IN,112.0
M054,OFTAKE,S,OLINDA-MITCHAM NO.2,MSCL,4.73,225,CLAY,1/1/1984 12:00:00 AM,1926-01-01,IN,100.0
M478,MAINBG,T,CARDINIA - PEARCEDALE DUP,MS,30.94,800,CRK,1/1/2001 12:00:00 AM,2001-01-01,IN,25.0
M190,MAINBG,T,YAN YEAN-EPPING MAIN,MS,0.93,1700,CLAY,1/1/1960 12:00:00 AM,1960-01-01,IN,66.0
M333,INLET,S,GREENVALE-YUROKE-SYDENHAM,MS,15.26,50,CRK,1/1/1978 12:00:00 AM,2005-02-28,IN,21.0
M418,MAINBG,T,BEACONSFIELD - LANGWARRIN MAIN,MS,9.22,1125,CLAY,1/1/1982 12:00:00 AM,1982-01-01,IN,44.0
M197,MAINBG,S,SILVAN-PRESTON MAIN,MSEL,2.65,1700,CLAY,1/1/1962 12:00:00 AM,1962-01-01,IN,64.0
M273,MAINBG,T,CARDINIA BYPASS,MS,1.42,1700,S&C,1/1/1971 12:00:00 AM,1971-01-01,IN,55.0
M289,MAINBG,S,HALLAM NTH. INLET MAIN,MSCL,0.8,150,S&C,1/1/1976 12:00:00 AM,1977-01-01,IN,49.0
M193,CONN,S,KENNY ST-BROADMEADOWS MAIN,DICL,1.87,150,CLAY,1/1/1965 12:00:00 AM,1965-01-01,IN,61.0
M478,CROSS,S,CARDINIA - PEARCEDALE DUP,MSCL,1.63,450,CRK,1/1/2001 12:00:00 AM,2001-01-01,IN,25.0
M475,MAINBG,T,PAKENHAM RES NO.2 INLET MAIN,MS,4.18,900,CRK,11/25/1997 12:00:00 AM,1997-11-25,IN,29.0
M191,MAINBG,T,MORANG BRCH YAN YEAN-EPPING M,MS,21.16,1350,CLAY,1/1/1960 12:00:00 AM,1959-12-14,IN,67.0
M350,MAINBG,T,WESTERN TRANSFER MAIN,MS,4.38,1350,CLAY,1/1/1984 12:00:00 AM,1984-01-01,IN,42.0
M346,CROSS,S,SYDENHAM OUTLET MAIN,MSEL,1.94,600,CRK,1/1/1977 12:00:00 AM,1977-01-01,IN,49.0
M348,CROSS,S,MORANG BCH OF WINNEKE-PRESTON,MS,2.4,1350,CRK,1/1/1980 12:00:00 AM,1980-01-01,IN,46.0
M041,MAINBG,T,MERRI CK - NORTHCOTE-PUNT RD,MS,1.64,600,CRK,6/10/2004 12:00:00 AM,2004-06-10,IN,22.0
M046,MAINBG,T,MITCHAM-SURREY HILLS MAIN,MSR,149.35,900,CLAY,1/1/1912 12:00:00 AM,1912-01-01,IN,114.0
M291,MAINBG,T,SILVAN - OLINDA MAIN,MS,21.22,1700,CRK,1/1/1975 12:00:00 AM,1975-01-01,IN,51.0
M422,MAINAG,T,BITTERN - DROMANA NO 2 MAIN,MS,122.69,900,CLAY,1/1/1964 12:00:00 AM,1964-01-01,IN,62.0
R143,MAINAG,T,MORNINGTON RESERVOIR,MS,0.97,375,CLAY,1/1/1979 12:00:00 AM,1979-01-01,IN,47.0
M022,CROSS,S,MITCHAM-NOTTING HILL MAIN,MSCL,4.04,375,CLAY,1/1/1974 12:00:00 AM,1927-01-01,IN,99.0
M354,MAINBG,T,SILVAN - MT WAVERLY NO 2 MAIN,MS,2156.28,1700,CLAY,1/1/1983 12:00:00 AM,1983-01-01,IN,43.0
M190,MAINBG,T,YAN YEAN-EPPING MAIN,MS,311.64,1700,CLAY,1/1/1960 12:00:00 AM,1960-01-01,IN,66.0
M193,OFTAKE,S,KENNY ST-BROADMEADOWS MAIN,MSEL,2.92,225,CLAY,1/1/1965 12:00:00 AM,1962-07-23,IN,64.0
M055,OFTAKE,S,NO 1 OLINDA-MITCHAM MAIN,MSCL,1.26,100,CLAY,1/1/1978 12:00:00 AM,1914-01-01,IN,112.0
M257,MAINBG,T,ST ALBANS OUTLET MAIN,MS,883.33,1150,CRK,1/1/1974 12:00:00 AM,1974-01-01,IN,52.0
M280,MAINBG,T,GREENVALE RESERVOIR OUTLET,MS,0.95,1350,CLAY,1/1/1971 12:00:00 AM,1971-01-01,IN,55.0
M281,OFTAKE,S,CARDINIA-DAND'G-NOTTING HILL M,MSCL,0.8,450,SAND,1/1/1974 12:00:00 AM,1996-01-01,IN,30.0
M192,OFTAKE,T,EPPING-GREENVALE MAIN,MS,42.64,100,UNKN,7/1/2005 12:00:00 AM,2005-07-01,IN,21.0
M197,MAINBG,T,SILVAN-PRESTON MAIN,MS,2546.12,1350,TOPS,1/1/1962 12:00:00 AM,1962-01-01,IN,64.0
M281,MAINBG,T,CARDINIA-DAND'G-NOTTING HILL M,MS,2.91,1700,SAND,1/1/1974 12:00:00 AM,1974-01-01,IN,52.0
M257,OFTAKE,S,ST ALBANS OUTLET MAIN,MSCL,1.11,150,CRK,1/1/1966 12:00:00 AM,1966-01-01,IN,60.0
M350,MAINBG,T,WESTERN TRANSFER MAIN,MS,1116.19,1350,CLAY,1/1/1984 12:00:00 AM,1984-01-01,IN,42.0
M468,MAINBG,T,JOHNS HILL INLET MAIN,MS,0.66,450,UNKN,1/1/1994 12:00:00 AM,1998-06-01,IN,28.0
M474,MAINBG,T,ST GEORGES RD REPLACEMENT MAIN,MS,0.84,900,SAND,1/1/1995 12:00:00 AM,1996-07-25,IN,30.0
M480,MAINBG,T,POWELL ST CROSS CONNECTION,MS,220.45,900,SAND,7/27/2002 12:00:00 AM,2002-07-24,IN,24.0
M479,MAINBG,T,BITTERN RES BYPASS MAIN,MS,11.23,900,SAND,1/1/1999 12:00:00 AM,1999-01-01,IN,27.0
M198,MAINBG,T,SOMERTON HIGH LEVEL MAIN,MS,2.38,600,CRK,1/1/1962 12:00:00 AM,1962-01-01,IN,64.0
M041,MAINBG,T,MERRI CK - NORTHCOTE-PUNT RD,MS,0.97,1150,CRK,1/1/2004 12:00:00 AM,2004-05-10,IN,22.0
M195,MAINBG,T,MT WAVERLY OUTLET MAIN,MS,8.55,825,SNC,1/1/1962 12:00:00 AM,1962-01-01,IN,64.0
M055,MAINBG,T,NO 1 OLINDA-MITCHAM MAIN,MSLB,40.41,900,CLAY,1/1/1976 12:00:00 AM,1914-01-01,IN,112.0
M375,MAINBG,T,CARDINIA - HALLAM NO 2 MAIN,MS,168.94,1700,UNKN,1/1/1988 12:00:00 AM,1988-01-01,IN,38.0
M468,BYPASS,S,JOHNS HILL INLET MAIN,MSCL,2.93,250,UNKN,1/1/1994 12:00:00 AM,1998-06-01,IN,28.0
M478,BYPASS,S,CARDINIA - PEARCEDALE DUP,MSCL,0.82,600,CRK,1/1/2001 12:00:00 AM,2001-01-01,IN,25.0
M078,BYPASS,S,ROSANNA - PRESTON MAIN,MSCL,0.91,225,CLAY,1/1/1940 12:00:00 AM,2007-08-29,IN,19.0
M191,MAINBG,T,MORANG BRCH YAN YEAN-EPPING M,MS,1140.74,1350,SAND,5/21/2001 12:00:00 AM,2001-05-21,IN,25.0
M232,MAINBG,T,HARRIS GULLY MAIN,MS,1.75,900,CLAY,1/1/1965 12:00:00 AM,1965-01-01,IN,61.0
M113,MAINBG,T,MITCHAM - SURREY HILLS DUP.,MS,1.97,900,CLAY,1/1/1984 12:00:00 AM,1939-01-01,IN,87.0
M104,MAINBG,T,MORANG OUTLET,MS,0.79,810,CLAY,1/1/1959 12:00:00 AM,1929-01-01,IN,97.0
M193,MAINBG,T,KENNY ST-BROADMEADOWS MAIN,MS,54.93,1150,CLAY,1/1/1965 12:00:00 AM,1971-01-01,IN,55.0
M333,OFTAKE,S,GREENVALE-YUROKE-SYDENHAM,MSCL,2.48,100,CRK,1/1/1978 12:00:00 AM,1978-01-01,IN,48.0
M333,OFTAKE,S,GREENVALE-YUROKE-SYDENHAM,MSCL,2.89,150,CRK,1/1/1978 12:00:00 AM,1978-01-01,IN,48.0
M054,OFTAKE,S,OLINDA-MITCHAM NO.2,MSCL,8.21,225,CLAY,1/1/1984 12:00:00 AM,1926-01-01,IN,100.0
M333,OUTLET,S,GREENVALE-YUROKE-SYDENHAM,MS,1.08,50,CRK,1/1/1978 12:00:00 AM,2005-02-28,IN,21.0
M422,MAINBG,T,BITTERN - DROMANA NO 2 MAIN,MS,2.0,900,CLAY,1/1/1964 12:00:00 AM,1964-01-01,IN,62.0
M419,MAINBG,T,LANGWARRIN - BITTERN NO 3 MAIN,MS,3423.02,900,CLAY,1/1/1971 12:00:00 AM,1972-01-01,IN,54.0
M055,OFTAKE,S,NO 1 OLINDA-MITCHAM MAIN,MSCL,1.56,150,CLAY,1/1/1978 12:00:00 AM,1914-01-01,IN,112.0
M046,OFTAKE,S,MITCHAM-SURREY HILLS MAIN,MSCL,0.81,150,CLAY,1/1/1912 12:00:00 AM,1912-01-01,IN,114.0
M291,MAINBG,S,SILVAN - OLINDA MAIN,MSEL,2.29,1350,CLAY,1/1/1971 12:00:00 AM,1971-01-01,IN,55.0
M195,OFTAKE,S,MT WAVERLY OUTLET MAIN,MSCL,2.75,300,SNC,1/1/1962 12:00:00 AM,1962-01-01,IN,64.0
M257,OFTAKE,S,ST ALBANS OUTLET MAIN,MSCL,3.98,600,CRK,1/1/1974 12:00:00 AM,1974-01-01,IN,52.0
M333,MAINBG,T,GREENVALE-YUROKE-SYDENHAM,MS,4.64,1150,CRK,1/1/1978 12:00:00 AM,1978-01-01,IN,48.0
M468,MAINBG,T,JOHNS HILL INLET MAIN,MS,1328.39,600,UNKN,1/1/1994 12:00:00 AM,1998-06-01,IN,28.0
M478,CROSS,S,CARDINIA - PEARCEDALE DUP,MSCL,2.18,600,CRK,1/1/2001 12:00:00 AM,2001-01-01,IN,25.0
M387,MAINBG,T,SILVAN SEVILLE MAIN,DI,0.71,300,CRK,1/1/1996 12:00:00 AM,1995-01-01,IN,31.0
M346,MAINBG,T,SYDENHAM OUTLET MAIN,MS,0.88,825,UNKN,1/1/1978 12:00:00 AM,1977-01-01,IN,49.0
M283,MAINBG,T,YARRA VALLEY CONDUIT MAIN,MS,2951.82,2100,SNC,1/1/1973 12:00:00 AM,1976-01-01,IN,50.0
M301,MAINAG,T,U/YARRA-O'SHANNASSY SIPHON MAI,MS,47.51,1150,C&GR,1/1/1938 12:00:00 AM,1938-01-01,IN,88.0
M056,MAINBG,T,OLINDA-MITCHAM NO.3,MS,34.94,1150,CLAY,1/1/1981 12:00:00 AM,1936-01-01,IN,90.0
M274,MAINBG,T,STARVATION CRK DIVERSION MAIN,MS,2.08,600,CRK,1/1/1968 12:00:00 AM,1968-01-01,IN,58.0
M440,MAINAG,T,TYABB MORNINGTON MAIN,MS,0.98,1150,CLAY,1/1/1979 12:00:00 AM,1979-01-01,IN,47.0
M273,MAINAG,T,CARDINIA BYPASS,MS,3.58,2100,MS&C,1/1/1971 12:00:00 AM,1971-01-01,IN,55.0
M046,OFTAKE,S,MITCHAM-SURREY HILLS MAIN,MSCL,5.19,225,CLAY,1/1/1912 12:00:00 AM,1963-01-01,IN,63.0
M046,OFTAKE,S,MITCHAM-SURREY HILLS MAIN,MSCL,2.07,225,CLAY,1/1/1912 12:00:00 AM,1959-01-01,IN,67.0
M046,OFTAKE,S,MITCHAM-SURREY HILLS MAIN,MSCL,0.96,225,CLAY,1/1/1912 12:00:00 AM,1912-01-01,IN,114.0
M104,OFTAKE,S,MORANG OUTLET,MSCL,21.62,375,CRK,1/1/1987 12:00:00 AM,1988-01-01,IN,38.0
M054,OFTAKE,S,OLINDA-MITCHAM NO.2,MSCL,6.02,150,CLAY,1/1/1984 12:00:00 AM,1926-01-01,IN,100.0
M333,MAINBG,T,GREENVALE-YUROKE-SYDENHAM,MS,262.7,1150,CRK,1/1/1978 12:00:00 AM,1978-01-01,IN,48.0
M076,MAINBG,T,"HIGH ST RD, MT WAVERLY MAIN",MS,2.29,900,CLAY,1/1/1994 12:00:00 AM,1928-01-01,IN,98.0
M160,MAINBG,T,PRESTON - FOOTSCRAY MAIN,MS,125.45,1150,CLAY,1/1/1958 12:00:00 AM,1958-01-01,IN,68.0
M113,OFTAKE,S,MITCHAM - SURREY HILLS DUP.,MSCL,0.73,225,CLAY,1/1/1984 12:00:00 AM,1939-01-01,IN,87.0
M195,OFTAKE,S,MT WAVERLY OUTLET MAIN,MSCL,1.87,150,SNC,1/1/1962 12:00:00 AM,1987-05-05,IN,39.0
M197,MAINBG,T,SILVAN-PRESTON MAIN,MS,10.15,1700,SAND,1/1/1962 12:00:00 AM,1962-01-01,IN,64.0
M195,MAINBG,T,MT WAVERLY OUTLET MAIN,MS,117.06,900,SNC,1/1/1962 12:00:00 AM,1962-01-01,IN,64.0
M372,MAINBG,T,LUSATIA PARK MAIN,MS,0.69,300,SAND,1/1/1985 12:00:00 AM,1984-09-01,IN,42.0
M478,OFTAKE,S,CARDINIA - PEARCEDALE DUP,MSCL,1.0,450,CRK,1/1/2001 12:00:00 AM,2001-01-01,IN,25.0
M422,MAINBG,T,BITTERN - DROMANA NO 2 MAIN,MS,18.42,750,CLAY,1/1/1964 12:00:00 AM,1964-01-01,IN,62.0
M419,MAINBG,S,LANGWARRIN - BITTERN NO 3 MAIN,MSCL,1.12,150,CLAY,1/1/1971 12:00:00 AM,1972-01-01,IN,54.0
M046,MAINBG,T,MITCHAM-SURREY HILLS MAIN,CI,3.61,900,CLAY,1/1/1912 12:00:00 AM,1912-01-01,IN,114.0
M055,MAINBG,T,NO 1 OLINDA-MITCHAM MAIN,MSLB,382.76,900,CLAY,1/1/1976 12:00:00 AM,1914-01-01,IN,112.0
M056,MAINBG,T,OLINDA-MITCHAM NO.3,MS,21.1,1150,CLAY,1/1/1984 12:00:00 AM,1936-01-01,IN,90.0
M192,MAINBG,T,EPPING-GREENVALE MAIN,MS,3.03,1350,CLAY,1/1/1960 12:00:00 AM,2005-12-08,IN,21.0
M046,MAINBG,T,MITCHAM-SURREY HILLS MAIN,MSR,204.94,900,CLAY,1/1/1912 12:00:00 AM,1912-01-01,IN,114.0
M262,SIPHBG,T,(A011) MCMAHONS CREEK MAIN,MS,369.08,1350,CLAY,1/1/1958 12:00:00 AM,1939-01-01,IN,87.0
M041,MAINBG,T,MERRI CK - NORTHCOTE-PUNT RD,MS,27.39,1150,CLAY,1/1/1928 12:00:00 AM,1928-01-01,IN,98.0
M131,MAINBG,T,MT VIEW-DANDENONG MAIN,MS,23.39,825,CRK,1/1/1958 12:00:00 AM,1958-01-01,IN,68.0
M104,MAINBG,S,MORANG OUTLET,MSCL,0.78,225,CRK,1/1/1989 12:00:00 AM,2005-05-02,IN,21.0
M160,MAINBG,T,PRESTON - FOOTSCRAY MAIN,MS,1.99,900,CLAY,1/1/1958 12:00:00 AM,1958-03-01,IN,68.0
M158,MAINBG,S,SURREY HILLS - ROSANNA,MSCL,1.0,225,CLAY,1/1/1957 12:00:00 AM,2005-06-02,IN,21.0
M113,MAINBG,T,MITCHAM - SURREY HILLS DUP.,MS,2.92,1150,CLAY,1/1/1988 12:00:00 AM,1939-01-01,IN,87.0
M070,MAINBG,S,PRESTON-NTH ESSENDON NO 2 MAIN,MSCL,0.79,150,CLAY,1/1/1977 12:00:00 AM,1999-01-01,IN,27.0
M418,MAINBG,T,BEACONSFIELD - LANGWARRIN MAIN,MS,221.51,1050,CLAY,1/1/1959 12:00:00 AM,1959-01-01,IN,67.0
M054,MAINBG,T,OLINDA-MITCHAM NO.2,MS,6.82,900,SAND,1/1/1992 12:00:00 AM,1992-01-01,IN,34.0
M194,MAINBG,T,EPPING-PRESTON MAIN,MS,78.01,1150,CLAY,1/1/1960 12:00:00 AM,1960-07-04,IN,66.0
M041,BYPASS,S,MERRI CK - NORTHCOTE-PUNT RD,MSCL,1.0,150,CRK,6/10/2004 12:00:00 AM,2004-06-10,IN,22.0
M197,CONN,S,SILVAN-PRESTON MAIN,MSCL,1.46,600,TOPS,1/1/1962 12:00:00 AM,1978-10-04,IN,48.0
M056,MAINAG,T,OLINDA-MITCHAM NO.3,MS,22.34,1150,CLAY,1/1/1984 12:00:00 AM,2013-12-02,IN,13.0
M022,OFTAKE,S,MITCHAM-NOTTING HILL MAIN,DICL,0.92,100,CLAY,1/1/1975 12:00:00 AM,1927-01-01,IN,99.0
M054,OFTAKE,S,OLINDA-MITCHAM NO.2,MSCL,6.05,300,CLAY,1/1/1984 12:00:00 AM,1926-01-01,IN,100.0
M354,BYPASS,S,SILVAN - MT WAVERLY NO 2 MAIN,MSCL,1.05,225,CLAY,1/1/1978 12:00:00 AM,1978-01-01,IN,48.0
M354,BYPASS,S,SILVAN - MT WAVERLY NO 2 MAIN,MSCL,0.86,150,CLAY,1/1/1983 12:00:00 AM,1983-01-01,IN,43.0
M131,MAINBG,T,MT VIEW-DANDENONG MAIN,MS,531.79,825,CRK,1/1/1958 12:00:00 AM,1958-01-01,IN,68.0
M104,MAINBG,T,MORANG OUTLET,MS,0.81,800,CRK,1/1/1989 12:00:00 AM,2005-05-02,IN,21.0
M418,MAINBG,T,BEACONSFIELD - LANGWARRIN MAIN,MS,1.43,1125,CLAY,1/1/1982 12:00:00 AM,2010-10-18,IN,16.0
M462,BRANCH,S,LANGWARRIN-FRANKSTON NO 2 MAIN,DICL,1.2,450,SAND,1/1/1967 12:00:00 AM,1967-01-01,IN,59.0
M041,BYPASS,S,MERRI CK - NORTHCOTE-PUNT RD,MSCL,4.5,150,CRK,1/1/2004 12:00:00 AM,2004-05-10,IN,22.0
M275,BYPASS,S,MCMAHONS CK DIVERSION MAIN,MSCL,0.8,225,CRK,1/1/1968 12:00:00 AM,1969-01-01,IN,57.0
M440,BYPASS,S,TYABB MORNINGTON MAIN,MS,0.73,80,CLAY,1/1/1979 12:00:00 AM,1979-01-01,IN,47.0
M022,MAINBG,T,MITCHAM-NOTTING HILL MAIN,MSLB,29.41,750,CLAY,1/1/1975 12:00:00 AM,1927-01-01,IN,99.0
M056,MAINBG,T,OLINDA-MITCHAM NO.3,MS,48.94,1150,CLAY,1/1/1981 12:00:00 AM,2005-09-06,IN,21.0
P058,MAINBG,S,EPPING PS,MS,3.75,800,CLAY,1/1/1960 12:00:00 AM,1960-01-01,IN,66.0
M190,MAINBG,T,YAN YEAN-EPPING MAIN,MS,86.14,1350,CLAY,1/1/1960 12:00:00 AM,1960-01-01,IN,66.0
M131,MAINBG,T,MT VIEW-DANDENONG MAIN,MS,1.48,600,CRK,1/1/1958 12:00:00 AM,1958-01-01,IN,68.0
M462,BRANCH,S,LANGWARRIN-FRANKSTON NO 2 MAIN,DICL,1.65,450,SAND,1/1/1967 12:00:00 AM,1967-01-01,IN,59.0
M039,MAINBG,T,NORTHCOTE - PUNT RD,MS,47.32,600,SAND,1/1/1967 12:00:00 AM,1971-07-20,IN,55.0
M055,MAINBG,T,NO 1 OLINDA-MITCHAM MAIN,MSLB,528.19,900,CLAY,1/1/1978 12:00:00 AM,1914-01-01,IN,112.0
M193,MAINBG,T,KENNY ST-BROADMEADOWS MAIN,MS,9.65,1150,CLAY,1/1/1965 12:00:00 AM,1962-07-23,IN,64.0
M159,MAINBG,T,MT WAVERLY-NOTTING HILL MAIN,MS,22.36,1150,SAND,1/1/1955 12:00:00 AM,1976-01-01,IN,50.0
M076,MAINBG,T,"HIGH ST RD, MT WAVERLY MAIN",MSLB,49.56,900,CLAY,1/1/1994 12:00:00 AM,1928-01-01,IN,98.0
M193,MAINBG,T,KENNY ST-BROADMEADOWS MAIN,MS,123.43,1150,CLAY,1/1/1965 12:00:00 AM,1965-01-01,IN,61.0
M160,MAINBG,T,PRESTON - FOOTSCRAY MAIN,MS,489.91,1150,CLAY,1/1/1958 12:00:00 AM,1958-03-01,IN,68.0
M131,MAINBG,T,MT VIEW-DANDENONG MAIN,MS,28.55,825,CRK,1/1/1958 12:00:00 AM,1958-01-01,IN,68.0
M132,MAINBG,T,SILVA-MT WAVERLY MAIN,MS,340.6,1350,CLAY,1/1/1954 12:00:00 AM,1957-01-01,IN,69.0
M158,MAINBG,T,SURREY HILLS - ROSANNA,MS,225.36,1150,CLAY,1/1/1957 12:00:00 AM,1957-01-01,IN,69.0
M232,BRANCH,S,HARRIS GULLY MAIN,MSCL,3.1,450,MS,1/1/1965 12:00:00 AM,1965-01-01,IN,61.0
M055,BYPASS,S,NO 1 OLINDA-MITCHAM MAIN,MSCL,5.36,150,CLAY,1/1/1963 12:00:00 AM,1914-01-01,IN,112.0
M197,MAINBG,T,SILVAN-PRESTON MAIN,MS,1.73,1700,TOPS,1/1/1962 12:00:00 AM,1962-01-01,IN,64.0
M289,MAINBG,T,HALLAM NTH. INLET MAIN,MS,8.19,1150,S&C,1/1/1976 12:00:00 AM,1977-01-01,IN,49.0
M281,MAINBG,T,CARDINIA-DAND'G-NOTTING HILL M,MS,4.13,1700,SAND,1/1/1974 12:00:00 AM,1974-01-01,IN,52.0
M257,OFTAKE,S,ST ALBANS OUTLET MAIN,MSCL,1.93,150,CRK,1/1/1966 12:00:00 AM,1966-01-01,IN,60.0
M190,OFTAKE,S,YAN YEAN-EPPING MAIN,MS,6.15,50,CLAY,1/1/1960 12:00:00 AM,2007-12-23,IN,19.0
M474,MAINBG,T,ST GEORGES RD REPLACEMENT MAIN,MS,50.36,900,SAND,1/1/1995 12:00:00 AM,1996-07-25,IN,30.0
M054,MAINBG,T,OLINDA-MITCHAM NO.2,MS,162.57,1150,CLAY,1/1/1984 12:00:00 AM,1926-01-01,IN,100.0
M054,MAINBG,T,OLINDA-MITCHAM NO.2,MSCL,284.0,1150,CLAY,1/1/1984 12:00:00 AM,1926-01-01,IN,100.0
M195,MAINBG,T,MT WAVERLY OUTLET MAIN,MS,185.4,1150,CLAY,1/1/1962 12:00:00 AM,1962-01-01,IN,64.0
M160,MAINBG,S,PRESTON - FOOTSCRAY MAIN,MSCL,2.1,450,CLAY,1/1/1958 12:00:00 AM,2003-01-01,IN,23.0
M103,MAINBG,T,CORANDERRK WEIR TO DICKS BASIN,MS,24.25,1350,CLAY,1/1/1931 12:00:00 AM,1931-01-21,IN,95.0
M113,MAINBG,T,MITCHAM - SURREY HILLS DUP.,MS,1.18,800,CLAY,1/1/1984 12:00:00 AM,1939-01-01,IN,87.0
M046,MAINBG,T,MITCHAM-SURREY HILLS MAIN,MSR,330.04,900,CLAY,1/1/1912 12:00:00 AM,1912-01-01,IN,114.0
M420,OFTAKE,S,TARAGO - WESTERN PORT MAIN,MSCL,2.63,100,SAND,1/1/1979 12:00:00 AM,1975-08-01,IN,51.0
M420,OFTAKE,S,TARAGO - WESTERN PORT MAIN,MSCL,2.54,750,SAND,1/1/1979 12:00:00 AM,1975-08-01,IN,51.0
M419,MAINBG,T,LANGWARRIN - BITTERN NO 3 MAIN,MS,2054.11,900,CLAY,1/1/1971 12:00:00 AM,1972-01-01,IN,54.0
M480,MAINBG,T,POWELL ST CROSS CONNECTION,MS,0.85,900,SAND,7/27/2002 12:00:00 AM,2002-07-24,IN,24.0
M078,BRANCH,S,ROSANNA - PRESTON MAIN,MSCL,2.29,150,CRK,1/1/1976 12:00:00 AM,1988-01-15,IN,38.0
M132,BRANCH,S,SILVA-MT WAVERLY MAIN,MS,4.82,450,CLAY,1/1/1957 12:00:00 AM,1957-01-01,IN,69.0
M232,BYPASS,S,HARRIS GULLY MAIN,MSCL,8.56,150,MS,1/1/1965 12:00:00 AM,1965-01-01,IN,61.0
M046,BYPASS,S,MITCHAM-SURREY HILLS MAIN,MS,0.9,225,CLAY,1/1/1912 12:00:00 AM,1988-01-01,IN,38.0
M375,BYPASS,S,CARDINIA - HALLAM NO 2 MAIN,MSCL,0.9,225,UNKN,1/1/1988 12:00:00 AM,1988-01-01,IN,38.0
M375,BYPASS,S,CARDINIA - HALLAM NO 2 MAIN,MSCL,1.25,225,SAND,1/1/1974 12:00:00 AM,1988-01-01,IN,38.0
M473,MAINBG,T,SILVAN RESERVOIR BY-PASS MAIN,MS,496.28,2100,SAND,1/1/1962 12:00:00 AM,1962-01-01,IN,64.0
M046,BYPASS,S,MITCHAM-SURREY HILLS MAIN,CICL,6.43,225,CLAY,1/1/1912 12:00:00 AM,1912-01-01,IN,114.0
M280,BYPASS,S,GREENVALE RESERVOIR OUTLET,MSCL,1.01,225,CLAY,1/1/1971 12:00:00 AM,1990-01-01,IN,36.0
M197,BYPASS,S,SILVAN-PRESTON MAIN,MSCL,5.01,825,TOPS,1/1/1962 12:00:00 AM,1962-01-01,IN,64.0
M193,CONN,S,KENNY ST-BROADMEADOWS MAIN,CICL,2.29,150,CLAY,1/1/1965 12:00:00 AM,1965-01-01,IN,61.0
M475,MAINBG,T,PAKENHAM RES NO.2 INLET MAIN,MS,2.83,600,CRK,11/25/1997 12:00:00 AM,1997-11-25,IN,29.0
M182,BRANCH,S,BROOKLYN-GALVIN-LAVERTON MAIN,MSCL,1.16,375,CLAY,1/1/1966 12:00:00 AM,1974-01-01,IN,52.0
M041,MAINBG,T,MERRI CK - NORTHCOTE-PUNT RD,MS,305.77,1150,CRK,1/1/2004 12:00:00 AM,2004-05-10,IN,22.0
M160,BYPASS,S,PRESTON - FOOTSCRAY MAIN,MSCL,25.11,225,CLAY,1/1/1958 12:00:00 AM,1958-03-01,IN,68.0
M474,BYPASS,S,ST GEORGES RD REPLACEMENT MAIN,MSCL,3.34,225,UNKN,8/1/2002 12:00:00 AM,2002-09-18,IN,24.0
M440,CONN,S,TYABB MORNINGTON MAIN,MS,1.76,600,CLAY,1/1/1979 12:00:00 AM,1979-01-01,IN,47.0
M161,MAINBG,T,YARRA-SILVAN CONDUIT NO 1,MS,1658.51,1700,SNC,1/1/1946 12:00:00 AM,1946-01-01,IN,80.0
M158,MAINBG,T,SURREY HILLS - ROSANNA,MS,23.61,1150,CLAY,1/1/1957 12:00:00 AM,1980-01-01,IN,46.0
M372,MAINBG,T,LUSATIA PARK MAIN,MS,317.32,375,SAND,1/1/1986 12:00:00 AM,1984-09-01,IN,42.0
M113,MAINBG,T,MITCHAM - SURREY HILLS DUP.,MS,0.99,800,CLAY,1/1/1984 12:00:00 AM,1939-01-01,IN,87.0
M455,MAINBG,T,PAKENHAM INLET MAIN,DI,941.57,450,SAND,1/1/1985 12:00:00 AM,1985-01-01,IN,41.0
M041,CROSS,S,MERRI CK - NORTHCOTE-PUNT RD,MSCL,2.84,150,CLAY,1/1/1928 12:00:00 AM,1974-10-19,IN,52.0
M190,CROSS,S,YAN YEAN-EPPING MAIN,MSCL,22.98,450,CLAY,1/1/1960 12:00:00 AM,1994-02-01,IN,32.0
M055,MAINBG,T,NO 1 OLINDA-MITCHAM MAIN,MSLB,7.33,900,CLAY,1/1/1914 12:00:00 AM,1912-01-01,IN,114.0
M076,MAINBG,T,"HIGH ST RD, MT WAVERLY MAIN",MSLB,18.34,750,CLAY,1/1/1979 12:00:00 AM,1928-01-01,IN,98.0
M192,MAINBG,T,EPPING-GREENVALE MAIN,MS,1.37,800,CLAY,1/1/1960 12:00:00 AM,1960-01-01,IN,66.0
M160,MAINBG,T,PRESTON - FOOTSCRAY MAIN,MS,613.44,1150,CLAY,1/1/1958 12:00:00 AM,1958-03-01,IN,68.0
M193,MAINBG,T,KENNY ST-BROADMEADOWS MAIN,MS,1.298,900,CLAY,1/1/1965 12:00:00 AM,2013-04-15,IN,13.0
M197,BYPASS,S,SILVAN-PRESTON MAIN,MSCL,1.12,825,TOPS,1/1/1962 12:00:00 AM,1980-01-01,IN,46.0
M103,BYPASS,S,CORANDERRK WEIR TO DICKS BASIN,CI,1.59,225,CLAY,1/1/1931 12:00:00 AM,1931-01-01,IN,95.0
M193,CONN,S,KENNY ST-BROADMEADOWS MAIN,CICL,2.66,225,CLAY,1/1/1965 12:00:00 AM,1971-01-01,IN,55.0
M198,CROSS,S,SOMERTON HIGH LEVEL MAIN,MSCL,4.63,225,CRK,1/1/1968 12:00:00 AM,1968-01-01,IN,58.0
M475,MAINBG,T,PAKENHAM RES NO.2 INLET MAIN,MS,22.51,600,CRK,11/25/1997 12:00:00 AM,1997-11-25,IN,29.0
M197,MAINBG,T,SILVAN-PRESTON MAIN,MS,1.4,1350,SAND,1/1/1962 12:00:00 AM,1962-01-01,IN,64.0
M197,BYPASS,S,SILVAN-PRESTON MAIN,MSCL,7.53,150,MS&C,1/1/1962 12:00:00 AM,1962-01-01,IN,64.0
M041,MAINBG,T,MERRI CK - NORTHCOTE-PUNT RD,MS,50.58,1150,CLAY,1/1/1928 12:00:00 AM,2009-07-02,IN,17.0
M291,BYPASS,S,SILVAN - OLINDA MAIN,MSCL,0.95,300,CLAY,1/1/1971 12:00:00 AM,1971-01-01,IN,55.0
M158,MAINBG,S,SURREY HILLS - ROSANNA,MSCL,7.88,225,CLAY,1/1/1957 12:00:00 AM,1959-01-01,IN,67.0
M041,CONN,S,MERRI CK - NORTHCOTE-PUNT RD,MSCL,3.62,225,CLAY,1/1/1928 12:00:00 AM,1928-01-01,IN,98.0
M268,CONN,S,MT VIEW OUTLET MAIN,CICL,2.67,150,S&C,1/1/1965 12:00:00 AM,1960-04-09,IN,66.0
M113,BRANCH,S,MITCHAM - SURREY HILLS DUP.,MSCL,3.62,150,CLAY,1/1/1984 12:00:00 AM,1939-01-01,IN,87.0
M354,BYPASS,S,SILVAN - MT WAVERLY NO 2 MAIN,MS,1.51,150,CLAY,1/1/1983 12:00:00 AM,1983-01-01,IN,43.0
M281,BYPASS,S,CARDINIA-DAND'G-NOTTING HILL M,MSCL,2.61,225,SAND,1/1/1974 12:00:00 AM,1974-01-01,IN,52.0
M182,BYPASS,S,BROOKLYN-GALVIN-LAVERTON MAIN,MSCL,2.52,150,CLAY,1/1/1961 12:00:00 AM,1961-01-01,IN,65.0
M351,BYPASS,S,WERRIBEE RES INLET MAIN,MSCL,1.28,225,CRK,1/1/1985 12:00:00 AM,1985-01-01,IN,41.0
M440,BYPASS,S,TYABB MORNINGTON MAIN,MS,0.7,80,CLAY,1/1/1979 12:00:00 AM,1979-01-01,IN,47.0
M197,BYPASS,S,SILVAN-PRESTON MAIN,MSCL,2.01,225,CLAY,1/1/1962 12:00:00 AM,1962-01-01,IN,64.0
M113,BYPASS,S,MITCHAM - SURREY HILLS DUP.,CICL,13.59,300,CLAY,1/1/1984 12:00:00 AM,1939-01-01,IN,87.0
M195,MAINBG,T,MT WAVERLY OUTLET MAIN,MS,1213.79,1150,S&C,1/1/1962 12:00:00 AM,1962-01-01,IN,64.0
M281,MAINBG,T,CARDINIA-DAND'G-NOTTING HILL M,MS,4.72,1700,CLAY,1/1/1974 12:00:00 AM,1974-01-01,IN,52.0
M198,OFTAKE,S,SOMERTON HIGH LEVEL MAIN,MSCL,0.92,375,CRK,1/1/1962 12:00:00 AM,1962-01-01,IN,64.0
M346,MAINBG,T,SYDENHAM OUTLET MAIN,MS,1946.84,1150,CRK,1/1/1977 12:00:00 AM,1977-01-01,IN,49.0
M132,BYPASS,S,SILVA-MT WAVERLY MAIN,MSCL,2.26,150,CLAY,1/1/1968 12:00:00 AM,1957-01-01,IN,69.0
M474,BYPASS,S,ST GEORGES RD REPLACEMENT MAIN,MSCL,0.9,225,SAND,1/1/1995 12:00:00 AM,1996-08-01,IN,30.0
M192,BYPASS,S,EPPING-GREENVALE MAIN,MSEL,1.6,225,CRK,1/1/1989 12:00:00 AM,1990-01-01,IN,36.0
M054,MAINBG,T,OLINDA-MITCHAM NO.2,MS,614.05,1150,CLAY,1/1/1984 12:00:00 AM,1926-01-01,IN,100.0
M055,MAINBG,T,NO 1 OLINDA-MITCHAM MAIN,MSLB,71.57,900,CLAY,1/1/1976 12:00:00 AM,1914-01-01,IN,112.0
M160,MAINBG,T,PRESTON - FOOTSCRAY MAIN,MS,33.6,1150,CLAY,1/1/1958 12:00:00 AM,1958-03-01,IN,68.0
M158,MAINBG,T,SURREY HILLS - ROSANNA,MS,261.32,1150,CLAY,1/1/1957 12:00:00 AM,1957-01-01,IN,69.0
M113,MAINBG,T,MITCHAM - SURREY HILLS DUP.,MS,1104.27,1150,CLAY,1/1/1984 12:00:00 AM,1939-01-01,IN,87.0
M021,MAINBG,T,BLACKBURN RD - NOTTING HILL,MS,6.51,600,SS&C,1/1/1983 12:00:00 AM,1984-01-01,IN,42.0
M182,BRANCH,S,BROOKLYN-GALVIN-LAVERTON MAIN,MSCL,1.85,375,CLAY,1/1/1966 12:00:00 AM,1974-01-01,IN,52.0
M195,BRANCH,S,MT WAVERLY OUTLET MAIN,MSCL,4.15,1150,SNC,1/1/1962 12:00:00 AM,1978-01-01,IN,48.0
M055,BYPASS,S,NO 1 OLINDA-MITCHAM MAIN,MSCL,1.51,150,CLAY,1/1/1914 12:00:00 AM,1914-01-01,IN,112.0
SL08,MAINBG,T,CARDINIA BYPASS SURGE VESSEL,MS,0.4,700,UNKN,1/1/1971 12:00:00 AM,2011-08-26,IN,15.0
M076,CONN,S,"HIGH ST RD, MT WAVERLY MAIN",MSCL,1.4,225,CLAY,1/1/1992 12:00:00 AM,1977-01-01,IN,49.0
M422,CONN,S,BITTERN - DROMANA NO 2 MAIN,MSCL,2.81,525,CLAY,1/1/1964 12:00:00 AM,1964-01-01,IN,62.0
M232,MAINBG,T,HARRIS GULLY MAIN,MS,5.47,1150,CLAY,1/1/1965 12:00:00 AM,1965-01-01,IN,61.0
M375,CROSS,S,CARDINIA - HALLAM NO 2 MAIN,MSCL,1.14,1700,SAND,1/1/1974 12:00:00 AM,1988-01-01,IN,38.0
M159,CROSS,S,MT WAVERLY-NOTTING HILL MAIN,MSCL,1.03,450,SAND,1/1/1955 12:00:00 AM,1955-01-01,IN,71.0
M160,CROSS,S,PRESTON - FOOTSCRAY MAIN,MSCL,1.99,150,CLAY,1/1/1958 12:00:00 AM,1958-03-01,IN,68.0
M283,MAINBG,T,YARRA VALLEY CONDUIT MAIN,MS,1.55,2100,CLAY,1/1/1973 12:00:00 AM,1976-01-01,IN,50.0
M132,MAINBG,T,SILVA-MT WAVERLY MAIN,MS,3.94,1700,CLAY,1/1/1957 12:00:00 AM,1957-01-01,IN,69.0
M197,CROSS,S,SILVAN-PRESTON MAIN,MSCL,1.18,300,CLAY,1/1/1962 12:00:00 AM,1975-01-01,IN,51.0
M281,CROSS,S,CARDINIA-DAND'G-NOTTING HILL M,MSCL,2.0,825,CLAY,1/1/1958 12:00:00 AM,1982-08-01,IN,44.0
M350,CROSS,S,WESTERN TRANSFER MAIN,MSCL,2.02,1350,CLAY,1/1/1983 12:00:00 AM,1984-01-01,IN,42.0
M281,CROSS,S,CARDINIA-DAND'G-NOTTING HILL M,MSCL,0.9,225,CLAY,1/1/1958 12:00:00 AM,1982-08-01,IN,44.0
M281,CROSS,S,CARDINIA-DAND'G-NOTTING HILL M,MSCL,1.87,600,SAND,1/1/1974 12:00:00 AM,1996-01-01,IN,30.0
M057,MAINBG,T,MORANG-PRESTON NO 1&3 MAIN,MS,2.1,1200,CRK,10/30/2006 12:00:00 AM,2006-10-30,IN,20.0
M281,MAINBG,S,CARDINIA-DAND'G-NOTTING HILL M,MS,20.11,1700,SAND,1/1/1974 12:00:00 AM,1974-01-01,IN,52.0
M462,MAINBG,T,LANGWARRIN-FRANKSTON NO 2 MAIN,MS,8.18,900,SAND,1/1/1967 12:00:00 AM,1967-01-01,IN,59.0
M046,MAINBG,T,MITCHAM-SURREY HILLS MAIN,MSR,65.01,900,CLAY,1/1/1912 12:00:00 AM,1912-01-01,IN,114.0
M193,MAINBG,T,KENNY ST-BROADMEADOWS MAIN,MS,281.07,900,CLAY,1/1/1965 12:00:00 AM,1965-01-01,IN,61.0
M378,BYPASS,S,CARDINIA - BERWICK MAIN,MSCL,3.15,225,SAND,1/1/1981 12:00:00 AM,1981-01-01,IN,45.0
M160,MAINBG,T,PRESTON - FOOTSCRAY MAIN,MS,2152.66,1350,CLAY,1/1/1958 12:00:00 AM,1958-02-01,IN,68.0
M478,BYPASS,S,CARDINIA - PEARCEDALE DUP,MSCL,4.58,225,CRK,1/1/2001 12:00:00 AM,2001-01-01,IN,25.0
M474,BYPASS,S,ST GEORGES RD REPLACEMENT MAIN,MSCL,0.45,100,SAND,1/1/1995 12:00:00 AM,1996-07-25,IN,30.0
M009,MAINBG,S,PRESTON-NORTH ESSENDON MAIN,MSCL,0.88,450,CLAY,1/1/1970 12:00:00 AM,1999-01-01,IN,27.0
M158,BYPASS,S,SURREY HILLS - ROSANNA,MSCL,1.88,225,CLAY,1/1/1957 12:00:00 AM,1957-01-01,IN,69.0
M193,OFTAKE,S,KENNY ST-BROADMEADOWS MAIN,MSCL,3.6,225,CLAY,1/1/1965 12:00:00 AM,1962-07-23,IN,64.0
M283,MAINBG,T,YARRA VALLEY CONDUIT MAIN,MS,275.3,2100,SNC,1/1/1973 12:00:00 AM,1976-01-01,IN,50.0
M195,MAINBG,T,MT WAVERLY OUTLET MAIN,MS,2.04,1150,CLAY,1/1/1962 12:00:00 AM,1962-01-01,IN,64.0
M478,MAINBG,T,CARDINIA - PEARCEDALE DUP,MS,134.62,1350,CRK,1/1/2001 12:00:00 AM,2001-01-01,IN,25.0
M291,MAINBG,S,SILVAN - OLINDA MAIN,MS,4.48,2100,CRK,1/1/1971 12:00:00 AM,1971-01-01,IN,55.0
M348,BYPASS,S,MORANG BCH OF WINNEKE-PRESTON,MS,0.81,225,CRK,1/1/1980 12:00:00 AM,1980-01-01,IN,46.0
M478,BYPASS,S,CARDINIA - PEARCEDALE DUP,MSCL,0.67,150,CRK,1/1/2001 12:00:00 AM,2001-01-01,IN,25.0
M348,BYPASS,S,MORANG BCH OF WINNEKE-PRESTON,MS,0.8,225,CRK,1/1/1980 12:00:00 AM,1980-01-01,IN,46.0
M191,MAINBG,T,MORANG BRCH YAN YEAN-EPPING M,MS,266.46,1350,CLAY,1/1/1960 12:00:00 AM,1959-12-14,IN,67.0
M113,CROSS,S,MITCHAM - SURREY HILLS DUP.,MS,1.48,600,CLAY,1/1/1912 12:00:00 AM,1958-01-01,IN,68.0
M350,CROSS,S,WESTERN TRANSFER MAIN,MSCL,1.77,150,CLAY,1/1/1984 12:00:00 AM,1984-01-01,IN,42.0
M350,CROSS,S,WESTERN TRANSFER MAIN,MSCL,1.64,300,CLAY,1/1/1983 12:00:00 AM,1984-01-01,IN,42.0
M041,MAINBG,T,MERRI CK - NORTHCOTE-PUNT RD,MS,500.67,1150,CLAY,1/1/1928 12:00:00 AM,1928-01-01,IN,98.0
M197,MAINBG,T,SILVAN-PRESTON MAIN,MS,782.43,1350,SAND,1/1/1962 12:00:00 AM,1962-01-01,IN,64.0
M055,MAINBG,T,NO 1 OLINDA-MITCHAM MAIN,MS,2.25,450,CLAY,1/1/1927 12:00:00 AM,1927-01-01,IN,99.0
M197,CONN,S,SILVAN-PRESTON MAIN,CICL,1.27,150,TOPS,1/1/1962 12:00:00 AM,1962-01-01,IN,64.0
M197,MAINBG,T,SILVAN-PRESTON MAIN,MS,77.15,1350,SAND,1/1/1962 12:00:00 AM,1962-01-01,IN,64.0
M478,CROSS,S,CARDINIA - PEARCEDALE DUP,MSCL,1.15,900,CRK,1/1/2001 12:00:00 AM,2001-01-01,IN,25.0
M194,CROSS,S,EPPING-PRESTON MAIN,CICL,3.21,100,CLAY,1/1/1960 12:00:00 AM,1958-07-01,IN,68.0
M160,CROSS,S,PRESTON - FOOTSCRAY MAIN,MSCL,1.26,225,CLAY,1/1/1958 12:00:00 AM,1998-06-01,IN,28.0
M348,MAINBG,S,MORANG BCH OF WINNEKE-PRESTON,MS,0.63,600,CRK,1/1/1980 12:00:00 AM,1980-01-01,IN,46.0
M022,CROSS,S,MITCHAM-NOTTING HILL MAIN,MSCL,1.79,600,CLAY,1/1/1968 12:00:00 AM,1984-01-01,IN,42.0
M418,MAINBG,T,BEACONSFIELD - LANGWARRIN MAIN,MS,135.33,1050,CLAY,1/1/1959 12:00:00 AM,1959-01-01,IN,67.0
M378,MAINBG,T,CARDINIA - BERWICK MAIN,MS,9.7,1350,SAND,1/1/1989 12:00:00 AM,1989-01-01,IN,37.0
M468,BYPASS,S,JOHNS HILL INLET MAIN,MSCL,2.94,250,UNKN,1/1/1994 12:00:00 AM,1998-06-01,IN,28.0
M291,BYPASS,S,SILVAN - OLINDA MAIN,MSCL,17.2,375,CLAY,1/1/1971 12:00:00 AM,1971-01-01,IN,55.0
M257,BYPASS,S,ST ALBANS OUTLET MAIN,MSCL,1.1,225,CRK,1/1/1974 12:00:00 AM,1986-01-01,IN,40.0
R020,MAINAG,T,PRESTON NO1 RESERVOIR,MS,1.77,2100,SAND,1/1/1979 12:00:00 AM,1979-01-01,IN,47.0
M132,MAINBG,T,SILVA-MT WAVERLY MAIN,MS,2144.72,1700,CLAY,1/1/1957 12:00:00 AM,1957-01-01,IN,69.0
M131,CONN,S,MT VIEW-DANDENONG MAIN,MSCL,1.33,375,CRK,1/1/1958 12:00:00 AM,1978-01-01,IN,48.0
M161,CONN,S,YARRA-SILVAN CONDUIT NO 1,MSCL,4.21,225,CLAY,1/1/1946 12:00:00 AM,1985-03-15,IN,41.0
M182,BYPASS,S,BROOKLYN-GALVIN-LAVERTON MAIN,MSCL,1.75,150,CLAY,1/1/1961 12:00:00 AM,1961-01-01,IN,65.0
M132,CROSS,S,SILVA-MT WAVERLY MAIN,MSCL,2.79,150,CLAY,1/1/1957 12:00:00 AM,1977-01-18,IN,49.0
M275,CROSS,S,MCMAHONS CK DIVERSION MAIN,MSCL,1.64,600,CLAY,1/1/1968 12:00:00 AM,1969-01-01,IN,57.0
M475,MAINBG,T,PAKENHAM RES NO.2 INLET MAIN,MS,638.03,600,CRK,11/25/1997 12:00:00 AM,1997-11-25,IN,29.0
M354,MAINBG,T,SILVAN - MT WAVERLY NO 2 MAIN,MS,0.7,1700,UNKN,1/1/1983 12:00:00 AM,1983-01-01,IN,43.0
M375,CROSS,S,CARDINIA - HALLAM NO 2 MAIN,MSCL,0.63,300,UNKN,1/1/1988 12:00:00 AM,1988-01-01,IN,38.0
M350,CROSS,S,WESTERN TRANSFER MAIN,MSCL,2.37,300,CLAY,1/1/1983 12:00:00 AM,1984-01-01,IN,42.0
M351,CROSS,S,WERRIBEE RES INLET MAIN,MSCL,0.54,450,CRK,1/1/1985 12:00:00 AM,1998-01-01,IN,28.0
M041,MAINBG,T,MERRI CK - NORTHCOTE-PUNT RD,MS,7.06,1150,CRK,6/10/2004 12:00:00 AM,2004-06-10,IN,22.0
M193,MAINBG,T,KENNY ST-BROADMEADOWS MAIN,MS,49.12,1150,CRK,1/1/1965 12:00:00 AM,1965-01-01,IN,61.0
M197,CROSS,S,SILVAN-PRESTON MAIN,MS,1.85,225,CLAY,1/1/1957 12:00:00 AM,1957-01-01,IN,69.0
M387,MAINBG,T,SILVAN SEVILLE MAIN,MS,2.37,450,CRK,1/1/1996 12:00:00 AM,1995-01-01,IN,31.0
M054,MAINBG,T,OLINDA-MITCHAM NO.2,MS,1.64,1150,CLAY,1/1/1984 12:00:00 AM,1926-01-01,IN,100.0
M054,MAINBG,T,OLINDA-MITCHAM NO.2,MS,35.45,1150,CLAY,1/1/1984 12:00:00 AM,1926-01-01,IN,100.0
M195,MAINBG,T,MT WAVERLY OUTLET MAIN,MS,125.05,1150,SNC,1/1/1962 12:00:00 AM,1962-01-01,IN,64.0
M160,MAINBG,T,PRESTON - FOOTSCRAY MAIN,MS,654.58,1350,CLAY,1/1/1958 12:00:00 AM,1958-03-01,IN,68.0
M113,MAINBG,T,MITCHAM - SURREY HILLS DUP.,MS,4.71,1150,CLAY,1/1/1984 12:00:00 AM,1939-01-01,IN,87.0
M022,MAINBG,T,MITCHAM-NOTTING HILL MAIN,MS,18.74,1150,CLAY,1/1/1968 12:00:00 AM,1927-01-01,IN,99.0
M132,BYPASS,S,SILVA-MT WAVERLY MAIN,MSCL,1.11,225,CLAY,1/1/1957 12:00:00 AM,1981-01-01,IN,45.0
M197,CONN,S,SILVAN-PRESTON MAIN,MSCL,3.33,375,TOPS,1/1/1962 12:00:00 AM,1964-01-01,IN,62.0
M281,CROSS,S,CARDINIA-DAND'G-NOTTING HILL M,MSCL,1.46,150,SAND,1/1/1974 12:00:00 AM,1988-01-01,IN,38.0
M257,CROSS,S,ST ALBANS OUTLET MAIN,MSCL,0.84,450,CRK,1/1/1970 12:00:00 AM,2001-12-17,IN,25.0
M197,CROSS,S,SILVAN-PRESTON MAIN,MSCL,9.62,450,CLAY,1/1/1962 12:00:00 AM,1985-01-01,IN,41.0
M291,MAINBG,T,SILVAN - OLINDA MAIN,MS,5.18,2100,CRK,1/1/1971 12:00:00 AM,1971-01-01,IN,55.0
M474,BYPASS,S,ST GEORGES RD REPLACEMENT MAIN,MSCL,2.02,150,SAND,1/1/1995 12:00:00 AM,1996-07-25,IN,30.0
M478,MAINBG,T,CARDINIA - PEARCEDALE DUP,MS,33.68,1350,CRK,1/1/2001 12:00:00 AM,2001-01-01,IN,25.0
M427,MAINBG,T,LANGWARRIN-FRANKSTON NO 1 MAIN,MS,5.48,900,CLAY,1/1/1953 12:00:00 AM,1953-01-01,IN,73.0
M002,MAINBG,T,SURREY HILLS RES,MS,260.87,1150,CLAY,1/1/1985 12:00:00 AM,1939-01-01,IN,87.0
M281,MAINBG,T,CARDINIA-DAND'G-NOTTING HILL M,MS,1391.42,1700,SAND,1/1/1974 12:00:00 AM,1974-01-01,IN,52.0
M104,MAINAG,T,MORANG OUTLET,MS,29.78,900,CLAY,1/1/1977 12:00:00 AM,1977-01-01,IN,49.0
M293,MAINBG,T,MONBULK NO2 DELIVERY MAIN,MS,204.5,300,CLAY,1/1/1973 12:00:00 AM,1973-01-01,IN,53.0
M160,MAINBG,T,PRESTON - FOOTSCRAY MAIN,MS,178.62,1350,CLAY,1/1/1958 12:00:00 AM,1958-01-01,IN,68.0
M191,MAINBG,T,MORANG BRCH YAN YEAN-EPPING M,MS,2.0,850,CLAY,1/1/1960 12:00:00 AM,1960-01-01,IN,66.0
M129,MAINBG,T,NOTTING HILL- SANDRINGHAM MAIN,MS,122.57,1350,CLAY,1/1/1958 12:00:00 AM,1958-01-01,IN,68.0
M054,OFTAKE,S,OLINDA-MITCHAM NO.2,MSCL,2.28,300,CLAY,1/1/1984 12:00:00 AM,1926-01-01,IN,100.0
M054,MAINBG,T,OLINDA-MITCHAM NO.2,MS,282.0,1150,CLAY,1/1/1984 12:00:00 AM,1926-01-01,IN,100.0
M182,BRANCH,S,BROOKLYN-GALVIN-LAVERTON MAIN,MSCL,1.84,300,CLAY,1/1/1961 12:00:00 AM,1961-01-01,IN,65.0
M197,CONN,S,SILVAN-PRESTON MAIN,MSCL,0.98,375,TOPS,1/1/1962 12:00:00 AM,1962-01-01,IN,64.0
M258,MAINBG,T,MAROONDAH AQUADUCT REPLACEMENT,MS,7.99,2100,SAND,1/1/1975 12:00:00 AM,1975-01-01,IN,51.0
M160,MAINBG,T,PRESTON - FOOTSCRAY MAIN,MS,2.31,600,CLAY,1/1/1958 12:00:00 AM,1958-01-01,IN,68.0
M041,OFTAKE,S,MERRI CK - NORTHCOTE-PUNT RD,MSCL,0.64,100,CRK,6/10/2004 12:00:00 AM,2004-05-10,IN,22.0
M182,OFTAKE,S,BROOKLYN-GALVIN-LAVERTON MAIN,MSCL,2.67,100,CLAY,1/1/1961 12:00:00 AM,1961-01-01,IN,65.0
M078,OFTAKE,S,ROSANNA - PRESTON MAIN,MSCL,0.74,225,CLAY,1/1/1940 12:00:00 AM,1965-11-12,IN,61.0
M333,BYPASS,S,GREENVALE-YUROKE-SYDENHAM,MSCL,1.0,225,CRK,1/1/1978 12:00:00 AM,1984-01-01,IN,42.0
M291,BYPASS,S,SILVAN - OLINDA MAIN,MSCL,0.86,300,CLAY,1/1/1971 12:00:00 AM,1971-01-01,IN,55.0
M054,MAINBG,T,OLINDA-MITCHAM NO.2,MS,2.36,1700,CLAY,1/1/1992 12:00:00 AM,1926-01-01,IN,100.0
M194,MAINBG,T,EPPING-PRESTON MAIN,MS,1.7,1150,CLAY,1/1/1960 12:00:00 AM,2010-01-21,IN,16.0
M131,CONN,S,MT VIEW-DANDENONG MAIN,MSCL,1.44,600,CRK,1/1/1958 12:00:00 AM,1988-01-01,IN,38.0
M132,MAINBG,T,SILVA-MT WAVERLY MAIN,MS,82.37,1700,CLAY,1/1/1957 12:00:00 AM,1957-01-01,IN,69.0
M333,MAINBG,T,GREENVALE-YUROKE-SYDENHAM,MS,481.36,1700,CRK,1/1/1978 12:00:00 AM,1978-01-01,IN,48.0
M419,MAINBG,T,LANGWARRIN - BITTERN NO 3 MAIN,MS,2.43,900,CLAY,1/1/1971 12:00:00 AM,1971-01-01,IN,55.0
M002,OFTAKE,S,SURREY HILLS RES,MSCL,0.81,300,CLAY,1/1/1939 12:00:00 AM,1990-01-01,IN,36.0
M158,OFTAKE,S,SURREY HILLS - ROSANNA,MSCL,2.68,225,CLAY,1/1/1957 12:00:00 AM,1957-01-01,IN,69.0
M054,OFTAKE,S,OLINDA-MITCHAM NO.2,MSCL,0.67,225,CLAY,1/1/1984 12:00:00 AM,1926-01-01,IN,100.0
M257,MAINBG,T,ST ALBANS OUTLET MAIN,MS,786.1,1150,CRK,1/1/1966 12:00:00 AM,1966-01-01,IN,60.0
M268,MAINBG,T,MT VIEW OUTLET MAIN,MS,2.09,900,S&C,1/1/1965 12:00:00 AM,1968-01-01,IN,58.0
M054,MAINBG,T,OLINDA-MITCHAM NO.2,MS,0.79,1700,CLAY,1/1/1992 12:00:00 AM,1992-01-01,IN,34.0
M195,MAINBG,T,MT WAVERLY OUTLET MAIN,MS,2.29,600,CLAY,1/1/1962 12:00:00 AM,1962-01-01,IN,64.0
M347,MAINBG,S,SUGARLOAF RES WASTE DISPL MAIN,MS,7.63,300,CRK,1/1/1980 12:00:00 AM,1980-01-01,IN,46.0
M158,MAINBG,T,SURREY HILLS - ROSANNA,MS,219.83,1150,CLAY,1/1/1957 12:00:00 AM,1957-01-01,IN,69.0
M104,MAINBG,T,MORANG OUTLET,MS,128.46,900,CRK,1/1/1987 12:00:00 AM,1987-01-01,IN,39.0
M193,OFTAKE,S,KENNY ST-BROADMEADOWS MAIN,MSEL,1.72,300,CLAY,1/1/1965 12:00:00 AM,1965-01-01,IN,61.0
M258,BYPASS,S,MAROONDAH AQUADUCT REPLACEMENT,MS,0.52,225,SAND,1/1/1979 12:00:00 AM,1979-01-01,IN,47.0
M319,MAINBG,T,QUARRY HILL RISING MAIN,MS,48.08,1150,C&BS,1/1/1977 12:00:00 AM,1978-01-01,IN,48.0
M197,MAINBG,T,SILVAN-PRESTON MAIN,MS,793.06,1700,SAND,1/1/1962 12:00:00 AM,1962-01-01,IN,64.0
M333,MAINBG,T,GREENVALE-YUROKE-SYDENHAM,MS,28.95,1150,CRK,1/1/1978 12:00:00 AM,1978-01-01,IN,48.0
M113,MAINBG,T,MITCHAM - SURREY HILLS DUP.,MS,49.19,1150,CLAY,1/1/1984 12:00:00 AM,1939-01-01,IN,87.0
M419,MAINBG,T,LANGWARRIN - BITTERN NO 3 MAIN,MS,572.3,900,CLAY,1/1/1971 12:00:00 AM,1971-01-01,IN,55.0
M197,MAINBG,T,SILVAN-PRESTON MAIN,MS,5.38,825,SAND,1/1/1962 12:00:00 AM,1962-01-01,IN,64.0
M328,MAINBG,T,(NOT OP) ST ALBANS OUTLET MAIN,MS,28.0,1150,CRK,1/1/1974 12:00:00 AM,1974-01-01,IN,52.0
M192,MAINBG,T,EPPING-GREENVALE MAIN,MS,246.61,813,SAND,1/1/1971 12:00:00 AM,1971-01-01,IN,55.0
M104,MAINBG,T,MORANG OUTLET,MS,4.92,900,CLAY,1/1/1960 12:00:00 AM,1892-01-01,IN,134.0
M440,MAINAG,T,TYABB MORNINGTON MAIN,MS,17.71,750,CLAY,1/1/1979 12:00:00 AM,1979-01-01,IN,47.0
M021,OFTAKE,S,BLACKBURN RD - NOTTING HILL,MSCL,0.86,100,SS&C,1/1/1983 12:00:00 AM,1974-01-01,IN,52.0
M054,OFTAKE,S,OLINDA-MITCHAM NO.2,MSCL,1.99,150,CLAY,1/1/1984 12:00:00 AM,1926-01-01,IN,100.0
M132,BYPASS,S,SILVA-MT WAVERLY MAIN,MSCL,2.91,225,CLAY,1/1/1957 12:00:00 AM,1985-01-01,IN,41.0
M474,BYPASS,S,ST GEORGES RD REPLACEMENT MAIN,MSCL,0.6,225,SAND,1/1/1995 12:00:00 AM,1996-08-01,IN,30.0
M132,BYPASS,S,SILVA-MT WAVERLY MAIN,MSCL,8.58,900,CLAY,1/1/1957 12:00:00 AM,1957-01-01,IN,69.0
M474,MAINBG,T,ST GEORGES RD REPLACEMENT MAIN,MS,2.21,1150,SAND,1/1/1995 12:00:00 AM,1995-01-01,IN,31.0
M039,MAINBG,T,NORTHCOTE - PUNT RD,MS,1.6,600,SAND,1/1/1967 12:00:00 AM,1967-01-01,IN,59.0
M350,MAINBG,T,WESTERN TRANSFER MAIN,MS,305.52,1350,CLAY,1/1/1984 12:00:00 AM,1984-01-01,IN,42.0
M197,MAINBG,T,SILVAN-PRESTON MAIN,MS,1.68,1350,SAND,1/1/1962 12:00:00 AM,1962-01-01,IN,64.0
M258,MAINBG,T,MAROONDAH AQUADUCT REPLACEMENT,MS,54.01,2100,SAND,1/1/1979 12:00:00 AM,1979-01-01,IN,47.0
M159,MAINBG,T,MT WAVERLY-NOTTING HILL MAIN,MS,136.86,1150,SAND,1/1/1955 12:00:00 AM,1955-01-01,IN,71.0
M103,MAINBG,T,CORANDERRK WEIR TO DICKS BASIN,MS,1350.1,1150,CLAY,1/1/1931 12:00:00 AM,1931-01-01,IN,95.0
M041,MAINBG,T,MERRI CK - NORTHCOTE-PUNT RD,MS,6.74,600,CRK,6/10/2004 12:00:00 AM,2004-06-10,IN,22.0
M197,CONN,S,SILVAN-PRESTON MAIN,MSCL,9.32,375,TOPS,1/1/1962 12:00:00 AM,1962-01-01,IN,64.0
M280,CROSS,S,GREENVALE RESERVOIR OUTLET,MSCL,2.52,225,CLAY,1/1/1971 12:00:00 AM,1971-01-01,IN,55.0
M161,MAINBG,T,YARRA-SILVAN CONDUIT NO 1,MS,2101.84,1700,SNC,1/1/1946 12:00:00 AM,1946-01-01,IN,80.0
M046,MAINBG,T,MITCHAM-SURREY HILLS MAIN,MSR,20.17,900,CLAY,1/1/1912 12:00:00 AM,1912-01-01,IN,114.0
M478,CROSS,S,CARDINIA - PEARCEDALE DUP,MSCL,7.875,600,CRK,1/1/2001 12:00:00 AM,2001-01-01,IN,25.0
M041,CROSS,S,MERRI CK - NORTHCOTE-PUNT RD,MSCL,0.35,150,CLAY,1/1/1928 12:00:00 AM,1983-05-09,IN,43.0
M193,MAINBG,T,KENNY ST-BROADMEADOWS MAIN,MS,2.7,1150,CRK,1/1/1965 12:00:00 AM,1965-01-01,IN,61.0
M190,OFTAKE,S,YAN YEAN-EPPING MAIN,MSCL,1.74,300,CLAY,1/1/1960 12:00:00 AM,1960-01-01,IN,66.0
M055,OFTAKE,S,NO 1 OLINDA-MITCHAM MAIN,MSCL,0.88,150,CLAY,1/1/1976 12:00:00 AM,1914-01-01,IN,112.0
M257,MAINBG,T,ST ALBANS OUTLET MAIN,MS,5.99,1150,CRK,1/1/1966 12:00:00 AM,1966-01-01,IN,60.0
M291,MAINBG,S,SILVAN - OLINDA MAIN,MSEL,6.09,1150,CLAY,1/1/1971 12:00:00 AM,1971-01-01,IN,55.0
M289,MAINBG,T,HALLAM NTH. INLET MAIN,MS,349.02,1150,S&C,1/1/1976 12:00:00 AM,1977-01-01,IN,49.0
M197,OFTAKE,S,SILVAN-PRESTON MAIN,GWI,2.03,100,CLAY,1/1/1962 12:00:00 AM,1962-01-01,IN,64.0
M237,OFTAKE,S,NTH ESSENDON BCH GREENVALE MAI,MSCL,3.25,225,SAND,1/1/1965 12:00:00 AM,1965-01-01,IN,61.0
M387,MAINBG,T,SILVAN SEVILLE MAIN,MS,0.41,450,CRK,1/1/1996 12:00:00 AM,1996-01-01,IN,30.0
M346,MAINBG,T,SYDENHAM OUTLET MAIN,MS,563.83,900,CRK,1/1/1978 12:00:00 AM,1977-01-01,IN,49.0
M474,MAINBG,T,ST GEORGES RD REPLACEMENT MAIN,MS,14.35,1150,SAND,1/1/1995 12:00:00 AM,1996-07-25,IN,30.0
M076,CROSS,S,"HIGH ST RD, MT WAVERLY MAIN",CI,1.37,225,CLAY,1/1/1980 12:00:00 AM,1928-01-01,IN,98.0
M462,MAINBG,T,LANGWARRIN-FRANKSTON NO 2 MAIN,MS,14.96,900,SAND,1/1/1967 12:00:00 AM,1967-01-01,IN,59.0
M046,MAINBG,T,MITCHAM-SURREY HILLS MAIN,MSR,1.55,800,CLAY,1/1/1912 12:00:00 AM,1912-01-01,IN,114.0
M160,BYPASS,S,PRESTON - FOOTSCRAY MAIN,MSCL,11.34,225,CLAY,1/1/1958 12:00:00 AM,1958-03-01,IN,68.0
M478,CROSS,S,CARDINIA - PEARCEDALE DUP,MSCL,2.2,600,CRK,1/1/2001 12:00:00 AM,2001-01-01,IN,25.0
M046,CROSS,S,MITCHAM-SURREY HILLS MAIN,MSCL,0.63,600,CLAY,1/1/1939 12:00:00 AM,1983-01-01,IN,43.0
M113,MAINBG,T,MITCHAM - SURREY HILLS DUP.,MS,3.21,900,CLAY,1/1/1984 12:00:00 AM,1939-01-01,IN,87.0
M192,MAINBG,T,EPPING-GREENVALE MAIN,MS,956.7,1350,CLAY,1/1/1960 12:00:00 AM,1960-01-01,IN,66.0
M257,MAINBG,T,ST ALBANS OUTLET MAIN,MS,1087.8,1150,CRK,1/1/1974 12:00:00 AM,1974-01-01,IN,52.0
M378,OFTAKE,S,CARDINIA - BERWICK MAIN,MSCL,0.81,150,SAND,1/1/1981 12:00:00 AM,1989-01-01,IN,37.0
M160,OFTAKE,S,PRESTON - FOOTSCRAY MAIN,MSCL,0.96,375,CLAY,1/1/1958 12:00:00 AM,2006-07-11,IN,20.0
M422,MAINBG,T,BITTERN - DROMANA NO 2 MAIN,MS,331.88,900,CLAY,1/1/1964 12:00:00 AM,1965-01-01,IN,61.0
M257,MAINBG,T,ST ALBANS OUTLET MAIN,MS,2.94,1150,CRK,1/1/1974 12:00:00 AM,1976-01-01,IN,50.0
M420,OFTAKE,S,TARAGO - WESTERN PORT MAIN,MSCL,2.54,750,SAND,1/1/1979 12:00:00 AM,1975-08-01,IN,51.0
M257,OFTAKE,S,ST ALBANS OUTLET MAIN,MSCL,2.09,150,CRK,1/1/1974 12:00:00 AM,1979-01-11,IN,47.0
M160,CROSS,S,PRESTON - FOOTSCRAY MAIN,MSCL,6.5,300,CLAY,1/1/1958 12:00:00 AM,1958-02-01,IN,68.0
M103,CROSS,S,CORANDERRK WEIR TO DICKS BASIN,MS,1.74,1150,CLAY,1/1/1931 12:00:00 AM,1930-09-05,IN,96.0
M478,BYPASS,S,CARDINIA - PEARCEDALE DUP,MSCL,0.38,150,CRK,1/1/2001 12:00:00 AM,2001-01-01,IN,25.0
M346,BYPASS,S,SYDENHAM OUTLET MAIN,MS,3.0,225,CRK,1/1/1978 12:00:00 AM,1977-01-01,IN,49.0
M333,MAINBG,T,GREENVALE-YUROKE-SYDENHAM,MS,32.82,1150,CRK,1/1/1978 12:00:00 AM,1978-01-01,IN,48.0
M333,BYPASS,S,GREENVALE-YUROKE-SYDENHAM,MSEL,4.0,225,CRK,1/1/1978 12:00:00 AM,1978-01-01,IN,48.0
M291,MAINBG,T,SILVAN - OLINDA MAIN,MS,3.22,1700,SS,1/1/1971 12:00:00 AM,1975-10-01,IN,51.0
M333,MAINBG,T,GREENVALE-YUROKE-SYDENHAM,MS,229.7,1150,CRK,1/1/1978 12:00:00 AM,1978-01-01,IN,48.0
M462,MAINBG,T,LANGWARRIN-FRANKSTON NO 2 MAIN,MS,0.91,600,SAND,1/1/1967 12:00:00 AM,1967-01-01,IN,59.0
M055,OFTAKE,S,NO 1 OLINDA-MITCHAM MAIN,MSCL,2.77,300,CLAY,1/1/1978 12:00:00 AM,1914-01-01,IN,112.0
M055,MAINBG,T,NO 1 OLINDA-MITCHAM MAIN,MSLB,3.17,900,CLAY,1/1/1914 12:00:00 AM,1914-01-01,IN,112.0
M257,MAINBG,T,ST ALBANS OUTLET MAIN,MS,367.86,1150,CRK,1/1/1974 12:00:00 AM,1974-01-01,IN,52.0
M258,MAINBG,T,MAROONDAH AQUADUCT REPLACEMENT,MS,1059.12,2100,SAND,1/1/1975 12:00:00 AM,1975-01-01,IN,51.0
M281,OFTAKE,S,CARDINIA-DAND'G-NOTTING HILL M,MSCL,7.68,225,CLAY,1/1/1974 12:00:00 AM,1986-01-01,IN,40.0
M420,MAINBG,T,TARAGO - WESTERN PORT MAIN,MS,0.6,1050,SAND,1/1/1979 12:00:00 AM,1973-08-01,IN,53.0
M132,CROSS,S,SILVA-MT WAVERLY MAIN,MSCL,1.12,300,CLAY,1/1/1957 12:00:00 AM,1975-10-13,IN,51.0
M281,MAINBG,T,CARDINIA-DAND'G-NOTTING HILL M,MS,237.56,1700,SAND,1/1/1974 12:00:00 AM,1974-01-01,IN,52.0
M348,MAINBG,T,MORANG BCH OF WINNEKE-PRESTON,MS,22.17,2100,CRK,1/1/1980 12:00:00 AM,1980-01-01,IN,46.0
M197,CROSS,S,SILVAN-PRESTON MAIN,MSCL,1.27,450,CLAY,1/1/1962 12:00:00 AM,1985-01-01,IN,41.0
M193,MAINBG,T,KENNY ST-BROADMEADOWS MAIN,MS,747.4,900,CRK,1/1/1965 12:00:00 AM,1965-01-01,IN,61.0
M104,MAINBG,T,MORANG OUTLET,MS,1.99,800,CRK,1/1/1989 12:00:00 AM,2005-05-02,IN,21.0
M257,BYPASS,S,ST ALBANS OUTLET MAIN,MSCL,5.79,225,CRK,1/1/1974 12:00:00 AM,1986-01-01,IN,40.0
M375,BYPASS,S,CARDINIA - HALLAM NO 2 MAIN,MSCL,1.35,225,SAND,1/1/1974 12:00:00 AM,1988-01-01,IN,38.0
M348,BYPASS,S,MORANG BCH OF WINNEKE-PRESTON,MS,1.1,225,CRK,1/1/1980 12:00:00 AM,1980-01-01,IN,46.0
M132,MAINBG,T,SILVA-MT WAVERLY MAIN,MS,3.27,1700,CLAY,1/1/1957 12:00:00 AM,1957-01-01,IN,69.0
M161,MAINBG,T,YARRA-SILVAN CONDUIT NO 1,MS,4749.35,1700,SS&C,1/1/1946 12:00:00 AM,1946-01-01,IN,80.0
M268,MAINBG,T,MT VIEW OUTLET MAIN,MS,209.28,825,SAND,1/1/1983 12:00:00 AM,1983-01-01,IN,43.0
M257,MAINBG,T,ST ALBANS OUTLET MAIN,MS,4.3,1150,CRK,1/1/1970 12:00:00 AM,1970-01-01,IN,56.0
M354,CROSS,S,SILVAN - MT WAVERLY NO 2 MAIN,MSEL,19.39,1150,CLAY,1/1/1978 12:00:00 AM,1978-01-01,IN,48.0
M160,CROSS,S,PRESTON - FOOTSCRAY MAIN,MSCL,0.6,300,CLAY,1/1/1958 12:00:00 AM,1958-02-01,IN,68.0
M104,CROSS,S,MORANG OUTLET,MSCL,1.2,600,CLAY,1/1/1960 12:00:00 AM,1981-01-01,IN,45.0
M076,MAINBG,T,"HIGH ST RD, MT WAVERLY MAIN",MSLB,25.02,750,CLAY,1/1/1979 12:00:00 AM,1928-01-01,IN,98.0
M257,MAINBG,T,ST ALBANS OUTLET MAIN,MS,12.1,1150,CRK,1/1/1974 12:00:00 AM,1974-01-01,IN,52.0
M291,MAINBG,S,SILVAN - OLINDA MAIN,MSEL,3.66,1350,CLAY,1/1/1971 12:00:00 AM,1971-01-01,IN,55.0
M275,OFTAKE,T,MCMAHONS CK DIVERSION MAIN,MS,2.22,100,CRK,1/1/1968 12:00:00 AM,1969-01-01,IN,57.0
M041,BYPASS,S,MERRI CK - NORTHCOTE-PUNT RD,MSCL,1.0,150,CRK,6/10/2004 12:00:00 AM,2004-06-10,IN,22.0
M192,MAINBG,T,EPPING-GREENVALE MAIN,MS,105.24,800,UNKN,7/1/2005 12:00:00 AM,2005-07-01,IN,21.0
M160,MAINBG,T,PRESTON - FOOTSCRAY MAIN,MS,29.71,1350,CLAY,1/1/1958 12:00:00 AM,1958-03-01,IN,68.0
M193,MAINBG,T,KENNY ST-BROADMEADOWS MAIN,MS,134.65,1150,CLAY,1/1/1965 12:00:00 AM,1962-07-23,IN,64.0
M440,MAINBG,T,TYABB MORNINGTON MAIN,MS,1.48,1050,CLAY,1/1/1979 12:00:00 AM,1979-01-01,IN,47.0
M275,CROSS,S,MCMAHONS CK DIVERSION MAIN,MSCL,6.6,600,CLAY,1/1/1968 12:00:00 AM,1969-01-01,IN,57.0
M197,CROSS,S,SILVAN-PRESTON MAIN,MSCL,1.01,300,CLAY,1/1/1962 12:00:00 AM,1975-01-01,IN,51.0
M478,CROSS,S,CARDINIA - PEARCEDALE DUP,MSCL,4.87,600,CRK,1/1/2001 12:00:00 AM,2001-01-01,IN,25.0
M274,MAINBG,T,STARVATION CRK DIVERSION MAIN,MS,433.72,375,CRK,1/1/1968 12:00:00 AM,1968-01-01,IN,58.0
M190,MAINBG,T,YAN YEAN-EPPING MAIN,MS,205.36,1700,CLAY,1/1/1960 12:00:00 AM,1960-01-01,IN,66.0
M193,OFTAKE,S,KENNY ST-BROADMEADOWS MAIN,MSEL,1.72,600,CLAY,1/1/1965 12:00:00 AM,1965-01-01,IN,61.0
M478,CROSS,S,CARDINIA - PEARCEDALE DUP,MSCL,0.91,800,CRK,1/1/2001 12:00:00 AM,2001-01-01,IN,25.0
M039,CROSS,S,NORTHCOTE - PUNT RD,CICL,3.75,150,SAND,1/1/1967 12:00:00 AM,1878-11-29,IN,148.0
M191,MAINBG,T,MORANG BRCH YAN YEAN-EPPING M,MS,17.99,1350,CLAY,1/1/1960 12:00:00 AM,1960-01-01,IN,66.0
M113,MAINBG,T,MITCHAM - SURREY HILLS DUP.,MS,400.47,1150,CLAY,1/1/1984 12:00:00 AM,1939-01-01,IN,87.0
M132,CROSS,S,SILVA-MT WAVERLY MAIN,MSCL,1.93,600,SAND,1/1/1983 12:00:00 AM,1983-01-01,IN,43.0
M195,MAINBG,T,MT WAVERLY OUTLET MAIN,MS,300.42,900,SNC,1/1/1962 12:00:00 AM,1962-01-01,IN,64.0
M281,MAINBG,T,CARDINIA-DAND'G-NOTTING HILL M,MS,2451.07,1700,SAND,1/1/1974 12:00:00 AM,1976-01-01,IN,50.0
M198,OFTAKE,S,SOMERTON HIGH LEVEL MAIN,MSCL,1.24,375,CRK,1/1/2005 12:00:00 AM,2005-02-04,IN,21.0
M347,MAINBG,S,SUGARLOAF RES WASTE DISPL MAIN,MSCL,4.15,300,CRK,1/1/1980 12:00:00 AM,1980-01-01,IN,46.0
M257,BRANCH,S,ST ALBANS OUTLET MAIN,MSCL,5.3,600,CRK,1/1/1974 12:00:00 AM,1974-01-01,IN,52.0
M195,BYPASS,S,MT WAVERLY OUTLET MAIN,MSCL,4.12,225,SNC,1/1/1962 12:00:00 AM,1962-01-01,IN,64.0
M346,MAINBG,T,SYDENHAM OUTLET MAIN,MS,3.24,1150,CRK,1/1/1977 12:00:00 AM,1977-01-01,IN,49.0
M160,MAINBG,T,PRESTON - FOOTSCRAY MAIN,MS,116.31,1150,CLAY,1/1/1958 12:00:00 AM,1958-03-01,IN,68.0
M193,OFTAKE,S,KENNY ST-BROADMEADOWS MAIN,MSCL,4.35,225,CLAY,1/1/1965 12:00:00 AM,1971-01-01,IN,55.0
M056,OFTAKE,S,OLINDA-MITCHAM NO.3,MSCL,3.12,225,CLAY,1/1/1984 12:00:00 AM,1936-01-01,IN,90.0
M375,MAINBG,S,CARDINIA - HALLAM NO 2 MAIN,MS,4.48,900,SAND,1/1/1974 12:00:00 AM,1974-01-01,IN,52.0
M281,MAINBG,T,CARDINIA-DAND'G-NOTTING HILL M,MS,3.9,1700,CLAY,1/1/1974 12:00:00 AM,1974-01-01,IN,52.0
M478,MAINBG,T,CARDINIA - PEARCEDALE DUP,MS,15.08,1350,CRK,1/1/2001 12:00:00 AM,2001-01-01,IN,25.0
M160,CROSS,S,PRESTON - FOOTSCRAY MAIN,MSCL,4.83,150,CLAY,1/1/1958 12:00:00 AM,1958-02-01,IN,68.0
M440,BYPASS,S,TYABB MORNINGTON MAIN,MS,0.3,355,CLAY,1/1/1979 12:00:00 AM,1979-01-01,IN,47.0
M232,BYPASS,S,HARRIS GULLY MAIN,MSCL,0.97,150,MS,1/1/1965 12:00:00 AM,1965-01-01,IN,61.0
M197,BYPASS,S,SILVAN-PRESTON MAIN,MSCL,0.82,225,TOPS,1/1/1962 12:00:00 AM,1980-01-01,IN,46.0
M113,BYPASS,S,MITCHAM - SURREY HILLS DUP.,CI,1.7,50,CLAY,1/1/1984 12:00:00 AM,1939-01-01,IN,87.0
M160,BYPASS,S,PRESTON - FOOTSCRAY MAIN,MSCL,1.2,225,CLAY,1/1/1958 12:00:00 AM,1958-03-01,IN,68.0
M419,BYPASS,S,LANGWARRIN - BITTERN NO 3 MAIN,MSCL,4.32,600,CLAY,1/1/1971 12:00:00 AM,1972-01-01,IN,54.0
M192,BYPASS,S,EPPING-GREENVALE MAIN,MSCL,2.32,150,UNKN,7/1/2005 12:00:00 AM,2005-07-01,IN,21.0
M055,MAINBG,T,NO 1 OLINDA-MITCHAM MAIN,MSLB,2.0,300,CLAY,1/1/1963 12:00:00 AM,1914-01-01,IN,112.0
M046,MAINBG,S,MITCHAM-SURREY HILLS MAIN,MSR,5.47,900,CLAY,1/1/1912 12:00:00 AM,1912-01-01,IN,114.0
M046,MAINBG,T,MITCHAM-SURREY HILLS MAIN,MSR,521.26,900,CLAY,1/1/1912 12:00:00 AM,1912-01-01,IN,114.0
M055,BYPASS,S,NO 1 OLINDA-MITCHAM MAIN,MSCL,0.82,150,CLAY,1/1/1963 12:00:00 AM,1914-01-01,IN,112.0
M478,MAINBG,T,CARDINIA - PEARCEDALE DUP,MS,3.98,1700,CRK,1/1/2001 12:00:00 AM,2001-01-01,IN,25.0
M056,OFTAKE,S,OLINDA-MITCHAM NO.3,MSCL,2.85,100,CLAY,1/1/1984 12:00:00 AM,1936-01-01,IN,90.0
M054,OFTAKE,S,OLINDA-MITCHAM NO.2,MSCL,5.3,100,CLAY,1/1/1984 12:00:00 AM,1926-01-01,IN,100.0
M257,MAINBG,T,ST ALBANS OUTLET MAIN,MS,2.65,1150,CRK,1/1/1974 12:00:00 AM,1974-01-01,IN,52.0
M418,MAINBG,T,BEACONSFIELD - LANGWARRIN MAIN,MS,3.68,1050,CLAY,1/1/1959 12:00:00 AM,1957-01-01,IN,69.0
M131,CONN,S,MT VIEW-DANDENONG MAIN,MSCL,2.11,600,CRK,1/1/1958 12:00:00 AM,1988-01-01,IN,38.0
M132,MAINBG,T,SILVA-MT WAVERLY MAIN,MS,576.54,1700,CLAY,1/1/1957 12:00:00 AM,1957-01-01,IN,69.0
M283,MAINBG,T,YARRA VALLEY CONDUIT MAIN,MS,427.68,2100,CRK,1/1/1973 12:00:00 AM,1973-01-01,IN,53.0
M193,MAINBG,T,KENNY ST-BROADMEADOWS MAIN,MS,1.19,900,CLAY,1/1/1965 12:00:00 AM,2013-04-15,IN,13.0
M159,MAINBG,T,MT WAVERLY-NOTTING HILL MAIN,MS,127.15,1150,SAND,1/1/1955 12:00:00 AM,1955-01-01,IN,71.0
M257,MAINBG,T,ST ALBANS OUTLET MAIN,MS,239.23,1150,CRK,1/1/1966 12:00:00 AM,1966-01-01,IN,60.0
M131,CONN,S,MT VIEW-DANDENONG MAIN,MSCL,1.7,825,CRK,1/1/1958 12:00:00 AM,1988-01-01,IN,38.0
M197,CROSS,S,SILVAN-PRESTON MAIN,MSCL,3.33,450,CLAY,1/1/1962 12:00:00 AM,1985-01-01,IN,41.0
M283,MAINBG,T,YARRA VALLEY CONDUIT MAIN,MS,17.44,2100,SLCL,1/1/1973 12:00:00 AM,1976-01-01,IN,50.0
M190,MAINBG,T,YAN YEAN-EPPING MAIN,MS,284.33,1700,CLAY,1/1/1960 12:00:00 AM,1960-01-01,IN,66.0
M197,MAINBG,T,SILVAN-PRESTON MAIN,MS,6.63,1700,TOPS,1/1/1962 12:00:00 AM,1962-01-01,IN,64.0
M281,MAINBG,S,CARDINIA-DAND'G-NOTTING HILL M,MSEL,2.45,2100,SAND,1/1/1974 12:00:00 AM,1981-01-01,IN,45.0
M281,MAINBG,T,CARDINIA-DAND'G-NOTTING HILL M,MS,1.8,1700,SAND,1/1/1974 12:00:00 AM,1984-01-01,IN,42.0
M159,MAINBG,T,MT WAVERLY-NOTTING HILL MAIN,MS,3.76,1150,SAND,1/1/1955 12:00:00 AM,1976-01-01,IN,50.0
M160,MAINAG,T,PRESTON - FOOTSCRAY MAIN,MS,1.08,600,CLAY,1/1/1958 12:00:00 AM,1958-03-01,IN,68.0
M021,OFTAKE,S,BLACKBURN RD - NOTTING HILL,MSCL,0.84,150,SS&C,1/1/1983 12:00:00 AM,1984-01-01,IN,42.0
M131,OFTAKE,S,MT VIEW-DANDENONG MAIN,MSCL,0.76,150,CRK,1/1/1958 12:00:00 AM,1967-05-04,IN,59.0
M195,MAINBG,T,MT WAVERLY OUTLET MAIN,MS,12.05,1150,SNC,1/1/1962 12:00:00 AM,1962-01-01,IN,64.0
M479,OFTAKE,S,BITTERN RES BYPASS MAIN,MSCL,0.8,300,SAND,1/1/1999 12:00:00 AM,1999-01-01,IN,27.0
M422,MAINBG,T,BITTERN - DROMANA NO 2 MAIN,MS,106.68,900,CLAY,1/1/1964 12:00:00 AM,1964-01-01,IN,62.0
M056,MAINBG,T,OLINDA-MITCHAM NO.3,MS,1464.79,1150,CLAY,1/1/1981 12:00:00 AM,1936-01-01,IN,90.0
M054,MAINBG,T,OLINDA-MITCHAM NO.2,MS,47.33,1150,CLAY,1/1/1984 12:00:00 AM,1926-01-01,IN,100.0
M195,MAINBG,T,MT WAVERLY OUTLET MAIN,MS,993.67,1150,SNC,1/1/1962 12:00:00 AM,1962-01-01,IN,64.0
M160,MAINBG,T,PRESTON - FOOTSCRAY MAIN,MS,1.0,1150,CLAY,7/11/2006 12:00:00 AM,2006-07-11,IN,20.0
M104,MAINBG,T,MORANG OUTLET,WI,15.47,800,CLAY,1/1/1959 12:00:00 AM,1929-01-01,IN,97.0
M113,MAINBG,T,MITCHAM - SURREY HILLS DUP.,MS,403.78,1150,CLAY,1/1/1984 12:00:00 AM,1939-01-01,IN,87.0
M022,MAINBG,T,MITCHAM-NOTTING HILL MAIN,MS,3.23,1150,CLAY,1/1/1968 12:00:00 AM,1927-01-01,IN,99.0
M055,MAINBG,T,NO 1 OLINDA-MITCHAM MAIN,MSLB,3.37,900,CLAY,1/1/1914 12:00:00 AM,1914-01-01,IN,112.0
M478,BYPASS,S,CARDINIA - PEARCEDALE DUP,MSCL,2.2,225,CRK,1/1/2001 12:00:00 AM,2001-01-01,IN,25.0
M478,BYPASS,S,CARDINIA - PEARCEDALE DUP,MSCL,1.0,225,CRK,1/1/2001 12:00:00 AM,2001-01-01,IN,25.0
M190,MAINBG,T,YAN YEAN-EPPING MAIN,MS,10.39,1700,CLAY,1/1/1960 12:00:00 AM,1960-01-01,IN,66.0
M131,MAINBG,T,MT VIEW-DANDENONG MAIN,MS,816.01,825,CRK,1/1/1958 12:00:00 AM,1958-01-01,IN,68.0
M257,MAINBG,T,ST ALBANS OUTLET MAIN,MS,73.04,1150,CRK,1/1/1966 12:00:00 AM,1966-01-01,IN,60.0
M333,OFTAKE,S,GREENVALE-YUROKE-SYDENHAM,MSCL,2.3,150,CRK,1/1/1978 12:00:00 AM,1978-01-01,IN,48.0
M378,OFTAKE,S,CARDINIA - BERWICK MAIN,MSCL,1.0,450,SAND,1/1/1981 12:00:00 AM,1981-01-01,IN,45.0
M372,OFTAKE,T,LUSATIA PARK MAIN,MS,1.55,375,SAND,1/1/1986 12:00:00 AM,1984-09-01,IN,42.0
M280,MAINBG,S,GREENVALE RESERVOIR OUTLET,MSCL,14.0,825,CLAY,1/1/1971 12:00:00 AM,1971-01-01,IN,55.0
M351,OFTAKE,S,WERRIBEE RES INLET MAIN,MSCL,1.86,225,CRK,1/1/1985 12:00:00 AM,1985-01-01,IN,41.0
M387,OFTAKE,S,SILVAN SEVILLE MAIN,MSCL,1.62,150,CRK,1/1/1996 12:00:00 AM,1996-06-23,IN,30.0
M281,OFTAKE,S,CARDINIA-DAND'G-NOTTING HILL M,MSCL,22.41,150,SAND,1/1/1974 12:00:00 AM,1974-01-01,IN,52.0
M480,MAINBG,T,POWELL ST CROSS CONNECTION,MS,6.13,900,SAND,7/27/2002 12:00:00 AM,2002-07-27,IN,24.0
M046,MAINBG,T,MITCHAM-SURREY HILLS MAIN,MS,1.52,900,CLAY,1/1/1912 12:00:00 AM,1912-01-01,IN,114.0
M055,MAINBG,T,NO 1 OLINDA-MITCHAM MAIN,MSLB,9.47,900,CLAY,1/1/1963 12:00:00 AM,1914-01-01,IN,112.0
M402,MAINBG,T,GREENVALE - OUTLET NO 2 MAIN,MS,10.26,1350,CRK,1/1/1971 12:00:00 AM,1989-01-01,IN,37.0
M132,MAINBG,T,SILVA-MT WAVERLY MAIN,MS,18.83,1150,CLAY,1/1/1958 12:00:00 AM,1958-01-01,IN,68.0
M475,MAINBG,T,PAKENHAM RES NO.2 INLET MAIN,MS,120.42,600,CRK,11/25/1997 12:00:00 AM,1997-11-25,IN,29.0
M474,CROSS,S,ST GEORGES RD REPLACEMENT MAIN,MSCL,0.68,825,UNKN,8/1/2002 12:00:00 AM,2002-09-18,IN,24.0
M350,CROSS,S,WESTERN TRANSFER MAIN,MSCL,3.1,375,CLAY,1/1/1983 12:00:00 AM,1984-01-01,IN,42.0
M041,MAINBG,T,MERRI CK - NORTHCOTE-PUNT RD,MS,10.38,900,CRK,6/10/2004 12:00:00 AM,2004-06-10,IN,22.0
M193,MAINBG,T,KENNY ST-BROADMEADOWS MAIN,MS,85.35,1150,CRK,1/1/1965 12:00:00 AM,1965-01-01,IN,61.0
M132,MAINBG,T,SILVA-MT WAVERLY MAIN,MS,2.7,1700,CLAY,1/1/1957 12:00:00 AM,1957-01-01,IN,69.0
M197,CONN,S,SILVAN-PRESTON MAIN,MSCL,1.79,150,CLAY,1/1/1962 12:00:00 AM,1978-06-29,IN,48.0
M478,CROSS,S,CARDINIA - PEARCEDALE DUP,MSCL,1.55,600,CRK,1/1/2001 12:00:00 AM,2001-01-01,IN,25.0
R022,MAINBG,S,PRESTON NO3 RESERVOIR,MS,1.06,600,CLAY,1/1/1940 12:00:00 AM,1940-01-01,IN,86.0
M194,CROSS,S,EPPING-PRESTON MAIN,MSCL,8.55,375,CLAY,1/1/1960 12:00:00 AM,1978-06-30,IN,48.0
M022,CROSS,S,MITCHAM-NOTTING HILL MAIN,MSCL,1.2,375,CLAY,1/1/1974 12:00:00 AM,1927-01-01,IN,99.0
M054,MAINBG,T,OLINDA-MITCHAM NO.2,MS,99.87,1150,CLAY,1/1/1984 12:00:00 AM,1926-01-01,IN,100.0
M257,MAINBG,T,ST ALBANS OUTLET MAIN,MS,504.32,1150,CRK,1/1/1966 12:00:00 AM,1966-01-01,IN,60.0
M055,OFTAKE,S,NO 1 OLINDA-MITCHAM MAIN,MSCL,1.85,150,CLAY,1/1/1976 12:00:00 AM,1914-01-01,IN,112.0
M280,MAINBG,T,GREENVALE RESERVOIR OUTLET,MS,1561.46,1350,CLAY,1/1/1971 12:00:00 AM,1971-01-01,IN,55.0
M268,MAINBG,T,MT VIEW OUTLET MAIN,MS,1.32,1150,S&C,1/1/1965 12:00:00 AM,1968-01-01,IN,58.0
M131,MAINBG,T,MT VIEW-DANDENONG MAIN,MS,793.97,825,CRK,1/1/1958 12:00:00 AM,1958-01-01,IN,68.0
M283,OFTAKE,S,YARRA VALLEY CONDUIT MAIN,MSCL,0.59,150,MS,1/1/1973 12:00:00 AM,1976-01-01,IN,50.0
M056,OFTAKE,S,OLINDA-MITCHAM NO.3,MSCL,8.44,375,CLAY,1/1/1984 12:00:00 AM,1936-01-01,IN,90.0
M054,OFTAKE,S,OLINDA-MITCHAM NO.2,MSCL,0.57,150,CLAY,1/1/1984 12:00:00 AM,1926-01-01,IN,100.0
M351,CROSS,S,WERRIBEE RES INLET MAIN,MSCL,0.96,450,CRK,1/1/1985 12:00:00 AM,1998-01-01,IN,28.0
M104,CROSS,S,MORANG OUTLET,MSCL,1.27,225,CRK,1/1/1987 12:00:00 AM,1988-01-01,IN,38.0
M113,CROSS,S,MITCHAM - SURREY HILLS DUP.,CICL,1.31,300,CLAY,1/1/1984 12:00:00 AM,1939-01-01,IN,87.0
M441,MAINBG,T,LANGWARRIN - BITTERN NO 2 MAIN,MS,1681.85,825,CLAY,1/1/1959 12:00:00 AM,1959-01-01,IN,67.0
M039,MAINBG,T,NORTHCOTE - PUNT RD,MS,211.45,600,SAND,1/1/1967 12:00:00 AM,1972-01-01,IN,54.0
M055,MAINBG,T,NO 1 OLINDA-MITCHAM MAIN,MSLB,344.78,900,CLAY,1/1/1978 12:00:00 AM,1914-01-01,IN,112.0
M054,MAINBG,T,OLINDA-MITCHAM NO.2,MS,3.92,1150,CLAY,1/1/1984 12:00:00 AM,1926-01-01,IN,100.0
M131,CROSS,S,MT VIEW-DANDENONG MAIN,MSCL,2.7,300,CRK,1/1/1958 12:00:00 AM,1971-01-01,IN,55.0
M055,MAINBG,T,NO 1 OLINDA-MITCHAM MAIN,MSLB,446.23,900,CLAY,1/1/1978 12:00:00 AM,1914-01-01,IN,112.0
M132,CROSS,S,SILVA-MT WAVERLY MAIN,MSCL,3.26,450,CLAY,1/1/1957 12:00:00 AM,1964-01-01,IN,62.0
M375,MAINBG,T,CARDINIA - HALLAM NO 2 MAIN,MS,4.04,1350,UNKN,1/1/1988 12:00:00 AM,1988-01-01,IN,38.0
M078,MAINBG,T,ROSANNA - PRESTON MAIN,MS,34.28,1150,CLAY,1/1/1940 12:00:00 AM,1940-01-01,IN,86.0
M021,MAINBG,S,BLACKBURN RD - NOTTING HILL,MS,3.0,450,SAND,1/1/1983 12:00:00 AM,1984-01-01,IN,42.0
M056,MAINBG,T,OLINDA-MITCHAM NO.3,MS,15.83,1150,CLAY,1/1/1981 12:00:00 AM,1936-01-01,IN,90.0
M257,MAINBG,T,ST ALBANS OUTLET MAIN,MS,1.5,1150,CRK,1/1/1974 12:00:00 AM,1974-01-01,IN,52.0
M418,MAINBG,T,BEACONSFIELD - LANGWARRIN MAIN,MS,224.8,1050,CLAY,1/1/1959 12:00:00 AM,1959-01-01,IN,67.0
M190,MAINBG,T,YAN YEAN-EPPING MAIN,MS,644.0,1350,CLAY,1/1/1960 12:00:00 AM,1960-01-01,IN,66.0
M387,MAINBG,T,SILVAN SEVILLE MAIN,MS,0.55,450,CRK,1/1/1996 12:00:00 AM,1996-01-01,IN,30.0
M193,MAINBG,T,KENNY ST-BROADMEADOWS MAIN,MS,29.18,900,CLAY,1/1/1965 12:00:00 AM,1965-01-01,IN,61.0
M160,MAINBG,T,PRESTON - FOOTSCRAY MAIN,MS,212.01,1150,CLAY,1/1/1958 12:00:00 AM,1958-03-01,IN,68.0
M055,MAINBG,T,NO 1 OLINDA-MITCHAM MAIN,MS,1.13,900,CLAY,1/1/1927 12:00:00 AM,1912-01-01,IN,114.0
M022,OFTAKE,S,MITCHAM-NOTTING HILL MAIN,MS,1.26,225,SAND,1/1/1986 12:00:00 AM,1986-01-01,IN,40.0
M132,OFTAKE,S,SILVA-MT WAVERLY MAIN,MSEL,2.0,150,CLAY,1/1/1957 12:00:00 AM,1957-01-01,IN,69.0
M193,OFTAKE,S,KENNY ST-BROADMEADOWS MAIN,MSEL,4.43,225,CLAY,1/1/1965 12:00:00 AM,1962-07-23,IN,64.0
M280,MAINBG,T,GREENVALE RESERVOIR OUTLET,MS,2.75,1350,CLAY,1/1/1971 12:00:00 AM,1971-01-01,IN,55.0
M479,OFTAKE,S,BITTERN RES BYPASS MAIN,MSCL,17.25,375,SAND,1/1/1999 12:00:00 AM,1999-01-01,IN,27.0
M420,OFTAKE,S,TARAGO - WESTERN PORT MAIN,MSCL,6.62,100,SAND,1/1/1979 12:00:00 AM,1975-08-01,IN,51.0
M479,BYPASS,S,BITTERN RES BYPASS MAIN,MSCL,5.38,150,SAND,1/1/1999 12:00:00 AM,1999-01-01,IN,27.0
M022,BYPASS,S,MITCHAM-NOTTING HILL MAIN,MSCL,2.52,150,CLAY,1/1/1974 12:00:00 AM,1927-01-01,IN,99.0
M132,BYPASS,S,SILVA-MT WAVERLY MAIN,MSCL,6.78,900,CLAY,1/1/1957 12:00:00 AM,1957-01-01,IN,69.0
M021,MAINBG,T,BLACKBURN RD - NOTTING HILL,MS,131.11,825,SS&C,1/1/1983 12:00:00 AM,1984-01-01,IN,42.0
SL08,BYPASS,T,CARDINIA BYPASS SURGE VESSEL,MS,0.8,80,UNKN,1/1/1971 12:00:00 AM,2011-08-26,IN,15.0
M197,CONN,S,SILVAN-PRESTON MAIN,MSCL,1.21,225,MS,1/1/1962 12:00:00 AM,1962-01-01,IN,64.0
M440,CONN,S,TYABB MORNINGTON MAIN,MS,3.68,273,CLAY,1/1/1979 12:00:00 AM,1979-01-01,IN,47.0
M346,BRANCH,S,SYDENHAM OUTLET MAIN,MSCL,12.2,900,CRK,1/1/1977 12:00:00 AM,1983-01-01,IN,43.0
M161,MAINBG,T,YARRA-SILVAN CONDUIT NO 1,MS,13.92,1700,SNC,1/1/1946 12:00:00 AM,1946-01-01,IN,80.0
M076,OFTAKE,S,"HIGH ST RD, MT WAVERLY MAIN",CI,4.13,100,CLAY,1/1/1980 12:00:00 AM,1928-01-01,IN,98.0
M010,SIPHBG,T,MAROONDAH,WI,699.09,1275,CLAY,1/1/1890 12:00:00 AM,1890-01-01,IN,136.0
M055,CROSS,S,NO 1 OLINDA-MITCHAM MAIN,MSCL,0.44,225,CRK,1/1/1992 12:00:00 AM,1992-01-01,IN,34.0
M478,MAINBG,T,CARDINIA - PEARCEDALE DUP,MS,1.3,1700,CRK,1/1/2001 12:00:00 AM,2001-01-01,IN,25.0
M192,MAINBG,T,EPPING-GREENVALE MAIN,MS,1.07,1350,UNKN,1/1/1971 12:00:00 AM,1960-01-01,IN,66.0
M131,MAINBG,T,MT VIEW-DANDENONG MAIN,MS,732.65,825,CRK,1/1/1958 12:00:00 AM,1958-01-01,IN,68.0
M160,MAINBG,T,PRESTON - FOOTSCRAY MAIN,MS,237.93,1350,CLAY,1/1/1958 12:00:00 AM,1958-02-01,IN,68.0
M419,MAINBG,T,LANGWARRIN - BITTERN NO 3 MAIN,MS,3.55,900,CLAY,1/1/1971 12:00:00 AM,1971-01-01,IN,55.0
M197,MAINBG,T,SILVAN-PRESTON MAIN,MS,3.04,825,SAND,1/1/1962 12:00:00 AM,1962-01-01,IN,64.0
M332,MAINBG,T,WINNEKE-PRESTON (SLOAF RES.MN),MS,50.66,2100,SAND,1/1/1980 12:00:00 AM,1980-01-01,IN,46.0
M104,MAINBG,S,MORANG OUTLET,MS,0.79,450,CRK,1/1/1989 12:00:00 AM,1989-01-01,IN,37.0
M440,MAINAG,S,TYABB MORNINGTON MAIN,MS,1.0,375,CLAY,1/1/1979 12:00:00 AM,1979-01-01,IN,47.0
M440,MAINAG,T,TYABB MORNINGTON MAIN,MS,0.3,350,CLAY,1/1/1979 12:00:00 AM,1979-01-01,IN,47.0
M283,MAINBG,S,YARRA VALLEY CONDUIT MAIN,MSCL,2.27,300,SLCL,1/1/1973 12:00:00 AM,1976-01-01,IN,50.0
M022,OFTAKE,S,MITCHAM-NOTTING HILL MAIN,MSCL,1.12,150,CLAY,1/1/1968 12:00:00 AM,1964-01-01,IN,62.0
M281,MAINBG,T,CARDINIA-DAND'G-NOTTING HILL M,MS,42.73,1700,SAND,1/1/1974 12:00:00 AM,1974-01-01,IN,52.0
M161,MAINBG,T,YARRA-SILVAN CONDUIT NO 1,MS,772.18,1700,SS&C,1/1/1946 12:00:00 AM,1946-01-01,IN,80.0
M022,MAINBG,T,MITCHAM-NOTTING HILL MAIN,MS,17.92,600,CLAY,1/1/1974 12:00:00 AM,1974-01-01,IN,52.0
M160,MAINBG,T,PRESTON - FOOTSCRAY MAIN,MS,8.98,1150,CLAY,1/1/1958 12:00:00 AM,1958-03-01,IN,68.0
M113,OFTAKE,S,MITCHAM - SURREY HILLS DUP.,MSCL,5.24,300,CLAY,1/1/1984 12:00:00 AM,1939-01-01,IN,87.0
M194,OFTAKE,S,EPPING-PRESTON MAIN,MSCL,3.64,225,CLAY,1/1/1960 12:00:00 AM,1960-01-01,IN,66.0
M132,CROSS,S,SILVA-MT WAVERLY MAIN,MSCL,1.32,150,CLAY,1/1/1957 12:00:00 AM,1977-01-18,IN,49.0
M078,OFTAKE,S,ROSANNA - PRESTON MAIN,MSCL,0.78,225,CLAY,1/1/1940 12:00:00 AM,1940-01-01,IN,86.0
M257,MAINBG,T,ST ALBANS OUTLET MAIN,MS,1.1,1150,CRK,1/1/1966 12:00:00 AM,1966-01-01,IN,60.0
M195,MAINBG,T,MT WAVERLY OUTLET MAIN,MS,164.61,825,SNC,1/1/1962 12:00:00 AM,1962-01-01,IN,64.0
M268,MAINBG,T,MT VIEW OUTLET MAIN,MS,121.71,1150,S&C,1/1/1965 12:00:00 AM,1968-01-01,IN,58.0
M348,BYPASS,S,MORANG BCH OF WINNEKE-PRESTON,MS,1.71,225,CRK,1/1/1980 12:00:00 AM,1980-01-01,IN,46.0
M418,MAINBG,T,BEACONSFIELD - LANGWARRIN MAIN,MS,7.34,1050,CLAY,1/1/1959 12:00:00 AM,1957-01-01,IN,69.0
M420,OFTAKE,S,TARAGO - WESTERN PORT MAIN,MSCL,4.19,100,SAND,1/1/1979 12:00:00 AM,1975-08-01,IN,51.0
M193,MAINBG,T,KENNY ST-BROADMEADOWS MAIN,MS,208.18,1150,CLAY,1/1/1965 12:00:00 AM,1962-07-23,IN,64.0
M280,OFTAKE,S,GREENVALE RESERVOIR OUTLET,MSEL,1.26,150,CLAY,1/1/1971 12:00:00 AM,1971-01-01,IN,55.0
M160,MAINBG,T,PRESTON - FOOTSCRAY MAIN,MS,10.88,1150,CLAY,1/1/1958 12:00:00 AM,2013-05-25,IN,13.0
M113,MAINBG,T,MITCHAM - SURREY HILLS DUP.,MS,1.7,900,CLAY,1/1/1984 12:00:00 AM,1985-01-01,IN,41.0
M268,BYPASS,S,MT VIEW OUTLET MAIN,MSCL,3.24,225,S&C,1/1/1965 12:00:00 AM,1968-01-01,IN,58.0
M273,BYPASS,S,CARDINIA BYPASS,MSEL,1.6,225,S&C,1/1/1971 12:00:00 AM,1971-01-01,IN,55.0
M182,BRANCH,S,BROOKLYN-GALVIN-LAVERTON MAIN,MSCL,1.83,300,CLAY,1/1/1961 12:00:00 AM,1961-01-01,IN,65.0
M160,MAINBG,T,PRESTON - FOOTSCRAY MAIN,MS,4.94,1150,CLAY,7/11/2006 12:00:00 AM,2006-07-11,IN,20.0
M462,MAINBG,T,LANGWARRIN-FRANKSTON NO 2 MAIN,MS,6.18,900,SAND,1/1/1967 12:00:00 AM,1967-01-01,IN,59.0
M160,BYPASS,S,PRESTON - FOOTSCRAY MAIN,MSCL,0.89,225,CLAY,1/1/1958 12:00:00 AM,1958-03-01,IN,68.0
M420,OFTAKE,S,TARAGO - WESTERN PORT MAIN,MSCL,6.0,100,SAND,1/1/1979 12:00:00 AM,1975-08-01,IN,51.0
M333,OFTAKE,S,GREENVALE-YUROKE-SYDENHAM,MSCL,2.35,150,CRK,1/1/1978 12:00:00 AM,1978-01-01,IN,48.0
M054,MAINBG,T,OLINDA-MITCHAM NO.2,MS,55.33,1150,CLAY,1/1/1984 12:00:00 AM,1926-01-01,IN,100.0
M190,CONN,S,YAN YEAN-EPPING MAIN,MSEL,1.21,600,CLAY,1/1/1960 12:00:00 AM,1960-01-01,IN,66.0
M197,MAINBG,T,SILVAN-PRESTON MAIN,MS,11.64,1350,CLAY,1/1/1962 12:00:00 AM,1962-01-01,IN,64.0
M132,MAINBG,T,SILVA-MT WAVERLY MAIN,MS,1571.85,1350,CLAY,1/1/1954 12:00:00 AM,1954-01-01,IN,72.0
M257,CROSS,S,ST ALBANS OUTLET MAIN,MSCL,2.4,300,CRK,1/1/1966 12:00:00 AM,1975-07-01,IN,51.0
M197,CROSS,S,SILVAN-PRESTON MAIN,MSCL,21.528,1150,SAND,1/1/1962 12:00:00 AM,2005-07-30,IN,21.0
M293,MAINBG,T,MONBULK NO2 DELIVERY MAIN,MS,17.99,375,CLAY,1/1/1977 12:00:00 AM,1977-01-01,IN,49.0
M283,MAINBG,T,YARRA VALLEY CONDUIT MAIN,MS,54.18,2100,SS,1/1/1973 12:00:00 AM,1976-01-01,IN,50.0
M197,BYPASS,S,SILVAN-PRESTON MAIN,MSCL,2.89,225,CLAY,1/1/1962 12:00:00 AM,1985-01-01,IN,41.0
M474,CROSS,S,ST GEORGES RD REPLACEMENT MAIN,MSCL,3.18,825,UNKN,8/1/2002 12:00:00 AM,2002-09-18,IN,24.0
M054,CROSS,S,OLINDA-MITCHAM NO.2,MSCL,0.4,225,SAND,1/1/1992 12:00:00 AM,1926-01-01,IN,100.0
M478,BYPASS,S,CARDINIA - PEARCEDALE DUP,MSCL,3.82,150,CRK,1/1/2001 12:00:00 AM,2001-01-01,IN,25.0
M192,CROSS,S,EPPING-GREENVALE MAIN,MSCL,0.52,225,CLAY,1/1/1960 12:00:00 AM,1960-01-01,IN,66.0
M055,MAINBG,T,NO 1 OLINDA-MITCHAM MAIN,MSLB,38.85,900,CLAY,1/1/1978 12:00:00 AM,1914-01-01,IN,112.0
M195,MAINBG,T,MT WAVERLY OUTLET MAIN,MS,358.33,1150,SNC,1/1/1962 12:00:00 AM,1962-01-01,IN,64.0
M475,OFTAKE,S,PAKENHAM RES NO.2 INLET MAIN,MSCL,6.8,150,CRK,11/25/1997 12:00:00 AM,1997-11-25,IN,29.0
M046,MAINBG,T,MITCHAM-SURREY HILLS MAIN,MS,82.49,750,CLAY,1/1/1912 12:00:00 AM,1912-01-01,IN,114.0
M055,MAINBG,T,NO 1 OLINDA-MITCHAM MAIN,MSLB,196.93,900,CLAY,1/1/1963 12:00:00 AM,1914-01-01,IN,112.0
M046,MAINBG,T,MITCHAM-SURREY HILLS MAIN,WI,2.3,900,CLAY,1/1/1912 12:00:00 AM,1912-01-01,IN,114.0
M055,MAINBG,T,NO 1 OLINDA-MITCHAM MAIN,MSLB,1.76,900,CLAY,1/1/1963 12:00:00 AM,1914-01-01,IN,112.0
M056,MAINBG,T,OLINDA-MITCHAM NO.3,MS,4.49,1150,CLAY,1/1/1984 12:00:00 AM,2013-12-02,IN,13.0
M192,MAINBG,T,EPPING-GREENVALE MAIN,RC,106.24,1350,CLAY,1/1/1960 12:00:00 AM,1960-01-01,IN,66.0
R015,MAINBG,T,MT VIEW RESERVOIR,MS,0.24,1150,CLAY,1/1/1958 12:00:00 AM,1958-01-01,IN,68.0
M192,MAINBG,T,EPPING-GREENVALE MAIN,MS,570.89,1350,CLAY,1/1/1960 12:00:00 AM,1960-01-01,IN,66.0
M132,MAINBG,T,SILVA-MT WAVERLY MAIN,MS,134.87,1700,CLAY,1/1/1957 12:00:00 AM,1957-01-01,IN,69.0
M022,MAINBG,T,MITCHAM-NOTTING HILL MAIN,MSLB,2.65,750,CLAY,1/1/1975 12:00:00 AM,1927-01-01,IN,99.0
M197,MAINBG,T,SILVAN-PRESTON MAIN,MS,414.99,1700,SAND,1/1/1962 12:00:00 AM,1962-01-01,IN,64.0
M190,OFTAKE,S,YAN YEAN-EPPING MAIN,MSEL,4.68,150,CLAY,1/1/1960 12:00:00 AM,1960-01-01,IN,66.0
M160,MAINBG,T,PRESTON - FOOTSCRAY MAIN,MS,968.94,1350,CLAY,1/1/1958 12:00:00 AM,1958-03-01,IN,68.0
M055,OFTAKE,S,NO 1 OLINDA-MITCHAM MAIN,MSCL,1.17,150,CLAY,1/1/1978 12:00:00 AM,1914-01-01,IN,112.0
M131,MAINBG,T,MT VIEW-DANDENONG MAIN,MS,2.32,825,CRK,1/1/1958 12:00:00 AM,1958-01-01,IN,68.0
M257,MAINBG,T,ST ALBANS OUTLET MAIN,MS,333.38,1150,CRK,1/1/1966 12:00:00 AM,1966-01-01,IN,60.0
M078,OFTAKE,S,ROSANNA - PRESTON MAIN,MSCL,1.5,225,CLAY,1/1/1940 12:00:00 AM,1940-01-01,IN,86.0
M054,OFTAKE,S,OLINDA-MITCHAM NO.2,MSCL,2.73,300,CLAY,1/1/1984 12:00:00 AM,1926-01-01,IN,100.0
M197,MAINBG,T,SILVAN-PRESTON MAIN,MS,3.16,1700,TOPS,1/1/1962 12:00:00 AM,1962-01-01,IN,64.0
M289,MAINBG,S,HALLAM NTH. INLET MAIN,MSCL,5.27,225,S&C,1/1/1976 12:00:00 AM,1977-01-01,IN,49.0
M281,MAINBG,T,CARDINIA-DAND'G-NOTTING HILL M,MS,1879.48,1700,SAND,1/1/1974 12:00:00 AM,1974-01-01,IN,52.0
M237,OFTAKE,S,NTH ESSENDON BCH GREENVALE MAI,MSCL,0.62,150,SAND,1/1/1965 12:00:00 AM,1965-01-01,IN,61.0
M022,OFTAKE,S,MITCHAM-NOTTING HILL MAIN,MSCL,1.92,150,SAND,1/1/1974 12:00:00 AM,1960-02-15,IN,66.0
M419,MAINBG,T,LANGWARRIN - BITTERN NO 3 MAIN,MS,53.31,900,CLAY,1/1/1971 12:00:00 AM,1972-01-01,IN,54.0
M054,OFTAKE,S,OLINDA-MITCHAM NO.2,MSCL,1.58,150,CLAY,1/1/1984 12:00:00 AM,1926-01-01,IN,100.0
M257,BYPASS,S,ST ALBANS OUTLET MAIN,MSCL,2.3,225,CRK,1/1/1974 12:00:00 AM,1986-01-01,IN,40.0
M372,BYPASS,S,LUSATIA PARK MAIN,MSCL,4.92,300,SAND,1/1/1985 12:00:00 AM,1984-09-01,IN,42.0
M160,CROSS,S,PRESTON - FOOTSCRAY MAIN,MSCL,0.88,825,CLAY,1/1/1958 12:00:00 AM,1958-02-01,IN,68.0
M046,CROSS,S,MITCHAM-SURREY HILLS MAIN,MSR,1.59,450,CLAY,1/1/1912 12:00:00 AM,1990-01-01,IN,36.0
M333,INLET,S,GREENVALE-YUROKE-SYDENHAM,MS,3.01,50,CRK,1/1/1978 12:00:00 AM,2005-02-28,IN,21.0
R143,BYPASS,S,MORNINGTON RESERVOIR,MS,1.41,150,CLAY,1/1/1979 12:00:00 AM,1979-01-01,IN,47.0
M021,MAINBG,T,BLACKBURN RD - NOTTING HILL,MS,7.11,600,SAND,1/1/1983 12:00:00 AM,1983-01-01,IN,43.0
M346,BYPASS,S,SYDENHAM OUTLET MAIN,MS,0.93,225,CRK,1/1/1978 12:00:00 AM,1977-01-01,IN,49.0
B190,BYPASS,S,AQUEDUCT RD LANGWARRIN PRV,MS,0.8,900,CLAY,1/1/1971 12:00:00 AM,1972-01-01,IN,54.0
M192,BYPASS,S,EPPING-GREENVALE MAIN,MSCL,1.25,150,UNKN,7/1/2005 12:00:00 AM,2005-07-01,IN,21.0
M193,BYPASS,S,KENNY ST-BROADMEADOWS MAIN,MSEL,0.72,150,CLAY,1/1/1965 12:00:00 AM,1995-01-01,IN,31.0
M132,BYPASS,S,SILVA-MT WAVERLY MAIN,MSCL,1.44,900,CLAY,1/1/1957 12:00:00 AM,1957-01-01,IN,69.0
M046,CONN,S,MITCHAM-SURREY HILLS MAIN,CI,0.93,225,CLAY,1/1/1912 12:00:00 AM,1912-01-01,IN,114.0
M197,CONN,S,SILVAN-PRESTON MAIN,MSCL,0.78,300,CLAY,1/1/1962 12:00:00 AM,1962-01-01,IN,64.0
M198,MAINBG,T,SOMERTON HIGH LEVEL MAIN,MS,0.88,600,CRK,1/1/1962 12:00:00 AM,1964-01-01,IN,62.0
M195,MAINBG,T,MT WAVERLY OUTLET MAIN,MS,104.72,600,SNC,1/1/1962 12:00:00 AM,1962-01-01,IN,64.0
M350,MAINBG,T,WESTERN TRANSFER MAIN,MS,2.11,1350,CLAY,1/1/1984 12:00:00 AM,1984-01-01,IN,42.0
M132,MAINBG,T,SILVA-MT WAVERLY MAIN,MS,15.56,1350,CLAY,1/1/1954 12:00:00 AM,1954-01-01,IN,72.0
M132,MAINBG,T,SILVA-MT WAVERLY MAIN,MS,3.83,1700,CLAY,1/1/1957 12:00:00 AM,1957-01-01,IN,69.0
M160,MAINAG,T,PRESTON - FOOTSCRAY MAIN,MS,1.16,600,CLAY,1/1/1958 12:00:00 AM,1958-03-01,IN,68.0
M046,OFTAKE,S,MITCHAM-SURREY HILLS MAIN,MSCL,4.87,225,CLAY,1/1/1912 12:00:00 AM,1961-01-01,IN,65.0
M158,OFTAKE,S,SURREY HILLS - ROSANNA,MSCL,0.7,150,CLAY,1/1/1957 12:00:00 AM,1968-07-08,IN,58.0
M478,BYPASS,S,CARDINIA - PEARCEDALE DUP,MSCL,1.0,225,CRK,1/1/2001 12:00:00 AM,2001-01-01,IN,25.0
M333,OFTAKE,S,GREENVALE-YUROKE-SYDENHAM,MSCL,1.4,600,CRK,1/1/1978 12:00:00 AM,1981-12-15,IN,45.0
M480,BYPASS,S,POWELL ST CROSS CONNECTION,MSCL,2.28,225,SAND,7/27/2002 12:00:00 AM,2002-07-24,IN,24.0
M055,OFTAKE,S,NO 1 OLINDA-MITCHAM MAIN,MSCL,1.94,150,CLAY,1/1/1963 12:00:00 AM,1914-01-01,IN,112.0
M478,MAINBG,T,CARDINIA - PEARCEDALE DUP,MS,16.7,1350,CRK,1/1/2001 12:00:00 AM,2001-01-01,IN,25.0
M078,BRANCH,S,ROSANNA - PRESTON MAIN,MSCL,1.77,900,CRK,1/1/1976 12:00:00 AM,1976-01-01,IN,50.0
M056,BRANCH,S,OLINDA-MITCHAM NO.3,CICL,1.45,150,CLAY,1/1/1981 12:00:00 AM,1936-01-01,IN,90.0
M350,BRANCH,S,WESTERN TRANSFER MAIN,MSCL,1.07,300,CLAY,1/1/1984 12:00:00 AM,2012-01-01,IN,14.0
M230,MAINBG,T,O'SHANNASSY-U/YARRA CONDUIT MA,MS,22.1,1150,SAND,1/1/1964 12:00:00 AM,1964-01-01,IN,62.0
M350,MAINBG,T,WESTERN TRANSFER MAIN,MS,983.7,1350,CLAY,1/1/1984 12:00:00 AM,1984-01-01,IN,42.0
M474,MAINBG,T,ST GEORGES RD REPLACEMENT MAIN,MS,11.84,600,SAND,1/1/1995 12:00:00 AM,1996-07-25,IN,30.0
M041,MAINBG,T,MERRI CK - NORTHCOTE-PUNT RD,MS,32.97,1150,CLAY,1/1/1928 12:00:00 AM,1927-01-01,IN,99.0
M193,MAINBG,T,KENNY ST-BROADMEADOWS MAIN,MS,10.83,1150,CLAY,1/1/1965 12:00:00 AM,1962-07-23,IN,64.0
M281,BYPASS,S,CARDINIA-DAND'G-NOTTING HILL M,MSCL,1.19,225,SAND,1/1/1974 12:00:00 AM,1974-01-01,IN,52.0
M198,MAINBG,T,SOMERTON HIGH LEVEL MAIN,MS,58.17,600,CRK,1/1/1962 12:00:00 AM,1962-01-01,IN,64.0
M420,OFTAKE,S,TARAGO - WESTERN PORT MAIN,MSCL,4.19,100,SAND,1/1/1979 12:00:00 AM,1975-08-01,IN,51.0
M131,MAINBG,T,MT VIEW-DANDENONG MAIN,MS,18.45,825,CRK,1/1/1958 12:00:00 AM,1958-01-01,IN,68.0
M480,MAINBG,T,POWELL ST CROSS CONNECTION,MS,0.87,900,SAND,7/27/2002 12:00:00 AM,2002-07-27,IN,24.0
P055,BYPASS,S,(NOT OP) MONTROSE RES INLET PS,MS,1.65,150,CLAY,1/1/1983 12:00:00 AM,1983-01-01,IN,43.0
M375,CROSS,T,CARDINIA - HALLAM NO 2 MAIN,MS,2.11,1700,UNKN,1/1/1988 12:00:00 AM,1988-01-01,IN,38.0
M478,MAINBG,S,CARDINIA - PEARCEDALE DUP,MSCL,4.0,1700,CRK,1/1/2001 12:00:00 AM,2001-01-01,IN,25.0
M478,MAINBG,T,CARDINIA - PEARCEDALE DUP,MS,2.17,1700,CRK,1/1/2001 12:00:00 AM,2001-01-01,IN,25.0
M055,MAINBG,T,NO 1 OLINDA-MITCHAM MAIN,MS,2.27,900,CLAY,1/1/1927 12:00:00 AM,1912-01-01,IN,114.0
M275,MAINBG,T,MCMAHONS CK DIVERSION MAIN,MS,354.88,375,CRK,1/1/1968 12:00:00 AM,1969-01-01,IN,57.0
M275,MAINBG,T,MCMAHONS CK DIVERSION MAIN,MS,1731.94,1150,CRK,1/1/1968 12:00:00 AM,1969-01-01,IN,57.0
M275,MAINBG,T,MCMAHONS CK DIVERSION MAIN,MS,555.89,1150,CRK,1/1/1968 12:00:00 AM,1969-01-01,IN,57.0
M350,MAINBG,T,WESTERN TRANSFER MAIN,MS,2517.11,1350,CLAY,1/1/1983 12:00:00 AM,1984-01-01,IN,42.0
M462,MAINBG,T,LANGWARRIN-FRANKSTON NO 2 MAIN,MS,882.5,900,SAND,1/1/1967 12:00:00 AM,1967-01-01,IN,59.0
M194,CROSS,S,EPPING-PRESTON MAIN,CICL,2.42,100,CLAY,1/1/1960 12:00:00 AM,1960-01-01,IN,66.0
M375,MAINBG,T,CARDINIA - HALLAM NO 2 MAIN,MS,3.75,1350,SAND,1/1/1981 12:00:00 AM,1981-01-01,IN,45.0
M104,MAINBG,T,MORANG OUTLET,MS,80.53,900,CRK,1/1/1989 12:00:00 AM,1989-01-01,IN,37.0
M474,MAINBG,T,ST GEORGES RD REPLACEMENT MAIN,MS,0.9,1150,SAND,1/1/1995 12:00:00 AM,1995-01-01,IN,31.0
M041,MAINBG,T,MERRI CK - NORTHCOTE-PUNT RD,MS,35.81,1150,CLAY,1/1/1928 12:00:00 AM,1928-01-01,IN,98.0
M281,MAINBG,T,CARDINIA-DAND'G-NOTTING HILL M,MS,19.45,1700,SNC,1/1/1974 12:00:00 AM,1974-01-01,IN,52.0
M301,MAINBG,T,U/YARRA-O'SHANNASSY SIPHON MAI,MS,270.27,1150,C&GR,1/1/1938 12:00:00 AM,1938-01-01,IN,88.0
M420,OFTAKE,S,TARAGO - WESTERN PORT MAIN,MSCL,2.49,100,SAND,1/1/1979 12:00:00 AM,1975-08-01,IN,51.0
M474,MAINBG,T,ST GEORGES RD REPLACEMENT MAIN,MS,0.77,825,SAND,1/1/1995 12:00:00 AM,1996-07-25,IN,30.0
M475,MAINBG,T,PAKENHAM RES NO.2 INLET MAIN,MS,1.27,600,CRK,11/25/1997 12:00:00 AM,1997-11-25,IN,29.0
M054,MAINBG,T,OLINDA-MITCHAM NO.2,MS,215.86,1150,CLAY,1/1/1984 12:00:00 AM,1926-01-01,IN,100.0
M055,MAINBG,T,NO 1 OLINDA-MITCHAM MAIN,MSLB,19.99,900,CLAY,1/1/1963 12:00:00 AM,1914-01-01,IN,112.0
M190,MAINBG,T,YAN YEAN-EPPING MAIN,MS,0.9,1700,CLAY,1/1/1960 12:00:00 AM,1960-01-01,IN,66.0
M193,MAINBG,T,KENNY ST-BROADMEADOWS MAIN,MS,763.85,900,CLAY,1/1/1965 12:00:00 AM,1965-01-01,IN,61.0
M159,MAINBG,T,MT WAVERLY-NOTTING HILL MAIN,MS,77.69,1150,SAND,1/1/1955 12:00:00 AM,1976-01-01,IN,50.0
M182,BRANCH,S,BROOKLYN-GALVIN-LAVERTON MAIN,MSCL,1.78,150,CLAY,1/1/1961 12:00:00 AM,1961-01-01,IN,65.0
M182,BYPASS,S,BROOKLYN-GALVIN-LAVERTON MAIN,MSCL,4.31,150,CLAY,1/1/1961 12:00:00 AM,1961-01-01,IN,65.0
M420,MAINBG,T,TARAGO - WESTERN PORT MAIN,MS,4.7,1150,SAND,1/1/1979 12:00:00 AM,1973-08-01,IN,53.0
M055,MAINBG,T,NO 1 OLINDA-MITCHAM MAIN,MS,1.97,825,CRK,1/1/1992 12:00:00 AM,1992-01-01,IN,34.0
M291,MAINBG,T,SILVAN - OLINDA MAIN,MS,13.97,1700,CRK,1/1/1971 12:00:00 AM,1971-01-01,IN,55.0
M258,MAINBG,T,MAROONDAH AQUADUCT REPLACEMENT,MS,81.05,2100,SAND,1/1/1976 12:00:00 AM,1976-01-01,IN,50.0
M194,BYPASS,T,EPPING-PRESTON MAIN,MS,2.68,225,CLAY,1/1/1960 12:00:00 AM,2010-01-21,IN,16.0
M197,CONN,S,SILVAN-PRESTON MAIN,MS,1.1,600,CLAY,1/1/1962 12:00:00 AM,1962-01-01,IN,64.0
M346,BYPASS,S,SYDENHAM OUTLET MAIN,MS,4.6,225,CRK,1/1/1978 12:00:00 AM,1977-01-01,IN,49.0
M474,BYPASS,S,ST GEORGES RD REPLACEMENT MAIN,MSCL,6.11,225,SAND,1/1/1995 12:00:00 AM,1996-07-25,IN,30.0
M197,BYPASS,S,SILVAN-PRESTON MAIN,MSCL,5.01,825,TOPS,1/1/1962 12:00:00 AM,1962-01-01,IN,64.0
M195,BYPASS,S,MT WAVERLY OUTLET MAIN,CICL,8.88,225,SNC,1/1/1962 12:00:00 AM,1978-01-01,IN,48.0
M193,CONN,S,KENNY ST-BROADMEADOWS MAIN,MSEL,0.48,225,CLAY,1/1/1994 12:00:00 AM,1965-01-01,IN,61.0
M054,MAINBG,T,OLINDA-MITCHAM NO.2,MS,60.97,1150,CLAY,1/1/1984 12:00:00 AM,1926-01-01,IN,100.0
M055,MAINBG,T,NO 1 OLINDA-MITCHAM MAIN,MSLB,5.69,900,CLAY,1/1/1976 12:00:00 AM,1914-01-01,IN,112.0
M160,MAINBG,T,PRESTON - FOOTSCRAY MAIN,MS,6.56,1150,CLAY,1/1/1958 12:00:00 AM,1958-03-01,IN,68.0
M158,MAINBG,S,SURREY HILLS - ROSANNA,MSCL,0.54,450,CLAY,1/1/1957 12:00:00 AM,2005-06-02,IN,21.0
M021,MAINBG,T,BLACKBURN RD - NOTTING HILL,MS,2.02,600,SS&C,1/1/1983 12:00:00 AM,1984-01-01,IN,42.0
M002,MAINBG,T,SURREY HILLS RES,MS,1.2,1150,CLAY,1/1/1985 12:00:00 AM,1990-01-01,IN,36.0
P055,MAINBG,S,(NOT OP) MONTROSE RES INLET PS,MS,2.71,450,UNKN,1/1/1983 12:00:00 AM,1983-01-01,IN,43.0
M055,MAINBG,T,NO 1 OLINDA-MITCHAM MAIN,MSLB,204.26,900,CLAY,1/1/1963 12:00:00 AM,1914-01-01,IN,112.0
M054,BYPASS,S,OLINDA-MITCHAM NO.2,MSCL,0.41,225,CLAY,1/1/1992 12:00:00 AM,1926-01-01,IN,100.0
M257,MAINBG,T,ST ALBANS OUTLET MAIN,MS,17.34,1150,CRK,1/1/1966 12:00:00 AM,1966-01-01,IN,60.0
M268,MAINBG,T,MT VIEW OUTLET MAIN,MS,3.75,1150,CLAY,1/1/1965 12:00:00 AM,1968-01-01,IN,58.0
M257,MAINBG,T,ST ALBANS OUTLET MAIN,MS,31.44,1150,CRK,1/1/2005 12:00:00 AM,2005-05-06,IN,21.0
M257,OFTAKE,S,ST ALBANS OUTLET MAIN,MSCL,2.99,225,CRK,1/1/1974 12:00:00 AM,1974-01-01,IN,52.0
M422,MAINBG,T,BITTERN - DROMANA NO 2 MAIN,MS,1.27,900,CLAY,1/1/1964 12:00:00 AM,1965-01-01,IN,61.0
M462,MAINBG,T,LANGWARRIN-FRANKSTON NO 2 MAIN,MS,416.8,900,SAND,1/1/1967 12:00:00 AM,1967-01-01,IN,59.0
M190,BYPASS,S,YAN YEAN-EPPING MAIN,MSCL,2.42,225,CLAY,1/1/1960 12:00:00 AM,1994-02-01,IN,32.0
M190,BYPASS,S,YAN YEAN-EPPING MAIN,MSCL,6.33,300,CLAY,1/1/1960 12:00:00 AM,1994-02-01,IN,32.0
M192,BYPASS,S,EPPING-GREENVALE MAIN,MSCL,1.07,225,UNKN,1/1/1971 12:00:00 AM,1972-01-01,IN,54.0
M056,MAINBG,T,OLINDA-MITCHAM NO.3,MS,2.62,1150,CLAY,1/1/1984 12:00:00 AM,1936-01-01,IN,90.0
M350,MAINBG,T,WESTERN TRANSFER MAIN,MS,50.34,1350,CLAY,1/1/1983 12:00:00 AM,1984-01-01,IN,42.0
M350,MAINBG,T,WESTERN TRANSFER MAIN,MS,1443.6,1350,CLAY,1/1/1983 12:00:00 AM,1984-01-01,IN,42.0
M070,MAINBG,S,PRESTON-NTH ESSENDON NO 2 MAIN,MSCL,0.27,450,CLAY,1/1/1977 12:00:00 AM,1999-01-01,IN,27.0
M055,MAINBG,T,NO 1 OLINDA-MITCHAM MAIN,MS,0.84,825,CRK,1/1/1992 12:00:00 AM,1992-01-01,IN,34.0
M193,OFTAKE,S,KENNY ST-BROADMEADOWS MAIN,MSCL,1.06,225,CLAY,1/1/1965 12:00:00 AM,1996-12-01,IN,30.0
M198,MAINBG,T,SOMERTON HIGH LEVEL MAIN,MS,2.26,450,CRK,1/1/1962 12:00:00 AM,1964-01-01,IN,62.0
M194,MAINBG,T,EPPING-PRESTON MAIN,MS,96.37,1150,CLAY,1/1/1960 12:00:00 AM,1960-07-04,IN,66.0
M197,MAINBG,T,SILVAN-PRESTON MAIN,MS,217.78,1700,SAND,1/1/1962 12:00:00 AM,1962-01-01,IN,64.0
M195,MAINBG,T,MT WAVERLY OUTLET MAIN,MS,1.34,900,SNC,1/1/1962 12:00:00 AM,1962-01-01,IN,64.0
M319,MAINBG,T,QUARRY HILL RISING MAIN,MS,2.23,1150,C&BS,1/1/1977 12:00:00 AM,1978-01-01,IN,48.0
M291,MAINBG,S,SILVAN - OLINDA MAIN,MSEL,0.96,1350,CLAY,1/1/1971 12:00:00 AM,1971-01-01,IN,55.0
M273,OFTAKE,S,CARDINIA BYPASS,MSEL,0.249,150,S&C,1/1/1971 12:00:00 AM,1971-01-01,IN,55.0
M257,OFTAKE,S,ST ALBANS OUTLET MAIN,MSCL,1.13,150,CRK,1/1/1966 12:00:00 AM,1966-01-01,IN,60.0
M333,MAINBG,T,GREENVALE-YUROKE-SYDENHAM,MS,1.55,900,CRK,1/1/1978 12:00:00 AM,1978-01-01,IN,48.0
M468,MAINBG,T,JOHNS HILL INLET MAIN,MS,25.83,600,UNKN,1/1/1994 12:00:00 AM,1998-06-01,IN,28.0
M281,BYPASS,S,CARDINIA-DAND'G-NOTTING HILL M,MSCL,6.0,225,SAND,1/1/1974 12:00:00 AM,1988-01-01,IN,38.0
M478,BYPASS,S,CARDINIA - PEARCEDALE DUP,MSCL,1.29,225,CRK,1/1/2001 12:00:00 AM,2001-01-01,IN,25.0
M194,BYPASS,S,EPPING-PRESTON MAIN,MSCL,1.62,300,CLAY,1/1/1960 12:00:00 AM,1960-07-04,IN,66.0
M132,BYPASS,S,SILVA-MT WAVERLY MAIN,MSCL,6.3,900,CLAY,1/1/1957 12:00:00 AM,1957-01-01,IN,69.0
M190,MAINBG,T,YAN YEAN-EPPING MAIN,MS,1.73,1700,CLAY,1/1/1960 12:00:00 AM,1960-01-01,IN,66.0
M195,CONN,S,MT WAVERLY OUTLET MAIN,MSCL,1.35,150,SNC,1/1/1962 12:00:00 AM,1962-01-01,IN,64.0
M191,BYPASS,S,MORANG BRCH YAN YEAN-EPPING M,MSEL,1.07,225,SAND,5/21/2001 12:00:00 AM,2001-05-21,IN,25.0
M021,BYPASS,S,BLACKBURN RD - NOTTING HILL,MSCL,0.75,225,SS&C,1/1/1983 12:00:00 AM,1984-01-01,IN,42.0
M475,MAINBG,T,PAKENHAM RES NO.2 INLET MAIN,MS,5.82,600,CRK,11/25/1997 12:00:00 AM,1997-11-25,IN,29.0
M281,CROSS,S,CARDINIA-DAND'G-NOTTING HILL M,MSCL,1.26,600,SAND,1/1/1974 12:00:00 AM,1996-01-01,IN,30.0
M280,CROSS,S,GREENVALE RESERVOIR OUTLET,MSCL,1.09,225,CLAY,1/1/1971 12:00:00 AM,1971-01-01,IN,55.0
M022,MAINBG,T,MITCHAM-NOTTING HILL MAIN,MS,7.44,825,SAND,1/1/1986 12:00:00 AM,1986-01-01,IN,40.0
M350,MAINBG,T,WESTERN TRANSFER MAIN,MS,89.77,1350,CLAY,1/1/1983 12:00:00 AM,1984-01-01,IN,42.0
M441,MAINBG,T,LANGWARRIN - BITTERN NO 2 MAIN,MS,0.5,825,CLAY,1/1/1959 12:00:00 AM,1959-01-01,IN,67.0
M192,BRANCH,S,EPPING-GREENVALE MAIN,MSEL,0.38,1350,UNKN,1/1/1971 12:00:00 AM,1960-01-01,IN,66.0
M198,BRANCH,S,SOMERTON HIGH LEVEL MAIN,MSCL,20.74,600,CRK,1/1/1962 12:00:00 AM,1962-01-01,IN,64.0
M160,BYPASS,S,PRESTON - FOOTSCRAY MAIN,MSCL,4.12,225,CLAY,1/1/1958 12:00:00 AM,1958-03-01,IN,68.0
M478,BYPASS,S,CARDINIA - PEARCEDALE DUP,MSCL,2.13,150,CRK,1/1/2001 12:00:00 AM,2001-01-01,IN,25.0
M054,MAINBG,T,OLINDA-MITCHAM NO.2,MS,23.23,1150,CLAY,1/1/1984 12:00:00 AM,1926-01-01,IN,100.0
M257,MAINBG,T,ST ALBANS OUTLET MAIN,MS,165.39,1150,CRK,1/1/1970 12:00:00 AM,1970-01-01,IN,56.0
M237,MAINBG,T,NTH ESSENDON BCH GREENVALE MAI,MS,1.67,900,SAND,1/1/1965 12:00:00 AM,1965-01-01,IN,61.0
M420,OFTAKE,S,TARAGO - WESTERN PORT MAIN,MSCL,3.32,150,SAND,1/1/1979 12:00:00 AM,1975-08-01,IN,51.0
M192,MAINBG,T,EPPING-GREENVALE MAIN,MS,57.31,1350,CLAY,1/1/1960 12:00:00 AM,1960-01-01,IN,66.0
M332,OFTAKE,S,WINNEKE-PRESTON (SLOAF RES.MN),MSEL,1.09,100,SAND,1/1/1980 12:00:00 AM,1980-10-14,IN,46.0
M160,MAINBG,T,PRESTON - FOOTSCRAY MAIN,MS,7.98,1350,CLAY,1/1/1958 12:00:00 AM,1958-03-01,IN,68.0
M190,CONN,S,YAN YEAN-EPPING MAIN,MSCL,1.15,600,CLAY,1/1/1960 12:00:00 AM,1994-02-01,IN,32.0
M197,MAINBG,T,SILVAN-PRESTON MAIN,MS,42.06,1700,CLAY,1/1/1962 12:00:00 AM,1962-01-01,IN,64.0
M275,MAINBG,T,MCMAHONS CK DIVERSION MAIN,MS,2.56,900,CRK,1/1/1968 12:00:00 AM,1969-01-01,IN,57.0
M195,OFTAKE,S,MT WAVERLY OUTLET MAIN,MSCL,1.94,150,SNC,1/1/1962 12:00:00 AM,1962-01-01,IN,64.0
M257,OFTAKE,S,ST ALBANS OUTLET MAIN,MSCL,0.82,150,CRK,1/1/1970 12:00:00 AM,1980-10-14,IN,46.0
M333,MAINBG,T,GREENVALE-YUROKE-SYDENHAM,MS,41.56,1150,CRK,1/1/1978 12:00:00 AM,1978-01-01,IN,48.0
M046,CONN,S,MITCHAM-SURREY HILLS MAIN,CI,3.15,300,CLAY,1/1/1912 12:00:00 AM,1912-01-01,IN,114.0
M268,CONN,S,MT VIEW OUTLET MAIN,MSCL,3.0,300,CLAY,1/1/1965 12:00:00 AM,1975-01-01,IN,51.0
M194,CROSS,S,EPPING-PRESTON MAIN,CICL,2.89,225,CLAY,1/1/1960 12:00:00 AM,1957-11-07,IN,69.0
M378,MAINBG,T,CARDINIA - BERWICK MAIN,MS,364.19,1350,SAND,1/1/1981 12:00:00 AM,1981-01-01,IN,45.0
M474,MAINBG,T,ST GEORGES RD REPLACEMENT MAIN,MS,2.6,1150,SAND,1/1/1995 12:00:00 AM,1995-01-01,IN,31.0
M237,MAINBG,T,NTH ESSENDON BCH GREENVALE MAI,MSEL,4.74,600,CLAY,1/1/1965 12:00:00 AM,1965-01-01,IN,61.0
M237,MAINBG,T,NTH ESSENDON BCH GREENVALE MAI,MSEL,205.13,900,CLAY,1/1/1965 12:00:00 AM,1965-01-01,IN,61.0
M237,MAINBG,T,NTH ESSENDON BCH GREENVALE MAI,MSEL,3.02,600,CLAY,1/1/1965 12:00:00 AM,1965-01-01,IN,61.0
M193,BYPASS,S,KENNY ST-BROADMEADOWS MAIN,MSCL,6.27,225,CLAY,1/1/1965 12:00:00 AM,1979-06-02,IN,47.0
M276,MAINBG,T,ARMSTRONG CRK DIVERSION MAIN,MS,0.88,1150,CRK,1/1/1969 12:00:00 AM,1969-01-01,IN,57.0
M237,MAINBG,T,NTH ESSENDON BCH GREENVALE MAI,MSEL,1.58,600,CLAY,1/1/1965 12:00:00 AM,1979-06-02,IN,47.0
M257,OFTAKE,S,ST ALBANS OUTLET MAIN,MSCL,5.11,150,CRK,1/1/1966 12:00:00 AM,1966-01-01,IN,60.0
M333,OFTAKE,S,GREENVALE-YUROKE-SYDENHAM,MSCL,0.86,600,CRK,1/1/1978 12:00:00 AM,1978-01-01,IN,48.0
M378,MAINBG,T,CARDINIA - BERWICK MAIN,MS,124.99,1350,SAND,1/1/1981 12:00:00 AM,1981-01-01,IN,45.0
M420,OFTAKE,S,TARAGO - WESTERN PORT MAIN,MSCL,1.99,100,SAND,1/1/1979 12:00:00 AM,1975-08-01,IN,51.0
M478,MAINBG,T,CARDINIA - PEARCEDALE DUP,MS,21.16,1150,CRK,1/1/2001 12:00:00 AM,2001-01-01,IN,25.0
M076,MAINBG,T,"HIGH ST RD, MT WAVERLY MAIN",MSLB,62.21,750,CLAY,1/1/1979 12:00:00 AM,1928-01-01,IN,98.0
M158,MAINBG,T,SURREY HILLS - ROSANNA,MS,9.6,1150,CLAY,1/1/1957 12:00:00 AM,1957-01-01,IN,69.0
M132,MAINBG,T,SILVA-MT WAVERLY MAIN,MS,1.8,1700,CLAY,1/1/1957 12:00:00 AM,1957-01-01,IN,69.0
M420,CONN,S,TARAGO - WESTERN PORT MAIN,MSCL,10.64,100,SAND,1/1/1979 12:00:00 AM,1975-08-01,IN,51.0
M197,MAINBG,T,SILVAN-PRESTON MAIN,MS,1794.5,1700,SAND,1/1/1962 12:00:00 AM,1962-01-01,IN,64.0
M283,MAINBG,T,YARRA VALLEY CONDUIT MAIN,MS,5433.92,2100,SLCL,1/1/1973 12:00:00 AM,1976-01-01,IN,50.0
M333,MAINBG,S,GREENVALE-YUROKE-SYDENHAM,MS,1.616,900,CRK,1/1/1978 12:00:00 AM,1978-01-01,IN,48.0
M002,MAINBG,T,SURREY HILLS RES,MS,2.82,1150,CLAY,1/1/1939 12:00:00 AM,1939-01-01,IN,87.0
M478,CROSS,S,CARDINIA - PEARCEDALE DUP,MSCL,1.64,450,CRK,1/1/2001 12:00:00 AM,2001-01-01,IN,25.0
M354,MAINBG,T,SILVAN - MT WAVERLY NO 2 MAIN,MS,39.1,1700,CLAY,1/1/1983 12:00:00 AM,1983-01-01,IN,43.0
M193,MAINBG,T,KENNY ST-BROADMEADOWS MAIN,MS,2.59,900,CRK,1/1/1965 12:00:00 AM,1965-01-01,IN,61.0
M132,CROSS,S,SILVA-MT WAVERLY MAIN,MSCL,3.91,300,SAND,1/1/1983 12:00:00 AM,1983-01-01,IN,43.0
M046,BYPASS,S,MITCHAM-SURREY HILLS MAIN,MSCL,1.06,225,CLAY,1/1/1912 12:00:00 AM,1912-01-01,IN,114.0
M022,CONN,S,MITCHAM-NOTTING HILL MAIN,MSCL,2.84,450,CLAY,1/1/1968 12:00:00 AM,1927-01-01,IN,99.0
SL08,MAINBG,T,CARDINIA BYPASS SURGE VESSEL,MS,1.28,600,UNKN,1/1/1971 12:00:00 AM,2011-08-26,IN,15.0
M054,CROSS,S,OLINDA-MITCHAM NO.2,MSCL,0.69,225,SAND,1/1/1992 12:00:00 AM,1926-01-01,IN,100.0
M022,CONN,S,MITCHAM-NOTTING HILL MAIN,MSCL,2.57,225,CLAY,1/1/1968 12:00:00 AM,1966-01-01,IN,60.0
M046,CROSS,S,MITCHAM-SURREY HILLS MAIN,CICL,6.29,225,CLAY,1/1/1912 12:00:00 AM,1938-01-01,IN,88.0
M375,CROSS,S,CARDINIA - HALLAM NO 2 MAIN,MSCL,6.31,1700,SAND,1/1/1974 12:00:00 AM,1988-01-01,IN,38.0
M046,MAINBG,T,MITCHAM-SURREY HILLS MAIN,MS,115.93,900,SAND,1/1/1964 12:00:00 AM,1964-01-01,IN,62.0
M191,MAINBG,T,MORANG BRCH YAN YEAN-EPPING M,MS,72.41,1350,CLAY,1/1/1960 12:00:00 AM,2001-05-21,IN,25.0
M131,MAINBG,T,MT VIEW-DANDENONG MAIN,MS,2.78,825,CRK,1/1/1958 12:00:00 AM,1958-01-01,IN,68.0
M350,MAINBG,T,WESTERN TRANSFER MAIN,MS,254.45,1350,CLAY,1/1/1983 12:00:00 AM,1983-01-01,IN,43.0
M113,OFTAKE,S,MITCHAM - SURREY HILLS DUP.,MSCL,9.46,225,CLAY,1/1/1984 12:00:00 AM,1986-01-01,IN,40.0
M474,BYPASS,S,ST GEORGES RD REPLACEMENT MAIN,MSCL,3.0,150,SAND,1/1/1995 12:00:00 AM,1996-07-25,IN,30.0
M197,CONN,S,SILVAN-PRESTON MAIN,MSCL,2.24,375,TOPS,1/1/1962 12:00:00 AM,1962-01-01,IN,64.0
M280,CROSS,S,GREENVALE RESERVOIR OUTLET,MSCL,6.92,225,CLAY,1/1/1971 12:00:00 AM,1971-01-01,IN,55.0
M420,MAINBG,T,TARAGO - WESTERN PORT MAIN,MS,44.17,1050,SAND,1/1/1979 12:00:00 AM,1979-01-01,IN,47.0
M054,MAINBG,T,OLINDA-MITCHAM NO.2,MS,0.75,900,SAND,1/1/1992 12:00:00 AM,1992-01-01,IN,34.0
M478,CROSS,S,CARDINIA - PEARCEDALE DUP,MSCL,6.86,600,CRK,1/1/2001 12:00:00 AM,2001-01-01,IN,25.0
M132,CROSS,S,SILVA-MT WAVERLY MAIN,MSCL,3.02,450,CLAY,1/1/1957 12:00:00 AM,1985-01-01,IN,41.0
M161,MAINAG,T,YARRA-SILVAN CONDUIT NO 1,MS,23.41,1700,SS&C,1/1/1946 12:00:00 AM,1946-01-01,IN,80.0
M131,MAINBG,T,MT VIEW-DANDENONG MAIN,MS,79.17,1150,CRK,1/1/1958 12:00:00 AM,1958-01-01,IN,68.0
M103,MAINBG,S,CORANDERRK WEIR TO DICKS BASIN,CI,0.97,600,CLAY,1/1/1931 12:00:00 AM,1930-09-05,IN,96.0
M158,MAINBG,T,SURREY HILLS - ROSANNA,MS,612.43,1150,CLAY,1/1/1957 12:00:00 AM,1957-01-01,IN,69.0
M198,MAINBG,T,SOMERTON HIGH LEVEL MAIN,MS,9.22,600,CRK,1/1/1962 12:00:00 AM,1962-01-01,IN,64.0
M257,BRANCH,S,ST ALBANS OUTLET MAIN,MSCL,2.64,600,CRK,1/1/1974 12:00:00 AM,1974-01-01,IN,52.0
M046,MAINBG,T,MITCHAM-SURREY HILLS MAIN,MS,49.35,900,CLAY,1/1/1912 12:00:00 AM,1912-01-01,IN,114.0
M281,MAINBG,T,CARDINIA-DAND'G-NOTTING HILL M,MS,260.78,1700,SAND,1/1/1974 12:00:00 AM,1974-01-01,IN,52.0
M319,MAINBG,T,QUARRY HILL RISING MAIN,MS,292.59,1150,SAND,1/1/1977 12:00:00 AM,1977-01-01,IN,49.0
M046,MAINBG,T,MITCHAM-SURREY HILLS MAIN,MSR,150.61,900,CLAY,1/1/1912 12:00:00 AM,1912-01-01,IN,114.0
M113,OFTAKE,S,MITCHAM - SURREY HILLS DUP.,CICL,10.28,300,CLAY,1/1/1984 12:00:00 AM,1939-01-01,IN,87.0
M057,MAINBG,T,MORANG-PRESTON NO 1&3 MAIN,MS,2.34,900,CRK,10/30/2006 12:00:00 AM,2006-10-30,IN,20.0
M057,MAINBG,T,MORANG-PRESTON NO 1&3 MAIN,MSCL,314.08,900,CRK,10/30/2006 12:00:00 AM,2006-10-30,IN,20.0
M057,MAINBG,T,MORANG-PRESTON NO 1&3 MAIN,MS,162.26,1700,SAND,1/1/1982 12:00:00 AM,1979-01-01,IN,47.0
M350,MAINBG,T,WESTERN TRANSFER MAIN,MS,34.04,1350,CLAY,1/1/1984 12:00:00 AM,1984-01-01,IN,42.0
M468,MAINBG,T,JOHNS HILL INLET MAIN,MS,7.01,600,UNKN,1/1/1994 12:00:00 AM,1998-06-01,IN,28.0
M041,MAINBG,T,MERRI CK - NORTHCOTE-PUNT RD,MS,6.07,1150,CLAY,1/1/1928 12:00:00 AM,1927-01-01,IN,99.0
M193,MAINBG,T,KENNY ST-BROADMEADOWS MAIN,MS,102.57,1150,CLAY,1/1/1965 12:00:00 AM,1965-01-01,IN,61.0
M132,MAINBG,T,SILVA-MT WAVERLY MAIN,MS,25.87,1700,CLAY,1/1/1957 12:00:00 AM,1957-01-01,IN,69.0
M104,MAINBG,T,MORANG OUTLET,MS,352.43,800,CRK,1/1/1989 12:00:00 AM,2005-05-02,IN,21.0
M054,MAINBG,T,OLINDA-MITCHAM NO.2,MS,182.48,1150,CLAY,1/1/1984 12:00:00 AM,1926-01-01,IN,100.0
M198,MAINBG,T,SOMERTON HIGH LEVEL MAIN,MS,0.85,450,CRK,1/1/1962 12:00:00 AM,1962-01-01,IN,64.0
M195,MAINBG,T,MT WAVERLY OUTLET MAIN,MS,34.84,825,SNC,1/1/1962 12:00:00 AM,1962-01-01,IN,64.0
M190,MAINBG,T,YAN YEAN-EPPING MAIN,MS,69.17,1700,CLAY,1/1/1960 12:00:00 AM,1960-01-01,IN,66.0
M375,MAINBG,T,CARDINIA - HALLAM NO 2 MAIN,MS,5.74,1700,CRK,1/1/1973 12:00:00 AM,1988-01-01,IN,38.0
M193,MAINBG,T,KENNY ST-BROADMEADOWS MAIN,MS,86.9,900,CLAY,1/1/1965 12:00:00 AM,1965-01-01,IN,61.0
M160,MAINBG,T,PRESTON - FOOTSCRAY MAIN,MS,463.35,1150,CLAY,1/1/1958 12:00:00 AM,1958-03-01,IN,68.0
M462,OFTAKE,S,LANGWARRIN-FRANKSTON NO 2 MAIN,MSCL,2.093,300,SAND,1/1/1967 12:00:00 AM,1967-01-01,IN,59.0
M333,BYPASS,S,GREENVALE-YUROKE-SYDENHAM,MSEL,20.02,225,CRK,1/1/1978 12:00:00 AM,1978-01-01,IN,48.0
M319,BYPASS,S,QUARRY HILL RISING MAIN,MSCL,3.74,225,C&BS,1/1/1977 12:00:00 AM,2009-08-05,IN,17.0
M462,BYPASS,T,LANGWARRIN-FRANKSTON NO 2 MAIN,MS,4.2,150,SAND,1/1/1967 12:00:00 AM,1967-01-01,IN,59.0
M198,BYPASS,S,SOMERTON HIGH LEVEL MAIN,MSCL,2.37,150,CRK,1/1/1962 12:00:00 AM,1962-01-01,IN,64.0
M159,BYPASS,S,MT WAVERLY-NOTTING HILL MAIN,MSCL,2.16,225,SAND,1/1/1955 12:00:00 AM,1955-01-01,IN,71.0
M422,MAINBG,T,BITTERN - DROMANA NO 2 MAIN,MS,20.07,900,CLAY,1/1/1964 12:00:00 AM,1964-01-01,IN,62.0
M046,MAINBG,T,MITCHAM-SURREY HILLS MAIN,MSR,12.84,900,CLAY,1/1/1912 12:00:00 AM,1912-01-01,IN,114.0
M333,MAINBG,T,GREENVALE-YUROKE-SYDENHAM,MS,8.52,825,CRK,1/1/1978 12:00:00 AM,1978-01-01,IN,48.0
M197,MAINBG,S,SILVAN-PRESTON MAIN,MSEL,1.18,1350,MS&C,1/1/1962 12:00:00 AM,1962-01-01,IN,64.0
M195,MAINBG,T,MT WAVERLY OUTLET MAIN,MS,292.06,600,SNC,1/1/1962 12:00:00 AM,1962-01-01,IN,64.0
M372,MAINBG,T,LUSATIA PARK MAIN,DI,837.71,300,SAND,1/1/1985 12:00:00 AM,1984-09-01,IN,42.0
M478,OFTAKE,S,CARDINIA - PEARCEDALE DUP,MSCL,3.07,150,CRK,1/1/2001 12:00:00 AM,2001-01-01,IN,25.0
M182,CROSS,T,BROOKLYN-GALVIN-LAVERTON MAIN,UPVC,0.1,200,CLAY,1/1/1961 12:00:00 AM,1999-11-01,IN,27.0
M160,CROSS,S,PRESTON - FOOTSCRAY MAIN,MSCL,0.9,225,CLAY,1/1/1958 12:00:00 AM,2006-07-11,IN,20.0
M193,MAINBG,T,KENNY ST-BROADMEADOWS MAIN,MS,2.19,600,CRK,1/1/1965 12:00:00 AM,1965-01-01,IN,61.0
M375,CROSS,T,CARDINIA - HALLAM NO 2 MAIN,MS,0.99,150,UNKN,1/1/1988 12:00:00 AM,1988-01-01,IN,38.0
M160,CROSS,S,PRESTON - FOOTSCRAY MAIN,MSCL,2.77,150,CLAY,1/1/1958 12:00:00 AM,1958-03-01,IN,68.0
M113,MAINBG,T,MITCHAM - SURREY HILLS DUP.,MS,0.74,1150,CLAY,1/1/1984 12:00:00 AM,1939-01-01,IN,87.0
M055,CROSS,S,NO 1 OLINDA-MITCHAM MAIN,MSCL,0.62,150,CLAY,1/1/1978 12:00:00 AM,1914-01-01,IN,112.0
M478,MAINBG,T,CARDINIA - PEARCEDALE DUP,MS,65.88,1700,CRK,1/1/2001 12:00:00 AM,2001-01-01,IN,25.0
M378,MAINBG,T,CARDINIA - BERWICK MAIN,MS,60.29,1350,SAND,1/1/1981 12:00:00 AM,1981-01-01,IN,45.0
M054,CROSS,S,OLINDA-MITCHAM NO.2,MSCL,1.33,100,CLAY,1/1/1984 12:00:00 AM,1926-01-01,IN,100.0
M478,MAINBG,T,CARDINIA - PEARCEDALE DUP,MS,851.96,1700,CRK,1/1/2001 12:00:00 AM,2001-01-01,IN,25.0
M195,MAINBG,T,MT WAVERLY OUTLET MAIN,MS,393.37,1150,SNC,1/1/1962 12:00:00 AM,1962-01-01,IN,64.0
M378,MAINBG,T,CARDINIA - BERWICK MAIN,MS,1.48,1350,SAND,1/1/1981 12:00:00 AM,1981-01-01,IN,45.0
M420,OFTAKE,S,TARAGO - WESTERN PORT MAIN,MSCL,2.63,150,SAND,1/1/1979 12:00:00 AM,1975-08-01,IN,51.0
M041,CROSS,S,MERRI CK - NORTHCOTE-PUNT RD,CICL,4.02,150,CLAY,1/1/1928 12:00:00 AM,1977-09-18,IN,49.0
M131,MAINBG,T,MT VIEW-DANDENONG MAIN,MS,2.36,825,CRK,1/1/1958 12:00:00 AM,1958-01-01,IN,68.0
M021,MAINBG,T,BLACKBURN RD - NOTTING HILL,MS,134.76,825,SAND,1/1/1974 12:00:00 AM,1974-01-01,IN,52.0
M354,MAINBG,T,SILVAN - MT WAVERLY NO 2 MAIN,MS,39.0,1700,CLAY,1/1/1983 12:00:00 AM,1983-01-01,IN,43.0
M258,MAINBG,T,MAROONDAH AQUADUCT REPLACEMENT,MS,1544.13,2100,SAND,1/1/1977 12:00:00 AM,1977-01-01,IN,49.0
P251,MAINBG,S,GREENVALE PS,MSCL,4.7,1700,CRK,1/1/1978 12:00:00 AM,2013-04-09,IN,13.0
M375,CROSS,T,CARDINIA - HALLAM NO 2 MAIN,MS,39.11,900,UNKN,1/1/1988 12:00:00 AM,1988-01-01,IN,38.0
M160,CROSS,S,PRESTON - FOOTSCRAY MAIN,MSCL,2.23,225,CLAY,1/1/1958 12:00:00 AM,1958-03-01,IN,68.0
M160,CROSS,S,PRESTON - FOOTSCRAY MAIN,MSCL,2.67,150,CLAY,1/1/1958 12:00:00 AM,1958-02-01,IN,68.0
M054,OFTAKE,S,OLINDA-MITCHAM NO.2,MSCL,10.95,375,CLAY,1/1/1984 12:00:00 AM,1926-01-01,IN,100.0
M054,OFTAKE,S,OLINDA-MITCHAM NO.2,MSCL,2.58,100,CLAY,1/1/1984 12:00:00 AM,1926-01-01,IN,100.0
M021,BYPASS,S,BLACKBURN RD - NOTTING HILL,MSCL,0.69,225,SS&C,1/1/1983 12:00:00 AM,1984-01-01,IN,42.0
M474,BYPASS,S,ST GEORGES RD REPLACEMENT MAIN,MSCL,5.4,225,SAND,1/1/1995 12:00:00 AM,1996-07-25,IN,30.0
M197,BYPASS,S,SILVAN-PRESTON MAIN,MSCL,0.96,150,MS&C,1/1/1962 12:00:00 AM,1962-01-01,IN,64.0
M281,MAINBG,T,CARDINIA-DAND'G-NOTTING HILL M,MS,29.89,1700,SAND,1/1/1974 12:00:00 AM,1974-01-01,IN,52.0
M193,OFTAKE,S,KENNY ST-BROADMEADOWS MAIN,CICL,1.94,150,CLAY,1/1/1965 12:00:00 AM,1971-01-01,IN,55.0
M346,BYPASS,S,SYDENHAM OUTLET MAIN,MSCL,6.93,225,CRK,1/1/1978 12:00:00 AM,1977-01-01,IN,49.0
M103,SIPHBG,T,CORANDERRK WEIR TO DICKS BASIN,MS,2.51,1150,CLAY,1/1/1931 12:00:00 AM,1931-01-01,IN,95.0
M291,BYPASS,S,SILVAN - OLINDA MAIN,MSCL,0.84,300,CLAY,1/1/1971 12:00:00 AM,1971-01-01,IN,55.0
M197,MAINBG,T,SILVAN-PRESTON MAIN,MS,63.54,1700,CLAY,1/1/1962 12:00:00 AM,1962-01-01,IN,64.0
M057,MAINBG,T,MORANG-PRESTON NO 1&3 MAIN,MS,1.63,800,CRK,10/30/2006 12:00:00 AM,2006-10-30,IN,20.0
M046,BYPASS,S,MITCHAM-SURREY HILLS MAIN,MSCL,1.48,225,CLAY,1/1/1912 12:00:00 AM,1912-01-01,IN,114.0
M474,BYPASS,S,ST GEORGES RD REPLACEMENT MAIN,MSCL,0.65,225,UNKN,8/1/2002 12:00:00 AM,2002-09-18,IN,24.0
M197,BYPASS,S,SILVAN-PRESTON MAIN,MSCL,0.86,225,TOPS,1/1/1962 12:00:00 AM,1962-01-01,IN,64.0
M420,OFTAKE,S,TARAGO - WESTERN PORT MAIN,MSCL,3.9,375,SAND,1/1/1979 12:00:00 AM,1975-08-01,IN,51.0
M475,MAINBG,T,PAKENHAM RES NO.2 INLET MAIN,MS,247.06,600,CRK,11/25/1997 12:00:00 AM,1997-07-01,IN,29.0
M046,MAINBG,T,MITCHAM-SURREY HILLS MAIN,MSR,6.31,900,CLAY,1/1/1912 12:00:00 AM,1912-01-01,IN,114.0
M350,CROSS,S,WESTERN TRANSFER MAIN,MSCL,6.96,1150,CLAY,1/1/1983 12:00:00 AM,1984-01-01,IN,42.0
M132,CROSS,S,SILVA-MT WAVERLY MAIN,MSCL,5.94,225,CLAY,1/1/1957 12:00:00 AM,1957-01-01,IN,69.0
M191,MAINBG,T,MORANG BRCH YAN YEAN-EPPING M,MS,391.56,1350,CLAY,1/1/1960 12:00:00 AM,1960-01-01,IN,66.0
M022,MAINBG,T,MITCHAM-NOTTING HILL MAIN,MS,21.96,825,SAND,1/1/1986 12:00:00 AM,1986-01-01,IN,40.0
M387,CROSS,S,SILVAN SEVILLE MAIN,MSCL,19.216,375,SAND,1/1/1962 12:00:00 AM,2011-03-08,IN,15.0
M372,OFTAKE,S,LUSATIA PARK MAIN,MS,1.49,300,SAND,1/1/1986 12:00:00 AM,1986-01-01,IN,40.0
M193,OFTAKE,S,KENNY ST-BROADMEADOWS MAIN,MSEL,1.22,225,CLAY,1/1/1965 12:00:00 AM,1962-07-23,IN,64.0
M419,MAINBG,T,LANGWARRIN - BITTERN NO 3 MAIN,MS,2323.99,900,CLAY,1/1/1971 12:00:00 AM,1972-01-01,IN,54.0
M275,MAINBG,T,MCMAHONS CK DIVERSION MAIN,MS,0.87,900,CRK,1/1/1968 12:00:00 AM,1969-01-01,IN,57.0
M440,MAINBG,T,TYABB MORNINGTON MAIN,MS,9132.46,1000,CLAY,1/1/1979 12:00:00 AM,1979-01-01,IN,47.0
M378,MAINBG,T,CARDINIA - BERWICK MAIN,MS,131.62,1400,SAND,1/1/1981 12:00:00 AM,1981-01-01,IN,45.0
M054,MAINBG,T,OLINDA-MITCHAM NO.2,MS,23.75,1150,CLAY,1/1/1926 12:00:00 AM,1926-01-01,IN,100.0
M281,MAINBG,S,CARDINIA-DAND'G-NOTTING HILL M,MS,1.97,1700,SAND,1/1/1974 12:00:00 AM,1974-01-01,IN,52.0
M197,MAINBG,T,SILVAN-PRESTON MAIN,MS,2725.87,1700,SAND,1/1/1962 12:00:00 AM,1962-01-01,IN,64.0
M281,MAINBG,T,CARDINIA-DAND'G-NOTTING HILL M,MS,1.79,1700,SAND,1/1/1974 12:00:00 AM,1974-01-01,IN,52.0
M197,MAINBG,T,SILVAN-PRESTON MAIN,MS,20.01,1700,SAND,1/1/1962 12:00:00 AM,1962-01-01,IN,64.0
M333,MAINBG,T,GREENVALE-YUROKE-SYDENHAM,MS,2.62,1150,CRK,1/1/1978 12:00:00 AM,1978-01-01,IN,48.0
M474,MAINBG,T,ST GEORGES RD REPLACEMENT MAIN,MS,1.75,900,SAND,1/1/1995 12:00:00 AM,1996-07-25,IN,30.0
M046,MAINBG,T,MITCHAM-SURREY HILLS MAIN,MS,2.1,900,CLAY,1/1/1912 12:00:00 AM,1988-01-01,IN,38.0
M022,MAINBG,T,MITCHAM-NOTTING HILL MAIN,MSLB,7.75,600,CLAY,1/1/1975 12:00:00 AM,1927-01-01,IN,99.0
M195,MAINBG,T,MT WAVERLY OUTLET MAIN,MS,12.05,1150,SNC,1/1/1962 12:00:00 AM,1962-01-01,IN,64.0
M160,MAINBG,T,PRESTON - FOOTSCRAY MAIN,MS,21.8,1350,CLAY,1/1/1958 12:00:00 AM,1958-02-01,IN,68.0
M104,MAINBG,T,MORANG OUTLET,MS,48.91,800,CRK,10/30/2006 12:00:00 AM,2006-10-30,IN,20.0
M054,OFTAKE,S,OLINDA-MITCHAM NO.2,MSCL,1.01,100,CLAY,1/1/1984 12:00:00 AM,1926-01-01,IN,100.0
M131,OFTAKE,S,MT VIEW-DANDENONG MAIN,MSCL,1.07,100,CRK,1/1/1958 12:00:00 AM,1976-04-14,IN,50.0
M372,MAINBG,T,LUSATIA PARK MAIN,MS,0.61,300,SAND,1/1/1985 12:00:00 AM,1984-09-01,IN,42.0
M232,MAINBG,T,HARRIS GULLY MAIN,MS,3.98,1150,MS,1/1/1965 12:00:00 AM,1977-01-01,IN,49.0
M273,MAINBG,T,CARDINIA BYPASS,MS,4.76,2100,MS&C,1/1/1971 12:00:00 AM,1971-01-01,IN,55.0
M054,CROSS,S,OLINDA-MITCHAM NO.2,MSCL,1.1,150,CLAY,1/1/1984 12:00:00 AM,1926-01-01,IN,100.0
M479,MAINBG,T,BITTERN RES BYPASS MAIN,MS,3.0,900,SAND,1/1/1999 12:00:00 AM,1999-01-01,IN,27.0
M478,MAINBG,T,CARDINIA - PEARCEDALE DUP,MS,393.16,1350,CRK,1/1/2001 12:00:00 AM,2001-01-01,IN,25.0
M055,MAINBG,T,NO 1 OLINDA-MITCHAM MAIN,MSLB,326.025,900,CLAY,1/1/1963 12:00:00 AM,1914-01-01,IN,112.0
M076,MAINBG,T,"HIGH ST RD, MT WAVERLY MAIN",MS,0.31,750,CLAY,1/1/1979 12:00:00 AM,1928-01-01,IN,98.0
M333,BYPASS,S,GREENVALE-YUROKE-SYDENHAM,MSEL,4.0,225,CRK,1/1/1978 12:00:00 AM,1978-01-01,IN,48.0
M055,BYPASS,S,NO 1 OLINDA-MITCHAM MAIN,MSCL,0.78,150,CLAY,1/1/1963 12:00:00 AM,1914-01-01,IN,112.0
M193,CONN,S,KENNY ST-BROADMEADOWS MAIN,CICL,0.4,150,CLAY,1/1/1965 12:00:00 AM,1973-01-01,IN,53.0
M478,CROSS,S,CARDINIA - PEARCEDALE DUP,MSCL,0.74,600,CRK,1/1/2001 12:00:00 AM,2001-01-01,IN,25.0
M190,MAINBG,T,YAN YEAN-EPPING MAIN,MS,90.18,1700,CLAY,1/1/1960 12:00:00 AM,1960-10-26,IN,66.0
M194,MAINBG,S,EPPING-PRESTON MAIN,MS,2.0,1150,CLAY,1/1/1960 12:00:00 AM,1960-01-01,IN,66.0
M268,CROSS,T,MT VIEW OUTLET MAIN,MS,11.5,450,SLCL,1/1/1983 12:00:00 AM,1968-01-01,IN,58.0
M281,CROSS,S,CARDINIA-DAND'G-NOTTING HILL M,MSEL,3.2,1350,SAND,1/1/1974 12:00:00 AM,1984-01-01,IN,42.0
M348,CROSS,S,MORANG BCH OF WINNEKE-PRESTON,MS,0.63,600,CRK,1/1/1980 12:00:00 AM,1980-01-01,IN,46.0
M041,MAINBG,T,MERRI CK - NORTHCOTE-PUNT RD,MS,19.1,750,CRK,6/10/2004 12:00:00 AM,2004-06-10,IN,22.0
M257,MAINBG,T,ST ALBANS OUTLET MAIN,MS,0.75,1150,CRK,1/1/1974 12:00:00 AM,1986-01-01,IN,40.0
M301,MAINBG,T,U/YARRA-O'SHANNASSY SIPHON MAI,MS,0.72,1700,C&GR,1/1/1938 12:00:00 AM,1976-01-01,IN,50.0
M195,OFTAKE,S,MT WAVERLY OUTLET MAIN,MSCL,2.04,225,SNC,1/1/1962 12:00:00 AM,1962-01-01,IN,64.0
M103,BYPASS,S,CORANDERRK WEIR TO DICKS BASIN,CI,2.59,225,CLAY,1/1/1931 12:00:00 AM,1930-09-05,IN,96.0
M193,CONN,S,KENNY ST-BROADMEADOWS MAIN,CICL,2.19,225,CLAY,1/1/1965 12:00:00 AM,1965-01-01,IN,61.0
M197,CROSS,S,SILVAN-PRESTON MAIN,MSCL,1.22,300,CLAY,1/1/1962 12:00:00 AM,1975-01-01,IN,51.0
M475,MAINBG,T,PAKENHAM RES NO.2 INLET MAIN,MS,1319.9,600,CRK,11/25/1997 12:00:00 AM,1997-11-25,IN,29.0
M281,CROSS,S,CARDINIA-DAND'G-NOTTING HILL M,MSCL,0.51,225,SAND,1/1/1974 12:00:00 AM,1974-01-01,IN,52.0
M293,CROSS,S,MONBULK NO2 DELIVERY MAIN,MSCL,6.17,375,CLAY,1/1/1977 12:00:00 AM,1979-01-01,IN,47.0
M350,MAINBG,T,WESTERN TRANSFER MAIN,MS,2.0,1350,CLAY,1/1/1984 12:00:00 AM,1984-01-01,IN,42.0
M475,MAINBG,T,PAKENHAM RES NO.2 INLET MAIN,MS,0.89,600,CRK,11/25/1997 12:00:00 AM,1997-11-25,IN,29.0
M475,MAINBG,T,PAKENHAM RES NO.2 INLET MAIN,MS,0.68,600,CRK,11/25/1997 12:00:00 AM,1997-11-25,IN,29.0
M160,BYPASS,S,PRESTON - FOOTSCRAY MAIN,MSCL,1.12,225,CLAY,1/1/1958 12:00:00 AM,1996-06-01,IN,30.0
M041,MAINBG,T,MERRI CK - NORTHCOTE-PUNT RD,MS,296.61,1150,CRK,1/1/2004 12:00:00 AM,2004-05-10,IN,22.0
M281,MAINBG,S,CARDINIA-DAND'G-NOTTING HILL M,MS,2.92,1400,SAND,1/1/1981 12:00:00 AM,1981-01-01,IN,45.0
M293,MAINBG,T,MONBULK NO2 DELIVERY MAIN,MS,0.62,225,CLAY,1/1/1977 12:00:00 AM,1977-01-01,IN,49.0
M193,MAINBG,T,KENNY ST-BROADMEADOWS MAIN,MS,312.01,900,CRK,1/1/1965 12:00:00 AM,1965-01-01,IN,61.0
M055,MAINBG,T,NO 1 OLINDA-MITCHAM MAIN,MSLB,10.08,900,CLAY,1/1/1963 12:00:00 AM,1914-01-01,IN,112.0
M046,OFTAKE,S,MITCHAM-SURREY HILLS MAIN,MSCL,0.82,375,CLAY,1/1/1912 12:00:00 AM,1956-01-01,IN,70.0
M479,MAINBG,T,BITTERN RES BYPASS MAIN,MS,1.01,900,SAND,1/1/1999 12:00:00 AM,1999-01-01,IN,27.0
M479,MAINBG,T,BITTERN RES BYPASS MAIN,MS,4.0,900,SAND,1/1/1999 12:00:00 AM,1999-01-01,IN,27.0
M041,MAINBG,T,MERRI CK - NORTHCOTE-PUNT RD,MS,239.42,1150,CRK,1/1/2004 12:00:00 AM,2004-05-10,IN,22.0
M055,MAINBG,T,NO 1 OLINDA-MITCHAM MAIN,MSLB,62.0,900,CLAY,1/1/1978 12:00:00 AM,1914-01-01,IN,112.0
M113,MAINBG,T,MITCHAM - SURREY HILLS DUP.,MS,0.88,900,CLAY,1/1/1984 12:00:00 AM,1939-01-01,IN,87.0
M070,MAINBG,S,PRESTON-NTH ESSENDON NO 2 MAIN,MSCL,0.86,600,CLAY,1/1/1977 12:00:00 AM,1999-01-01,IN,27.0
M182,BRANCH,S,BROOKLYN-GALVIN-LAVERTON MAIN,MSCL,2.77,150,CLAY,1/1/1961 12:00:00 AM,1961-01-01,IN,65.0
M475,MAINBG,T,PAKENHAM RES NO.2 INLET MAIN,MS,96.59,600,CRK,11/25/1997 12:00:00 AM,1997-11-25,IN,29.0
M197,MAINBG,T,SILVAN-PRESTON MAIN,MS,696.45,1700,SAND,1/1/1962 12:00:00 AM,1962-01-01,IN,64.0
M160,MAINBG,T,PRESTON - FOOTSCRAY MAIN,MS,1.7,825,CLAY,1/1/1958 12:00:00 AM,1958-01-01,IN,68.0
M078,MAINBG,S,ROSANNA - PRESTON MAIN,MS,1.45,1150,CLAY,1/1/1940 12:00:00 AM,1940-01-01,IN,86.0
M078,INLET,T,ROSANNA - PRESTON MAIN,MS,154.95,900,CLAY,1/1/1940 12:00:00 AM,1964-01-01,IN,62.0
M231,MAINBG,T,YARRA-SILVAN CONDUIT NO.2 MAIN,MS,8367.52,1700,SAND,1/1/1964 12:00:00 AM,1964-01-01,IN,62.0
M113,INLET,S,MITCHAM - SURREY HILLS DUP.,MS,180.74,900,CRK,1/1/1995 12:00:00 AM,1995-01-01,IN,31.0
M192,OFTAKE,S,EPPING-GREENVALE MAIN,MSCL,1.26,100,CLAY,1/1/1960 12:00:00 AM,2005-12-08,IN,21.0
M055,OFTAKE,S,NO 1 OLINDA-MITCHAM MAIN,MSCL,0.94,150,CLAY,1/1/1963 12:00:00 AM,1914-01-01,IN,112.0
M046,MAINBG,T,MITCHAM-SURREY HILLS MAIN,MS,99.52,900,CLAY,1/1/1912 12:00:00 AM,1912-01-01,IN,114.0
M197,MAINBG,T,SILVAN-PRESTON MAIN,MS,1.94,1350,SAND,1/1/1962 12:00:00 AM,1962-01-01,IN,64.0
M257,MAINBG,T,ST ALBANS OUTLET MAIN,MS,1.76,1150,CRK,1/1/1966 12:00:00 AM,1966-01-01,IN,60.0
M440,BYPASS,S,TYABB MORNINGTON MAIN,MS,0.7,80,CLAY,1/1/1979 12:00:00 AM,1979-01-01,IN,47.0
M055,BYPASS,S,NO 1 OLINDA-MITCHAM MAIN,MS,8.89,225,CLAY,1/1/1976 12:00:00 AM,1914-01-01,IN,112.0
M046,BYPASS,S,MITCHAM-SURREY HILLS MAIN,MS,3.64,225,CLAY,1/1/1912 12:00:00 AM,1912-01-01,IN,114.0
M333,OFTAKE,S,GREENVALE-YUROKE-SYDENHAM,MSCL,1.71,375,CRK,1/1/1978 12:00:00 AM,1993-08-05,IN,33.0
M420,OFTAKE,S,TARAGO - WESTERN PORT MAIN,MSCL,2.24,150,SAND,1/1/1979 12:00:00 AM,1975-08-01,IN,51.0
M054,OFTAKE,S,OLINDA-MITCHAM NO.2,MSCL,1.91,150,CLAY,1/1/1984 12:00:00 AM,1926-01-01,IN,100.0
M333,OUTLET,S,GREENVALE-YUROKE-SYDENHAM,MS,0.39,50,CRK,1/1/1978 12:00:00 AM,2005-02-28,IN,21.0
M422,MAINBG,T,BITTERN - DROMANA NO 2 MAIN,MS,4.34,900,CLAY,1/1/1964 12:00:00 AM,1965-01-01,IN,61.0
M419,MAINBG,T,LANGWARRIN - BITTERN NO 3 MAIN,MS,704.06,900,CLAY,1/1/1971 12:00:00 AM,1972-01-01,IN,54.0
M046,MAINBG,T,MITCHAM-SURREY HILLS MAIN,MS,598.36,900,CLAY,1/1/1912 12:00:00 AM,1912-01-01,IN,114.0
M055,MAINBG,T,NO 1 OLINDA-MITCHAM MAIN,MSLB,807.18,900,CLAY,1/1/1978 12:00:00 AM,1914-01-01,IN,112.0
M192,MAINBG,S,EPPING-GREENVALE MAIN,MSCL,1.42,800,UNKN,7/1/2005 12:00:00 AM,2005-07-01,IN,21.0
M160,MAINBG,T,PRESTON - FOOTSCRAY MAIN,MS,2.0,1350,CLAY,1/1/1958 12:00:00 AM,1991-05-01,IN,35.0
M237,MAINBG,T,NTH ESSENDON BCH GREENVALE MAI,MS,23.02,900,CLAY,1/1/1965 12:00:00 AM,1965-01-01,IN,61.0
R143,BYPASS,S,MORNINGTON RESERVOIR,MS,1.78,150,CLAY,1/1/1979 12:00:00 AM,1979-01-01,IN,47.0
M348,BYPASS,S,MORANG BCH OF WINNEKE-PRESTON,MS,1.1,225,CRK,1/1/1980 12:00:00 AM,1980-01-01,IN,46.0
M350,BYPASS,S,WESTERN TRANSFER MAIN,MSCL,1.9,225,CLAY,1/1/1984 12:00:00 AM,1984-01-01,IN,42.0
M387,MAINBG,T,SILVAN SEVILLE MAIN,DI,1.0,300,CRK,1/1/1996 12:00:00 AM,1996-01-01,IN,30.0
M281,MAINBG,T,CARDINIA-DAND'G-NOTTING HILL M,MS,1.65,1700,SAND,1/1/1974 12:00:00 AM,1974-01-01,IN,52.0
M230,MAINAG,T,O'SHANNASSY-U/YARRA CONDUIT MA,MS,0.69,900,SAND,1/1/1964 12:00:00 AM,1964-01-01,IN,62.0
M054,BYPASS,S,OLINDA-MITCHAM NO.2,MSCL,4.0,225,CLAY,1/1/1984 12:00:00 AM,1926-01-01,IN,100.0
M132,MAINBG,T,SILVA-MT WAVERLY MAIN,MS,1.2,1700,CLAY,1/1/1957 12:00:00 AM,1957-01-01,IN,69.0
M346,MAINBG,T,SYDENHAM OUTLET MAIN,MS,435.38,1350,CRK,1/1/1977 12:00:00 AM,1977-01-01,IN,49.0
M420,MAINBG,T,TARAGO - WESTERN PORT MAIN,MS,431.3,1050,SAND,1/1/1979 12:00:00 AM,1979-01-01,IN,47.0
M197,MAINBG,T,SILVAN-PRESTON MAIN,MS,69.15,1700,SAND,1/1/1962 12:00:00 AM,1962-01-01,IN,64.0
M195,MAINBG,T,MT WAVERLY OUTLET MAIN,MS,460.66,1150,SNC,1/1/1962 12:00:00 AM,1962-01-01,IN,64.0
M332,MAINBG,T,WINNEKE-PRESTON (SLOAF RES.MN),MS,4366.29,2100,SAND,1/1/1980 12:00:00 AM,1980-01-01,IN,46.0
M291,MAINBG,T,SILVAN - OLINDA MAIN,MS,5.99,1700,CLAY,1/1/1975 12:00:00 AM,1981-01-01,IN,45.0
M257,OFTAKE,S,ST ALBANS OUTLET MAIN,MSCL,2.33,300,CRK,1/1/1966 12:00:00 AM,1975-07-01,IN,51.0
M348,MAINBG,T,MORANG BCH OF WINNEKE-PRESTON,MS,1.93,2100,UNKN,1/1/1980 12:00:00 AM,1980-01-01,IN,46.0
M462,MAINBG,T,LANGWARRIN-FRANKSTON NO 2 MAIN,MS,335.7,900,SAND,1/1/1967 12:00:00 AM,1967-01-01,IN,59.0
M046,MAINBG,T,MITCHAM-SURREY HILLS MAIN,MS,44.45,900,SAND,1/1/1969 12:00:00 AM,1969-01-01,IN,57.0
M289,MAINBG,T,HALLAM NTH. INLET MAIN,MS,3.71,1150,CRK,1/1/1976 12:00:00 AM,1976-01-01,IN,50.0
M129,MAINBG,T,NOTTING HILL- SANDRINGHAM MAIN,MS,1261.91,1350,CLAY,1/1/1958 12:00:00 AM,1958-01-01,IN,68.0
M055,MAINBG,T,NO 1 OLINDA-MITCHAM MAIN,MSLB,225.6,900,CLAY,1/1/1963 12:00:00 AM,1914-01-01,IN,112.0
M190,BYPASS,S,YAN YEAN-EPPING MAIN,MSCL,1.64,300,CLAY,1/1/1960 12:00:00 AM,1994-02-01,IN,32.0
M190,MAINBG,T,YAN YEAN-EPPING MAIN,MS,100.2,1700,CLAY,1/1/1960 12:00:00 AM,1960-01-01,IN,66.0
M193,MAINBG,T,KENNY ST-BROADMEADOWS MAIN,MS,66.89,900,CLAY,1/1/1965 12:00:00 AM,1995-01-01,IN,31.0
M159,MAINBG,S,MT WAVERLY-NOTTING HILL MAIN,MSEL,1.8,225,SAND,1/1/1955 12:00:00 AM,1955-01-01,IN,71.0
M132,BYPASS,S,SILVA-MT WAVERLY MAIN,MSCL,1.5,900,CLAY,1/1/1957 12:00:00 AM,1957-01-01,IN,69.0
M197,MAINBG,T,SILVAN-PRESTON MAIN,MS,689.74,1350,TOPS,1/1/1962 12:00:00 AM,1962-01-01,IN,64.0
M291,MAINBG,S,SILVAN - OLINDA MAIN,MSEL,61.62,1350,CLAY,1/1/1971 12:00:00 AM,1971-01-01,IN,55.0
M280,MAINBG,T,GREENVALE RESERVOIR OUTLET,MS,6.74,825,CLAY,1/1/1971 12:00:00 AM,1971-01-01,IN,55.0
M350,MAINBG,T,WESTERN TRANSFER MAIN,MS,492.06,1350,CLAY,1/1/1983 12:00:00 AM,1984-01-01,IN,42.0
M468,MAINBG,T,JOHNS HILL INLET MAIN,MS,1.48,600,UNKN,1/1/1994 12:00:00 AM,1998-06-01,IN,28.0
M195,BRANCH,S,MT WAVERLY OUTLET MAIN,MSCL,12.22,450,SNC,1/1/1962 12:00:00 AM,1962-01-01,IN,64.0
M160,BYPASS,S,PRESTON - FOOTSCRAY MAIN,MSCL,0.76,225,CLAY,1/1/1958 12:00:00 AM,1991-05-01,IN,35.0
M475,BYPASS,S,PAKENHAM RES NO.2 INLET MAIN,MSCL,6.08,225,CRK,11/25/1997 12:00:00 AM,1997-11-25,IN,29.0
M378,BYPASS,S,CARDINIA - BERWICK MAIN,MSCL,3.26,225,SAND,1/1/1981 12:00:00 AM,1981-01-01,IN,45.0
M478,BYPASS,S,CARDINIA - PEARCEDALE DUP,MSCL,2.17,150,CRK,1/1/2001 12:00:00 AM,2001-01-01,IN,25.0
M291,MAINBG,T,SILVAN - OLINDA MAIN,MS,22.65,1700,CRK,1/1/1971 12:00:00 AM,1971-01-01,IN,55.0
M478,CROSS,S,CARDINIA - PEARCEDALE DUP,MSCL,1.0,450,CRK,1/1/2001 12:00:00 AM,2001-01-01,IN,25.0
M190,CROSS,S,YAN YEAN-EPPING MAIN,CICL,2.49,600,CLAY,1/1/1960 12:00:00 AM,1960-01-01,IN,66.0
M194,CROSS,S,EPPING-PRESTON MAIN,MSCL,1.63,150,CLAY,1/1/1960 12:00:00 AM,1960-07-04,IN,66.0
M191,MAINBG,T,MORANG BRCH YAN YEAN-EPPING M,MS,9.81,1350,CLAY,1/1/1960 12:00:00 AM,1959-12-14,IN,67.0
M022,MAINBG,T,MITCHAM-NOTTING HILL MAIN,MSLB,783.35,750,CLAY,1/1/1975 12:00:00 AM,1927-01-01,IN,99.0
M182,OFTAKE,S,BROOKLYN-GALVIN-LAVERTON MAIN,MSCL,6.64,150,CLAY,1/1/1961 12:00:00 AM,1961-01-01,IN,65.0
M055,MAINBG,T,NO 1 OLINDA-MITCHAM MAIN,MSLB,120.99,900,CLAY,1/1/1978 12:00:00 AM,1914-01-01,IN,112.0
M078,OFTAKE,S,ROSANNA - PRESTON MAIN,MSCL,1.32,150,CLAY,1/1/1940 12:00:00 AM,1976-07-21,IN,50.0
M478,MAINBG,T,CARDINIA - PEARCEDALE DUP,MS,2.23,1150,CRK,1/1/2001 12:00:00 AM,2001-01-01,IN,25.0
M190,OFTAKE,S,YAN YEAN-EPPING MAIN,MSCL,9.92,450,CLAY,1/1/1960 12:00:00 AM,1960-01-01,IN,66.0
M055,OFTAKE,S,NO 1 OLINDA-MITCHAM MAIN,MSCL,5.36,150,CLAY,1/1/1963 12:00:00 AM,1914-01-01,IN,112.0
M055,BYPASS,S,NO 1 OLINDA-MITCHAM MAIN,MS,1.0,225,CLAY,1/1/1976 12:00:00 AM,1914-01-01,IN,112.0
M056,BYPASS,S,OLINDA-MITCHAM NO.3,MSCL,6.8,225,CLAY,1/1/1984 12:00:00 AM,1936-01-01,IN,90.0
M190,BYPASS,S,YAN YEAN-EPPING MAIN,MSCL,1.45,300,CLAY,1/1/1960 12:00:00 AM,1960-01-01,IN,66.0
M132,BYPASS,S,SILVA-MT WAVERLY MAIN,MSCL,3.37,225,CLAY,1/1/1957 12:00:00 AM,1981-01-01,IN,45.0
M041,MAINBG,T,MERRI CK - NORTHCOTE-PUNT RD,MS,477.84,1150,CLAY,1/1/1928 12:00:00 AM,1928-01-01,IN,98.0
M197,CONN,S,SILVAN-PRESTON MAIN,MSCL,2.16,300,TOPS,1/1/1962 12:00:00 AM,1988-11-25,IN,38.0
M274,CROSS,S,STARVATION CRK DIVERSION MAIN,MSCL,1.66,600,CRK,1/1/1946 12:00:00 AM,1968-01-01,IN,58.0
M479,MAINBG,T,BITTERN RES BYPASS MAIN,MS,36.98,900,SAND,1/1/1999 12:00:00 AM,1999-01-01,IN,27.0
M422,CROSS,S,BITTERN - DROMANA NO 2 MAIN,MSCL,2.0,300,CLAY,1/1/1964 12:00:00 AM,1964-01-01,IN,62.0
M194,CROSS,S,EPPING-PRESTON MAIN,CICL,3.28,100,CLAY,1/1/1960 12:00:00 AM,1956-11-08,IN,70.0
M131,MAINBG,T,MT VIEW-DANDENONG MAIN,MS,1.06,600,CRK,1/1/1958 12:00:00 AM,1958-01-01,IN,68.0
M022,MAINBG,T,MITCHAM-NOTTING HILL MAIN,MS,620.36,1150,CLAY,1/1/1966 12:00:00 AM,1927-01-01,IN,99.0
M467,BRANCH,S,CARDINIA DRAINAGE RISING MAIN,MSCL,0.2,225,SAND,1/1/1973 12:00:00 AM,1973-01-01,IN,53.0
M197,BYPASS,S,SILVAN-PRESTON MAIN,MSCL,0.96,150,MS&C,1/1/1962 12:00:00 AM,1962-01-01,IN,64.0
M350,BYPASS,S,WESTERN TRANSFER MAIN,MSCL,1.16,225,CLAY,1/1/1984 12:00:00 AM,1984-01-01,IN,42.0
M132,BYPASS,S,SILVA-MT WAVERLY MAIN,MSCL,0.31,150,SAND,1/1/1983 12:00:00 AM,1983-01-01,IN,43.0
M291,BYPASS,S,SILVAN - OLINDA MAIN,MSCL,0.72,300,CLAY,1/1/1971 12:00:00 AM,1971-01-01,IN,55.0
M258,MAINBG,S,MAROONDAH AQUADUCT REPLACEMENT,MS,2.78,1700,SAND,1/1/1979 12:00:00 AM,1979-01-01,IN,47.0
M197,MAINBG,T,SILVAN-PRESTON MAIN,MS,72.09,2100,SAND,1/1/1962 12:00:00 AM,1962-01-01,IN,64.0
M160,MAINBG,T,PRESTON - FOOTSCRAY MAIN,MS,338.56,1350,CLAY,1/1/1958 12:00:00 AM,1958-03-01,IN,68.0
M055,BYPASS,S,NO 1 OLINDA-MITCHAM MAIN,MSCL,0.73,150,CLAY,1/1/1963 12:00:00 AM,1914-01-01,IN,112.0
M131,MAINBG,T,MT VIEW-DANDENONG MAIN,MS,104.84,825,CRK,1/1/1958 12:00:00 AM,1958-01-01,IN,68.0
M054,MAINBG,T,OLINDA-MITCHAM NO.2,MS,291.79,1150,CLAY,1/1/1984 12:00:00 AM,1926-01-01,IN,100.0
M283,MAINBG,T,YARRA VALLEY CONDUIT MAIN,MS,25.22,2100,SNC,1/1/1973 12:00:00 AM,1976-01-01,IN,50.0
M332,MAINBG,T,WINNEKE-PRESTON (SLOAF RES.MN),MS,94.04,2100,SAND,1/1/1980 12:00:00 AM,1980-01-01,IN,46.0
M258,MAINAG,T,MAROONDAH AQUADUCT REPLACEMENT,MS,2.11,2100,SAND,1/1/1979 12:00:00 AM,1979-01-01,IN,47.0
M192,MAINBG,T,EPPING-GREENVALE MAIN,MS,4.21,825,CRK,1/1/1989 12:00:00 AM,1989-01-01,IN,37.0
M268,MAINBG,T,MT VIEW OUTLET MAIN,MS,1.37,1150,UNKN,1/1/1965 12:00:00 AM,1965-01-01,IN,61.0
M440,MAINAG,T,TYABB MORNINGTON MAIN,MS,0.68,350,CLAY,1/1/1979 12:00:00 AM,1979-01-01,IN,47.0
M046,OFTAKE,S,MITCHAM-SURREY HILLS MAIN,MSCL,1.41,150,CLAY,1/1/1912 12:00:00 AM,1912-01-01,IN,114.0
M103,SIPHAG,T,CORANDERRK WEIR TO DICKS BASIN,MS,14.88,1150,CLAY,1/1/1931 12:00:00 AM,1931-01-01,IN,95.0
M054,MAINBG,T,OLINDA-MITCHAM NO.2,MS,42.85,1150,CLAY,1/1/1984 12:00:00 AM,1926-01-01,IN,100.0
M194,MAINBG,T,EPPING-PRESTON MAIN,MS,2.0,300,CLAY,1/1/1960 12:00:00 AM,2010-01-21,IN,16.0
M268,BYPASS,S,MT VIEW OUTLET MAIN,MSCL,0.91,225,S&C,1/1/1965 12:00:00 AM,1968-01-01,IN,58.0
M055,MAINBG,T,NO 1 OLINDA-MITCHAM MAIN,MSLB,316.63,900,CLAY,1/1/1978 12:00:00 AM,1914-01-01,IN,112.0
M078,MAINBG,T,ROSANNA - PRESTON MAIN,MS,815.72,1150,CLAY,1/1/1940 12:00:00 AM,1940-01-01,IN,86.0
M333,MAINBG,T,GREENVALE-YUROKE-SYDENHAM,MS,7.58,900,CRK,1/1/1978 12:00:00 AM,1978-01-01,IN,48.0
M468,MAINBG,T,JOHNS HILL INLET MAIN,MS,0.69,450,UNKN,1/1/1994 12:00:00 AM,1998-06-01,IN,28.0
M022,MAINBG,T,MITCHAM-NOTTING HILL MAIN,MSLB,6.8,600,CLAY,1/1/1975 12:00:00 AM,1955-01-01,IN,71.0
M076,MAINBG,T,"HIGH ST RD, MT WAVERLY MAIN",MSLB,2.92,750,CLAY,1/1/1979 12:00:00 AM,1928-01-01,IN,98.0
M193,MAINBG,T,KENNY ST-BROADMEADOWS MAIN,MS,279.91,1150,CLAY,1/1/1965 12:00:00 AM,1965-01-01,IN,61.0
M113,OFTAKE,S,MITCHAM - SURREY HILLS DUP.,MSCL,2.94,300,CLAY,1/1/1984 12:00:00 AM,1939-01-01,IN,87.0
M054,OFTAKE,S,OLINDA-MITCHAM NO.2,MSCL,18.74,150,CLAY,1/1/1984 12:00:00 AM,1926-01-01,IN,100.0
M195,MAINBG,T,MT WAVERLY OUTLET MAIN,MS,83.53,1150,SNC,1/1/1962 12:00:00 AM,1986-01-01,IN,40.0
M281,MAINBG,T,CARDINIA-DAND'G-NOTTING HILL M,MS,77.64,1700,SAND,1/1/1974 12:00:00 AM,1974-01-01,IN,52.0
M378,MAINBG,S,CARDINIA - BERWICK MAIN,MSCL,0.7,100,SAND,1/1/1981 12:00:00 AM,1981-01-01,IN,45.0
M195,CONN,S,MT WAVERLY OUTLET MAIN,MSCL,11.07,450,SNC,1/1/1962 12:00:00 AM,1973-01-01,IN,53.0
M268,CONN,S,MT VIEW OUTLET MAIN,CICL,20.32,150,S&C,1/1/1965 12:00:00 AM,1968-01-01,IN,58.0
M231,MAINBG,T,YARRA-SILVAN CONDUIT NO.2 MAIN,MS,1668.89,1700,SAND,1/1/1964 12:00:00 AM,1964-01-01,IN,62.0
M182,BRANCH,S,BROOKLYN-GALVIN-LAVERTON MAIN,MSCL,6.7,600,CLAY,1/1/1961 12:00:00 AM,1961-01-01,IN,65.0
M193,MAINBG,T,KENNY ST-BROADMEADOWS MAIN,MS,242.42,1150,CLAY,1/1/1965 12:00:00 AM,1965-01-01,IN,61.0
M131,MAINBG,T,MT VIEW-DANDENONG MAIN,MS,26.35,825,CRK,1/1/1958 12:00:00 AM,1971-01-01,IN,55.0
M418,MAINBG,T,BEACONSFIELD - LANGWARRIN MAIN,MS,1.86,1125,CLAY,1/1/1982 12:00:00 AM,2010-10-18,IN,16.0
M440,BRANCH,T,TYABB MORNINGTON MAIN,MS,1.17,300,CLAY,1/1/1979 12:00:00 AM,1979-01-01,IN,47.0
M197,CONN,S,SILVAN-PRESTON MAIN,CICL,0.97,100,SAND,1/1/1962 12:00:00 AM,1962-01-01,IN,64.0
M478,CROSS,S,CARDINIA - PEARCEDALE DUP,MSCL,2.62,600,CRK,1/1/2001 12:00:00 AM,2001-01-01,IN,25.0
M046,CROSS,S,MITCHAM-SURREY HILLS MAIN,MSCL,1.02,600,CLAY,1/1/1939 12:00:00 AM,1983-01-01,IN,43.0
M198,MAINBG,T,SOMERTON HIGH LEVEL MAIN,MS,39.95,600,CRK,1/1/1968 12:00:00 AM,1968-01-01,IN,58.0
M378,MAINBG,T,CARDINIA - BERWICK MAIN,MS,1.61,1350,SAND,1/1/1981 12:00:00 AM,1981-01-01,IN,45.0
M350,MAINBG,T,WESTERN TRANSFER MAIN,MS,379.26,1350,CLAY,1/1/1983 12:00:00 AM,1984-01-01,IN,42.0
B190,MAINBG,T,AQUEDUCT RD LANGWARRIN PRV,MS,4.19,600,CLAY,1/1/1959 12:00:00 AM,1959-01-01,IN,67.0
M055,MAINBG,T,NO 1 OLINDA-MITCHAM MAIN,MSLB,508.21,900,CLAY,1/1/1976 12:00:00 AM,1914-01-01,IN,112.0
M273,MAINBG,T,CARDINIA BYPASS,MS,11.91,1700,CRK,1/1/1971 12:00:00 AM,1971-01-01,IN,55.0
M258,MAINBG,T,MAROONDAH AQUADUCT REPLACEMENT,MS,101.99,2100,SAND,1/1/1967 12:00:00 AM,1978-01-01,IN,48.0
M022,MAINBG,T,MITCHAM-NOTTING HILL MAIN,MS,140.85,1150,CLAY,1/1/1966 12:00:00 AM,1927-01-01,IN,99.0
M054,MAINBG,T,OLINDA-MITCHAM NO.2,MS,129.53,1150,CLAY,1/1/1984 12:00:00 AM,1926-01-01,IN,100.0
M054,MAINBG,T,OLINDA-MITCHAM NO.2,MS,369.05,1150,CLAY,1/1/1984 12:00:00 AM,1926-01-01,IN,100.0
M375,CROSS,S,CARDINIA - HALLAM NO 2 MAIN,MSCL,1.28,225,UNKN,1/1/1988 12:00:00 AM,1988-01-01,IN,38.0
M257,MAINBG,T,ST ALBANS OUTLET MAIN,MS,201.53,1150,CRK,1/1/1966 12:00:00 AM,1966-01-01,IN,60.0
R143,BYPASS,S,MORNINGTON RESERVOIR,MS,0.3,355,CLAY,1/1/1979 12:00:00 AM,1979-01-01,IN,47.0
M160,CROSS,S,PRESTON - FOOTSCRAY MAIN,MSCL,0.89,225,CLAY,1/1/1958 12:00:00 AM,1958-02-01,IN,68.0
M372,MAINBG,T,LUSATIA PARK MAIN,DI,720.68,300,SAND,1/1/1985 12:00:00 AM,1984-09-01,IN,42.0
M076,MAINBG,T,"HIGH ST RD, MT WAVERLY MAIN",MS,3.29,750,CLAY,1/1/1979 12:00:00 AM,1928-01-01,IN,98.0
M195,MAINBG,T,MT WAVERLY OUTLET MAIN,MS,1015.99,1150,SNC,1/1/1962 12:00:00 AM,1962-01-01,IN,64.0
M348,MAINBG,T,MORANG BCH OF WINNEKE-PRESTON,MS,0.63,600,CRK,1/1/1980 12:00:00 AM,1980-01-01,IN,46.0
M192,MAINBG,S,EPPING-GREENVALE MAIN,MS,7.94,600,CRK,1/1/1989 12:00:00 AM,1989-01-01,IN,37.0
M375,MAINBG,T,CARDINIA - HALLAM NO 2 MAIN,MS,4417.8,1700,UNKN,1/1/1988 12:00:00 AM,1988-01-01,IN,38.0
M479,OFTAKE,S,BITTERN RES BYPASS MAIN,MSCL,3.0,450,SAND,1/1/1999 12:00:00 AM,1999-01-01,IN,27.0
M346,MAINBG,T,SYDENHAM OUTLET MAIN,MS,2.75,600,CRK,1/1/1978 12:00:00 AM,1977-01-01,IN,49.0
M158,MAINBG,T,SURREY HILLS - ROSANNA,MS,2.0,800,CLAY,1/1/1957 12:00:00 AM,1957-01-01,IN,69.0
M197,CONN,S,SILVAN-PRESTON MAIN,MSCL,0.94,225,TOPS,1/1/1962 12:00:00 AM,1962-01-01,IN,64.0
M190,MAINBG,T,YAN YEAN-EPPING MAIN,MS,37.54,1700,CLAY,1/1/1960 12:00:00 AM,1960-01-01,IN,66.0
M478,CROSS,S,CARDINIA - PEARCEDALE DUP,MSCL,3.05,600,CRK,1/1/2001 12:00:00 AM,2001-01-01,IN,25.0
M193,CROSS,S,KENNY ST-BROADMEADOWS MAIN,MSCL,5.64,225,CLAY,1/1/1965 12:00:00 AM,1965-01-01,IN,61.0
M046,CROSS,S,MITCHAM-SURREY HILLS MAIN,MSCL,1.17,150,CLAY,1/1/1912 12:00:00 AM,1912-01-01,IN,114.0
M158,CONN,S,SURREY HILLS - ROSANNA,MSCL,2.48,150,CLAY,1/1/1957 12:00:00 AM,1957-01-01,IN,69.0
M078,OFTAKE,S,ROSANNA - PRESTON MAIN,MSCL,2.15,150,CLAY,1/1/1940 12:00:00 AM,1940-01-01,IN,86.0
M132,CROSS,S,SILVA-MT WAVERLY MAIN,MSCL,1.66,150,CLAY,1/1/1957 12:00:00 AM,1977-01-18,IN,49.0
M346,BYPASS,S,SYDENHAM OUTLET MAIN,MSCL,1.0,225,CRK,1/1/1978 12:00:00 AM,1977-01-01,IN,49.0
M054,OFTAKE,S,OLINDA-MITCHAM NO.2,MSCL,0.75,225,CLAY,1/1/1984 12:00:00 AM,1988-07-29,IN,38.0
M283,MAINBG,T,YARRA VALLEY CONDUIT MAIN,MS,98.47,2100,SNC,1/1/1973 12:00:00 AM,1976-01-01,IN,50.0
M055,MAINBG,T,NO 1 OLINDA-MITCHAM MAIN,MSLB,2.8,900,CLAY,1/1/1914 12:00:00 AM,1914-01-01,IN,112.0
M192,MAINBG,T,EPPING-GREENVALE MAIN,MS,4.76,600,CRK,1/1/1989 12:00:00 AM,1990-01-01,IN,36.0
M160,MAINBG,T,PRESTON - FOOTSCRAY MAIN,MS,245.42,1150,CLAY,1/1/1958 12:00:00 AM,1958-03-01,IN,68.0
M257,MAINBG,T,ST ALBANS OUTLET MAIN,MS,772.6,1150,CRK,1/1/1966 12:00:00 AM,1966-01-01,IN,60.0
M258,MAINBG,T,MAROONDAH AQUADUCT REPLACEMENT,MS,319.64,2100,SAND,1/1/1975 12:00:00 AM,1975-01-17,IN,51.0
M257,MAINBG,T,ST ALBANS OUTLET MAIN,MS,24.79,1150,CRK,1/1/1974 12:00:00 AM,1974-01-01,IN,52.0
M055,OFTAKE,S,NO 1 OLINDA-MITCHAM MAIN,MSCL,1.06,225,CLAY,1/1/1978 12:00:00 AM,1914-01-01,IN,112.0
M046,OFTAKE,S,MITCHAM-SURREY HILLS MAIN,MSCL,1.44,225,CLAY,1/1/1912 12:00:00 AM,1977-01-01,IN,49.0
M197,MAINBG,T,SILVAN-PRESTON MAIN,MS,2683.36,1700,CLAY,1/1/1962 12:00:00 AM,1962-01-01,IN,64.0
M132,CONN,S,SILVA-MT WAVERLY MAIN,MSCL,2.83,225,CLAY,1/1/1957 12:00:00 AM,1957-01-01,IN,69.0
M257,MAINBG,T,ST ALBANS OUTLET MAIN,MS,23.22,1150,CRK,1/1/1974 12:00:00 AM,1974-01-01,IN,52.0
M160,CROSS,S,PRESTON - FOOTSCRAY MAIN,MSCL,0.9,225,CLAY,1/1/1958 12:00:00 AM,2006-07-11,IN,20.0
M291,MAINBG,S,SILVAN - OLINDA MAIN,MSEL,4.93,1350,CLAY,1/1/1971 12:00:00 AM,1971-01-01,IN,55.0
M195,OFTAKE,S,MT WAVERLY OUTLET MAIN,MSCL,2.64,225,SNC,1/1/1962 12:00:00 AM,1962-01-01,IN,64.0
M158,MAINBG,T,SURREY HILLS - ROSANNA,MS,1128.79,1150,CLAY,1/1/1957 12:00:00 AM,1957-01-01,IN,69.0
M132,MAINBG,T,SILVA-MT WAVERLY MAIN,MS,3.17,1700,CLAY,1/1/1957 12:00:00 AM,1957-01-01,IN,69.0
M113,MAINBG,T,MITCHAM - SURREY HILLS DUP.,MS,887.87,1150,CLAY,1/1/1984 12:00:00 AM,1939-01-01,IN,87.0
M195,BRANCH,S,MT WAVERLY OUTLET MAIN,MSCL,2.21,450,SNC,1/1/1962 12:00:00 AM,1968-01-01,IN,58.0
M192,MAINBG,T,EPPING-GREENVALE MAIN,MS,35.26,1350,UNKN,5/8/2007 12:00:00 AM,2007-05-08,IN,19.0
M335,BYPASS,S,BORONIA INLET MAIN,MSCL,2.52,225,CLAY,1/1/1978 12:00:00 AM,1978-01-01,IN,48.0
M232,OFTAKE,S,HARRIS GULLY MAIN,MSCL,2.01,150,MS,1/1/1965 12:00:00 AM,1965-01-01,IN,61.0
M333,MAINBG,T,GREENVALE-YUROKE-SYDENHAM,MS,75.56,825,CRK,1/1/1978 12:00:00 AM,1978-01-01,IN,48.0
M347,MAINBG,S,SUGARLOAF RES WASTE DISPL MAIN,MSCL,5667.65,300,CRK,1/1/1980 12:00:00 AM,1981-01-01,IN,45.0
M478,CROSS,S,CARDINIA - PEARCEDALE DUP,MSCL,4.0,450,CRK,1/1/2001 12:00:00 AM,2001-01-01,IN,25.0
M022,CROSS,S,MITCHAM-NOTTING HILL MAIN,MSCL,1.67,150,CLAY,1/1/1974 12:00:00 AM,1927-01-01,IN,99.0
M046,CROSS,S,MITCHAM-SURREY HILLS MAIN,CICL,3.66,150,CLAY,1/1/1912 12:00:00 AM,1912-01-01,IN,114.0
M054,MAINBG,T,OLINDA-MITCHAM NO.2,MS,894.29,1150,CLAY,1/1/1984 12:00:00 AM,1926-01-01,IN,100.0
M182,BYPASS,S,BROOKLYN-GALVIN-LAVERTON MAIN,MSCL,5.72,150,CLAY,1/1/1961 12:00:00 AM,1961-01-01,IN,65.0
M193,MAINBG,T,KENNY ST-BROADMEADOWS MAIN,MS,40.13,900,CRK,1/1/1965 12:00:00 AM,1965-01-01,IN,61.0
B190,BYPASS,S,AQUEDUCT RD LANGWARRIN PRV,MS,0.97,900,CLAY,1/1/1971 12:00:00 AM,1972-01-01,IN,54.0
M132,CROSS,S,SILVA-MT WAVERLY MAIN,MSCL,6.89,600,SAND,1/1/1983 12:00:00 AM,1983-01-01,IN,43.0
M474,MAINBG,T,ST GEORGES RD REPLACEMENT MAIN,MS,1.75,1150,SAND,1/1/1995 12:00:00 AM,1995-01-01,IN,31.0
M274,BYPASS,S,STARVATION CRK DIVERSION MAIN,MSCL,0.55,150,CRK,1/1/1968 12:00:00 AM,1968-01-01,IN,58.0
M455,BYPASS,T,PAKENHAM INLET MAIN,AC,418.53,300,SAND,1/1/1985 12:00:00 AM,1978-02-25,IN,48.0
M441,BYPASS,T,LANGWARRIN - BITTERN NO 2 MAIN,MS,0.93,150,CLAY,1/1/1959 12:00:00 AM,1959-01-01,IN,67.0
M197,BYPASS,S,SILVAN-PRESTON MAIN,MSCL,1.18,825,TOPS,1/1/1962 12:00:00 AM,1980-01-01,IN,46.0
M104,BYPASS,S,MORANG OUTLET,MSCL,0.8,150,CRK,10/30/2006 12:00:00 AM,2006-10-30,IN,20.0
M197,CROSS,S,SILVAN-PRESTON MAIN,MSCL,0.94,225,SAND,1/1/1962 12:00:00 AM,2005-07-30,IN,21.0
M046,MAINBG,T,MITCHAM-SURREY HILLS MAIN,MSR,18.5,900,UNKN,1/1/1912 12:00:00 AM,1912-01-01,IN,114.0
M346,MAINBG,T,SYDENHAM OUTLET MAIN,MS,6.47,1150,CRK,1/1/1977 12:00:00 AM,1977-01-01,IN,49.0
M160,MAINBG,T,PRESTON - FOOTSCRAY MAIN,MS,43.76,1150,CLAY,1/1/1958 12:00:00 AM,1998-06-01,IN,28.0
M195,OFTAKE,S,MT WAVERLY OUTLET MAIN,MSCL,0.8,225,SNC,1/1/1962 12:00:00 AM,1962-01-01,IN,64.0
M076,OFTAKE,S,"HIGH ST RD, MT WAVERLY MAIN",CI,0.32,100,CLAY,1/1/1980 12:00:00 AM,1928-01-01,IN,98.0
M197,BYPASS,S,SILVAN-PRESTON MAIN,MSCL,0.85,225,TOPS,1/1/1962 12:00:00 AM,1980-01-01,IN,46.0
M348,BYPASS,S,MORANG BCH OF WINNEKE-PRESTON,MSCL,0.93,225,CRK,1/1/1980 12:00:00 AM,1980-01-01,IN,46.0
M055,MAINBG,T,NO 1 OLINDA-MITCHAM MAIN,MSLB,22.33,900,CLAY,1/1/1963 12:00:00 AM,1914-01-01,IN,112.0
M281,OFTAKE,S,CARDINIA-DAND'G-NOTTING HILL M,MSCL,1.38,150,SAND,1/1/1974 12:00:00 AM,1974-01-01,IN,52.0
M132,CROSS,S,SILVA-MT WAVERLY MAIN,MSCL,2.21,225,CLAY,1/1/1957 12:00:00 AM,1957-01-01,IN,69.0
M283,MAINBG,T,YARRA VALLEY CONDUIT MAIN,MS,24.62,2100,SNC,1/1/1973 12:00:00 AM,1976-01-01,IN,50.0
M375,MAINBG,T,CARDINIA - HALLAM NO 2 MAIN,MS,79.1,1700,UNKN,1/1/1988 12:00:00 AM,1988-01-01,IN,38.0
M273,MAINBG,T,CARDINIA BYPASS,MS,2.7,1700,CRK,1/1/1971 12:00:00 AM,1971-01-01,IN,55.0
M402,MAINBG,T,GREENVALE - OUTLET NO 2 MAIN,MS,2597.89,1700,CRK,1/1/1989 12:00:00 AM,1989-01-01,IN,37.0
M378,MAINBG,T,CARDINIA - BERWICK MAIN,MS,3.21,1350,SAND,1/1/1981 12:00:00 AM,1981-01-01,IN,45.0
M054,MAINBG,T,OLINDA-MITCHAM NO.2,MS,11.49,900,SAND,1/1/1992 12:00:00 AM,1992-01-01,IN,34.0
M195,MAINBG,T,MT WAVERLY OUTLET MAIN,MS,2.68,825,CLAY,1/1/1962 12:00:00 AM,1962-01-01,IN,64.0
M348,MAINBG,T,MORANG BCH OF WINNEKE-PRESTON,MS,3.24,1350,CRK,1/1/1980 12:00:00 AM,1980-01-01,IN,46.0
M158,MAINBG,T,SURREY HILLS - ROSANNA,MS,307.37,1150,CRK,1/1/1974 12:00:00 AM,1974-01-01,IN,52.0
M281,MAINBG,T,CARDINIA-DAND'G-NOTTING HILL M,MS,6342.17,1700,SNC,1/1/1974 12:00:00 AM,1974-01-01,IN,52.0
R143,BYPASS,S,MORNINGTON RESERVOIR,MS,0.4,150,CLAY,1/1/1979 12:00:00 AM,1979-01-01,IN,47.0
M346,BYPASS,S,SYDENHAM OUTLET MAIN,MSCL,0.9,225,CRK,1/1/1977 12:00:00 AM,1983-01-01,IN,43.0
M348,BYPASS,S,MORANG BCH OF WINNEKE-PRESTON,MS,1.88,225,CRK,1/1/1980 12:00:00 AM,1980-01-01,IN,46.0
M291,BYPASS,S,SILVAN - OLINDA MAIN,MSCL,1.53,225,SS,1/1/1971 12:00:00 AM,1975-10-01,IN,51.0
M104,CROSS,S,MORANG OUTLET,MSCL,2.69,375,CRK,1/1/1987 12:00:00 AM,1988-12-19,IN,38.0
M198,MAINBG,T,SOMERTON HIGH LEVEL MAIN,MS,1.54,600,CRK,1/1/1962 12:00:00 AM,1962-01-01,IN,64.0
M281,MAINBG,T,CARDINIA-DAND'G-NOTTING HILL M,MS,6.33,1700,SAND,1/1/1974 12:00:00 AM,1974-01-01,IN,52.0
M258,MAINBG,S,MAROONDAH AQUADUCT REPLACEMENT,MS,135.77,1700,SAND,1/1/1979 12:00:00 AM,1979-01-01,IN,47.0
M193,MAINBG,T,KENNY ST-BROADMEADOWS MAIN,MS,1.97,1150,CLAY,1/1/1965 12:00:00 AM,1962-07-23,IN,64.0
M291,BYPASS,S,SILVAN - OLINDA MAIN,MSCL,1.51,225,SS,1/1/1971 12:00:00 AM,1975-10-01,IN,51.0
M160,MAINBG,T,PRESTON - FOOTSCRAY MAIN,MS,5.87,800,CLAY,1/1/1958 12:00:00 AM,1958-03-01,IN,68.0
M332,BYPASS,S,WINNEKE-PRESTON (SLOAF RES.MN),MSCL,5.47,225,SAND,1/1/1980 12:00:00 AM,1980-10-14,IN,46.0
SL08,MAINBG,T,CARDINIA BYPASS SURGE VESSEL,MS,0.3,600,UNKN,1/1/1971 12:00:00 AM,2011-08-26,IN,15.0
M161,CONN,S,YARRA-SILVAN CONDUIT NO 1,MSCL,1.92,225,CLAY,1/1/1946 12:00:00 AM,1985-03-15,IN,41.0
M194,MAINBG,T,EPPING-PRESTON MAIN,MS,2.57,1150,CLAY,1/1/1960 12:00:00 AM,1960-01-01,IN,66.0
M160,MAINBG,T,PRESTON - FOOTSCRAY MAIN,MS,435.01,1350,CLAY,1/1/1958 12:00:00 AM,1958-02-01,IN,68.0
M132,MAINBG,T,SILVA-MT WAVERLY MAIN,MS,3.11,1350,CLAY,1/1/1954 12:00:00 AM,1957-01-01,IN,69.0
M113,MAINBG,T,MITCHAM - SURREY HILLS DUP.,MS,3.29,1150,CLAY,1/1/1988 12:00:00 AM,1939-01-01,IN,87.0
M022,MAINBG,T,MITCHAM-NOTTING HILL MAIN,MS,730.3,1150,CLAY,1/1/1968 12:00:00 AM,1927-01-01,IN,99.0
M022,BRANCH,S,MITCHAM-NOTTING HILL MAIN,MS,3.98,1150,SAND,1/1/1983 12:00:00 AM,1983-01-01,IN,43.0
M113,BYPASS,S,MITCHAM - SURREY HILLS DUP.,CI,1.76,50,CLAY,1/1/1984 12:00:00 AM,1939-01-01,IN,87.0
M462,BYPASS,S,LANGWARRIN-FRANKSTON NO 2 MAIN,MSCL,1.93,150,SAND,1/1/1967 12:00:00 AM,1967-01-01,IN,59.0
M480,BYPASS,S,POWELL ST CROSS CONNECTION,MSCL,2.0,225,SAND,7/27/2002 12:00:00 AM,2002-07-24,IN,24.0
M281,BYPASS,S,CARDINIA-DAND'G-NOTTING HILL M,MSCL,1.29,225,SAND,1/1/1974 12:00:00 AM,1988-01-01,IN,38.0
M478,BYPASS,S,CARDINIA - PEARCEDALE DUP,MSCL,0.96,150,CRK,1/1/2001 12:00:00 AM,2001-01-01,IN,25.0
M046,MAINBG,T,MITCHAM-SURREY HILLS MAIN,MS,226.45,900,CLAY,1/1/1912 12:00:00 AM,1912-01-01,IN,114.0
M332,MAINBG,T,WINNEKE-PRESTON (SLOAF RES.MN),MS,336.51,2100,SAND,1/1/1980 12:00:00 AM,1980-01-01,IN,46.0
M132,BYPASS,S,SILVA-MT WAVERLY MAIN,MSCL,6.17,225,CLAY,1/1/1957 12:00:00 AM,1985-01-01,IN,41.0
M475,MAINBG,T,PAKENHAM RES NO.2 INLET MAIN,MS,604.64,600,CRK,11/25/1997 12:00:00 AM,1997-11-25,IN,29.0
M195,MAINBG,T,MT WAVERLY OUTLET MAIN,MS,3.19,1150,CLAY,1/1/1962 12:00:00 AM,1962-01-01,IN,64.0
M104,CROSS,S,MORANG OUTLET,MSCL,1.77,300,CLAY,1/1/1960 12:00:00 AM,1981-01-01,IN,45.0
M350,CROSS,S,WESTERN TRANSFER MAIN,MSCL,1.02,150,CLAY,1/1/1984 12:00:00 AM,1984-01-01,IN,42.0
M350,CROSS,S,WESTERN TRANSFER MAIN,MSCL,1.11,150,CLAY,1/1/1983 12:00:00 AM,1984-01-01,IN,42.0
M387,MAINBG,T,SILVAN SEVILLE MAIN,MS,1.56,300,CRK,1/1/1996 12:00:00 AM,1995-01-01,IN,31.0
M159,MAINBG,T,MT WAVERLY-NOTTING HILL MAIN,MS,1.57,1150,SAND,1/1/1955 12:00:00 AM,1955-01-01,IN,71.0
M131,OFTAKE,S,MT VIEW-DANDENONG MAIN,MSCL,2.0,225,CRK,1/1/1958 12:00:00 AM,1973-10-03,IN,53.0
M192,OFTAKE,S,EPPING-GREENVALE MAIN,MSEL,2.27,150,CLAY,1/1/1960 12:00:00 AM,1960-01-01,IN,66.0
M195,MAINBG,T,MT WAVERLY OUTLET MAIN,MS,2.38,1050,SNC,1/1/1962 12:00:00 AM,1962-01-01,IN,64.0
M055,MAINBG,T,NO 1 OLINDA-MITCHAM MAIN,MS,1.25,900,CLAY,1/1/1963 12:00:00 AM,1914-01-01,IN,112.0
M160,MAINBG,T,PRESTON - FOOTSCRAY MAIN,MS,721.14,1150,CLAY,1/1/1958 12:00:00 AM,1958-03-01,IN,68.0
M232,MAINBG,T,HARRIS GULLY MAIN,MS,1039.41,1150,MS,1/1/1965 12:00:00 AM,1965-01-01,IN,61.0
M195,MAINBG,T,MT WAVERLY OUTLET MAIN,MS,107.0,1150,SNC,1/1/1962 12:00:00 AM,1962-01-01,IN,64.0
M475,OFTAKE,S,PAKENHAM RES NO.2 INLET MAIN,MSCL,27.63,150,CRK,11/25/1997 12:00:00 AM,1997-11-25,IN,29.0
M440,OFTAKE,S,TYABB MORNINGTON MAIN,MS,1.0,355,CLAY,1/1/1979 12:00:00 AM,1979-01-01,IN,47.0
M333,OFTAKE,S,GREENVALE-YUROKE-SYDENHAM,MSCL,1.75,300,CRK,1/1/1978 12:00:00 AM,1980-01-01,IN,46.0
M054,MAINBG,T,OLINDA-MITCHAM NO.2,MS,7.09,1150,CLAY,1/1/1984 12:00:00 AM,1926-01-01,IN,100.0
M195,BYPASS,S,MT WAVERLY OUTLET MAIN,MS,1.1,225,SNC,1/1/1962 12:00:00 AM,1962-01-01,IN,64.0
M076,BYPASS,S,"HIGH ST RD, MT WAVERLY MAIN",MSCL,3.03,300,CLAY,1/1/1992 12:00:00 AM,1928-01-01,IN,98.0
M475,MAINBG,T,PAKENHAM RES NO.2 INLET MAIN,MS,2.95,600,CRK,11/25/1997 12:00:00 AM,1997-11-25,IN,29.0
M046,CROSS,S,MITCHAM-SURREY HILLS MAIN,MSCL,7.91,225,SAND,1/1/1964 12:00:00 AM,1964-01-01,IN,62.0
M375,CROSS,T,CARDINIA - HALLAM NO 2 MAIN,MS,8.2,900,UNKN,1/1/1988 12:00:00 AM,1988-01-01,IN,38.0
M422,MAINBG,T,BITTERN - DROMANA NO 2 MAIN,MS,2.0,600,CLAY,1/1/1964 12:00:00 AM,1965-01-01,IN,61.0
M160,CROSS,S,PRESTON - FOOTSCRAY MAIN,MSCL,3.27,150,CLAY,1/1/1958 12:00:00 AM,1958-03-01,IN,68.0
M427,MAINBG,T,LANGWARRIN-FRANKSTON NO 1 MAIN,MS,10.38,1050,CLAY,1/1/1953 12:00:00 AM,1953-01-01,IN,73.0
M054,MAINBG,T,OLINDA-MITCHAM NO.2,MS,1.85,1150,CLAY,1/1/1984 12:00:00 AM,1926-01-01,IN,100.0
M160,CROSS,S,PRESTON - FOOTSCRAY MAIN,MSCL,1.55,225,CLAY,1/1/1958 12:00:00 AM,1958-02-01,IN,68.0
M372,MAINBG,T,LUSATIA PARK MAIN,DI,2.61,300,SAND,1/1/1985 12:00:00 AM,1984-09-01,IN,42.0
M197,MAINBG,T,SILVAN-PRESTON MAIN,MS,9.02,1700,CLAY,1/1/1962 12:00:00 AM,1962-01-01,IN,64.0
M289,MAINBG,S,HALLAM NTH. INLET MAIN,MSCL,0.73,150,S&C,1/1/1976 12:00:00 AM,1977-01-01,IN,49.0
M291,MAINBG,T,SILVAN - OLINDA MAIN,MS,20.64,1700,SS,1/1/1971 12:00:00 AM,1975-10-01,IN,51.0
M257,OFTAKE,S,ST ALBANS OUTLET MAIN,DICL,2.14,300,CRK,1/1/1974 12:00:00 AM,1999-03-26,IN,27.0
M333,MAINBG,T,GREENVALE-YUROKE-SYDENHAM,MS,242.53,900,CRK,1/1/1978 12:00:00 AM,1978-01-01,IN,48.0
M468,MAINBG,T,JOHNS HILL INLET MAIN,MS,0.73,450,UNKN,1/1/1994 12:00:00 AM,1998-06-01,IN,28.0
M039,MAINBG,T,NORTHCOTE - PUNT RD,MS,6.15,600,SAND,1/1/1967 12:00:00 AM,1971-07-20,IN,55.0
M041,MAINBG,T,MERRI CK - NORTHCOTE-PUNT RD,MS,121.34,1150,CLAY,1/1/1928 12:00:00 AM,1925-01-01,IN,101.0
M076,MAINBG,T,"HIGH ST RD, MT WAVERLY MAIN",MSLB,3.12,900,CLAY,1/1/1979 12:00:00 AM,1928-01-01,IN,98.0
M197,MAINBG,S,SILVAN-PRESTON MAIN,MSEL,1.92,1050,MS&C,1/1/1962 12:00:00 AM,1962-01-01,IN,64.0
M182,OFTAKE,S,BROOKLYN-GALVIN-LAVERTON MAIN,MSCL,3.19,150,CLAY,1/1/1961 12:00:00 AM,1961-01-01,IN,65.0
M193,MAINBG,T,KENNY ST-BROADMEADOWS MAIN,MS,445.66,900,CRK,1/1/1965 12:00:00 AM,1965-01-01,IN,61.0
M160,MAINBG,T,PRESTON - FOOTSCRAY MAIN,MS,494.44,1150,CLAY,1/1/1958 12:00:00 AM,1958-03-01,IN,68.0
M193,OFTAKE,S,KENNY ST-BROADMEADOWS MAIN,MSEL,1.49,150,CLAY,1/1/1965 12:00:00 AM,1962-07-23,IN,64.0
M289,MAINBG,S,HALLAM NTH. INLET MAIN,MSCL,2.52,225,S&C,1/1/1976 12:00:00 AM,1977-01-01,IN,49.0
M055,MAINBG,T,NO 1 OLINDA-MITCHAM MAIN,MSLB,2.23,900,CLAY,1/1/1963 12:00:00 AM,1914-01-01,IN,112.0
M237,MAINBG,T,NTH ESSENDON BCH GREENVALE MAI,MS,974.61,900,SAND,1/1/1965 12:00:00 AM,1965-01-01,IN,61.0
M268,MAINBG,T,MT VIEW OUTLET MAIN,MS,55.44,1150,S&C,1/1/1965 12:00:00 AM,1968-01-01,IN,58.0
M420,OFTAKE,S,TARAGO - WESTERN PORT MAIN,MSCL,8.74,225,SAND,1/1/1979 12:00:00 AM,1975-08-01,IN,51.0
M475,MAINBG,T,PAKENHAM RES NO.2 INLET MAIN,MS,24.28,600,CRK,11/25/1997 12:00:00 AM,1997-11-25,IN,29.0
M046,BYPASS,S,MITCHAM-SURREY HILLS MAIN,CICL,2.96,225,CLAY,1/1/1912 12:00:00 AM,1912-01-01,IN,114.0
M478,MAINBG,T,CARDINIA - PEARCEDALE DUP,MS,6408.93,1700,CRK,1/1/2001 12:00:00 AM,2001-01-01,IN,25.0
M041,MAINBG,T,MERRI CK - NORTHCOTE-PUNT RD,MS,1.19,600,CRK,6/10/2004 12:00:00 AM,2004-06-10,IN,22.0
M194,MAINBG,T,EPPING-PRESTON MAIN,MS,3.69,300,CLAY,1/1/1960 12:00:00 AM,2010-01-21,IN,16.0
M158,CONN,S,SURREY HILLS - ROSANNA,MSCL,1.89,300,CLAY,1/1/1957 12:00:00 AM,1978-06-13,IN,48.0
M375,BYPASS,S,CARDINIA - HALLAM NO 2 MAIN,MSCL,1.26,225,UNKN,1/1/1988 12:00:00 AM,1988-01-01,IN,38.0
M332,BYPASS,S,WINNEKE-PRESTON (SLOAF RES.MN),MSCL,0.5,225,SAND,1/1/1980 12:00:00 AM,1980-10-14,IN,46.0
M333,BYPASS,S,GREENVALE-YUROKE-SYDENHAM,MSCL,1.24,600,CRK,1/1/1978 12:00:00 AM,2005-02-28,IN,21.0
M281,BYPASS,S,CARDINIA-DAND'G-NOTTING HILL M,MSCL,1.19,225,SAND,1/1/1974 12:00:00 AM,1974-01-01,IN,52.0
M076,MAINBG,T,"HIGH ST RD, MT WAVERLY MAIN",MSLB,0.21,750,CLAY,1/1/1980 12:00:00 AM,1928-01-01,IN,98.0
M257,MAINBG,T,ST ALBANS OUTLET MAIN,MS,54.5,1150,CRK,1/1/1966 12:00:00 AM,1966-01-01,IN,60.0
M195,MAINBG,T,MT WAVERLY OUTLET MAIN,MS,411.66,825,SNC,1/1/1962 12:00:00 AM,1962-01-01,IN,64.0
M054,MAINBG,T,OLINDA-MITCHAM NO.2,MS,296.56,1150,CLAY,1/1/1984 12:00:00 AM,1926-01-01,IN,100.0
M055,MAINBG,T,NO 1 OLINDA-MITCHAM MAIN,MSLB,286.33,900,CLAY,1/1/1978 12:00:00 AM,1914-01-01,IN,112.0
M160,CROSS,S,PRESTON - FOOTSCRAY MAIN,MSCL,2.35,225,CLAY,1/1/1958 12:00:00 AM,1958-02-01,IN,68.0
M182,BYPASS,S,BROOKLYN-GALVIN-LAVERTON MAIN,MSCL,4.05,150,CLAY,1/1/1961 12:00:00 AM,1961-01-01,IN,65.0
M103,CROSS,S,CORANDERRK WEIR TO DICKS BASIN,CI,2.58,225,CLAY,1/1/1931 12:00:00 AM,1930-09-05,IN,96.0
A008,SIPHAG,T,CORANDERRK,MS,45.07,900,CLAY,1/1/1931 12:00:00 AM,1931-01-01,IN,95.0
M289,MAINBG,T,HALLAM NTH. INLET MAIN,MS,20.0,1150,CRK,1/1/1976 12:00:00 AM,1976-01-01,IN,50.0
M293,CROSS,S,MONBULK NO2 DELIVERY MAIN,MSCL,2.46,100,CLAY,1/1/1971 12:00:00 AM,1971-01-01,IN,55.0
M350,CROSS,S,WESTERN TRANSFER MAIN,MSCL,1.16,1150,CLAY,1/1/1983 12:00:00 AM,1984-01-01,IN,42.0
M197,MAINBG,T,SILVAN-PRESTON MAIN,MS,4.49,1700,SAND,1/1/1962 12:00:00 AM,1962-01-01,IN,64.0
M283,MAINBG,T,YARRA VALLEY CONDUIT MAIN,MS,8175.81,2100,CRK,1/1/1973 12:00:00 AM,1973-01-01,IN,53.0
M197,MAINBG,T,SILVAN-PRESTON MAIN,MS,2.61,1350,SAND,1/1/1962 12:00:00 AM,1962-01-01,IN,64.0
M402,BYPASS,S,GREENVALE - OUTLET NO 2 MAIN,MSCL,1.12,225,CRK,1/1/1971 12:00:00 AM,1989-01-01,IN,37.0
M046,BYPASS,S,MITCHAM-SURREY HILLS MAIN,CICL,1.87,225,CLAY,1/1/1939 12:00:00 AM,1983-01-01,IN,43.0
M132,BYPASS,S,SILVA-MT WAVERLY MAIN,MSCL,0.98,150,CLAY,1/1/1968 12:00:00 AM,1957-01-01,IN,69.0
M190,CONN,S,YAN YEAN-EPPING MAIN,MSCL,2.29,600,CLAY,1/1/1960 12:00:00 AM,1994-02-01,IN,32.0
M348,CROSS,S,MORANG BCH OF WINNEKE-PRESTON,MS,11.77,600,CRK,1/1/1980 12:00:00 AM,1980-01-01,IN,46.0
M197,MAINBG,T,SILVAN-PRESTON MAIN,MS,189.42,1350,SAND,1/1/1962 12:00:00 AM,1962-01-01,IN,64.0
M474,CROSS,T,ST GEORGES RD REPLACEMENT MAIN,MS,2.29,1350,SAND,1/1/1995 12:00:00 AM,1996-08-01,IN,30.0
M054,MAINBG,T,OLINDA-MITCHAM NO.2,MS,22.14,1150,CLAY,1/1/1984 12:00:00 AM,1926-01-01,IN,100.0
M056,MAINBG,T,OLINDA-MITCHAM NO.3,MS,6368.49,1150,CLAY,1/1/1981 12:00:00 AM,1936-01-01,IN,90.0
M462,MAINBG,T,LANGWARRIN-FRANKSTON NO 2 MAIN,MS,4.39,900,SAND,1/1/1967 12:00:00 AM,1967-01-01,IN,59.0
M195,CONN,S,MT WAVERLY OUTLET MAIN,MSCL,1.03,225,SNC,1/1/1962 12:00:00 AM,1962-01-01,IN,64.0
M420,CONN,S,TARAGO - WESTERN PORT MAIN,MSCL,3.65,100,SAND,1/1/1979 12:00:00 AM,1975-08-01,IN,51.0
M197,MAINBG,T,SILVAN-PRESTON MAIN,MS,83.6,1700,SAND,1/1/1962 12:00:00 AM,1962-01-01,IN,64.0
M283,MAINBG,T,YARRA VALLEY CONDUIT MAIN,MS,20.92,2100,SNC,1/1/1973 12:00:00 AM,1976-01-01,IN,50.0
M333,MAINBG,T,GREENVALE-YUROKE-SYDENHAM,MS,1.3,1150,CRK,1/1/1978 12:00:00 AM,1978-01-01,IN,48.0
M283,MAINBG,T,YARRA VALLEY CONDUIT MAIN,MS,414.45,2100,SNC,1/1/1973 12:00:00 AM,1976-01-01,IN,50.0
M418,MAINBG,T,BEACONSFIELD - LANGWARRIN MAIN,MS,2.68,1050,CLAY,1/1/1959 12:00:00 AM,1959-01-01,IN,67.0
M333,MAINBG,T,GREENVALE-YUROKE-SYDENHAM,MS,6.0,1150,CRK,1/1/1978 12:00:00 AM,1978-01-01,IN,48.0
M190,MAINBG,T,YAN YEAN-EPPING MAIN,MS,49.96,1700,CLAY,1/1/1960 12:00:00 AM,1960-01-01,IN,66.0
M002,OFTAKE,S,SURREY HILLS RES,MSCL,2.85,225,CLAY,1/1/1939 12:00:00 AM,1968-12-16,IN,58.0
M158,OFTAKE,S,SURREY HILLS - ROSANNA,MSCL,1.3,100,CLAY,1/1/1957 12:00:00 AM,1957-01-01,IN,69.0
M054,OFTAKE,S,OLINDA-MITCHAM NO.2,MSCL,1.19,225,CLAY,1/1/1984 12:00:00 AM,1926-01-01,IN,100.0
M420,OFTAKE,S,TARAGO - WESTERN PORT MAIN,MSCL,0.88,100,SAND,1/1/1979 12:00:00 AM,1975-08-01,IN,51.0
M195,OUTLET,S,MT WAVERLY OUTLET MAIN,MSEL,1.77,1700,SNC,1/1/1962 12:00:00 AM,1962-01-01,IN,64.0
M441,MAINBG,T,LANGWARRIN - BITTERN NO 2 MAIN,MS,0.38,825,CLAY,1/1/1959 12:00:00 AM,1959-01-01,IN,67.0
M419,MAINBG,T,LANGWARRIN - BITTERN NO 3 MAIN,MS,4.25,900,CLAY,1/1/1971 12:00:00 AM,1972-01-01,IN,54.0
M348,MAINBG,S,MORANG BCH OF WINNEKE-PRESTON,MS,8.97,1350,CRK,1/1/1980 12:00:00 AM,1980-01-01,IN,46.0
M190,CROSS,S,YAN YEAN-EPPING MAIN,MSCL,1.01,375,CLAY,1/1/1960 12:00:00 AM,1994-02-01,IN,32.0
M160,CROSS,S,PRESTON - FOOTSCRAY MAIN,MSCL,1.3,150,CLAY,1/1/1958 12:00:00 AM,1958-03-01,IN,68.0
M191,MAINBG,T,MORANG BRCH YAN YEAN-EPPING M,MS,1.55,1050,CLAY,1/1/1960 12:00:00 AM,1960-01-01,IN,66.0
M478,MAINBG,T,CARDINIA - PEARCEDALE DUP,MS,87.62,1150,CRK,1/1/2001 12:00:00 AM,2001-01-01,IN,25.0
M046,MAINBG,T,MITCHAM-SURREY HILLS MAIN,MSR,3.51,800,CLAY,1/1/1912 12:00:00 AM,1912-01-01,IN,114.0
M258,MAINBG,T,MAROONDAH AQUADUCT REPLACEMENT,MS,109.25,2100,SAND,1/1/1979 12:00:00 AM,1979-01-01,IN,47.0
M264,SIPHBG,T,UPPER YARRA,MS,58.79,1350,CLAY,1/1/1939 12:00:00 AM,1930-01-01,IN,96.0
M375,CROSS,T,CARDINIA - HALLAM NO 2 MAIN,MS,5.89,900,UNKN,1/1/1988 12:00:00 AM,1988-01-01,IN,38.0
M160,CROSS,S,PRESTON - FOOTSCRAY MAIN,MSCL,4.08,150,CLAY,1/1/1958 12:00:00 AM,1958-03-01,IN,68.0
M160,CROSS,S,PRESTON - FOOTSCRAY MAIN,MSCL,0.95,150,CLAY,1/1/1958 12:00:00 AM,1958-02-01,IN,68.0
M055,CROSS,S,NO 1 OLINDA-MITCHAM MAIN,MSCL,10.66,600,CLAY,1/1/1963 12:00:00 AM,1914-01-01,IN,112.0
M478,MAINBG,T,CARDINIA - PEARCEDALE DUP,MS,2.63,1700,CRK,1/1/2001 12:00:00 AM,2001-01-01,IN,25.0
M054,MAINBG,T,OLINDA-MITCHAM NO.2,MS,576.76,1150,CLAY,1/1/1984 12:00:00 AM,1926-01-01,IN,100.0
M193,MAINBG,T,KENNY ST-BROADMEADOWS MAIN,MS,10.86,1150,CLAY,1/1/1965 12:00:00 AM,1971-01-01,IN,55.0
M131,MAINBG,T,MT VIEW-DANDENONG MAIN,MS,72.16,825,CRK,1/1/1958 12:00:00 AM,1958-01-01,IN,68.0
M132,MAINBG,T,SILVA-MT WAVERLY MAIN,MS,2.78,1350,CLAY,1/1/1954 12:00:00 AM,1957-01-01,IN,69.0
M158,MAINBG,T,SURREY HILLS - ROSANNA,MS,660.78,1150,CLAY,1/1/1957 12:00:00 AM,1957-01-01,IN,69.0
M056,BYPASS,S,OLINDA-MITCHAM NO.3,CICL,15.25,225,CLAY,1/1/1981 12:00:00 AM,1936-01-01,IN,90.0
M354,BYPASS,S,SILVAN - MT WAVERLY NO 2 MAIN,MSCL,4.78,225,CLAY,1/1/1978 12:00:00 AM,1978-01-01,IN,48.0
M468,BYPASS,S,JOHNS HILL INLET MAIN,MSCL,1.97,150,UNKN,1/1/1994 12:00:00 AM,1998-06-01,IN,28.0
M055,MAINBG,T,NO 1 OLINDA-MITCHAM MAIN,MS,108.73,900,CLAY,1/1/1963 12:00:00 AM,1914-01-01,IN,112.0
M192,MAINBG,T,EPPING-GREENVALE MAIN,MS,20.41,1350,CLAY,1/1/1960 12:00:00 AM,1960-01-01,IN,66.0
M160,MAINBG,T,PRESTON - FOOTSCRAY MAIN,MS,696.69,1350,CLAY,1/1/1958 12:00:00 AM,1958-03-01,IN,68.0
M195,MAINBG,T,MT WAVERLY OUTLET MAIN,MS,909.26,1150,SNC,1/1/1962 12:00:00 AM,1962-01-01,IN,64.0
M160,MAINBG,T,PRESTON - FOOTSCRAY MAIN,MS,156.2,1350,CLAY,1/1/1958 12:00:00 AM,1958-02-01,IN,68.0
M103,MAINBG,T,CORANDERRK WEIR TO DICKS BASIN,MS,1714.29,1150,CLAY,1/1/1931 12:00:00 AM,1930-09-05,IN,96.0
M161,MAINBG,T,YARRA-SILVAN CONDUIT NO 1,MS,3718.62,1700,CLAY,1/1/1946 12:00:00 AM,1946-01-01,IN,80.0
M054,OFTAKE,S,OLINDA-MITCHAM NO.2,MSCL,0.97,100,CLAY,1/1/1984 12:00:00 AM,1926-01-01,IN,100.0
M182,OFTAKE,S,BROOKLYN-GALVIN-LAVERTON MAIN,MSCL,3.47,150,CLAY,1/1/1961 12:00:00 AM,1961-01-01,IN,65.0
M402,MAINBG,T,GREENVALE - OUTLET NO 2 MAIN,MS,3.79,1350,CRK,1/1/1971 12:00:00 AM,1989-01-01,IN,37.0
M197,MAINBG,T,SILVAN-PRESTON MAIN,MS,21.4,1700,SAND,1/1/1962 12:00:00 AM,1962-01-01,IN,64.0
M055,MAINBG,T,NO 1 OLINDA-MITCHAM MAIN,MSLB,48.32,900,CLAY,1/1/1963 12:00:00 AM,1914-01-01,IN,112.0
M056,MAINAG,T,OLINDA-MITCHAM NO.3,MS,70.84,1150,CLAY,1/1/1981 12:00:00 AM,1936-01-01,IN,90.0
M281,MAINBG,S,CARDINIA-DAND'G-NOTTING HILL M,MS,5.0,825,CLAY,1/1/1958 12:00:00 AM,1958-01-01,IN,68.0
M192,MAINBG,T,EPPING-GREENVALE MAIN,MS,7.63,1350,CLAY,1/1/1960 12:00:00 AM,1960-01-01,IN,66.0
M160,MAINBG,T,PRESTON - FOOTSCRAY MAIN,MS,0.99,1150,CLAY,1/1/1958 12:00:00 AM,2006-07-11,IN,20.0
M478,BRANCH,T,CARDINIA - PEARCEDALE DUP,MS,1.12,600,CRK,1/1/2001 12:00:00 AM,2001-01-01,IN,25.0
M039,BYPASS,S,NORTHCOTE - PUNT RD,MSCL,5.48,150,SAND,1/1/1967 12:00:00 AM,2006-12-12,IN,20.0
M274,BYPASS,S,STARVATION CRK DIVERSION MAIN,MSCL,6.38,150,CRK,1/1/1946 12:00:00 AM,1968-01-01,IN,58.0
M441,BYPASS,T,LANGWARRIN - BITTERN NO 2 MAIN,MS,0.89,150,CLAY,1/1/1959 12:00:00 AM,1959-01-01,IN,67.0
M041,MAINBG,T,MERRI CK - NORTHCOTE-PUNT RD,MS,192.56,1150,CLAY,1/1/1928 12:00:00 AM,2009-07-02,IN,17.0
M440,BYPASS,S,TYABB MORNINGTON MAIN,MS,0.5,250,CLAY,1/1/1979 12:00:00 AM,1979-01-01,IN,47.0
M197,BYPASS,S,SILVAN-PRESTON MAIN,MSEL,20.56,1350,SAND,1/1/1962 12:00:00 AM,1962-01-01,IN,64.0
M197,BYPASS,S,SILVAN-PRESTON MAIN,MSCL,1.54,225,CLAY,1/1/1962 12:00:00 AM,1985-01-01,IN,41.0
M132,BYPASS,S,SILVA-MT WAVERLY MAIN,MSCL,1.15,225,CLAY,1/1/1957 12:00:00 AM,1981-01-01,IN,45.0
M275,MAINBG,T,MCMAHONS CK DIVERSION MAIN,MS,2326.35,1150,CRK,1/1/1968 12:00:00 AM,1968-01-01,IN,58.0
M190,CONN,S,YAN YEAN-EPPING MAIN,MS,2.43,1700,CLAY,1/1/1960 12:00:00 AM,1960-01-01,IN,66.0
M197,CONN,S,SILVAN-PRESTON MAIN,MSCL,1.13,225,TOPS,1/1/1962 12:00:00 AM,1990-01-01,IN,36.0
M281,CROSS,S,CARDINIA-DAND'G-NOTTING HILL M,MSCL,1.23,600,SAND,1/1/1974 12:00:00 AM,1996-01-01,IN,30.0
M160,MAINBG,T,PRESTON - FOOTSCRAY MAIN,MS,1.0,1150,CLAY,1/1/1958 12:00:00 AM,2006-07-11,IN,20.0
M422,MAINBG,T,BITTERN - DROMANA NO 2 MAIN,MS,1664.01,900,CLAY,1/1/1964 12:00:00 AM,1964-01-01,IN,62.0
M237,MAINBG,T,NTH ESSENDON BCH GREENVALE MAI,MS,589.11,900,SAND,1/1/1965 12:00:00 AM,1965-01-01,IN,61.0
M237,MAINBG,T,NTH ESSENDON BCH GREENVALE MAI,MS,347.1,900,SAND,1/1/1965 12:00:00 AM,1965-01-01,IN,61.0
M195,MAINBG,T,MT WAVERLY OUTLET MAIN,MS,15.76,900,SNC,1/1/1962 12:00:00 AM,1962-01-01,IN,64.0
M350,MAINBG,T,WESTERN TRANSFER MAIN,MS,3814.01,1350,CLAY,1/1/1983 12:00:00 AM,1984-01-01,IN,42.0
M350,MAINBG,T,WESTERN TRANSFER MAIN,MS,80.83,1350,CLAY,1/1/1983 12:00:00 AM,1984-01-01,IN,42.0
M474,MAINBG,T,ST GEORGES RD REPLACEMENT MAIN,MS,1.8,1350,SAND,1/1/1995 12:00:00 AM,1995-01-01,IN,31.0
M192,MAINBG,T,EPPING-GREENVALE MAIN,MS,102.73,600,CRK,1/1/1989 12:00:00 AM,1990-01-01,IN,36.0
M478,CROSS,S,CARDINIA - PEARCEDALE DUP,MSCL,1.22,900,CRK,1/1/2001 12:00:00 AM,2001-01-01,IN,25.0
M193,CROSS,S,KENNY ST-BROADMEADOWS MAIN,MSCL,6.13,150,CLAY,1/1/1965 12:00:00 AM,1965-01-01,IN,61.0
M160,CROSS,S,PRESTON - FOOTSCRAY MAIN,MSCL,2.22,225,CLAY,1/1/1958 12:00:00 AM,1958-03-01,IN,68.0
M022,CROSS,S,MITCHAM-NOTTING HILL MAIN,MSCL,1.63,600,CLAY,1/1/1968 12:00:00 AM,1984-01-01,IN,42.0
M275,MAINBG,T,MCMAHONS CK DIVERSION MAIN,MS,2.61,600,CRK,1/1/1968 12:00:00 AM,1968-01-01,IN,58.0
M046,OFTAKE,S,MITCHAM-SURREY HILLS MAIN,MSCL,1.25,150,CLAY,1/1/1912 12:00:00 AM,1960-01-01,IN,66.0
M104,OFTAKE,S,MORANG OUTLET,MSCL,2.92,375,CRK,1/1/1987 12:00:00 AM,1988-01-01,IN,38.0
M479,OFTAKE,S,BITTERN RES BYPASS MAIN,MSCL,6.25,375,SAND,1/1/1999 12:00:00 AM,1999-01-01,IN,27.0
M159,MAINBG,T,MT WAVERLY-NOTTING HILL MAIN,MS,2031.39,1150,SAND,1/1/1955 12:00:00 AM,1955-01-01,IN,71.0
M103,MAINBG,T,CORANDERRK WEIR TO DICKS BASIN,MS,114.79,1150,CLAY,1/1/1931 12:00:00 AM,1931-01-01,IN,95.0
M190,MAINBG,T,YAN YEAN-EPPING MAIN,MS,1.36,800,CLAY,1/1/1960 12:00:00 AM,1960-01-01,IN,66.0
M160,MAINBG,T,PRESTON - FOOTSCRAY MAIN,MS,100.36,1350,CLAY,1/1/1958 12:00:00 AM,1958-01-01,IN,68.0
M258,MAINAG,T,MAROONDAH AQUADUCT REPLACEMENT,MS,1.7,2100,SAND,1/1/1979 12:00:00 AM,1979-01-01,IN,47.0
M158,MAINBG,S,SURREY HILLS - ROSANNA,MSCL,1.0,225,CLAY,1/1/1957 12:00:00 AM,2005-06-02,IN,21.0
M190,OFTAKE,S,YAN YEAN-EPPING MAIN,CICL,2.57,100,CLAY,1/1/1960 12:00:00 AM,1960-01-01,IN,66.0
M055,MAINBG,T,NO 1 OLINDA-MITCHAM MAIN,MSLB,365.69,900,CLAY,1/1/1914 12:00:00 AM,1914-01-01,IN,112.0
M131,MAINBG,T,MT VIEW-DANDENONG MAIN,MS,1.28,825,CRK,1/1/1958 12:00:00 AM,1958-01-01,IN,68.0
M022,MAINBG,T,MITCHAM-NOTTING HILL MAIN,MS,5.35,1150,CLAY,1/1/1966 12:00:00 AM,1927-01-01,IN,99.0
M132,MAINBG,T,SILVA-MT WAVERLY MAIN,MS,2.93,1150,CLAY,1/1/1958 12:00:00 AM,1958-01-01,IN,68.0
M055,OFTAKE,S,NO 1 OLINDA-MITCHAM MAIN,MSCL,26.42,450,CLAY,1/1/1978 12:00:00 AM,1914-01-01,IN,112.0
M021,MAINBG,T,BLACKBURN RD - NOTTING HILL,MS,3.8,825,SAND,1/1/1983 12:00:00 AM,1983-01-01,IN,43.0
M132,MAINBG,T,SILVA-MT WAVERLY MAIN,MS,43.11,1700,CLAY,1/1/1957 12:00:00 AM,1957-01-01,IN,69.0
M257,MAINBG,T,ST ALBANS OUTLET MAIN,MS,18.17,1150,CRK,1/1/1966 12:00:00 AM,1966-01-01,IN,60.0
M280,MAINBG,T,GREENVALE RESERVOIR OUTLET,MS,2.13,1350,CLAY,1/1/1971 12:00:00 AM,1971-01-01,IN,55.0
M420,OFTAKE,S,TARAGO - WESTERN PORT MAIN,MSCL,2.63,100,SAND,1/1/1979 12:00:00 AM,1975-08-01,IN,51.0
M475,MAINBG,T,PAKENHAM RES NO.2 INLET MAIN,MS,270.74,600,CRK,11/25/1997 12:00:00 AM,1997-11-25,IN,29.0
M478,CROSS,S,CARDINIA - PEARCEDALE DUP,MSCL,0.69,900,CRK,1/1/2001 12:00:00 AM,2001-01-01,IN,25.0
M041,MAINBG,T,MERRI CK - NORTHCOTE-PUNT RD,MS,123.2,1150,CRK,6/10/2004 12:00:00 AM,2004-06-10,IN,22.0
M440,MAINAG,T,TYABB MORNINGTON MAIN,MS,0.3,350,CLAY,1/1/1979 12:00:00 AM,1979-01-01,IN,47.0
M021,OFTAKE,S,BLACKBURN RD - NOTTING HILL,MSCL,0.84,300,SS&C,1/1/1983 12:00:00 AM,1984-01-01,IN,42.0
M054,OFTAKE,S,OLINDA-MITCHAM NO.2,MSCL,1.44,150,CLAY,1/1/1984 12:00:00 AM,1926-01-01,IN,100.0
M113,MAINBG,T,MITCHAM - SURREY HILLS DUP.,MS,23.5,1150,CLAY,1/1/1984 12:00:00 AM,1939-01-01,IN,87.0
M046,MAINBG,T,MITCHAM-SURREY HILLS MAIN,MSR,8.88,900,CLAY,1/1/1912 12:00:00 AM,1912-01-01,IN,114.0
M293,BRANCH,S,MONBULK NO2 DELIVERY MAIN,MS,0.89,300,CLAY,1/1/1971 12:00:00 AM,1971-01-01,IN,55.0
M468,BYPASS,S,JOHNS HILL INLET MAIN,MSCL,2.44,100,UNKN,1/1/1994 12:00:00 AM,1998-06-01,IN,28.0
M402,BYPASS,S,GREENVALE - OUTLET NO 2 MAIN,MSCL,5.01,225,CRK,1/1/1989 12:00:00 AM,1989-01-01,IN,37.0
M022,BYPASS,S,MITCHAM-NOTTING HILL MAIN,MSCL,1.34,150,CLAY,1/1/1974 12:00:00 AM,1985-01-01,IN,41.0
M257,MAINBG,T,ST ALBANS OUTLET MAIN,MS,37.68,1150,CRK,1/1/1970 12:00:00 AM,1970-01-01,IN,56.0
M268,MAINBG,T,MT VIEW OUTLET MAIN,MS,388.56,1150,UNKN,1/1/1965 12:00:00 AM,1968-01-01,IN,58.0
M332,OFTAKE,S,WINNEKE-PRESTON (SLOAF RES.MN),MSCL,2.0,450,SAND,1/1/1980 12:00:00 AM,1980-10-14,IN,46.0
M333,OFTAKE,S,GREENVALE-YUROKE-SYDENHAM,MSCL,2.44,300,CRK,1/1/1978 12:00:00 AM,1984-11-09,IN,42.0
M193,OFTAKE,S,KENNY ST-BROADMEADOWS MAIN,MSEL,1.04,300,CLAY,1/1/1965 12:00:00 AM,1962-07-23,IN,64.0
M333,OUTLET,S,GREENVALE-YUROKE-SYDENHAM,MS,0.27,50,CRK,1/1/1978 12:00:00 AM,2005-02-28,IN,21.0
M419,MAINBG,T,LANGWARRIN - BITTERN NO 3 MAIN,MS,17.42,900,CLAY,1/1/1971 12:00:00 AM,1972-01-01,IN,54.0
M055,MAINBG,T,NO 1 OLINDA-MITCHAM MAIN,MSLB,225.1,900,CLAY,1/1/1963 12:00:00 AM,1914-01-01,IN,112.0
M022,MAINBG,T,MITCHAM-NOTTING HILL MAIN,MSLB,4.13,750,CLAY,1/1/1974 12:00:00 AM,1927-01-01,IN,99.0
M258,MAINBG,T,MAROONDAH AQUADUCT REPLACEMENT,MS,53.93,2100,SAND,1/1/1979 12:00:00 AM,1979-01-01,IN,47.0
M375,CROSS,T,CARDINIA - HALLAM NO 2 MAIN,MS,0.76,900,UNKN,1/1/1988 12:00:00 AM,1988-01-01,IN,38.0
M160,CROSS,S,PRESTON - FOOTSCRAY MAIN,MSCL,2.63,150,CLAY,1/1/1958 12:00:00 AM,1958-03-01,IN,68.0
M160,CROSS,S,PRESTON - FOOTSCRAY MAIN,MSCL,3.6,450,CLAY,1/1/1958 12:00:00 AM,1958-03-01,IN,68.0
M160,MAINBG,T,PRESTON - FOOTSCRAY MAIN,MS,5.33,1350,CLAY,1/1/1958 12:00:00 AM,1958-03-01,IN,68.0
M161,MAINBG,T,YARRA-SILVAN CONDUIT NO 1,MS,8368.04,1700,CST,1/1/1946 12:00:00 AM,1946-01-01,IN,80.0
M022,MAINBG,T,MITCHAM-NOTTING HILL MAIN,MS,50.87,1150,CLAY,1/1/1968 12:00:00 AM,1927-01-01,IN,99.0
M194,MAINBG,T,EPPING-PRESTON MAIN,MS,0.79,300,CLAY,1/1/1960 12:00:00 AM,2010-01-21,IN,16.0
M289,MAINBG,T,HALLAM NTH. INLET MAIN,DI,1.75,300,S&C,1/1/1976 12:00:00 AM,1977-01-01,IN,49.0
M281,MAINBG,T,CARDINIA-DAND'G-NOTTING HILL M,MS,934.27,1700,CLAY,1/1/1974 12:00:00 AM,1976-01-01,IN,50.0
M257,OFTAKE,S,ST ALBANS OUTLET MAIN,MSCL,3.57,225,CRK,1/1/1974 12:00:00 AM,1977-02-19,IN,49.0
M193,CONN,S,KENNY ST-BROADMEADOWS MAIN,CICL,1.72,150,CLAY,1/1/1965 12:00:00 AM,1971-01-01,IN,55.0
M475,MAINBG,T,PAKENHAM RES NO.2 INLET MAIN,MS,119.52,600,CRK,11/25/1997 12:00:00 AM,1997-11-25,IN,29.0
M132,MAINBG,T,SILVA-MT WAVERLY MAIN,MS,1760.9,1700,CLAY,1/1/1957 12:00:00 AM,1957-01-01,IN,69.0
M160,MAINBG,T,PRESTON - FOOTSCRAY MAIN,MS,2.22,1350,CLAY,1/1/1958 12:00:00 AM,1958-01-01,IN,68.0
M197,CROSS,S,SILVAN-PRESTON MAIN,MSCL,0.76,150,CLAY,1/1/1962 12:00:00 AM,1962-01-01,IN,64.0
M346,MAINBG,T,SYDENHAM OUTLET MAIN,MS,2.26,900,CRK,1/1/1978 12:00:00 AM,1977-01-01,IN,49.0
M131,OFTAKE,S,MT VIEW-DANDENONG MAIN,MSCL,1.34,150,CRK,1/1/1958 12:00:00 AM,1969-07-02,IN,57.0
M192,MAINBG,T,EPPING-GREENVALE MAIN,MS,6.92,600,CRK,1/1/1989 12:00:00 AM,1989-01-01,IN,37.0
M462,MAINBG,T,LANGWARRIN-FRANKSTON NO 2 MAIN,MS,1916.19,900,SAND,1/1/1967 12:00:00 AM,1967-01-01,IN,59.0
M479,OFTAKE,S,BITTERN RES BYPASS MAIN,MSCL,1.64,300,SAND,1/1/1999 12:00:00 AM,1999-01-01,IN,27.0
M479,OFTAKE,S,BITTERN RES BYPASS MAIN,MSCL,0.4,300,SAND,1/1/1999 12:00:00 AM,1999-01-01,IN,27.0
M161,MAINBG,T,YARRA-SILVAN CONDUIT NO 1,MS,822.69,1700,SS&C,1/1/1946 12:00:00 AM,1946-01-01,IN,80.0
M420,OFTAKE,S,TARAGO - WESTERN PORT MAIN,MSCL,4.31,600,SAND,1/1/1979 12:00:00 AM,1975-08-01,IN,51.0
M420,OFTAKE,S,TARAGO - WESTERN PORT MAIN,MSCL,5.98,100,SAND,1/1/1979 12:00:00 AM,1975-08-01,IN,51.0
M280,OFTAKE,S,GREENVALE RESERVOIR OUTLET,MSEL,0.77,150,CLAY,1/1/1971 12:00:00 AM,1971-01-01,IN,55.0
M078,MAINBG,T,ROSANNA - PRESTON MAIN,MS,14.29,1150,CLAY,1/1/1940 12:00:00 AM,1940-01-01,IN,86.0
M346,MAINBG,T,SYDENHAM OUTLET MAIN,MS,2.0,825,UNKN,1/1/1978 12:00:00 AM,1977-01-01,IN,49.0
M158,MAINBG,T,SURREY HILLS - ROSANNA,MS,50.56,1150,CLAY,1/1/1957 12:00:00 AM,1957-01-01,IN,69.0
M104,MAINBG,T,MORANG OUTLET,MS,23.91,900,CRK,1/1/1977 12:00:00 AM,1977-01-01,IN,49.0
M193,OFTAKE,S,KENNY ST-BROADMEADOWS MAIN,CICL,1.73,100,CLAY,1/1/1965 12:00:00 AM,1971-01-01,IN,55.0
M055,OFTAKE,S,NO 1 OLINDA-MITCHAM MAIN,MSCL,7.14,300,CLAY,1/1/1978 12:00:00 AM,1914-01-01,IN,112.0
M257,MAINBG,T,ST ALBANS OUTLET MAIN,MS,1.15,1150,CRK,1/1/1970 12:00:00 AM,1970-01-01,IN,56.0
M192,OFTAKE,S,EPPING-GREENVALE MAIN,MSEL,1.91,300,CLAY,1/1/1960 12:00:00 AM,1960-01-01,IN,66.0
M056,OFTAKE,S,OLINDA-MITCHAM NO.3,MSCL,32.3,150,CLAY,1/1/1981 12:00:00 AM,1936-01-01,IN,90.0
M257,MAINBG,T,ST ALBANS OUTLET MAIN,MS,277.74,1150,CRK,1/1/1974 12:00:00 AM,1974-01-01,IN,52.0
M198,MAINBG,T,SOMERTON HIGH LEVEL MAIN,MS,2.59,600,CRK,1/1/1962 12:00:00 AM,1964-01-01,IN,62.0
M195,MAINBG,T,MT WAVERLY OUTLET MAIN,MS,54.2,825,SNC,1/1/1962 12:00:00 AM,1962-01-01,IN,64.0
M375,MAINBG,T,CARDINIA - HALLAM NO 2 MAIN,MS,1572.04,1700,UNKN,1/1/1988 12:00:00 AM,1988-01-01,IN,38.0
M420,OFTAKE,S,TARAGO - WESTERN PORT MAIN,MSCL,3.01,300,SAND,1/1/1979 12:00:00 AM,1975-08-01,IN,51.0
M420,OFTAKE,S,TARAGO - WESTERN PORT MAIN,MSCL,3.51,100,SAND,1/1/1979 12:00:00 AM,1975-08-01,IN,51.0
M419,MAINBG,T,LANGWARRIN - BITTERN NO 3 MAIN,MS,2625.91,900,CLAY,1/1/1971 12:00:00 AM,1972-01-01,IN,54.0
M197,BYPASS,S,SILVAN-PRESTON MAIN,MSCL,5.46,225,TOPS,1/1/1962 12:00:00 AM,1980-01-01,IN,46.0
M195,BYPASS,S,MT WAVERLY OUTLET MAIN,MS,4.14,225,SNC,1/1/1962 12:00:00 AM,1962-01-01,IN,64.0
A007,AQDUCT,T,O'SHANNASSY,CONC,2324.45,0,CLAY,1/1/1891 12:00:00 AM,1931-01-01,IN,95.0
M022,MAINBG,T,MITCHAM-NOTTING HILL MAIN,MS,9.69,1150,CLAY,1/1/1966 12:00:00 AM,1927-01-01,IN,99.0
A011,SIPHBG,T,UPPER YARRA,MS,191.45,1350,CLAY,1/1/1958 12:00:00 AM,1939-01-01,IN,87.0
R143,BYPASS,S,MORNINGTON RESERVOIR,MS,0.29,355,CLAY,1/1/1979 12:00:00 AM,1979-01-01,IN,47.0
M283,MAINBG,T,YARRA VALLEY CONDUIT MAIN,MS,2344.74,2100,MS,1/1/1973 12:00:00 AM,1976-01-01,IN,50.0
M197,MAINBG,T,SILVAN-PRESTON MAIN,MS,874.15,1700,SAND,1/1/1962 12:00:00 AM,1962-01-01,IN,64.0
M160,MAINAG,T,PRESTON - FOOTSCRAY MAIN,MS,7.06,1150,CLAY,1/1/1958 12:00:00 AM,1958-01-01,IN,68.0
M475,MAINAG,T,PAKENHAM RES NO.2 INLET MAIN,MS,588.66,600,CRK,11/25/1997 12:00:00 AM,1997-11-25,IN,29.0
M190,MAINBG,T,YAN YEAN-EPPING MAIN,MS,9.71,1700,CLAY,1/1/1960 12:00:00 AM,1960-01-01,IN,66.0
M113,MAINBG,T,MITCHAM - SURREY HILLS DUP.,MS,0.76,900,CLAY,1/1/1984 12:00:00 AM,1939-01-01,IN,87.0
M131,MAINBG,T,MT VIEW-DANDENONG MAIN,MS,23.71,825,CRK,1/1/1958 12:00:00 AM,1958-01-01,IN,68.0
M022,OFTAKE,S,MITCHAM-NOTTING HILL MAIN,MSCL,1.26,300,CLAY,1/1/1968 12:00:00 AM,1927-01-01,IN,99.0
M197,BYPASS,S,SILVAN-PRESTON MAIN,MSCL,1.22,825,TOPS,1/1/1962 12:00:00 AM,1980-01-01,IN,46.0
M194,BYPASS,S,EPPING-PRESTON MAIN,MSCL,5.81,150,CLAY,1/1/1960 12:00:00 AM,1978-06-30,IN,48.0
M258,MAINBG,T,MAROONDAH AQUADUCT REPLACEMENT,MS,207.26,2100,SAND,1/1/1979 12:00:00 AM,1979-01-01,IN,47.0
M257,OFTAKE,S,ST ALBANS OUTLET MAIN,MSCL,2.47,300,CRK,1/1/1974 12:00:00 AM,1994-02-21,IN,32.0
M479,OFTAKE,S,BITTERN RES BYPASS MAIN,MSCL,1.16,300,SAND,1/1/1999 12:00:00 AM,1999-01-01,IN,27.0
M103,BYPASS,S,CORANDERRK WEIR TO DICKS BASIN,CI,1.46,225,CLAY,1/1/1931 12:00:00 AM,1931-01-01,IN,95.0
M348,MAINBG,T,MORANG BCH OF WINNEKE-PRESTON,MS,239.94,2100,CRK,1/1/1980 12:00:00 AM,1980-01-01,IN,46.0
M046,BYPASS,S,MITCHAM-SURREY HILLS MAIN,MSCL,0.61,225,CLAY,1/1/1912 12:00:00 AM,1912-01-01,IN,114.0
M132,BYPASS,S,SILVA-MT WAVERLY MAIN,MS,2.19,300,CLAY,1/1/1957 12:00:00 AM,1965-01-01,IN,61.0
M190,CONN,S,YAN YEAN-EPPING MAIN,MSCL,2.5,1500,CLAY,1/1/1960 12:00:00 AM,1960-01-01,IN,66.0
M197,MAINBG,T,SILVAN-PRESTON MAIN,MS,2009.97,1350,CLAY,1/1/1962 12:00:00 AM,1962-01-01,IN,64.0
M474,CROSS,S,ST GEORGES RD REPLACEMENT MAIN,MSCL,0.59,225,SAND,1/1/1995 12:00:00 AM,1996-08-01,IN,30.0
M257,CROSS,S,ST ALBANS OUTLET MAIN,MSCL,0.96,300,CRK,1/1/1966 12:00:00 AM,1999-11-25,IN,27.0
M197,CROSS,S,SILVAN-PRESTON MAIN,MSCL,1.74,150,CLAY,1/1/1962 12:00:00 AM,1962-01-01,IN,64.0
M192,MAINBG,T,EPPING-GREENVALE MAIN,MS,2.24,600,CRK,1/1/1989 12:00:00 AM,1990-01-01,IN,36.0
M131,MAINBG,S,MT VIEW-DANDENONG MAIN,MSCL,1.69,225,CRK,1/1/1958 12:00:00 AM,1988-01-01,IN,38.0
M022,MAINBG,T,MITCHAM-NOTTING HILL MAIN,MS,150.09,1150,CLAY,1/1/1968 12:00:00 AM,1964-01-01,IN,62.0
M002,MAINBG,T,SURREY HILLS RES,MS,15.49,1150,CLAY,1/1/1985 12:00:00 AM,1939-01-01,IN,87.0
M467,BRANCH,S,CARDINIA DRAINAGE RISING MAIN,MSCL,1.53,150,SAND,1/1/1973 12:00:00 AM,1973-01-01,IN,53.0
M257,MAINBG,T,ST ALBANS OUTLET MAIN,MS,35.06,1150,CRK,1/1/2005 12:00:00 AM,2005-05-06,IN,21.0
M197,BYPASS,S,SILVAN-PRESTON MAIN,MSCL,3.43,225,TOPS,1/1/1962 12:00:00 AM,1962-01-01,IN,64.0
M103,MAINBG,T,CORANDERRK WEIR TO DICKS BASIN,MS,21.05,1150,CLAY,1/1/1931 12:00:00 AM,1931-01-01,IN,95.0
M257,BYPASS,S,ST ALBANS OUTLET MAIN,MSCL,3.35,225,CRK,1/1/1974 12:00:00 AM,1986-01-01,IN,40.0
M375,BYPASS,S,CARDINIA - HALLAM NO 2 MAIN,MSCL,0.65,225,UNKN,1/1/1988 12:00:00 AM,1988-01-01,IN,38.0
M054,CROSS,S,OLINDA-MITCHAM NO.2,MSCL,0.71,225,SAND,1/1/1992 12:00:00 AM,1926-01-01,IN,100.0
M423,MAINBG,T,DEVILBEND RISING MAIN,MS,2114.38,900,CLAY,1/1/1964 12:00:00 AM,1965-01-01,IN,61.0
R143,OFTAKE,S,MORNINGTON RESERVOIR,MS,0.95,355,CLAY,1/1/1979 12:00:00 AM,1979-01-01,IN,47.0
M197,CROSS,S,SILVAN-PRESTON MAIN,MSCL,2.39,150,CLAY,1/1/1962 12:00:00 AM,1976-01-01,IN,50.0
M475,MAINBG,T,PAKENHAM RES NO.2 INLET MAIN,MS,11.25,600,CRK,11/25/1997 12:00:00 AM,1997-11-25,IN,29.0
M475,MAINBG,T,PAKENHAM RES NO.2 INLET MAIN,MS,650.26,600,CRK,11/25/1997 12:00:00 AM,1997-11-25,IN,29.0
M468,MAINBG,T,JOHNS HILL INLET MAIN,MS,78.89,600,UNKN,1/1/1994 12:00:00 AM,1998-06-01,IN,28.0
M191,CROSS,S,MORANG BRCH YAN YEAN-EPPING M,WICL,2.68,450,CLAY,1/1/1960 12:00:00 AM,1929-01-01,IN,97.0
M348,CROSS,S,MORANG BCH OF WINNEKE-PRESTON,MS,16.17,1350,CRK,1/1/1980 12:00:00 AM,1980-01-01,IN,46.0
M350,CROSS,S,WESTERN TRANSFER MAIN,MSCL,2.57,450,CLAY,1/1/1984 12:00:00 AM,1984-01-01,IN,42.0
M474,MAINBG,T,ST GEORGES RD REPLACEMENT MAIN,MS,0.87,1350,SAND,1/1/1995 12:00:00 AM,1995-01-01,IN,31.0
M160,MAINBG,T,PRESTON - FOOTSCRAY MAIN,MS,8.7,1350,CLAY,1/1/1958 12:00:00 AM,1958-03-01,IN,68.0
M054,OFTAKE,S,OLINDA-MITCHAM NO.2,MSCL,1.39,100,CLAY,1/1/1984 12:00:00 AM,1926-01-01,IN,100.0
M160,OFTAKE,S,PRESTON - FOOTSCRAY MAIN,MSCL,0.71,375,CLAY,1/1/1958 12:00:00 AM,2006-07-11,IN,20.0
M333,OFTAKE,S,GREENVALE-YUROKE-SYDENHAM,DICL,0.44,300,CRK,1/1/1978 12:00:00 AM,1994-12-12,IN,32.0
M372,OFTAKE,S,LUSATIA PARK MAIN,DICL,3.5,100,SAND,1/1/1985 12:00:00 AM,1984-09-01,IN,42.0
M387,OFTAKE,S,SILVAN SEVILLE MAIN,UPVC,3.58,25,CRK,1/1/1996 12:00:00 AM,1996-01-01,IN,30.0
M193,OFTAKE,S,KENNY ST-BROADMEADOWS MAIN,MSEL,10.46,150,CLAY,1/1/1965 12:00:00 AM,1962-07-23,IN,64.0
M046,MAINBG,T,MITCHAM-SURREY HILLS MAIN,MS,1.05,900,CLAY,1/1/1912 12:00:00 AM,1912-01-01,IN,114.0
M281,OFTAKE,S,CARDINIA-DAND'G-NOTTING HILL M,MSCL,2.49,300,SAND,1/1/1974 12:00:00 AM,1988-01-01,IN,38.0
M422,MAINBG,T,BITTERN - DROMANA NO 2 MAIN,MS,2.09,600,CLAY,1/1/1964 12:00:00 AM,1965-01-01,IN,61.0
M420,MAINBG,T,TARAGO - WESTERN PORT MAIN,MS,1.49,1050,SAND,1/1/1979 12:00:00 AM,1973-08-01,IN,53.0
M046,MAINBG,T,MITCHAM-SURREY HILLS MAIN,MS,1.16,900,CLAY,1/1/1912 12:00:00 AM,1912-01-01,IN,114.0
M055,MAINBG,T,NO 1 OLINDA-MITCHAM MAIN,MSLB,378.27,900,CLAY,1/1/1963 12:00:00 AM,1914-01-01,IN,112.0
M475,MAINBG,T,PAKENHAM RES NO.2 INLET MAIN,MS,106.24,600,CRK,11/25/1997 12:00:00 AM,1997-11-25,IN,29.0
M041,MAINBG,T,MERRI CK - NORTHCOTE-PUNT RD,MS,28.87,1150,CLAY,1/1/1928 12:00:00 AM,1928-01-01,IN,98.0
M055,MAINBG,T,NO 1 OLINDA-MITCHAM MAIN,MSLB,2.37,900,CLAY,1/1/1976 12:00:00 AM,1914-01-01,IN,112.0
M160,MAINBG,T,PRESTON - FOOTSCRAY MAIN,MS,1.77,600,CLAY,1/1/1958 12:00:00 AM,1958-03-01,IN,68.0
M113,MAINBG,T,MITCHAM - SURREY HILLS DUP.,MS,102.42,1150,CLAY,1/1/1988 12:00:00 AM,1939-01-01,IN,87.0
M009,MAINBG,S,PRESTON-NORTH ESSENDON MAIN,MSCL,0.35,150,CLAY,1/1/1970 12:00:00 AM,1999-01-01,IN,27.0
M182,BRANCH,S,BROOKLYN-GALVIN-LAVERTON MAIN,MSCL,6.07,150,CLAY,1/1/1961 12:00:00 AM,1961-01-01,IN,65.0
M195,BRANCH,S,MT WAVERLY OUTLET MAIN,MSEL,2.46,900,SNC,1/1/1962 12:00:00 AM,1978-01-01,IN,48.0
M420,MAINBG,T,TARAGO - WESTERN PORT MAIN,MS,3.42,450,SAND,1/1/1979 12:00:00 AM,1973-08-01,IN,53.0
M232,CONN,S,HARRIS GULLY MAIN,MSCL,2.18,150,MS,1/1/1965 12:00:00 AM,1975-10-17,IN,51.0
M193,MAINBG,T,KENNY ST-BROADMEADOWS MAIN,MS,64.821,1150,CLAY,1/1/1965 12:00:00 AM,1965-01-01,IN,61.0
M475,MAINBG,T,PAKENHAM RES NO.2 INLET MAIN,MS,1.18,600,CRK,11/25/1997 12:00:00 AM,1997-11-25,IN,29.0
M232,MAINBG,T,HARRIS GULLY MAIN,MS,3.95,1150,MS,1/1/1965 12:00:00 AM,1977-01-01,IN,49.0
M478,CROSS,S,CARDINIA - PEARCEDALE DUP,MSCL,4.62,900,CRK,1/1/2001 12:00:00 AM,2001-01-01,IN,25.0
M273,MAINBG,T,CARDINIA BYPASS,MS,396.43,1700,S&C,1/1/1971 12:00:00 AM,1971-01-01,IN,55.0
M192,CROSS,S,EPPING-GREENVALE MAIN,MSEL,5.02,150,CLAY,1/1/1960 12:00:00 AM,1960-01-01,IN,66.0
M475,OFTAKE,S,PAKENHAM RES NO.2 INLET MAIN,MSCL,12.19,150,CRK,11/25/1997 12:00:00 AM,1997-11-25,IN,29.0
M182,CROSS,S,BROOKLYN-GALVIN-LAVERTON MAIN,GWICL,1.22,150,CLAY,1/1/1961 12:00:00 AM,1961-01-01,IN,65.0
M191,MAINBG,T,MORANG BRCH YAN YEAN-EPPING M,MS,4.94,1350,CLAY,1/1/1960 12:00:00 AM,1960-01-01,IN,66.0
M333,OFTAKE,S,GREENVALE-YUROKE-SYDENHAM,DICL,2.78,300,CRK,1/1/1978 12:00:00 AM,1992-05-25,IN,34.0
M160,MAINBG,T,PRESTON - FOOTSCRAY MAIN,MS,281.31,1150,CLAY,1/1/1958 12:00:00 AM,1958-01-01,IN,68.0
M420,OFTAKE,S,TARAGO - WESTERN PORT MAIN,MSCL,3.51,375,SAND,1/1/1979 12:00:00 AM,1975-08-01,IN,51.0
M372,BYPASS,S,LUSATIA PARK MAIN,MSCL,5.04,300,SAND,1/1/1985 12:00:00 AM,1984-09-01,IN,42.0
M350,BYPASS,S,WESTERN TRANSFER MAIN,MSCL,1.15,225,CLAY,1/1/1984 12:00:00 AM,1984-01-01,IN,42.0
M232,MAINBG,T,HARRIS GULLY MAIN,MS,1285.49,1150,CLAY,1/1/1965 12:00:00 AM,1965-01-01,IN,61.0
M378,MAINBG,T,CARDINIA - BERWICK MAIN,MS,47.35,1350,SAND,1/1/1981 12:00:00 AM,1981-01-01,IN,45.0
M197,MAINBG,T,SILVAN-PRESTON MAIN,MS,2.18,1350,TOPS,1/1/1962 12:00:00 AM,1962-01-01,IN,64.0
M257,OFTAKE,S,ST ALBANS OUTLET MAIN,MSCL,0.95,225,CRK,1/1/1966 12:00:00 AM,1998-01-01,IN,28.0
M350,MAINBG,T,WESTERN TRANSFER MAIN,MS,736.12,1350,CLAY,1/1/1984 12:00:00 AM,1984-01-01,IN,42.0
M054,MAINBG,S,OLINDA-MITCHAM NO.2,MSCL,0.74,1150,CLAY,1/1/1984 12:00:00 AM,1926-01-01,IN,100.0
M402,MAINBG,T,GREENVALE - OUTLET NO 2 MAIN,MS,1564.4,1700,CRK,1/1/1989 12:00:00 AM,1989-01-01,IN,37.0
M010,SIPHBG,T,MAROONDAH,MS,394.43,1350,CLAY,1/1/1928 12:00:00 AM,1891-01-01,IN,135.0
M193,CONN,S,KENNY ST-BROADMEADOWS MAIN,MSCL,1.6,300,CLAY,1/1/1965 12:00:00 AM,1976-01-01,IN,50.0
M197,CROSS,S,SILVAN-PRESTON MAIN,MSCL,4.58,300,CLAY,1/1/1962 12:00:00 AM,1975-01-01,IN,51.0
M475,MAINBG,T,PAKENHAM RES NO.2 INLET MAIN,MS,1226.84,600,CRK,11/25/1997 12:00:00 AM,1997-11-25,IN,29.0
M198,MAINBG,T,SOMERTON HIGH LEVEL MAIN,MS,1.16,450,CRK,1/1/1968 12:00:00 AM,1968-01-01,IN,58.0
M281,CROSS,S,CARDINIA-DAND'G-NOTTING HILL M,MSCL,15.47,825,CLAY,1/1/1958 12:00:00 AM,1982-08-01,IN,44.0
M281,CROSS,S,CARDINIA-DAND'G-NOTTING HILL M,MSCL,2.79,600,SAND,1/1/1974 12:00:00 AM,1996-01-01,IN,30.0
M041,BYPASS,S,MERRI CK - NORTHCOTE-PUNT RD,MSCL,2.55,225,CLAY,1/1/1928 12:00:00 AM,1927-06-21,IN,99.0
M041,CONN,S,MERRI CK - NORTHCOTE-PUNT RD,MSCL,8.04,225,CLAY,1/1/1928 12:00:00 AM,1928-01-01,IN,98.0
M475,MAINBG,T,PAKENHAM RES NO.2 INLET MAIN,MS,18.97,600,CRK,11/25/1997 12:00:00 AM,1997-11-25,IN,29.0
M197,MAINBG,T,SILVAN-PRESTON MAIN,MS,2.94,1150,CLAY,1/1/1962 12:00:00 AM,1962-01-01,IN,64.0
M273,MAINBG,T,CARDINIA BYPASS,MS,2.65,2100,MS&C,1/1/1971 12:00:00 AM,1971-01-01,IN,55.0
M283,MAINBG,S,YARRA VALLEY CONDUIT MAIN,MSEL,1.65,1700,SLCL,1/1/1973 12:00:00 AM,1976-01-01,IN,50.0
M291,MAINBG,S,SILVAN - OLINDA MAIN,MSEL,1.48,1050,CLAY,1/1/1971 12:00:00 AM,1971-01-01,IN,55.0
M419,OFTAKE,T,LANGWARRIN - BITTERN NO 3 MAIN,MS,1.0,300,CLAY,1/1/1971 12:00:00 AM,1972-01-01,IN,54.0
M275,OFTAKE,T,MCMAHONS CK DIVERSION MAIN,MS,2.19,100,CRK,1/1/1968 12:00:00 AM,1969-01-01,IN,57.0
M257,OFTAKE,S,ST ALBANS OUTLET MAIN,MSCL,2.97,225,CRK,1/1/1966 12:00:00 AM,1977-11-11,IN,49.0
M319,MAINBG,S,QUARRY HILL RISING MAIN,MS,4.45,1150,C&BS,1/1/1977 12:00:00 AM,1978-01-01,IN,48.0
M468,MAINBG,T,JOHNS HILL INLET MAIN,MS,2.0,450,UNKN,1/1/1994 12:00:00 AM,1998-06-01,IN,28.0
M192,MAINBG,T,EPPING-GREENVALE MAIN,MS,243.25,813,UNKN,7/1/2005 12:00:00 AM,2005-07-01,IN,21.0
M078,MAINBG,S,ROSANNA - PRESTON MAIN,MS,0.99,1150,CLAY,1/1/1940 12:00:00 AM,1940-01-01,IN,86.0
R026,INLET,S,SURRY HILLS NO2 RESERVOIR,MS,0.8,900,CRK,1/1/1995 12:00:00 AM,1985-01-01,IN,41.0
M104,MAINBG,S,MORANG OUTLET,MSCL,3.02,225,CRK,1/1/1989 12:00:00 AM,2005-05-02,IN,21.0
M197,MAINBG,T,SILVAN-PRESTON MAIN,MS,2.51,1350,TOPS,1/1/1962 12:00:00 AM,1962-01-01,IN,64.0
M182,OFTAKE,S,BROOKLYN-GALVIN-LAVERTON MAIN,MSCL,14.73,225,CLAY,1/1/1961 12:00:00 AM,1961-01-01,IN,65.0
M195,MAINBG,T,MT WAVERLY OUTLET MAIN,MS,8.83,1150,SNC,1/1/1962 12:00:00 AM,1962-01-01,IN,64.0
M378,MAINBG,T,CARDINIA - BERWICK MAIN,MS,2.9,1350,SAND,1/1/1981 12:00:00 AM,1981-01-01,IN,45.0
M420,OFTAKE,S,TARAGO - WESTERN PORT MAIN,MSCL,4.31,600,SAND,1/1/1979 12:00:00 AM,1975-08-01,IN,51.0
M190,OFTAKE,S,YAN YEAN-EPPING MAIN,MS,0.48,50,CLAY,1/1/1960 12:00:00 AM,2007-12-23,IN,19.0
M387,MAINBG,T,SILVAN SEVILLE MAIN,DI,1.12,300,CRK,1/1/1996 12:00:00 AM,1996-01-01,IN,30.0
M041,MAINBG,T,MERRI CK - NORTHCOTE-PUNT RD,MS,644.74,1150,CLAY,1/1/1928 12:00:00 AM,1925-01-01,IN,101.0
M054,MAINBG,T,OLINDA-MITCHAM NO.2,MS,188.21,1150,CLAY,1/1/1984 12:00:00 AM,1926-01-01,IN,100.0
M055,MAINBG,T,NO 1 OLINDA-MITCHAM MAIN,MSLB,5.24,900,CLAY,1/1/1978 12:00:00 AM,1914-01-01,IN,112.0
M192,MAINBG,T,EPPING-GREENVALE MAIN,MS,2123.2,1350,CLAY,1/1/1960 12:00:00 AM,1960-01-01,IN,66.0
M022,MAINBG,T,MITCHAM-NOTTING HILL MAIN,MS,2.08,1150,CLAY,1/1/1968 12:00:00 AM,1927-01-01,IN,99.0
M198,MAINBG,T,SOMERTON HIGH LEVEL MAIN,MS,55.59,600,CRK,1/1/1962 12:00:00 AM,1962-01-01,IN,64.0
M197,BYPASS,S,SILVAN-PRESTON MAIN,MSCL,5.27,225,TOPS,1/1/1962 12:00:00 AM,1962-01-01,IN,64.0
M046,BYPASS,S,MITCHAM-SURREY HILLS MAIN,MSCL,7.19,300,CLAY,1/1/1912 12:00:00 AM,1955-01-01,IN,71.0
M191,MAINBG,T,MORANG BRCH YAN YEAN-EPPING M,MS,48.3,1350,CLAY,1/1/1960 12:00:00 AM,1959-12-14,IN,67.0
M046,MAINBG,T,MITCHAM-SURREY HILLS MAIN,MSR,48.2,900,CLAY,1/1/1912 12:00:00 AM,1912-01-01,IN,114.0
M198,BYPASS,S,SOMERTON HIGH LEVEL MAIN,MS,1.51,225,CRK,1/1/1962 12:00:00 AM,1962-01-01,IN,64.0
M257,BYPASS,S,ST ALBANS OUTLET MAIN,MSCL,3.74,225,CRK,1/1/1966 12:00:00 AM,2006-12-12,IN,20.0
M160,BYPASS,S,PRESTON - FOOTSCRAY MAIN,MSCL,2.98,225,CLAY,1/1/1958 12:00:00 AM,1958-03-01,IN,68.0
M475,BYPASS,S,PAKENHAM RES NO.2 INLET MAIN,MSCL,2.99,225,CRK,11/25/1997 12:00:00 AM,1997-11-25,IN,29.0
M281,BYPASS,S,CARDINIA-DAND'G-NOTTING HILL M,MSCL,7.87,225,SAND,1/1/1974 12:00:00 AM,1981-01-01,IN,45.0
M478,BYPASS,S,CARDINIA - PEARCEDALE DUP,MSCL,0.96,150,CRK,1/1/2001 12:00:00 AM,2001-01-01,IN,25.0
M478,BYPASS,S,CARDINIA - PEARCEDALE DUP,MSCL,0.77,150,CRK,1/1/2001 12:00:00 AM,2001-01-01,IN,25.0
M182,BYPASS,S,BROOKLYN-GALVIN-LAVERTON MAIN,MSCL,4.4,225,CLAY,1/1/1961 12:00:00 AM,1961-01-01,IN,65.0
M046,OFTAKE,S,MITCHAM-SURREY HILLS MAIN,CICL,3.55,150,CLAY,1/1/1912 12:00:00 AM,1912-01-01,IN,114.0
M422,MAINBG,T,BITTERN - DROMANA NO 2 MAIN,MS,2.0,900,CLAY,1/1/1964 12:00:00 AM,1964-01-01,IN,62.0
M418,MAINBG,T,BEACONSFIELD - LANGWARRIN MAIN,MS,117.86,1050,CLAY,1/1/1982 12:00:00 AM,1982-01-01,IN,44.0
M375,MAINBG,T,CARDINIA - HALLAM NO 2 MAIN,MS,11.02,1700,UNKN,1/1/1988 12:00:00 AM,1988-01-01,IN,38.0
M193,MAINBG,T,KENNY ST-BROADMEADOWS MAIN,MS,1.66,1150,CLAY,1/1/1971 12:00:00 AM,1971-01-01,IN,55.0
M131,MAINBG,T,MT VIEW-DANDENONG MAIN,MS,218.08,825,CRK,1/1/1958 12:00:00 AM,1971-01-01,IN,55.0
M104,MAINBG,S,MORANG OUTLET,MSCL,0.79,225,CRK,1/1/1989 12:00:00 AM,2005-05-02,IN,21.0
M418,MAINBG,T,BEACONSFIELD - LANGWARRIN MAIN,MS,11.53,1125,CLAY,1/1/1982 12:00:00 AM,1982-01-01,IN,44.0
M046,BYPASS,S,MITCHAM-SURREY HILLS MAIN,CICL,1.82,225,CLAY,1/1/1939 12:00:00 AM,1983-01-01,IN,43.0
M275,BYPASS,S,MCMAHONS CK DIVERSION MAIN,MSCL,7.96,225,CLAY,1/1/1968 12:00:00 AM,1969-01-01,IN,57.0
M291,MAINBG,T,SILVAN - OLINDA MAIN,MS,1118.28,2100,CRK,1/1/1971 12:00:00 AM,1971-01-01,IN,55.0
M104,MAINBG,T,MORANG OUTLET,MS,53.99,900,CRK,1/1/1989 12:00:00 AM,1989-01-01,IN,37.0
M046,CROSS,S,MITCHAM-SURREY HILLS MAIN,MS,14.82,600,CLAY,1/1/1939 12:00:00 AM,1939-01-01,IN,87.0
M467,MAINBG,T,CARDINIA DRAINAGE RISING MAIN,MS,0.86,600,SAND,1/1/1973 12:00:00 AM,1973-01-01,IN,53.0
M192,MAINBG,T,EPPING-GREENVALE MAIN,MS,1.95,600,SAND,1/1/1971 12:00:00 AM,1971-01-01,IN,55.0
M478,CROSS,S,CARDINIA - PEARCEDALE DUP,MSCL,0.74,450,CRK,1/1/2001 12:00:00 AM,2001-01-01,IN,25.0
M182,CROSS,S,BROOKLYN-GALVIN-LAVERTON MAIN,DICL,1.0,300,CLAY,1/1/1961 12:00:00 AM,1961-01-01,IN,65.0
M193,MAINBG,T,KENNY ST-BROADMEADOWS MAIN,MS,1.85,750,CRK,1/1/1965 12:00:00 AM,1965-01-01,IN,61.0
M056,MAINBG,T,OLINDA-MITCHAM NO.3,MS,14.76,1150,CLAY,1/1/1981 12:00:00 AM,1936-01-01,IN,90.0
M055,CROSS,S,NO 1 OLINDA-MITCHAM MAIN,MSCL,1.62,600,CLAY,1/1/1963 12:00:00 AM,1914-01-01,IN,112.0
M478,MAINBG,T,CARDINIA - PEARCEDALE DUP,MS,19.54,1700,CRK,1/1/2001 12:00:00 AM,2001-01-01,IN,25.0
B190,MAINBG,T,AQUEDUCT RD LANGWARRIN PRV,MS,2.87,600,CLAY,1/1/1959 12:00:00 AM,1959-01-01,IN,67.0
M378,MAINBG,T,CARDINIA - BERWICK MAIN,MS,881.17,1350,SAND,1/1/1981 12:00:00 AM,1981-01-01,IN,45.0
M273,MAINBG,T,CARDINIA BYPASS,MS,2.42,1350,S&C,1/1/1971 12:00:00 AM,1971-01-01,IN,55.0
M333,OFTAKE,S,GREENVALE-YUROKE-SYDENHAM,MSCL,1.63,600,CRK,1/1/1978 12:00:00 AM,1978-01-01,IN,48.0
M193,OFTAKE,S,KENNY ST-BROADMEADOWS MAIN,MSCL,1.41,225,CLAY,1/1/1965 12:00:00 AM,1962-07-23,IN,64.0
M262,SIPHBG,T,(A011) MCMAHONS CREEK MAIN,MS,315.32,1350,CLAY,1/1/1958 12:00:00 AM,1958-01-01,IN,68.0
M054,MAINBG,T,OLINDA-MITCHAM NO.2,MS,547.0,1150,CLAY,1/1/1984 12:00:00 AM,1926-01-01,IN,100.0
M193,MAINBG,T,KENNY ST-BROADMEADOWS MAIN,MS,2.27,1150,CLAY,1/1/1965 12:00:00 AM,1965-01-01,IN,61.0
M160,MAINBG,T,PRESTON - FOOTSCRAY MAIN,MS,108.28,1150,CLAY,1/1/1958 12:00:00 AM,1958-03-01,IN,68.0
M194,MAINBG,S,EPPING-PRESTON MAIN,MS,2.596,1150,CLAY,1/1/1960 12:00:00 AM,1960-01-01,IN,66.0
M132,MAINBG,T,SILVA-MT WAVERLY MAIN,MS,1.48,1700,CLAY,1/1/1957 12:00:00 AM,1957-01-01,IN,69.0
M158,MAINBG,T,SURREY HILLS - ROSANNA,MS,443.35,1150,CLAY,1/1/1957 12:00:00 AM,1957-01-01,IN,69.0
M283,MAINBG,T,YARRA VALLEY CONDUIT MAIN,MS,102.16,2100,SNC,1/1/1973 12:00:00 AM,1976-01-01,IN,50.0
M193,MAINBG,T,KENNY ST-BROADMEADOWS MAIN,MS,57.28,1150,CLAY,1/1/1965 12:00:00 AM,1965-01-01,IN,61.0
M132,MAINBG,T,SILVA-MT WAVERLY MAIN,MS,4.8,1700,CLAY,1/1/1957 12:00:00 AM,1957-01-01,IN,69.0
M350,MAINBG,S,WESTERN TRANSFER MAIN,MS,2.31,1150,CLAY,1/1/1983 12:00:00 AM,1983-01-01,IN,43.0
M158,MAINBG,T,SURREY HILLS - ROSANNA,MS,13.51,1150,CLAY,1/1/1957 12:00:00 AM,1980-01-01,IN,46.0
M055,BRANCH,S,NO 1 OLINDA-MITCHAM MAIN,MSCL,0.99,300,CLAY,1/1/1914 12:00:00 AM,1914-01-01,IN,112.0
A008,SIPHBG,T,CORANDERRK,MS,3.0,1150,CLAY,1/1/1931 12:00:00 AM,1931-01-01,IN,95.0
M478,MAINBG,T,CARDINIA - PEARCEDALE DUP,MS,3.0,1350,CRK,1/1/2001 12:00:00 AM,2001-01-01,IN,25.0
M055,MAINBG,T,NO 1 OLINDA-MITCHAM MAIN,MS,51.33,900,CLAY,1/1/1963 12:00:00 AM,1914-01-01,IN,112.0
M190,MAINBG,T,YAN YEAN-EPPING MAIN,MS,5.09,1700,CLAY,1/1/1960 12:00:00 AM,1960-01-01,IN,66.0
M190,MAINBG,T,YAN YEAN-EPPING MAIN,MS,3.8,1700,CLAY,1/1/1960 12:00:00 AM,1960-01-01,IN,66.0
M160,MAINBG,T,PRESTON - FOOTSCRAY MAIN,MS,105.99,1150,CLAY,1/1/1958 12:00:00 AM,1998-06-01,IN,28.0
M158,MAINBG,T,SURREY HILLS - ROSANNA,MS,28.55,1150,CLAY,1/1/1957 12:00:00 AM,1957-01-01,IN,69.0
M158,MAINBG,T,SURREY HILLS - ROSANNA,MS,594.53,1150,CLAY,1/1/1957 12:00:00 AM,1957-01-01,IN,69.0
M002,MAINBG,T,SURREY HILLS RES,MS,575.27,1150,CLAY,1/1/1985 12:00:00 AM,1939-01-01,IN,87.0
M232,BRANCH,S,HARRIS GULLY MAIN,MSCL,0.34,600,CLAY,1/1/1965 12:00:00 AM,1965-01-01,IN,61.0
M022,BYPASS,S,MITCHAM-NOTTING HILL MAIN,MSCL,6.06,225,CLAY,1/1/1968 12:00:00 AM,1927-01-01,IN,99.0
M056,MAINBG,T,OLINDA-MITCHAM NO.3,MS,149.88,1150,CLAY,1/1/1984 12:00:00 AM,1936-01-01,IN,90.0
M193,MAINBG,T,KENNY ST-BROADMEADOWS MAIN,MS,2.64,1150,CLAY,1/1/1965 12:00:00 AM,1965-01-01,IN,61.0
M160,CROSS,S,PRESTON - FOOTSCRAY MAIN,MSCL,0.94,100,CLAY,1/1/1958 12:00:00 AM,1958-03-01,IN,68.0
M158,CROSS,S,SURREY HILLS - ROSANNA,MSCL,1.77,225,CLAY,1/1/1957 12:00:00 AM,1957-01-01,IN,69.0
M348,MAINBG,T,MORANG BCH OF WINNEKE-PRESTON,MS,1.81,2100,UNKN,1/1/1980 12:00:00 AM,1980-01-01,IN,46.0
M193,MAINBG,T,KENNY ST-BROADMEADOWS MAIN,MS,88.0,900,CRK,1/1/1965 12:00:00 AM,1965-01-01,IN,61.0
M055,CROSS,S,NO 1 OLINDA-MITCHAM MAIN,MSCL,11.83,300,CLAY,1/1/1963 12:00:00 AM,1914-01-01,IN,112.0
M198,MAINBG,T,SOMERTON HIGH LEVEL MAIN,MS,1.81,375,CRK,1/1/1962 12:00:00 AM,1964-01-01,IN,62.0
M194,MAINBG,T,EPPING-PRESTON MAIN,MS,1004.89,1150,CLAY,1/1/1960 12:00:00 AM,1960-07-04,IN,66.0
M132,BYPASS,S,SILVA-MT WAVERLY MAIN,MSCL,0.22,150,SAND,1/1/1983 12:00:00 AM,1983-01-01,IN,43.0
M054,MAINBG,T,OLINDA-MITCHAM NO.2,MS,421.79,1150,CLAY,1/1/1984 12:00:00 AM,1926-01-01,IN,100.0
M197,CONN,S,SILVAN-PRESTON MAIN,MSCL,2.33,150,TOPS,1/1/1962 12:00:00 AM,1970-01-01,IN,56.0
M350,MAINBG,T,WESTERN TRANSFER MAIN,MS,91.11,1350,CLAY,1/1/1984 12:00:00 AM,1984-01-01,IN,42.0
M057,CROSS,S,MORANG-PRESTON NO 1&3 MAIN,MSCL,6.38,375,CRK,10/30/2006 12:00:00 AM,2006-10-30,IN,20.0
M190,MAINBG,T,YAN YEAN-EPPING MAIN,MS,16.97,1350,CLAY,1/1/1960 12:00:00 AM,1960-01-01,IN,66.0
M194,MAINBG,T,EPPING-PRESTON MAIN,MS,549.45,1150,CLAY,1/1/1960 12:00:00 AM,1960-01-01,IN,66.0
M022,MAINBG,T,MITCHAM-NOTTING HILL MAIN,MS,7.83,600,CLAY,1/1/1974 12:00:00 AM,1974-01-01,IN,52.0
M346,MAINBG,T,SYDENHAM OUTLET MAIN,MS,2.35,825,UNKN,1/1/1978 12:00:00 AM,1977-01-01,IN,49.0
M056,MAINBG,T,OLINDA-MITCHAM NO.3,MS,2.87,1150,CLAY,1/1/1981 12:00:00 AM,2005-09-06,IN,21.0
M160,MAINBG,T,PRESTON - FOOTSCRAY MAIN,MS,233.98,1150,CLAY,1/1/1958 12:00:00 AM,1958-01-01,IN,68.0
M022,MAINBG,T,MITCHAM-NOTTING HILL MAIN,MS,2.85,600,CLAY,1/1/1974 12:00:00 AM,1927-01-01,IN,99.0
M350,MAINBG,S,WESTERN TRANSFER MAIN,MS,5.0,1150,CLAY,1/1/1960 12:00:00 AM,1960-01-01,IN,66.0
M160,MAINBG,T,PRESTON - FOOTSCRAY MAIN,MS,12.94,1350,CLAY,1/1/1958 12:00:00 AM,1958-02-01,IN,68.0
M132,MAINBG,T,SILVA-MT WAVERLY MAIN,MS,7.27,1700,CLAY,1/1/1957 12:00:00 AM,1957-01-01,IN,69.0
M046,OFTAKE,S,MITCHAM-SURREY HILLS MAIN,MSCL,1.23,225,CLAY,1/1/1912 12:00:00 AM,1967-01-01,IN,59.0
M333,OUTLET,S,GREENVALE-YUROKE-SYDENHAM,MS,2.83,50,CRK,1/1/1978 12:00:00 AM,2005-02-28,IN,21.0
M054,MAINBG,T,OLINDA-MITCHAM NO.2,MS,500.42,1150,CLAY,1/1/1984 12:00:00 AM,1926-01-01,IN,100.0
M195,MAINBG,T,MT WAVERLY OUTLET MAIN,MS,23.36,900,CLAY,1/1/1962 12:00:00 AM,1962-01-01,IN,64.0
M419,MAINBG,T,LANGWARRIN - BITTERN NO 3 MAIN,MS,111.93,900,CLAY,1/1/1971 12:00:00 AM,1972-01-01,IN,54.0
M232,BRANCH,S,HARRIS GULLY MAIN,MS,0.51,600,MS,1/1/1965 12:00:00 AM,1977-01-01,IN,49.0
M021,MAINBG,T,BLACKBURN RD - NOTTING HILL,MS,139.45,825,SS&C,1/1/1983 12:00:00 AM,1974-01-01,IN,52.0
M348,BYPASS,S,MORANG BCH OF WINNEKE-PRESTON,MS,2.65,225,CRK,1/1/1980 12:00:00 AM,1980-01-01,IN,46.0
M333,BYPASS,S,GREENVALE-YUROKE-SYDENHAM,MSCL,11.14,600,CRK,1/1/1978 12:00:00 AM,2005-02-28,IN,21.0
M440,BYPASS,S,TYABB MORNINGTON MAIN,MS,0.7,80,CLAY,1/1/1979 12:00:00 AM,1979-01-01,IN,47.0
M197,BYPASS,S,SILVAN-PRESTON MAIN,MSCL,5.04,825,TOPS,1/1/1962 12:00:00 AM,1962-01-01,IN,64.0
M002,OFTAKE,S,SURREY HILLS RES,MSCL,0.9,150,CLAY,1/1/1939 12:00:00 AM,1953-10-08,IN,73.0
M158,OFTAKE,S,SURREY HILLS - ROSANNA,MSCL,1.36,225,CLAY,1/1/1957 12:00:00 AM,1963-12-23,IN,63.0
M054,OFTAKE,S,OLINDA-MITCHAM NO.2,MSCL,3.43,225,CLAY,1/1/1984 12:00:00 AM,1926-01-01,IN,100.0
M054,BYPASS,S,OLINDA-MITCHAM NO.2,MSCL,0.76,225,CLAY,1/1/1992 12:00:00 AM,1926-01-01,IN,100.0
M281,BYPASS,S,CARDINIA-DAND'G-NOTTING HILL M,MSCL,3.07,150,SAND,1/1/1974 12:00:00 AM,1996-01-01,IN,30.0
M056,MAINBG,T,OLINDA-MITCHAM NO.3,MS,2.76,1150,CLAY,1/1/1984 12:00:00 AM,1936-01-01,IN,90.0
M478,BYPASS,S,CARDINIA - PEARCEDALE DUP,MSCL,2.14,150,CRK,1/1/2001 12:00:00 AM,2001-01-01,IN,25.0
M440,BYPASS,S,TYABB MORNINGTON MAIN,MS,3.37,355,CLAY,1/1/1979 12:00:00 AM,1979-01-01,IN,47.0
M198,MAINBG,T,SOMERTON HIGH LEVEL MAIN,MS,1617.97,600,CRK,1/1/1962 12:00:00 AM,1962-01-01,IN,64.0
M195,MAINBG,T,MT WAVERLY OUTLET MAIN,MS,1037.1,900,SNC,1/1/1962 12:00:00 AM,1962-01-01,IN,64.0
M232,BRANCH,S,HARRIS GULLY MAIN,MS,3.63,1150,MS,1/1/1965 12:00:00 AM,1977-01-01,IN,49.0
M478,MAINBG,T,CARDINIA - PEARCEDALE DUP,MS,52.07,1350,CRK,1/1/2001 12:00:00 AM,2001-01-01,IN,25.0
M197,MAINBG,S,SILVAN-PRESTON MAIN,MS,1.45,1350,SAND,1/1/1962 12:00:00 AM,1962-01-01,IN,64.0
M258,MAINBG,T,MAROONDAH AQUADUCT REPLACEMENT,MS,6.45,2100,SAND,1/1/1979 12:00:00 AM,1979-01-01,IN,47.0
M474,MAINBG,S,ST GEORGES RD REPLACEMENT MAIN,MSCL,0.66,450,SAND,1/1/1995 12:00:00 AM,1996-07-25,IN,30.0
M054,MAINBG,T,OLINDA-MITCHAM NO.2,MS,3.36,1150,CLAY,1/1/1984 12:00:00 AM,1926-01-01,IN,100.0
M055,MAINBG,T,NO 1 OLINDA-MITCHAM MAIN,MS,6.07,825,CRK,1/1/1992 12:00:00 AM,1992-01-01,IN,34.0
M190,MAINBG,T,YAN YEAN-EPPING MAIN,MS,2.41,1700,CLAY,1/1/1960 12:00:00 AM,1960-01-01,IN,66.0
M193,MAINBG,T,KENNY ST-BROADMEADOWS MAIN,MS,23.28,900,CLAY,1/1/1965 12:00:00 AM,1965-01-01,IN,61.0
M159,MAINBG,T,MT WAVERLY-NOTTING HILL MAIN,MS,4.6,1150,SAND,1/1/1955 12:00:00 AM,1976-01-01,IN,50.0
M104,MAINBG,T,MORANG OUTLET,MS,4.34,900,CRK,1/1/1987 12:00:00 AM,1988-01-01,IN,38.0
M182,BYPASS,S,BROOKLYN-GALVIN-LAVERTON MAIN,MSCL,5.3,150,CLAY,1/1/1961 12:00:00 AM,1961-01-01,IN,65.0
M113,BRANCH,S,MITCHAM - SURREY HILLS DUP.,MSCL,4.43,300,CLAY,1/1/1984 12:00:00 AM,1956-01-01,IN,70.0
M132,CROSS,S,SILVA-MT WAVERLY MAIN,MSCL,0.51,600,SAND,1/1/1983 12:00:00 AM,1983-01-01,IN,43.0
M113,MAINBG,T,MITCHAM - SURREY HILLS DUP.,MS,2.7,1150,CLAY,1/1/1984 12:00:00 AM,1939-01-01,IN,87.0
M193,OFTAKE,S,KENNY ST-BROADMEADOWS MAIN,CICL,4.11,150,CLAY,1/1/1965 12:00:00 AM,1968-04-08,IN,58.0
M131,MAINBG,T,MT VIEW-DANDENONG MAIN,MS,457.25,825,CRK,1/1/1958 12:00:00 AM,1958-01-01,IN,68.0
M056,OFTAKE,S,OLINDA-MITCHAM NO.3,MSCL,1.71,225,CLAY,1/1/1984 12:00:00 AM,1936-01-01,IN,90.0
M022,MAINBG,T,MITCHAM-NOTTING HILL MAIN,MS,171.8,1150,CLAY,1/1/1966 12:00:00 AM,1927-01-01,IN,99.0
M002,MAINBG,T,SURREY HILLS RES,MS,1.04,800,CLAY,1/1/1985 12:00:00 AM,1939-01-01,IN,87.0
M197,MAINBG,T,SILVAN-PRESTON MAIN,MS,14.46,1700,CLAY,1/1/1962 12:00:00 AM,1962-01-01,IN,64.0
M268,MAINBG,S,MT VIEW OUTLET MAIN,MSEL,0.95,1150,SLCL,1/1/1965 12:00:00 AM,1968-01-01,IN,58.0
M283,MAINBG,S,YARRA VALLEY CONDUIT MAIN,MSEL,2.01,1150,SLCL,1/1/1973 12:00:00 AM,1976-01-01,IN,50.0
M291,MAINBG,S,SILVAN - OLINDA MAIN,MSEL,2.65,1350,CLAY,1/1/1971 12:00:00 AM,1971-01-01,IN,55.0
M195,OFTAKE,S,MT WAVERLY OUTLET MAIN,MSCL,2.27,150,SNC,1/1/1962 12:00:00 AM,1962-01-01,IN,64.0
M197,MAINBG,T,SILVAN-PRESTON MAIN,MS,1283.25,1700,SAND,1/1/1962 12:00:00 AM,1962-01-01,IN,64.0
M194,MAINBG,T,EPPING-PRESTON MAIN,MS,471.36,1150,CLAY,1/1/1960 12:00:00 AM,1960-07-04,IN,66.0
M131,MAINBG,T,MT VIEW-DANDENONG MAIN,MS,2.27,825,CRK,1/1/1958 12:00:00 AM,1958-01-01,IN,68.0
M055,MAINBG,T,NO 1 OLINDA-MITCHAM MAIN,MSR,1.96,900,CLAY,1/1/1912 12:00:00 AM,1912-01-01,IN,114.0
M046,MAINBG,T,MITCHAM-SURREY HILLS MAIN,MSR,52.96,900,CLAY,1/1/1912 12:00:00 AM,1912-01-01,IN,114.0
M197,MAINBG,T,SILVAN-PRESTON MAIN,MS,2453.44,1350,SAND,1/1/1962 12:00:00 AM,1962-01-01,IN,64.0
M468,OFTAKE,S,JOHNS HILL INLET MAIN,MSCL,0.83,450,UNKN,1/1/1994 12:00:00 AM,1998-06-01,IN,28.0
M190,OFTAKE,S,YAN YEAN-EPPING MAIN,MS,0.55,50,CLAY,1/1/1960 12:00:00 AM,2007-12-23,IN,19.0
M420,OFTAKE,S,TARAGO - WESTERN PORT MAIN,MSCL,6.68,100,SAND,1/1/1979 12:00:00 AM,1975-08-01,IN,51.0
M402,MAINBG,T,GREENVALE - OUTLET NO 2 MAIN,MSCL,1.272,1350,CRK,1/1/1971 12:00:00 AM,1989-01-01,IN,37.0
M054,MAINBG,T,OLINDA-MITCHAM NO.2,MS,41.84,1150,CLAY,1/1/1984 12:00:00 AM,1926-01-01,IN,100.0
M055,MAINBG,T,NO 1 OLINDA-MITCHAM MAIN,MSLB,277.02,900,CLAY,1/1/1978 12:00:00 AM,1914-01-01,IN,112.0
M055,OFTAKE,S,NO 1 OLINDA-MITCHAM MAIN,MSCL,1.85,100,CLAY,1/1/1978 12:00:00 AM,1914-01-01,IN,112.0
M113,BYPASS,S,MITCHAM - SURREY HILLS DUP.,MSCL,1.26,300,CLAY,1/1/1984 12:00:00 AM,1939-01-01,IN,87.0
M193,CONN,S,KENNY ST-BROADMEADOWS MAIN,MSCL,3.16,150,CLAY,1/1/1965 12:00:00 AM,1986-01-01,IN,40.0
M281,CROSS,S,CARDINIA-DAND'G-NOTTING HILL M,MSCL,5.24,150,SAND,1/1/1974 12:00:00 AM,1988-01-01,IN,38.0
M475,MAINBG,T,PAKENHAM RES NO.2 INLET MAIN,MS,11.98,600,CRK,11/25/1997 12:00:00 AM,1997-11-25,IN,29.0
M375,CROSS,S,CARDINIA - HALLAM NO 2 MAIN,MSCL,2.6,1700,SAND,1/1/1974 12:00:00 AM,1988-01-01,IN,38.0
M351,CROSS,S,WERRIBEE RES INLET MAIN,MSCL,2.63,300,CRK,1/1/1985 12:00:00 AM,1995-01-01,IN,31.0
M197,BYPASS,S,SILVAN-PRESTON MAIN,MSCL,6.26,225,CLAY,1/1/1962 12:00:00 AM,1985-01-01,IN,41.0
M022,BYPASS,S,MITCHAM-NOTTING HILL MAIN,MSCL,2.78,225,CLAY,1/1/1968 12:00:00 AM,1966-01-01,IN,60.0
M193,CONN,S,KENNY ST-BROADMEADOWS MAIN,CICL,2.83,150,CLAY,1/1/1965 12:00:00 AM,1965-01-01,IN,61.0
M375,CROSS,S,CARDINIA - HALLAM NO 2 MAIN,MSCL,17.55,150,UNKN,1/1/1988 12:00:00 AM,1988-01-01,IN,38.0
M475,MAINBG,T,PAKENHAM RES NO.2 INLET MAIN,MS,70.27,600,CRK,11/25/1997 12:00:00 AM,1997-11-25,IN,29.0
M258,MAINBG,T,MAROONDAH AQUADUCT REPLACEMENT,MS,2.43,2100,SAND,1/1/1968 12:00:00 AM,1968-08-26,IN,58.0
M055,MAINBG,T,NO 1 OLINDA-MITCHAM MAIN,MSLB,233.84,900,CLAY,1/1/1963 12:00:00 AM,1914-01-01,IN,112.0
M190,MAINBG,T,YAN YEAN-EPPING MAIN,MS,5.31,1350,CLAY,1/1/1960 12:00:00 AM,1960-01-01,IN,66.0
M193,BYPASS,S,KENNY ST-BROADMEADOWS MAIN,MSEL,0.69,150,CLAY,1/1/1965 12:00:00 AM,1995-01-01,IN,31.0
M478,BYPASS,S,CARDINIA - PEARCEDALE DUP,MSCL,0.79,150,CRK,1/1/2001 12:00:00 AM,2001-01-01,IN,25.0
M479,BYPASS,S,BITTERN RES BYPASS MAIN,MSCL,8.05,225,SAND,1/1/1999 12:00:00 AM,1999-01-01,IN,27.0
M056,BYPASS,S,OLINDA-MITCHAM NO.3,MSCL,5.78,225,CLAY,1/1/1984 12:00:00 AM,1936-01-01,IN,90.0
M478,BYPASS,S,CARDINIA - PEARCEDALE DUP,MSCL,0.952,225,CRK,1/1/2001 12:00:00 AM,2001-01-01,IN,25.0
M475,BYPASS,S,PAKENHAM RES NO.2 INLET MAIN,MSCL,3.11,225,CRK,11/25/1997 12:00:00 AM,1997-11-25,IN,29.0
M478,BYPASS,S,CARDINIA - PEARCEDALE DUP,MSCL,0.77,150,CRK,1/1/2001 12:00:00 AM,2001-01-01,IN,25.0
M197,MAINBG,T,SILVAN-PRESTON MAIN,MS,1075.96,1700,TOPS,1/1/1962 12:00:00 AM,1962-01-01,IN,64.0
M268,MAINBG,S,MT VIEW OUTLET MAIN,MSEL,2.29,1150,SLCL,1/1/1965 12:00:00 AM,1968-01-01,IN,58.0
M283,MAINBG,S,YARRA VALLEY CONDUIT MAIN,MSEL,2.61,1700,SLCL,1/1/1973 12:00:00 AM,1976-01-01,IN,50.0
M291,MAINBG,S,SILVAN - OLINDA MAIN,MSEL,16.5,1350,CLAY,1/1/1971 12:00:00 AM,1971-01-01,IN,55.0
M195,OFTAKE,S,MT WAVERLY OUTLET MAIN,MSCL,1.1,225,SNC,1/1/1962 12:00:00 AM,1962-01-01,IN,64.0
M257,OFTAKE,S,ST ALBANS OUTLET MAIN,MSCL,3.68,300,CRK,1/1/1974 12:00:00 AM,1974-01-01,IN,52.0
M467,MAINBG,T,CARDINIA DRAINAGE RISING MAIN,MS,0.71,600,SAND,1/1/1973 12:00:00 AM,1973-01-01,IN,53.0
M468,MAINBG,T,JOHNS HILL INLET MAIN,MS,2.34,300,UNKN,1/1/1994 12:00:00 AM,1998-06-01,IN,28.0
M474,MAINBG,T,ST GEORGES RD REPLACEMENT MAIN,MS,2.33,825,SAND,1/1/1995 12:00:00 AM,1996-07-25,IN,30.0
M193,MAINBG,T,KENNY ST-BROADMEADOWS MAIN,MS,150.35,900,CLAY,1/1/1965 12:00:00 AM,1965-01-01,IN,61.0
M160,MAINBG,T,PRESTON - FOOTSCRAY MAIN,MS,306.72,1150,CLAY,1/1/1958 12:00:00 AM,1958-03-01,IN,68.0
M103,MAINBG,T,CORANDERRK WEIR TO DICKS BASIN,MS,499.17,1150,CLAY,1/1/1931 12:00:00 AM,1930-09-05,IN,96.0
M478,BRANCH,T,CARDINIA - PEARCEDALE DUP,MS,0.48,800,CRK,1/1/2001 12:00:00 AM,2001-01-01,IN,25.0
M197,BYPASS,S,SILVAN-PRESTON MAIN,MSCL,7.54,150,MS&C,1/1/1962 12:00:00 AM,1962-01-01,IN,64.0
M054,BYPASS,S,OLINDA-MITCHAM NO.2,MS,0.99,225,CLAY,1/1/1984 12:00:00 AM,1926-01-01,IN,100.0
M474,MAINBG,T,ST GEORGES RD REPLACEMENT MAIN,MS,8.83,900,SAND,1/1/1995 12:00:00 AM,1996-07-25,IN,30.0
M159,BYPASS,S,MT WAVERLY-NOTTING HILL MAIN,MSCL,1.11,225,SAND,1/1/1955 12:00:00 AM,1955-01-01,IN,71.0
M273,MAINBG,T,CARDINIA BYPASS,MS,1019.04,1700,S&C,1/1/1971 12:00:00 AM,1971-01-01,IN,55.0
M195,OFTAKE,S,MT WAVERLY OUTLET MAIN,MSCL,1.11,225,SNC,1/1/1962 12:00:00 AM,1962-01-01,IN,64.0
M257,OFTAKE,S,ST ALBANS OUTLET MAIN,MSCL,1.35,225,CRK,1/1/1974 12:00:00 AM,1974-01-01,IN,52.0
M333,MAINBG,T,GREENVALE-YUROKE-SYDENHAM,MS,54.96,1150,CRK,1/1/1978 12:00:00 AM,1978-01-01,IN,48.0
M440,MAINAG,T,TYABB MORNINGTON MAIN,MS,1.22,1000,CLAY,1/1/1979 12:00:00 AM,1979-01-01,IN,47.0
M002,BRANCH,S,SURREY HILLS RES,MSCL,5.81,300,CLAY,1/1/1939 12:00:00 AM,1939-01-01,IN,87.0
M423,MAINBG,T,DEVILBEND RISING MAIN,MS,8.06,900,CLAY,1/1/1964 12:00:00 AM,1964-01-01,IN,62.0
M332,BYPASS,S,WINNEKE-PRESTON (SLOAF RES.MN),MSCL,0.49,225,SAND,1/1/1980 12:00:00 AM,1980-10-14,IN,46.0
M478,BYPASS,S,CARDINIA - PEARCEDALE DUP,MSCL,1.2,225,CRK,1/1/2001 12:00:00 AM,2001-01-01,IN,25.0
M046,MAINBG,T,MITCHAM-SURREY HILLS MAIN,CI,4.08,900,CLAY,1/1/1912 12:00:00 AM,1912-01-01,IN,114.0
M160,MAINBG,T,PRESTON - FOOTSCRAY MAIN,MS,20.43,1150,CLAY,1/1/1958 12:00:00 AM,1958-03-01,IN,68.0
M104,MAINBG,T,MORANG OUTLET,MS,42.37,800,CRK,1/1/1989 12:00:00 AM,2005-05-02,IN,21.0
M022,MAINBG,T,MITCHAM-NOTTING HILL MAIN,MS,4.23,1150,CLAY,1/1/1966 12:00:00 AM,1927-01-01,IN,99.0
M078,MAINBG,S,ROSANNA - PRESTON MAIN,MS,1.03,1150,CLAY,1/1/1940 12:00:00 AM,1940-01-01,IN,86.0
M192,MAINBG,T,EPPING-GREENVALE MAIN,MS,3.47,600,CRK,1/1/1989 12:00:00 AM,1990-01-01,IN,36.0
M131,MAINBG,T,MT VIEW-DANDENONG MAIN,MS,84.69,825,CRK,1/1/1958 12:00:00 AM,1958-01-01,IN,68.0
M022,MAINBG,T,MITCHAM-NOTTING HILL MAIN,MS,139.95,1150,CLAY,1/1/1966 12:00:00 AM,1927-01-01,IN,99.0
M473,BRANCH,S,SILVAN RESERVOIR BY-PASS MAIN,MSCL,33.5,375,SAND,1/1/1962 12:00:00 AM,1962-01-01,IN,64.0
M467,BRANCH,S,CARDINIA DRAINAGE RISING MAIN,MSCL,0.95,150,SAND,1/1/1973 12:00:00 AM,1973-01-01,IN,53.0
M198,MAINBG,T,SOMERTON HIGH LEVEL MAIN,MS,0.79,600,CRK,1/1/1962 12:00:00 AM,1962-01-01,IN,64.0
M197,BYPASS,S,SILVAN-PRESTON MAIN,MSCL,5.27,225,TOPS,1/1/1962 12:00:00 AM,1962-01-01,IN,64.0
M076,BYPASS,S,"HIGH ST RD, MT WAVERLY MAIN",CI,8.43,225,CLAY,1/1/1979 12:00:00 AM,1928-01-01,IN,98.0
M197,MAINBG,T,SILVAN-PRESTON MAIN,MS,1.44,1350,CLAY,1/1/1962 12:00:00 AM,1962-01-01,IN,64.0
M291,MAINBG,T,SILVAN - OLINDA MAIN,MS,4921.63,2100,SS,1/1/1971 12:00:00 AM,1971-12-13,IN,55.0
M289,MAINBG,T,HALLAM NTH. INLET MAIN,MS,3.31,1150,S&C,1/1/1976 12:00:00 AM,1977-01-01,IN,49.0
M195,OFTAKE,S,MT WAVERLY OUTLET MAIN,MSCL,2.76,825,SNC,1/1/1962 12:00:00 AM,1962-01-01,IN,64.0
M281,CROSS,S,CARDINIA-DAND'G-NOTTING HILL M,MSEL,1.8,1350,SAND,1/1/1974 12:00:00 AM,1984-01-01,IN,42.0
M281,CROSS,S,CARDINIA-DAND'G-NOTTING HILL M,MSCL,1.44,225,SAND,1/1/1974 12:00:00 AM,1973-10-03,IN,53.0
M268,CROSS,S,MT VIEW OUTLET MAIN,MSCL,0.75,825,SLCL,1/1/1983 12:00:00 AM,1968-01-01,IN,58.0
M258,MAINBG,T,MAROONDAH AQUADUCT REPLACEMENT,MS,243.95,2100,SAND,1/1/1977 12:00:00 AM,1980-01-01,IN,46.0
M022,MAINBG,T,MITCHAM-NOTTING HILL MAIN,MS,2.08,1150,CLAY,1/1/1968 12:00:00 AM,1927-01-01,IN,99.0
M291,MAINBG,S,SILVAN - OLINDA MAIN,MS,1.86,2100,CRK,1/1/1971 12:00:00 AM,1971-01-01,IN,55.0
M160,MAINBG,T,PRESTON - FOOTSCRAY MAIN,MS,92.63,1150,CLAY,1/1/1958 12:00:00 AM,1958-03-01,IN,68.0
M158,MAINBG,S,SURREY HILLS - ROSANNA,MSCL,0.48,450,CLAY,1/1/1957 12:00:00 AM,2005-06-02,IN,21.0
M113,MAINBG,T,MITCHAM - SURREY HILLS DUP.,MS,782.93,1150,CLAY,1/1/1984 12:00:00 AM,1939-01-01,IN,87.0
M021,MAINBG,T,BLACKBURN RD - NOTTING HILL,MS,349.7,825,SS&C,1/1/1983 12:00:00 AM,1984-01-01,IN,42.0
M002,MAINBG,T,SURREY HILLS RES,MS,5.15,1150,CLAY,1/1/1985 12:00:00 AM,1939-01-01,IN,87.0
M198,BRANCH,S,SOMERTON HIGH LEVEL MAIN,MSCL,10.99,375,CRK,1/1/1962 12:00:00 AM,1962-01-01,IN,64.0
M333,MAINBG,T,GREENVALE-YUROKE-SYDENHAM,MS,1751.88,1150,CRK,1/1/1978 12:00:00 AM,1978-01-01,IN,48.0
M193,BYPASS,S,KENNY ST-BROADMEADOWS MAIN,MSEL,1.03,225,CLAY,1/1/1965 12:00:00 AM,1979-06-02,IN,47.0
M478,BYPASS,S,CARDINIA - PEARCEDALE DUP,MSCL,2.05,225,CRK,1/1/2001 12:00:00 AM,2001-01-01,IN,25.0
M281,BYPASS,S,CARDINIA-DAND'G-NOTTING HILL M,MSCL,12.01,300,CLAY,1/1/1974 12:00:00 AM,1974-01-01,IN,52.0
M078,BYPASS,S,ROSANNA - PRESTON MAIN,MSCL,1.03,225,CRK,1/1/1976 12:00:00 AM,1976-01-01,IN,50.0
M076,MAINBG,T,"HIGH ST RD, MT WAVERLY MAIN",MSLB,3.84,900,CLAY,1/1/1979 12:00:00 AM,1928-01-01,IN,98.0
M160,MAINBG,T,PRESTON - FOOTSCRAY MAIN,MS,378.64,1150,CLAY,1/1/1958 12:00:00 AM,1958-03-01,IN,68.0
M131,MAINBG,T,MT VIEW-DANDENONG MAIN,MS,39.85,825,CRK,1/1/1958 12:00:00 AM,1958-01-01,IN,68.0
M158,MAINBG,T,SURREY HILLS - ROSANNA,MS,47.5,1150,CLAY,1/1/1957 12:00:00 AM,1957-01-01,IN,69.0
M160,BYPASS,S,PRESTON - FOOTSCRAY MAIN,MSCL,2.79,225,CLAY,1/1/1958 12:00:00 AM,1958-03-01,IN,68.0
M191,BYPASS,S,MORANG BRCH YAN YEAN-EPPING M,MSEL,1.02,225,SAND,5/21/2001 12:00:00 AM,2001-05-21,IN,25.0
M182,BYPASS,S,BROOKLYN-GALVIN-LAVERTON MAIN,MSCL,0.91,225,CLAY,1/1/1961 12:00:00 AM,1974-01-01,IN,52.0
M056,BYPASS,S,OLINDA-MITCHAM NO.3,CICL,12.05,225,CLAY,1/1/1981 12:00:00 AM,1936-01-01,IN,90.0
M268,CONN,S,MT VIEW OUTLET MAIN,MSCL,5.2,150,UNKN,1/1/1965 12:00:00 AM,1971-09-07,IN,55.0
M197,MAINBG,T,SILVAN-PRESTON MAIN,MS,100.65,1700,SAND,1/1/1962 12:00:00 AM,1962-01-01,IN,64.0
M478,CROSS,S,CARDINIA - PEARCEDALE DUP,MSCL,3.46,900,CRK,1/1/2001 12:00:00 AM,2001-01-01,IN,25.0
M194,CROSS,S,EPPING-PRESTON MAIN,CICL,3.71,300,CLAY,1/1/1960 12:00:00 AM,1979-10-19,IN,47.0
M348,MAINBG,S,MORANG BCH OF WINNEKE-PRESTON,MS,4.0,600,CRK,1/1/1980 12:00:00 AM,1980-01-01,IN,46.0
M039,MAINBG,T,NORTHCOTE - PUNT RD,MS,17.09,600,SAND,1/1/1967 12:00:00 AM,1971-07-20,IN,55.0
M022,MAINBG,T,MITCHAM-NOTTING HILL MAIN,MSLB,22.6,600,CLAY,1/1/1975 12:00:00 AM,1927-01-01,IN,99.0
M078,MAINBG,T,ROSANNA - PRESTON MAIN,MS,512.8,1150,CLAY,1/1/1940 12:00:00 AM,1940-01-01,IN,86.0
M257,OFTAKE,S,ST ALBANS OUTLET MAIN,MSCL,2.46,150,CRK,1/1/1974 12:00:00 AM,1990-08-01,IN,36.0
M333,OUTLET,S,GREENVALE-YUROKE-SYDENHAM,MS,0.11,50,CRK,1/1/1978 12:00:00 AM,2005-02-28,IN,21.0
M193,MAINBG,T,KENNY ST-BROADMEADOWS MAIN,MS,30.14,1150,CLAY,1/1/1965 12:00:00 AM,1971-01-01,IN,55.0
M332,MAINBG,T,WINNEKE-PRESTON (SLOAF RES.MN),MS,102.49,2100,SAND,1/1/1980 12:00:00 AM,1980-01-01,IN,46.0
M131,MAINBG,T,MT VIEW-DANDENONG MAIN,MS,2.18,825,CRK,1/1/1958 12:00:00 AM,1958-01-01,IN,68.0
M113,OFTAKE,S,MITCHAM - SURREY HILLS DUP.,MSCL,0.95,150,CLAY,1/1/1984 12:00:00 AM,1939-01-01,IN,87.0
M041,OFTAKE,S,MERRI CK - NORTHCOTE-PUNT RD,MSCL,1.47,300,CRK,1/1/2004 12:00:00 AM,2004-05-10,IN,22.0
M194,BYPASS,S,EPPING-PRESTON MAIN,MSCL,1.35,375,CLAY,1/1/1960 12:00:00 AM,1978-06-30,IN,48.0
M039,BYPASS,S,NORTHCOTE - PUNT RD,MSCL,0.58,150,SAND,1/1/1967 12:00:00 AM,2006-12-12,IN,20.0
M197,MAINBG,T,SILVAN-PRESTON MAIN,MS,2357.99,1350,CLAY,1/1/1962 12:00:00 AM,1962-01-01,IN,64.0
M132,BYPASS,S,SILVA-MT WAVERLY MAIN,MSCL,2.59,225,CLAY,1/1/1957 12:00:00 AM,1957-01-01,IN,69.0
M197,BYPASS,S,SILVAN-PRESTON MAIN,MSEL,3.41,1050,SAND,1/1/1962 12:00:00 AM,1962-01-01,IN,64.0
M190,BYPASS,S,YAN YEAN-EPPING MAIN,MSCL,2.41,225,CLAY,1/1/1960 12:00:00 AM,1994-02-01,IN,32.0
M113,BYPASS,S,MITCHAM - SURREY HILLS DUP.,CICL,4.18,225,CLAY,1/1/1984 12:00:00 AM,1939-01-01,IN,87.0
M041,BYPASS,S,MERRI CK - NORTHCOTE-PUNT RD,MSCL,2.12,450,CLAY,1/1/1928 12:00:00 AM,1927-06-21,IN,99.0
M197,MAINBG,T,SILVAN-PRESTON MAIN,MS,7.42,1700,TOPS,1/1/1962 12:00:00 AM,1962-01-01,IN,64.0
M420,CONN,S,TARAGO - WESTERN PORT MAIN,MSCL,3.65,300,SAND,1/1/1979 12:00:00 AM,1975-08-01,IN,51.0
M078,CONN,S,ROSANNA - PRESTON MAIN,CI,8.2,80,CLAY,1/1/1940 12:00:00 AM,1940-01-01,IN,86.0
M333,MAINBG,T,GREENVALE-YUROKE-SYDENHAM,MS,476.15,1150,CRK,1/1/1978 12:00:00 AM,1978-01-01,IN,48.0
M467,MAINBG,T,CARDINIA DRAINAGE RISING MAIN,MS,0.81,600,SAND,1/1/1973 12:00:00 AM,1973-01-01,IN,53.0
M480,MAINBG,T,POWELL ST CROSS CONNECTION,MS,1.06,900,SAND,7/27/2002 12:00:00 AM,2002-07-24,IN,24.0
M078,MAINBG,T,ROSANNA - PRESTON MAIN,MS,1.63,1150,CLAY,1/1/1940 12:00:00 AM,1940-01-01,IN,86.0
M193,MAINBG,T,KENNY ST-BROADMEADOWS MAIN,MS,54.29,1150,CLAY,1/1/1965 12:00:00 AM,1965-01-01,IN,61.0
M361,MAINBG,T,NOTTING HILL OUTLET MAIN,MS,1252.55,1700,CRK,1/1/1988 12:00:00 AM,1984-01-01,IN,42.0
M191,MAINBG,T,MORANG BRCH YAN YEAN-EPPING M,MS,11.01,1350,CLAY,1/1/1960 12:00:00 AM,1960-08-11,IN,66.0
M131,MAINBG,T,MT VIEW-DANDENONG MAIN,MS,27.41,825,CRK,1/1/1958 12:00:00 AM,1958-01-01,IN,68.0
R143,MAINAG,T,MORNINGTON RESERVOIR,MS,0.31,350,CLAY,1/1/1979 12:00:00 AM,1979-01-01,IN,47.0
M046,OFTAKE,S,MITCHAM-SURREY HILLS MAIN,MSCL,3.22,150,SAND,1/1/1964 12:00:00 AM,1964-01-01,IN,62.0
M041,MAINBG,T,MERRI CK - NORTHCOTE-PUNT RD,MS,0.95,600,CRK,6/10/2004 12:00:00 AM,2004-06-10,IN,22.0
M198,MAINBG,T,SOMERTON HIGH LEVEL MAIN,MS,0.89,450,CRK,1/1/1962 12:00:00 AM,1962-01-01,IN,64.0
M354,MAINBG,T,SILVAN - MT WAVERLY NO 2 MAIN,MS,13.62,1700,CLAY,1/1/1983 12:00:00 AM,1983-01-01,IN,43.0
M478,OFTAKE,S,CARDINIA - PEARCEDALE DUP,MSCL,1.0,450,CRK,1/1/2001 12:00:00 AM,2001-01-01,IN,25.0
M054,BYPASS,S,OLINDA-MITCHAM NO.2,MSCL,0.8,225,SAND,1/1/1992 12:00:00 AM,1926-01-01,IN,100.0
M197,CONN,S,SILVAN-PRESTON MAIN,MSCL,1.33,225,TOPS,1/1/1962 12:00:00 AM,1990-01-01,IN,36.0
M197,CONN,S,SILVAN-PRESTON MAIN,MSCL,2.21,150,TOPS,1/1/1962 12:00:00 AM,1988-11-25,IN,38.0
M440,CONN,S,TYABB MORNINGTON MAIN,MS,6.63,650,CLAY,1/1/1979 12:00:00 AM,1979-01-01,IN,47.0
M440,MAINBG,T,TYABB MORNINGTON MAIN,MS,14.36,1000,CLAY,1/1/1979 12:00:00 AM,1979-01-01,IN,47.0
M054,MAINBG,T,OLINDA-MITCHAM NO.2,MS,317.34,1150,CLAY,1/1/1984 12:00:00 AM,1926-01-01,IN,100.0
M422,MAINBG,T,BITTERN - DROMANA NO 2 MAIN,MS,206.34,900,CLAY,1/1/1964 12:00:00 AM,1964-01-01,IN,62.0
M378,MAINBG,T,CARDINIA - BERWICK MAIN,MS,4.84,1400,SAND,1/1/1981 12:00:00 AM,1981-01-01,IN,45.0
M232,BRANCH,S,HARRIS GULLY MAIN,MS,0.56,600,MS,1/1/1965 12:00:00 AM,1977-01-01,IN,49.0
M041,BYPASS,S,MERRI CK - NORTHCOTE-PUNT RD,MSCL,2.17,150,CRK,6/10/2004 12:00:00 AM,2004-06-10,IN,22.0
M350,BYPASS,S,WESTERN TRANSFER MAIN,MSCL,0.55,150,CLAY,1/1/1960 12:00:00 AM,1984-01-01,IN,42.0
M333,BYPASS,S,GREENVALE-YUROKE-SYDENHAM,MSCL,0.99,600,CRK,1/1/1978 12:00:00 AM,2005-02-28,IN,21.0
M440,BYPASS,S,TYABB MORNINGTON MAIN,MS,0.72,80,CLAY,1/1/1979 12:00:00 AM,1979-01-01,IN,47.0
M257,BYPASS,S,ST ALBANS OUTLET MAIN,MSCL,1.07,225,CRK,1/1/1966 12:00:00 AM,2006-12-12,IN,20.0
M197,BYPASS,S,SILVAN-PRESTON MAIN,MSEL,3.45,1050,SAND,1/1/1962 12:00:00 AM,1962-01-01,IN,64.0
M076,MAINBG,T,"HIGH ST RD, MT WAVERLY MAIN",MSLB,73.81,750,CLAY,1/1/1979 12:00:00 AM,1928-01-01,IN,98.0
M132,BYPASS,S,SILVA-MT WAVERLY MAIN,MSCL,0.4,225,CLAY,1/1/1957 12:00:00 AM,1957-01-01,IN,69.0
M046,CONN,S,MITCHAM-SURREY HILLS MAIN,MSCL,18.48,900,CLAY,1/1/1912 12:00:00 AM,1912-01-01,IN,114.0
M195,CONN,S,MT WAVERLY OUTLET MAIN,MSCL,11.0,225,SNC,1/1/1962 12:00:00 AM,1963-01-11,IN,63.0
M402,MAINBG,T,GREENVALE - OUTLET NO 2 MAIN,MS,0.65,1150,CRK,1/1/1989 12:00:00 AM,1989-01-01,IN,37.0
M055,MAINBG,T,NO 1 OLINDA-MITCHAM MAIN,MSLB,54.2,900,CLAY,1/1/1963 12:00:00 AM,1914-01-01,IN,112.0
M194,CROSS,S,EPPING-PRESTON MAIN,MSCL,0.87,225,CLAY,1/1/1960 12:00:00 AM,1990-04-04,IN,36.0
M193,MAINBG,T,KENNY ST-BROADMEADOWS MAIN,MS,0.97,900,CRK,1/1/1965 12:00:00 AM,1965-01-01,IN,61.0
M378,MAINBG,T,CARDINIA - BERWICK MAIN,MS,101.09,1350,SAND,1/1/1981 12:00:00 AM,1981-01-01,IN,45.0
M054,MAINBG,T,OLINDA-MITCHAM NO.2,MS,2.81,1700,CLAY,1/1/1992 12:00:00 AM,1992-01-01,IN,34.0
M194,MAINBG,S,EPPING-PRESTON MAIN,MS,2.081,1150,CLAY,1/1/1960 12:00:00 AM,1960-01-01,IN,66.0
M158,MAINBG,T,SURREY HILLS - ROSANNA,MS,9.9,1150,CLAY,1/1/1957 12:00:00 AM,1957-01-01,IN,69.0
M113,MAINBG,T,MITCHAM - SURREY HILLS DUP.,MS,4.46,1150,CLAY,1/1/1984 12:00:00 AM,1939-01-01,IN,87.0
M468,MAINBG,T,JOHNS HILL INLET MAIN,MS,48.2,450,UNKN,1/1/1994 12:00:00 AM,1998-06-01,IN,28.0
M103,MAINBG,T,CORANDERRK WEIR TO DICKS BASIN,MS,5.71,1150,CLAY,1/1/1931 12:00:00 AM,1930-09-05,IN,96.0
M158,MAINBG,T,SURREY HILLS - ROSANNA,MS,474.41,1150,CLAY,1/1/1957 12:00:00 AM,1957-01-01,IN,69.0
M281,MAINBG,T,CARDINIA-DAND'G-NOTTING HILL M,MS,2.08,1700,SAND,1/1/1974 12:00:00 AM,1974-01-01,IN,52.0
M231,OFTAKE,S,YARRA-SILVAN CONDUIT NO.2 MAIN,MSCL,1.13,225,SNC,1/1/1964 12:00:00 AM,1964-01-01,IN,62.0
M131,BYPASS,S,MT VIEW-DANDENONG MAIN,MSCL,2.08,225,CRK,1/1/1958 12:00:00 AM,1988-01-01,IN,38.0
M468,MAINBG,T,JOHNS HILL INLET MAIN,MS,1.04,600,UNKN,1/1/1994 12:00:00 AM,2001-11-22,IN,25.0
M046,CONN,S,MITCHAM-SURREY HILLS MAIN,MSCL,1.92,900,CLAY,1/1/1912 12:00:00 AM,1912-01-01,IN,114.0
M197,CONN,S,SILVAN-PRESTON MAIN,MSCL,0.93,300,TOPS,1/1/1962 12:00:00 AM,1962-01-01,IN,64.0
M478,CROSS,S,CARDINIA - PEARCEDALE DUP,MSCL,1.87,600,CRK,1/1/2001 12:00:00 AM,2001-01-01,IN,25.0
M375,MAINBG,T,CARDINIA - HALLAM NO 2 MAIN,MS,4.36,1350,UNKN,1/1/1988 12:00:00 AM,1988-01-01,IN,38.0
M197,CROSS,S,SILVAN-PRESTON MAIN,MSCL,0.9,1150,SAND,1/1/1962 12:00:00 AM,2005-07-30,IN,21.0
M194,CROSS,S,EPPING-PRESTON MAIN,CICL,1.66,100,CLAY,1/1/1960 12:00:00 AM,1929-01-14,IN,97.0
M350,MAINBG,S,WESTERN TRANSFER MAIN,MS,73.04,900,CLAY,1/1/1983 12:00:00 AM,1983-01-01,IN,43.0
B190,MAINBG,T,AQUEDUCT RD LANGWARRIN PRV,MS,4.66,600,CLAY,1/1/1959 12:00:00 AM,1959-01-01,IN,67.0
M475,MAINBG,T,PAKENHAM RES NO.2 INLET MAIN,MS,26.69,600,CRK,11/25/1997 12:00:00 AM,1997-11-25,IN,29.0
M193,MAINBG,T,KENNY ST-BROADMEADOWS MAIN,MS,3.51,1150,CRK,1/1/1965 12:00:00 AM,1965-01-01,IN,61.0
M478,CROSS,S,CARDINIA - PEARCEDALE DUP,MSCL,1.91,600,CRK,1/1/2001 12:00:00 AM,2001-01-01,IN,25.0
M182,CROSS,S,BROOKLYN-GALVIN-LAVERTON MAIN,MSCL,2.57,150,CLAY,1/1/1961 12:00:00 AM,1961-01-01,IN,65.0
M348,MAINBG,T,MORANG BCH OF WINNEKE-PRESTON,MS,1315.61,2100,CRK,1/1/1980 12:00:00 AM,1980-01-01,IN,46.0
M193,MAINBG,T,KENNY ST-BROADMEADOWS MAIN,MS,1.33,750,CRK,1/1/1965 12:00:00 AM,1965-01-01,IN,61.0
M280,MAINBG,T,GREENVALE RESERVOIR OUTLET,MS,5.34,1350,CRK,1/1/1971 12:00:00 AM,1971-01-01,IN,55.0
M478,MAINBG,T,CARDINIA - PEARCEDALE DUP,MS,356.03,1700,CRK,1/1/2001 12:00:00 AM,2001-01-01,IN,25.0
B190,MAINBG,T,AQUEDUCT RD LANGWARRIN PRV,MS,2.79,600,CLAY,1/1/1959 12:00:00 AM,1959-01-01,IN,67.0
M198,MAINBG,T,SOMERTON HIGH LEVEL MAIN,MS,147.08,600,CRK,1/1/1962 12:00:00 AM,1962-01-01,IN,64.0
M346,BRANCH,S,SYDENHAM OUTLET MAIN,MSCL,22.54,900,CRK,1/1/1977 12:00:00 AM,1983-01-01,IN,43.0
M268,BYPASS,S,MT VIEW OUTLET MAIN,MSCL,0.81,225,S&C,1/1/1965 12:00:00 AM,1968-01-01,IN,58.0
M440,BYPASS,T,TYABB MORNINGTON MAIN,CI,0.95,150,CLAY,1/1/1979 12:00:00 AM,1979-01-01,IN,47.0
M195,MAINBG,T,MT WAVERLY OUTLET MAIN,MS,178.09,1150,SNC,1/1/1962 12:00:00 AM,1962-01-01,IN,64.0
M281,MAINBG,T,CARDINIA-DAND'G-NOTTING HILL M,MS,1620.32,1700,SAND,1/1/1974 12:00:00 AM,1974-01-01,IN,52.0
M378,MAINBG,T,CARDINIA - BERWICK MAIN,MS,894.1,1350,SAND,1/1/1981 12:00:00 AM,1981-01-01,IN,45.0
M237,OFTAKE,S,NTH ESSENDON BCH GREENVALE MAI,MSCL,3.21,225,SAND,1/1/1965 12:00:00 AM,1985-11-29,IN,41.0
M387,OFTAKE,S,SILVAN SEVILLE MAIN,UPVC,0.7,25,CRK,1/1/1996 12:00:00 AM,1996-01-01,IN,30.0
M197,CONN,S,SILVAN-PRESTON MAIN,MSCL,1.62,150,TOPS,1/1/1962 12:00:00 AM,1972-06-08,IN,54.0
M161,MAINBG,T,YARRA-SILVAN CONDUIT NO 1,MS,4825.8,1700,CLAY,1/1/1946 12:00:00 AM,1946-01-01,IN,80.0
M054,MAINBG,T,OLINDA-MITCHAM NO.2,MS,563.12,1150,CLAY,1/1/1926 12:00:00 AM,1926-01-01,IN,100.0
M293,MAINBG,T,MONBULK NO2 DELIVERY MAIN,MS,3.38,300,CLAY,1/1/1973 12:00:00 AM,1973-01-01,IN,53.0
M474,CROSS,S,ST GEORGES RD REPLACEMENT MAIN,MSCL,1.3,500,SAND,1/1/1995 12:00:00 AM,1995-01-01,IN,31.0
M190,CROSS,S,YAN YEAN-EPPING MAIN,MSCL,1.91,600,CLAY,1/1/1960 12:00:00 AM,1994-02-01,IN,32.0
M190,CROSS,S,YAN YEAN-EPPING MAIN,MSCL,3.73,100,CLAY,1/1/1960 12:00:00 AM,1960-01-01,IN,66.0
M022,MAINBG,T,MITCHAM-NOTTING HILL MAIN,MS,342.32,750,CLAY,1/1/1974 12:00:00 AM,1927-01-01,IN,99.0
M478,MAINBG,T,CARDINIA - PEARCEDALE DUP,MS,48.95,1350,CRK,1/1/2001 12:00:00 AM,2001-01-01,IN,25.0
M113,BYPASS,S,MITCHAM - SURREY HILLS DUP.,MS,0.91,225,CRK,1/1/1995 12:00:00 AM,1985-01-01,IN,41.0
M193,CONN,S,KENNY ST-BROADMEADOWS MAIN,CICL,2.02,300,CLAY,1/1/1965 12:00:00 AM,1971-01-01,IN,55.0
M132,CROSS,S,SILVA-MT WAVERLY MAIN,MSCL,2.09,150,CLAY,1/1/1957 12:00:00 AM,1977-01-18,IN,49.0
M475,MAINBG,T,PAKENHAM RES NO.2 INLET MAIN,MS,10.98,600,CRK,11/25/1997 12:00:00 AM,1997-11-25,IN,29.0
M350,CROSS,S,WESTERN TRANSFER MAIN,MSCL,5.33,150,CLAY,1/1/1983 12:00:00 AM,1984-01-01,IN,42.0
M350,CROSS,S,WESTERN TRANSFER MAIN,MSCL,3.54,150,CLAY,1/1/1983 12:00:00 AM,1984-01-01,IN,42.0
M041,MAINBG,T,MERRI CK - NORTHCOTE-PUNT RD,MS,0.75,1150,CRK,1/1/2004 12:00:00 AM,2004-06-10,IN,22.0
M041,MAINBG,T,MERRI CK - NORTHCOTE-PUNT RD,MS,1238.21,1150,CLAY,1/1/1928 12:00:00 AM,1928-01-01,IN,98.0
M375,MAINBG,T,CARDINIA - HALLAM NO 2 MAIN,MS,0.84,1700,SAND,1/1/1974 12:00:00 AM,1974-01-01,IN,52.0
M054,MAINBG,T,OLINDA-MITCHAM NO.2,MS,0.75,900,SAND,1/1/1992 12:00:00 AM,1926-01-01,IN,100.0
M113,OFTAKE,S,MITCHAM - SURREY HILLS DUP.,MSCL,1.99,225,CLAY,1/1/1984 12:00:00 AM,1939-01-01,IN,87.0
M056,OFTAKE,T,OLINDA-MITCHAM NO.3,MS,0.9,150,CLAY,1/1/1984 12:00:00 AM,2013-01-01,IN,13.0
M055,OFTAKE,S,NO 1 OLINDA-MITCHAM MAIN,MSCL,2.39,100,CLAY,1/1/1978 12:00:00 AM,1914-01-01,IN,112.0
M257,MAINBG,T,ST ALBANS OUTLET MAIN,MS,412.47,1150,CRK,1/1/1970 12:00:00 AM,1970-01-01,IN,56.0
M372,OFTAKE,S,LUSATIA PARK MAIN,DICL,3.82,150,SAND,1/1/1985 12:00:00 AM,1984-09-01,IN,42.0
M281,OFTAKE,S,CARDINIA-DAND'G-NOTTING HILL M,MSCL,0.8,450,SAND,1/1/1974 12:00:00 AM,1996-01-01,IN,30.0
M257,BRANCH,S,ST ALBANS OUTLET MAIN,MSCL,8.96,375,CRK,1/1/1970 12:00:00 AM,1971-01-01,IN,55.0
M054,MAINBG,T,OLINDA-MITCHAM NO.2,MS,441.69,1150,CLAY,1/1/1984 12:00:00 AM,1926-01-01,IN,100.0
M372,BYPASS,S,LUSATIA PARK MAIN,MSCL,1.96,300,SAND,1/1/1986 12:00:00 AM,1984-09-01,IN,42.0
M474,BYPASS,S,ST GEORGES RD REPLACEMENT MAIN,MSCL,6.27,225,SAND,1/1/1995 12:00:00 AM,1996-08-01,IN,30.0
M193,MAINBG,T,KENNY ST-BROADMEADOWS MAIN,MS,25.82,1150,CLAY,1/1/1965 12:00:00 AM,1965-01-01,IN,61.0
M160,MAINBG,T,PRESTON - FOOTSCRAY MAIN,MS,1.62,900,CLAY,1/1/1958 12:00:00 AM,1958-03-01,IN,68.0
M193,CONN,S,KENNY ST-BROADMEADOWS MAIN,CICL,3.48,150,CLAY,1/1/1965 12:00:00 AM,1965-01-01,IN,61.0
M375,CROSS,S,CARDINIA - HALLAM NO 2 MAIN,MSCL,3.92,900,SAND,1/1/1974 12:00:00 AM,1988-01-01,IN,38.0
M422,CROSS,S,BITTERN - DROMANA NO 2 MAIN,MSCL,2.0,300,CLAY,1/1/1964 12:00:00 AM,1964-01-01,IN,62.0
M197,MAINBG,T,SILVAN-PRESTON MAIN,MS,1239.74,1350,SAND,1/1/1962 12:00:00 AM,1962-01-01,IN,64.0
M474,CROSS,T,ST GEORGES RD REPLACEMENT MAIN,MS,32.87,1150,SAND,1/1/1995 12:00:00 AM,1996-08-01,IN,30.0
M280,CROSS,S,GREENVALE RESERVOIR OUTLET,MSCL,2.37,225,CLAY,1/1/1971 12:00:00 AM,1971-01-01,IN,55.0
M274,CROSS,S,STARVATION CRK DIVERSION MAIN,MSCL,12.04,600,CRK,1/1/1946 12:00:00 AM,1968-01-01,IN,58.0
M192,MAINBG,T,EPPING-GREENVALE MAIN,MS,2.21,1350,UNKN,1/1/1971 12:00:00 AM,1971-01-01,IN,55.0
M281,MAINBG,T,CARDINIA-DAND'G-NOTTING HILL M,MS,38.79,1700,SAND,1/1/1974 12:00:00 AM,1974-01-01,IN,52.0
M190,MAINBG,T,YAN YEAN-EPPING MAIN,MS,1193.18,1350,CLAY,1/1/1960 12:00:00 AM,1960-01-01,IN,66.0
M076,MAINBG,T,"HIGH ST RD, MT WAVERLY MAIN",MSLB,700.97,750,CLAY,1/1/1982 12:00:00 AM,1928-01-01,IN,98.0
M195,MAINBG,T,MT WAVERLY OUTLET MAIN,MS,2.61,600,SNC,1/1/1962 12:00:00 AM,1962-01-01,IN,64.0
M158,OFTAKE,S,SURREY HILLS - ROSANNA,MSCL,0.91,225,CLAY,1/1/1957 12:00:00 AM,1985-01-01,IN,41.0
M195,OFTAKE,S,MT WAVERLY OUTLET MAIN,MSCL,1.31,225,SNC,1/1/1962 12:00:00 AM,1976-01-23,IN,50.0
M054,MAINBG,T,OLINDA-MITCHAM NO.2,MS,23.95,1150,CLAY,1/1/1984 12:00:00 AM,1926-01-01,IN,100.0
M195,MAINBG,T,MT WAVERLY OUTLET MAIN,MS,2.69,1150,CLAY,1/1/1962 12:00:00 AM,1962-01-01,IN,64.0
M348,MAINBG,T,MORANG BCH OF WINNEKE-PRESTON,MS,60.02,1350,CRK,1/1/1980 12:00:00 AM,1980-01-01,IN,46.0
M159,MAINBG,T,MT WAVERLY-NOTTING HILL MAIN,MS,156.43,1150,SAND,1/1/1955 12:00:00 AM,1955-01-01,IN,71.0
M113,MAINBG,T,MITCHAM - SURREY HILLS DUP.,MS,109.28,1150,CLAY,1/1/1984 12:00:00 AM,1939-01-01,IN,87.0
M193,OFTAKE,S,KENNY ST-BROADMEADOWS MAIN,MSEL,0.85,300,CLAY,1/1/1965 12:00:00 AM,1962-07-23,IN,64.0
M055,OFTAKE,S,NO 1 OLINDA-MITCHAM MAIN,MSCL,1.27,150,CLAY,1/1/1978 12:00:00 AM,1914-01-01,IN,112.0
M440,BYPASS,S,TYABB MORNINGTON MAIN,MS,0.68,80,CLAY,1/1/1979 12:00:00 AM,1979-01-01,IN,47.0
M197,BYPASS,S,SILVAN-PRESTON MAIN,MSCL,5.04,825,TOPS,1/1/1962 12:00:00 AM,1962-01-01,IN,64.0
M197,BYPASS,S,SILVAN-PRESTON MAIN,MSCL,0.97,825,TOPS,1/1/1962 12:00:00 AM,1962-01-01,IN,64.0
M281,MAINBG,T,CARDINIA-DAND'G-NOTTING HILL M,MS,4.99,1700,SAND,1/1/1974 12:00:00 AM,2011-02-25,IN,15.0
M193,CONN,S,KENNY ST-BROADMEADOWS MAIN,MSCL,2.83,375,CLAY,1/1/1965 12:00:00 AM,1992-01-01,IN,34.0
M478,CROSS,S,CARDINIA - PEARCEDALE DUP,MSCL,0.98,800,CRK,1/1/2001 12:00:00 AM,2001-01-01,IN,25.0
M475,MAINBG,T,PAKENHAM RES NO.2 INLET MAIN,MS,1.6,750,CRK,11/25/1997 12:00:00 AM,1997-11-25,IN,29.0
M192,MAINBG,T,EPPING-GREENVALE MAIN,MS,649.75,1350,CLAY,1/1/1960 12:00:00 AM,1960-01-01,IN,66.0
M347,MAINBG,S,SUGARLOAF RES WASTE DISPL MAIN,MSCL,0.51,300,CRK,1/1/1980 12:00:00 AM,1980-01-01,IN,46.0
M474,MAINBG,T,ST GEORGES RD REPLACEMENT MAIN,MS,7.6,1350,SAND,1/1/1995 12:00:00 AM,1995-01-01,IN,31.0
M046,MAINBG,T,MITCHAM-SURREY HILLS MAIN,CI,6.03,800,CLAY,1/1/1912 12:00:00 AM,1912-01-01,IN,114.0
M054,MAINBG,T,OLINDA-MITCHAM NO.2,MS,31.63,1150,CLAY,1/1/1984 12:00:00 AM,1926-01-01,IN,100.0
M195,MAINBG,T,MT WAVERLY OUTLET MAIN,MS,267.71,1150,SNC,1/1/1962 12:00:00 AM,1962-01-01,IN,64.0
M387,MAINBG,T,SILVAN SEVILLE MAIN,MS,3.17,300,CRK,1/1/1996 12:00:00 AM,1996-01-01,IN,30.0
M194,MAINBG,T,EPPING-PRESTON MAIN,MS,652.65,1150,CLAY,1/1/1960 12:00:00 AM,1960-07-04,IN,66.0
M054,CROSS,S,OLINDA-MITCHAM NO.2,MSCL,0.71,225,SAND,1/1/1992 12:00:00 AM,1926-01-01,IN,100.0
M132,MAINBG,T,SILVA-MT WAVERLY MAIN,MS,19.68,1700,CLAY,1/1/1957 12:00:00 AM,1957-01-01,IN,69.0
B171,MAINBG,T,LANGWARRIN BIPIT PRV,MS,8.54,900,CLAY,1/1/1959 12:00:00 AM,1959-01-01,IN,67.0
M422,MAINBG,T,BITTERN - DROMANA NO 2 MAIN,MS,557.33,900,CLAY,1/1/1964 12:00:00 AM,1964-01-01,IN,62.0
M478,MAINBG,T,CARDINIA - PEARCEDALE DUP,MS,2685.86,1350,CRK,1/1/2001 12:00:00 AM,2001-01-01,IN,25.0
M423,MAINBG,T,DEVILBEND RISING MAIN,MS,2.95,900,CLAY,1/1/1964 12:00:00 AM,1964-01-01,IN,62.0
M422,MAINBG,T,BITTERN - DROMANA NO 2 MAIN,MS,1.84,900,CLAY,1/1/1964 12:00:00 AM,1964-01-01,IN,62.0
M418,MAINBG,T,BEACONSFIELD - LANGWARRIN MAIN,MS,74.48,1050,CLAY,1/1/1982 12:00:00 AM,1982-01-01,IN,44.0
M055,MAINBG,T,NO 1 OLINDA-MITCHAM MAIN,MSLB,488.26,900,CLAY,1/1/1963 12:00:00 AM,1914-01-01,IN,112.0
M055,MAINBG,T,NO 1 OLINDA-MITCHAM MAIN,MSLB,46.99,900,CLAY,1/1/1963 12:00:00 AM,1914-01-01,IN,112.0
M291,MAINBG,T,SILVAN - OLINDA MAIN,MS,2.67,1700,CRK,1/1/1975 12:00:00 AM,1975-01-01,IN,51.0
M258,MAINBG,T,MAROONDAH AQUADUCT REPLACEMENT,MS,20.06,2100,UNKN,1/1/1975 12:00:00 AM,1974-12-13,IN,52.0
M478,MAINBG,T,CARDINIA - PEARCEDALE DUP,MS,2.58,1150,CRK,1/1/2001 12:00:00 AM,2001-01-01,IN,25.0
M076,MAINBG,S,"HIGH ST RD, MT WAVERLY MAIN",MS,4.404,750,CLAY,1/1/1980 12:00:00 AM,1928-01-01,IN,98.0
M419,MAINBG,T,LANGWARRIN - BITTERN NO 3 MAIN,MS,6.99,900,CLAY,1/1/1971 12:00:00 AM,1971-01-01,IN,55.0
M283,MAINBG,T,YARRA VALLEY CONDUIT MAIN,MS,4281.16,2100,SS,1/1/1973 12:00:00 AM,1976-01-01,IN,50.0
M197,MAINBG,T,SILVAN-PRESTON MAIN,MS,820.91,1700,SAND,1/1/1962 12:00:00 AM,1962-01-01,IN,64.0
M193,OFTAKE,S,KENNY ST-BROADMEADOWS MAIN,MSEL,2.23,300,CLAY,1/1/1965 12:00:00 AM,1962-07-23,IN,64.0
M022,MAINBG,T,MITCHAM-NOTTING HILL MAIN,MSLB,220.43,750,CLAY,1/1/1975 12:00:00 AM,1927-01-01,IN,99.0
M198,MAINBG,T,SOMERTON HIGH LEVEL MAIN,MS,1.22,450,CRK,1/1/1968 12:00:00 AM,1968-01-01,IN,58.0
M440,BYPASS,S,TYABB MORNINGTON MAIN,MS,0.73,80,CLAY,1/1/1979 12:00:00 AM,1979-01-01,IN,47.0
M046,MAINBG,T,MITCHAM-SURREY HILLS MAIN,MSR,95.93,900,CLAY,1/1/1912 12:00:00 AM,1912-01-01,IN,114.0
M257,MAINBG,T,ST ALBANS OUTLET MAIN,MS,161.93,1150,CRK,1/1/1970 12:00:00 AM,1970-01-01,IN,56.0
M378,BYPASS,S,CARDINIA - BERWICK MAIN,MSCL,1.1,300,SAND,1/1/1981 12:00:00 AM,1981-01-01,IN,45.0
M333,OFTAKE,S,GREENVALE-YUROKE-SYDENHAM,MSCL,5.87,150,CRK,1/1/1978 12:00:00 AM,1978-01-01,IN,48.0
M194,OFTAKE,S,EPPING-PRESTON MAIN,CICL,2.33,100,CLAY,1/1/1960 12:00:00 AM,1960-01-01,IN,66.0
M046,MAINBG,T,MITCHAM-SURREY HILLS MAIN,WI,1.54,900,CLAY,1/1/1912 12:00:00 AM,1912-01-01,IN,114.0
M055,MAINBG,T,NO 1 OLINDA-MITCHAM MAIN,MSLB,181.64,900,CLAY,1/1/1963 12:00:00 AM,1914-01-01,IN,112.0
M197,MAINBG,T,SILVAN-PRESTON MAIN,MS,3.19,1150,CLAY,1/1/1962 12:00:00 AM,1962-01-01,IN,64.0
M041,MAINBG,T,MERRI CK - NORTHCOTE-PUNT RD,MS,98.23,1150,CRK,6/10/2004 12:00:00 AM,2004-05-10,IN,22.0
M194,MAINBG,S,EPPING-PRESTON MAIN,MS,34.54,600,CLAY,1/1/1960 12:00:00 AM,1960-01-01,IN,66.0
M132,MAINBG,T,SILVA-MT WAVERLY MAIN,MS,11.34,1700,CLAY,1/1/1957 12:00:00 AM,1957-01-01,IN,69.0
M440,BYPASS,S,TYABB MORNINGTON MAIN,MS,3.41,355,CLAY,1/1/1979 12:00:00 AM,1979-01-01,IN,47.0
M197,BYPASS,S,SILVAN-PRESTON MAIN,MSCL,5.01,825,TOPS,1/1/1962 12:00:00 AM,1962-01-01,IN,64.0
M158,MAINBG,T,SURREY HILLS - ROSANNA,MS,14.12,1150,CLAY,1/1/1957 12:00:00 AM,1957-01-01,IN,69.0
M113,BYPASS,S,MITCHAM - SURREY HILLS DUP.,MSCL,4.15,225,CLAY,1/1/1984 12:00:00 AM,1939-01-01,IN,87.0
M462,MAINBG,T,LANGWARRIN-FRANKSTON NO 2 MAIN,MS,993.01,900,SAND,1/1/1967 12:00:00 AM,1967-01-01,IN,59.0
M194,MAINBG,T,EPPING-PRESTON MAIN,MS,592.46,1150,CLAY,1/1/1960 12:00:00 AM,1960-07-04,IN,66.0
M160,MAINBG,T,PRESTON - FOOTSCRAY MAIN,MS,3.77,1350,CLAY,1/1/1958 12:00:00 AM,1958-02-01,IN,68.0
M132,MAINBG,T,SILVA-MT WAVERLY MAIN,MS,9.42,1700,CLAY,1/1/1957 12:00:00 AM,1957-01-01,IN,69.0
M022,MAINBG,T,MITCHAM-NOTTING HILL MAIN,MSLB,174.71,750,CLAY,1/1/1975 12:00:00 AM,1927-01-01,IN,99.0
M273,MAINBG,T,CARDINIA BYPASS,MS,38.45,1700,CONC,1/1/1971 12:00:00 AM,1971-01-01,IN,55.0
M350,MAINBG,S,WESTERN TRANSFER MAIN,MS,60.57,900,CLAY,1/1/1983 12:00:00 AM,1983-01-01,IN,43.0
M046,MAINBG,T,MITCHAM-SURREY HILLS MAIN,MSR,122.47,900,CLAY,1/1/1912 12:00:00 AM,1912-01-01,IN,114.0
M418,MAINBG,T,BEACONSFIELD - LANGWARRIN MAIN,MS,3.42,1125,CLAY,1/1/1982 12:00:00 AM,2010-10-18,IN,16.0
M198,MAINBG,T,SOMERTON HIGH LEVEL MAIN,MS,1.51,450,CRK,1/1/1962 12:00:00 AM,1962-01-01,IN,64.0
M195,MAINBG,T,MT WAVERLY OUTLET MAIN,MS,429.54,825,SNC,1/1/1962 12:00:00 AM,1962-01-01,IN,64.0
M257,MAINBG,T,ST ALBANS OUTLET MAIN,MS,408.25,1150,CRK,1/1/1974 12:00:00 AM,1974-01-01,IN,52.0
M258,MAINBG,T,MAROONDAH AQUADUCT REPLACEMENT,MS,38.98,2100,SAND,1/1/1968 12:00:00 AM,1968-08-26,IN,58.0
M420,OFTAKE,S,TARAGO - WESTERN PORT MAIN,MSCL,6.68,100,SAND,1/1/1979 12:00:00 AM,1975-08-01,IN,51.0
M041,MAINBG,T,MERRI CK - NORTHCOTE-PUNT RD,MS,2.05,1150,CLAY,1/1/1928 12:00:00 AM,1928-01-01,IN,98.0
M348,CROSS,S,MORANG BCH OF WINNEKE-PRESTON,MS,7.34,600,CRK,1/1/1980 12:00:00 AM,1980-01-01,IN,46.0
M347,CROSS,S,SUGARLOAF RES WASTE DISPL MAIN,MSCL,0.52,150,CRK,1/1/1980 12:00:00 AM,1980-01-01,IN,46.0
M197,MAINBG,T,SILVAN-PRESTON MAIN,MS,44.73,1700,SAND,1/1/1962 12:00:00 AM,1962-01-01,IN,64.0
M301,MAINBG,T,U/YARRA-O'SHANNASSY SIPHON MAI,MS,31.74,1150,C&GR,1/1/1938 12:00:00 AM,1938-01-01,IN,88.0
M378,MAINBG,T,CARDINIA - BERWICK MAIN,MS,2.8,1350,SAND,1/1/1981 12:00:00 AM,1981-01-01,IN,45.0
M160,MAINBG,T,PRESTON - FOOTSCRAY MAIN,MS,0.8,1350,CLAY,1/1/1958 12:00:00 AM,1996-06-01,IN,30.0
M103,MAINBG,T,CORANDERRK WEIR TO DICKS BASIN,MS,1.13,600,CLAY,1/1/1931 12:00:00 AM,1930-09-05,IN,96.0
M113,MAINBG,T,MITCHAM - SURREY HILLS DUP.,MS,722.64,1150,CLAY,1/1/1988 12:00:00 AM,1939-01-01,IN,87.0
M346,MAINBG,T,SYDENHAM OUTLET MAIN,MS,0.91,825,CRK,1/1/1978 12:00:00 AM,1977-01-01,IN,49.0
M022,MAINBG,T,MITCHAM-NOTTING HILL MAIN,MS,626.54,1150,CLAY,1/1/1966 12:00:00 AM,1927-01-01,IN,99.0
M474,MAINBG,T,ST GEORGES RD REPLACEMENT MAIN,MS,2.39,900,SAND,1/1/1995 12:00:00 AM,1996-07-25,IN,30.0
M350,MAINBG,T,WESTERN TRANSFER MAIN,MS,1704.7,1350,CLAY,1/1/1983 12:00:00 AM,1984-01-01,IN,42.0
M054,MAINBG,T,OLINDA-MITCHAM NO.2,MS,108.88,1150,CLAY,1/1/1984 12:00:00 AM,1926-01-01,IN,100.0
M274,MAINBG,T,STARVATION CRK DIVERSION MAIN,MS,1.63,900,CRK,1/1/1968 12:00:00 AM,1968-01-01,IN,58.0
M055,MAINBG,T,NO 1 OLINDA-MITCHAM MAIN,MSLB,35.62,900,CLAY,1/1/1963 12:00:00 AM,1914-01-01,IN,112.0
M055,MAINBG,T,NO 1 OLINDA-MITCHAM MAIN,MSLB,17.94,900,CLAY,1/1/1963 12:00:00 AM,1914-01-01,IN,112.0
M258,MAINBG,T,MAROONDAH AQUADUCT REPLACEMENT,MS,459.57,2100,SAND,1/1/1968 12:00:00 AM,1968-01-01,IN,58.0
M190,MAINBG,T,YAN YEAN-EPPING MAIN,MS,164.59,1350,CLAY,1/1/1960 12:00:00 AM,1960-01-01,IN,66.0
M258,MAINBG,T,MAROONDAH AQUADUCT REPLACEMENT,MS,949.16,2100,SAND,1/1/1975 12:00:00 AM,1974-12-13,IN,52.0
M160,MAINBG,T,PRESTON - FOOTSCRAY MAIN,MS,1.58,1150,CLAY,1/1/1958 12:00:00 AM,1958-01-01,IN,68.0
M160,MAINBG,T,PRESTON - FOOTSCRAY MAIN,MS,236.13,900,CLAY,1/1/1958 12:00:00 AM,1958-01-01,IN,68.0
M275,MAINBG,T,MCMAHONS CK DIVERSION MAIN,MS,1.99,1150,CRK,1/1/1968 12:00:00 AM,1968-01-01,IN,58.0
M054,OFTAKE,S,OLINDA-MITCHAM NO.2,MSCL,1.97,150,CLAY,1/1/1984 12:00:00 AM,1926-01-01,IN,100.0
M054,OFTAKE,S,OLINDA-MITCHAM NO.2,MSCL,1.28,225,CLAY,1/1/1984 12:00:00 AM,1926-01-01,IN,100.0
M104,MAINBG,T,MORANG OUTLET,MS,4.66,825,CLAY,1/1/1960 12:00:00 AM,1987-04-10,IN,39.0
M195,MAINBG,T,MT WAVERLY OUTLET MAIN,MS,10.93,600,CLAY,1/1/1962 12:00:00 AM,1962-01-01,IN,64.0
M289,MAINBG,S,HALLAM NTH. INLET MAIN,CICL,3.19,100,S&C,1/1/1976 12:00:00 AM,1978-10-10,IN,48.0
M021,OFTAKE,S,BLACKBURN RD - NOTTING HILL,MSCL,0.58,150,SS&C,1/1/1983 12:00:00 AM,1984-01-01,IN,42.0
M054,OFTAKE,S,OLINDA-MITCHAM NO.2,MSCL,1.04,375,CLAY,1/1/1984 12:00:00 AM,1926-01-01,IN,100.0
M055,MAINBG,T,NO 1 OLINDA-MITCHAM MAIN,MSLB,2.89,900,CLAY,1/1/1976 12:00:00 AM,1914-01-01,IN,112.0
M197,MAINBG,T,SILVAN-PRESTON MAIN,MS,826.85,1350,CLAY,1/1/1962 12:00:00 AM,1962-01-01,IN,64.0
M281,CROSS,S,CARDINIA-DAND'G-NOTTING HILL M,MSCL,6.01,600,CLAY,1/1/1974 12:00:00 AM,1976-01-01,IN,50.0
M281,CROSS,S,CARDINIA-DAND'G-NOTTING HILL M,MSCL,2.27,600,CLAY,1/1/1974 12:00:00 AM,1976-01-01,IN,50.0
M281,CROSS,S,CARDINIA-DAND'G-NOTTING HILL M,MSCL,42.52,600,CLAY,1/1/1974 12:00:00 AM,1976-01-01,IN,50.0
M195,MAINBG,T,MT WAVERLY OUTLET MAIN,MS,109.97,1150,S&C,1/1/1962 12:00:00 AM,1962-01-01,IN,64.0
M333,MAINBG,T,GREENVALE-YUROKE-SYDENHAM,MS,11.02,1150,CRK,1/1/1978 12:00:00 AM,1978-01-01,IN,48.0
M056,MAINBG,T,OLINDA-MITCHAM NO.3,MS,1529.2,1150,CLAY,1/1/1981 12:00:00 AM,1936-01-01,IN,90.0
M132,BYPASS,S,SILVA-MT WAVERLY MAIN,MSCL,0.6,800,CLAY,1/1/1957 12:00:00 AM,1957-01-01,IN,69.0
M230,MAINBG,T,O'SHANNASSY-U/YARRA CONDUIT MA,MS,6.01,1150,SAND,1/1/1964 12:00:00 AM,1964-01-01,IN,62.0
M191,BYPASS,S,MORANG BRCH YAN YEAN-EPPING M,MSEL,4.91,225,SAND,5/21/2001 12:00:00 AM,2001-05-21,IN,25.0
M378,BYPASS,S,CARDINIA - BERWICK MAIN,MSCL,2.52,300,SAND,1/1/1981 12:00:00 AM,1981-01-01,IN,45.0
M473,MAINBG,T,SILVAN RESERVOIR BY-PASS MAIN,MS,598.58,2100,SAND,1/1/1962 12:00:00 AM,1962-01-01,IN,64.0
M232,BRANCH,S,HARRIS GULLY MAIN,MS,0.49,600,MS,1/1/1965 12:00:00 AM,1977-01-01,IN,49.0
M021,MAINBG,T,BLACKBURN RD - NOTTING HILL,MS,2.53,825,SAND,1/1/1983 12:00:00 AM,1983-01-01,IN,43.0
M193,CONN,S,KENNY ST-BROADMEADOWS MAIN,AC,3.37,150,CLAY,1/1/1965 12:00:00 AM,1971-01-01,IN,55.0
M160,CROSS,S,PRESTON - FOOTSCRAY MAIN,MSCL,3.8,225,CLAY,1/1/1958 12:00:00 AM,2006-07-11,IN,20.0
M474,CROSS,S,ST GEORGES RD REPLACEMENT MAIN,MSCL,1.81,825,UNKN,8/1/2002 12:00:00 AM,2002-09-18,IN,24.0
M475,MAINBG,T,PAKENHAM RES NO.2 INLET MAIN,MS,130.07,600,CRK,11/25/1997 12:00:00 AM,1997-11-25,IN,29.0
M473,MAINBG,T,SILVAN RESERVOIR BY-PASS MAIN,MS,1.12,1800,SAND,1/1/1962 12:00:00 AM,1962-01-01,IN,64.0
M103,BYPASS,S,CORANDERRK WEIR TO DICKS BASIN,MS,2.87,225,CLAY,1/1/1931 12:00:00 AM,1930-09-05,IN,96.0
M350,BYPASS,S,WESTERN TRANSFER MAIN,MSCL,12.06,225,CLAY,1/1/1984 12:00:00 AM,1984-01-01,IN,42.0
M333,BYPASS,S,GREENVALE-YUROKE-SYDENHAM,MSCL,4.2,600,CRK,1/1/1978 12:00:00 AM,2005-02-28,IN,21.0
M192,MAINBG,T,EPPING-GREENVALE MAIN,MS,3.31,1350,UNKN,7/1/2005 12:00:00 AM,2005-07-01,IN,21.0
M132,MAINBG,T,SILVA-MT WAVERLY MAIN,MS,2.51,1350,CLAY,1/1/1954 12:00:00 AM,1954-01-01,IN,72.0
M078,BRANCH,S,ROSANNA - PRESTON MAIN,MSCL,1.82,900,CRK,1/1/1976 12:00:00 AM,1976-01-01,IN,50.0
M132,BRANCH,S,SILVA-MT WAVERLY MAIN,MS,3.79,600,CLAY,1/1/1957 12:00:00 AM,1957-01-01,IN,69.0
M258,MAINBG,T,MAROONDAH AQUADUCT REPLACEMENT,MS,2.39,2100,SAND,1/1/1979 12:00:00 AM,2010-02-01,IN,16.0
M022,OFTAKE,S,MITCHAM-NOTTING HILL MAIN,MSCL,1.61,375,CLAY,1/1/1968 12:00:00 AM,1927-01-01,IN,99.0
M194,OFTAKE,S,EPPING-PRESTON MAIN,CICL,1.84,100,CLAY,1/1/1960 12:00:00 AM,1960-01-01,IN,66.0
M333,BYPASS,S,GREENVALE-YUROKE-SYDENHAM,MSCL,0.99,600,CRK,1/1/1978 12:00:00 AM,2005-02-28,IN,21.0
M479,OFTAKE,S,BITTERN RES BYPASS MAIN,MSCL,17.37,450,SAND,1/1/1999 12:00:00 AM,1999-01-01,IN,27.0
M420,OFTAKE,S,TARAGO - WESTERN PORT MAIN,MSCL,6.68,125,SAND,1/1/1979 12:00:00 AM,1975-08-01,IN,51.0
M378,OFTAKE,S,CARDINIA - BERWICK MAIN,MSCL,1.69,450,SAND,1/1/1981 12:00:00 AM,1981-01-01,IN,45.0
M054,MAINBG,T,OLINDA-MITCHAM NO.2,MS,395.9,1150,CLAY,1/1/1984 12:00:00 AM,1926-01-01,IN,100.0
M055,MAINBG,T,NO 1 OLINDA-MITCHAM MAIN,MSLB,107.36,900,CLAY,1/1/1963 12:00:00 AM,1914-01-01,IN,112.0
M190,MAINBG,T,YAN YEAN-EPPING MAIN,MS,4.12,1700,CLAY,1/1/1960 12:00:00 AM,1994-02-01,IN,32.0
M160,MAINBG,T,PRESTON - FOOTSCRAY MAIN,MS,12.41,1150,CLAY,1/1/1958 12:00:00 AM,1958-03-01,IN,68.0
M378,OFTAKE,S,CARDINIA - BERWICK MAIN,MSCL,1.06,450,SAND,1/1/1981 12:00:00 AM,1981-01-01,IN,45.0
M103,OFTAKE,S,CORANDERRK WEIR TO DICKS BASIN,CICL,2.04,100,CLAY,1/1/1931 12:00:00 AM,1931-12-15,IN,95.0
M192,OFTAKE,S,EPPING-GREENVALE MAIN,MSEL,2.27,150,CLAY,1/1/1960 12:00:00 AM,1960-01-01,IN,66.0
M046,MAINBG,T,MITCHAM-SURREY HILLS MAIN,MS,1.52,900,CLAY,1/1/1912 12:00:00 AM,1912-01-01,IN,114.0
M057,MAINBG,T,MORANG-PRESTON NO 1&3 MAIN,MS,21.44,1150,CRK,10/30/2006 12:00:00 AM,2006-10-30,IN,20.0
M192,MAINBG,T,EPPING-GREENVALE MAIN,MS,2.22,1350,UNKN,1/1/1971 12:00:00 AM,1960-01-01,IN,66.0
M160,MAINBG,T,PRESTON - FOOTSCRAY MAIN,MS,163.05,1350,CLAY,1/1/1958 12:00:00 AM,1958-02-01,IN,68.0
M046,MAINBG,T,MITCHAM-SURREY HILLS MAIN,MSR,711.44,900,CLAY,1/1/1912 12:00:00 AM,1912-01-01,IN,114.0
M113,CROSS,S,MITCHAM - SURREY HILLS DUP.,MSR,4.04,600,CLAY,1/1/1912 12:00:00 AM,1912-01-01,IN,114.0
M440,MAINAG,T,TYABB MORNINGTON MAIN,MS,5.11,1000,CLAY,1/1/1979 12:00:00 AM,1979-01-01,IN,47.0
M387,MAINBG,T,SILVAN SEVILLE MAIN,MS,8.44,450,CRK,1/1/1996 12:00:00 AM,1996-01-01,IN,30.0
M192,MAINBG,T,EPPING-GREENVALE MAIN,MS,23.98,1150,CLAY,1/1/1960 12:00:00 AM,1960-01-01,IN,66.0
M420,MAINBG,T,TARAGO - WESTERN PORT MAIN,MS,24.38,1050,SAND,1/1/1979 12:00:00 AM,1979-01-01,IN,47.0
M462,MAINAG,T,LANGWARRIN-FRANKSTON NO 2 MAIN,MS,14.75,900,SAND,1/1/1967 12:00:00 AM,1967-01-01,IN,59.0
M283,MAINBG,T,YARRA VALLEY CONDUIT MAIN,MS,3007.07,2100,SNC,1/1/1973 12:00:00 AM,1976-01-01,IN,50.0
M022,OFTAKE,S,MITCHAM-NOTTING HILL MAIN,CICL,3.3,150,CLAY,1/1/1968 12:00:00 AM,1960-10-24,IN,66.0
M113,BYPASS,S,MITCHAM - SURREY HILLS DUP.,CICL,15.58,300,CLAY,1/1/1984 12:00:00 AM,1939-01-01,IN,87.0
M462,BYPASS,T,LANGWARRIN-FRANKSTON NO 2 MAIN,MS,4.2,150,SAND,1/1/1967 12:00:00 AM,1967-01-01,IN,59.0
M046,MAINBG,T,MITCHAM-SURREY HILLS MAIN,MS,2.0,900,CLAY,1/1/1912 12:00:00 AM,1988-01-01,IN,38.0
M160,MAINBG,T,PRESTON - FOOTSCRAY MAIN,MS,623.84,1150,CLAY,1/1/1958 12:00:00 AM,1958-03-01,IN,68.0
M159,MAINBG,T,MT WAVERLY-NOTTING HILL MAIN,MS,1.57,1150,SAND,1/1/1955 12:00:00 AM,1955-01-01,IN,71.0
M113,MAINBG,T,MITCHAM - SURREY HILLS DUP.,MS,27.72,1150,CLAY,1/1/1984 12:00:00 AM,1939-01-01,IN,87.0
M021,MAINBG,T,BLACKBURN RD - NOTTING HILL,MS,433.2,825,SS&C,1/1/1983 12:00:00 AM,1984-01-01,IN,42.0
M054,OFTAKE,S,OLINDA-MITCHAM NO.2,MSCL,0.88,150,CLAY,1/1/1984 12:00:00 AM,1926-01-01,IN,100.0
M158,OFTAKE,S,SURREY HILLS - ROSANNA,MSCL,1.49,225,CLAY,1/1/1957 12:00:00 AM,1976-04-30,IN,50.0
M190,OFTAKE,S,YAN YEAN-EPPING MAIN,CICL,2.48,150,CLAY,1/1/1960 12:00:00 AM,1980-12-06,IN,46.0
M159,MAINBG,T,MT WAVERLY-NOTTING HILL MAIN,MS,23.2,1150,SAND,1/1/1955 12:00:00 AM,1976-01-01,IN,50.0
M232,MAINBG,T,HARRIS GULLY MAIN,MS,3.89,1150,MS,1/1/1965 12:00:00 AM,1977-01-01,IN,49.0
M289,MAINBG,S,HALLAM NTH. INLET MAIN,CICL,2.63,100,S&C,1/1/1976 12:00:00 AM,1978-10-10,IN,48.0
M281,MAINBG,T,CARDINIA-DAND'G-NOTTING HILL M,MS,792.14,1700,SAND,1/1/1974 12:00:00 AM,1976-01-01,IN,50.0
M257,OFTAKE,S,ST ALBANS OUTLET MAIN,MSCL,6.11,300,CRK,1/1/1966 12:00:00 AM,1966-01-01,IN,60.0
M190,OFTAKE,S,YAN YEAN-EPPING MAIN,MS,0.72,50,CLAY,1/1/1960 12:00:00 AM,2007-12-23,IN,19.0
M474,MAINBG,T,ST GEORGES RD REPLACEMENT MAIN,MS,0.66,600,SAND,1/1/1995 12:00:00 AM,1996-07-25,IN,30.0
M041,MAINBG,T,MERRI CK - NORTHCOTE-PUNT RD,MS,19.19,1150,CLAY,1/1/1928 12:00:00 AM,1925-01-01,IN,101.0
M387,MAINBG,T,SILVAN SEVILLE MAIN,DI,1771.44,300,CRK,1/1/1996 12:00:00 AM,1996-06-23,IN,30.0
M378,MAINBG,T,CARDINIA - BERWICK MAIN,MS,1.96,1350,SAND,1/1/1981 12:00:00 AM,1981-01-01,IN,45.0
M346,MAINBG,T,SYDENHAM OUTLET MAIN,MS,84.0,1150,CRK,1/1/1977 12:00:00 AM,1977-01-01,IN,49.0
M474,MAINBG,T,ST GEORGES RD REPLACEMENT MAIN,MS,0.92,1150,SAND,1/1/1995 12:00:00 AM,1996-07-25,IN,30.0
M192,OFTAKE,T,EPPING-GREENVALE MAIN,MS,9.46,100,UNKN,7/1/2005 12:00:00 AM,2005-07-01,IN,21.0
M195,CONN,S,MT WAVERLY OUTLET MAIN,MSCL,1.64,150,SNC,1/1/1962 12:00:00 AM,1962-01-01,IN,64.0
M283,MAINBG,T,YARRA VALLEY CONDUIT MAIN,MS,1464.53,2100,SNC,1/1/1973 12:00:00 AM,1976-01-01,IN,50.0
M182,MAINBG,T,BROOKLYN-GALVIN-LAVERTON MAIN,MS,5.62,600,CLAY,1/1/1961 12:00:00 AM,1961-01-01,IN,65.0
M347,MAINBG,S,SUGARLOAF RES WASTE DISPL MAIN,MSCL,2.64,300,CRK,1/1/1980 12:00:00 AM,1980-01-01,IN,46.0
M078,MAINBG,S,ROSANNA - PRESTON MAIN,MS,2.985,600,CLAY,1/1/1940 12:00:00 AM,1940-01-01,IN,86.0
M291,MAINBG,S,SILVAN - OLINDA MAIN,MSEL,2.22,1050,CLAY,1/1/1971 12:00:00 AM,1971-01-01,IN,55.0
SL08,MAINBG,T,CARDINIA BYPASS SURGE VESSEL,MS,0.3,600,UNKN,1/1/1971 12:00:00 AM,2011-08-26,IN,15.0
M022,CONN,S,MITCHAM-NOTTING HILL MAIN,MSCL,1.6,375,CLAY,1/1/1968 12:00:00 AM,1927-01-01,IN,99.0
M046,CROSS,S,MITCHAM-SURREY HILLS MAIN,MSCL,0.82,225,SAND,1/1/1964 12:00:00 AM,1964-01-01,IN,62.0
M375,CROSS,S,CARDINIA - HALLAM NO 2 MAIN,MSCL,3.76,375,UNKN,1/1/1988 12:00:00 AM,1988-01-01,IN,38.0
M182,CROSS,S,BROOKLYN-GALVIN-LAVERTON MAIN,MSCL,17.28,200,CLAY,1/1/1961 12:00:00 AM,1961-01-01,IN,65.0
M372,MAINBG,T,LUSATIA PARK MAIN,MS,10.68,300,SAND,1/1/1986 12:00:00 AM,1986-01-01,IN,40.0
M046,CROSS,S,MITCHAM-SURREY HILLS MAIN,CICL,1.22,225,CLAY,1/1/1912 12:00:00 AM,1938-01-01,IN,88.0
M478,MAINBG,T,CARDINIA - PEARCEDALE DUP,MS,8.62,1350,CRK,1/1/2001 12:00:00 AM,2001-01-01,IN,25.0
M378,MAINBG,T,CARDINIA - BERWICK MAIN,MS,6362.49,1350,SAND,1/1/1981 12:00:00 AM,1981-01-01,IN,45.0
M197,MAINBG,T,SILVAN-PRESTON MAIN,MS,13.34,1700,CLAY,1/1/1962 12:00:00 AM,1962-01-01,IN,64.0
M273,MAINBG,T,CARDINIA BYPASS,MS,2.69,1700,S&C,1/1/1971 12:00:00 AM,1971-01-01,IN,55.0
M291,MAINBG,S,SILVAN - OLINDA MAIN,MSEL,1.78,1050,CLAY,1/1/1971 12:00:00 AM,1971-01-01,IN,55.0
M420,OFTAKE,S,TARAGO - WESTERN PORT MAIN,MSCL,2.12,100,SAND,1/1/1979 12:00:00 AM,1975-08-01,IN,51.0
M198,OUTLET,T,SOMERTON HIGH LEVEL MAIN,MS,49.95,600,CRK,1/1/1962 12:00:00 AM,1962-01-01,IN,64.0
M440,BYPASS,S,TYABB MORNINGTON MAIN,MS,0.31,355,CLAY,1/1/1979 12:00:00 AM,1979-01-01,IN,47.0
M280,BYPASS,S,GREENVALE RESERVOIR OUTLET,MSCL,1.01,225,CLAY,1/1/1971 12:00:00 AM,1990-01-01,IN,36.0
M197,BYPASS,S,SILVAN-PRESTON MAIN,MSEL,9.28,1350,SAND,1/1/1962 12:00:00 AM,1962-01-01,IN,64.0
M046,CROSS,S,MITCHAM-SURREY HILLS MAIN,MSR,1.07,600,UNKN,1/1/1912 12:00:00 AM,1912-01-01,IN,114.0
M387,MAINBG,T,SILVAN SEVILLE MAIN,MS,33.69,450,CRK,1/1/1996 12:00:00 AM,1996-01-01,IN,30.0
M478,BYPASS,S,CARDINIA - PEARCEDALE DUP,MSCL,2.0,150,CRK,1/1/2001 12:00:00 AM,2001-01-01,IN,25.0
M387,BYPASS,S,SILVAN SEVILLE MAIN,MSCL,0.39,150,CRK,1/1/1996 12:00:00 AM,1996-01-01,IN,30.0
M195,BYPASS,S,MT WAVERLY OUTLET MAIN,MSCL,1.75,225,SNC,1/1/1962 12:00:00 AM,1968-01-01,IN,58.0
M041,BYPASS,S,MERRI CK - NORTHCOTE-PUNT RD,MSCL,1.29,450,CLAY,1/1/1928 12:00:00 AM,1927-06-21,IN,99.0
M131,BYPASS,S,MT VIEW-DANDENONG MAIN,MSCL,2.53,225,CRK,1/1/1958 12:00:00 AM,1988-01-01,IN,38.0
M158,MAINBG,T,SURREY HILLS - ROSANNA,MS,792.46,1150,CLAY,1/1/1957 12:00:00 AM,1957-01-01,IN,69.0
M113,MAINBG,T,MITCHAM - SURREY HILLS DUP.,MS,9.0,1150,CLAY,1/1/1984 12:00:00 AM,1939-01-01,IN,87.0
M022,BRANCH,S,MITCHAM-NOTTING HILL MAIN,MSCL,2.86,375,CLAY,1/1/1974 12:00:00 AM,1985-01-01,IN,41.0
M193,BYPASS,S,KENNY ST-BROADMEADOWS MAIN,MSEL,0.8,225,CLAY,1/1/1965 12:00:00 AM,1965-01-01,IN,61.0
M055,BYPASS,S,NO 1 OLINDA-MITCHAM MAIN,MSCL,5.77,150,CLAY,1/1/1963 12:00:00 AM,1914-01-01,IN,112.0
M192,BYPASS,S,EPPING-GREENVALE MAIN,MSEL,4.75,225,CRK,1/1/1989 12:00:00 AM,1990-01-01,IN,36.0
M474,BYPASS,S,ST GEORGES RD REPLACEMENT MAIN,MSCL,1.53,225,UNKN,8/1/2002 12:00:00 AM,2002-09-18,IN,24.0
M232,BYPASS,S,HARRIS GULLY MAIN,MSCL,9.68,150,MS,1/1/1965 12:00:00 AM,1965-01-01,IN,61.0
M402,BYPASS,S,GREENVALE - OUTLET NO 2 MAIN,MSCL,7.37,225,CRK,1/1/1989 12:00:00 AM,1989-01-01,IN,37.0
P091,BYPASS,S,SOMERTON NO2 PS,MSCL,4.45,225,UNKN,1/1/1971 12:00:00 AM,1972-01-01,IN,54.0
M333,BYPASS,S,GREENVALE-YUROKE-SYDENHAM,MSCL,4.2,600,CRK,1/1/1978 12:00:00 AM,2005-02-28,IN,21.0
M351,BYPASS,S,WERRIBEE RES INLET MAIN,MSCL,1.35,225,CRK,1/1/1985 12:00:00 AM,1985-01-01,IN,41.0
M158,MAINBG,S,SURREY HILLS - ROSANNA,MSCL,1.5,225,CLAY,1/1/1957 12:00:00 AM,1959-01-01,IN,67.0
M054,OFTAKE,S,OLINDA-MITCHAM NO.2,MSCL,0.65,100,CLAY,1/1/1984 12:00:00 AM,1926-01-01,IN,100.0
M192,MAINBG,T,EPPING-GREENVALE MAIN,MS,0.9,825,CRK,1/1/1989 12:00:00 AM,1989-01-01,IN,37.0
M103,MAINBG,T,CORANDERRK WEIR TO DICKS BASIN,MS,89.74,1150,CLAY,1/1/1931 12:00:00 AM,1931-01-01,IN,95.0
M440,MAINAG,T,TYABB MORNINGTON MAIN,CI,1.17,1000,CLAY,1/1/1979 12:00:00 AM,1979-01-01,IN,47.0
M230,MAINAG,T,O'SHANNASSY-U/YARRA CONDUIT MA,MS,1.03,900,SAND,1/1/1964 12:00:00 AM,1964-01-01,IN,62.0
M402,BYPASS,S,GREENVALE - OUTLET NO 2 MAIN,MSCL,1.05,225,CRK,1/1/1989 12:00:00 AM,1989-01-01,IN,37.0
M195,MAINBG,T,MT WAVERLY OUTLET MAIN,MS,73.31,1150,SNC,1/1/1962 12:00:00 AM,1962-01-01,IN,64.0
M160,MAINBG,T,PRESTON - FOOTSCRAY MAIN,MS,234.79,1350,CLAY,1/1/1958 12:00:00 AM,1958-02-01,IN,68.0
M132,BYPASS,S,SILVA-MT WAVERLY MAIN,MS,1.64,150,CLAY,1/1/1957 12:00:00 AM,1988-01-01,IN,38.0
M420,MAINBG,T,TARAGO - WESTERN PORT MAIN,MS,4.99,1050,SAND,1/1/1979 12:00:00 AM,1979-01-01,IN,47.0
M046,MAINBG,T,MITCHAM-SURREY HILLS MAIN,MS,122.7,900,CLAY,1/1/1912 12:00:00 AM,1912-01-01,IN,114.0
M078,MAINBG,S,ROSANNA - PRESTON MAIN,MS,3.077,600,CLAY,1/1/1940 12:00:00 AM,1940-01-01,IN,86.0
M190,CONN,S,YAN YEAN-EPPING MAIN,MSCL,1.3,600,CLAY,1/1/1960 12:00:00 AM,1994-02-01,IN,32.0
M293,CROSS,T,MONBULK NO2 DELIVERY MAIN,MS,3.38,300,CLAY,1/1/1973 12:00:00 AM,1977-01-01,IN,49.0
M022,MAINBG,T,MITCHAM-NOTTING HILL MAIN,MSLB,2.99,750,CLAY,1/1/1975 12:00:00 AM,1927-01-01,IN,99.0
M232,BRANCH,S,HARRIS GULLY MAIN,MS,3.98,1150,MS,1/1/1965 12:00:00 AM,1977-01-01,IN,49.0
M333,MAINBG,T,GREENVALE-YUROKE-SYDENHAM,MS,1.79,1150,CRK,1/1/1978 12:00:00 AM,1978-01-01,IN,48.0
M193,BYPASS,S,KENNY ST-BROADMEADOWS MAIN,MSEL,13.05,225,CLAY,1/1/1965 12:00:00 AM,1965-01-01,IN,61.0
M478,BYPASS,S,CARDINIA - PEARCEDALE DUP,MSCL,0.63,150,CRK,1/1/2001 12:00:00 AM,2001-01-01,IN,25.0
M475,OFTAKE,S,PAKENHAM RES NO.2 INLET MAIN,DICL,0.76,225,CRK,11/25/1997 12:00:00 AM,1997-05-01,IN,29.0
M346,OFTAKE,S,SYDENHAM OUTLET MAIN,MSCL,2.18,300,CRK,1/1/1978 12:00:00 AM,1988-01-01,IN,38.0
M333,OFTAKE,S,GREENVALE-YUROKE-SYDENHAM,DICL,0.72,300,CRK,1/1/1978 12:00:00 AM,1994-12-12,IN,32.0
M333,OUTLET,S,GREENVALE-YUROKE-SYDENHAM,MS,15.12,50,CRK,1/1/1978 12:00:00 AM,2005-02-28,IN,21.0
M422,MAINBG,T,BITTERN - DROMANA NO 2 MAIN,MS,2.0,750,CLAY,1/1/1964 12:00:00 AM,1964-01-01,IN,62.0
M419,MAINBG,T,LANGWARRIN - BITTERN NO 3 MAIN,MS,1.41,900,CLAY,1/1/1971 12:00:00 AM,1972-01-01,IN,54.0
M420,MAINBG,T,TARAGO - WESTERN PORT MAIN,MS,4.67,1050,SAND,1/1/1979 12:00:00 AM,1975-08-01,IN,51.0
M193,MAINBG,T,KENNY ST-BROADMEADOWS MAIN,MS,16.6,1150,CLAY,1/1/1965 12:00:00 AM,1971-01-01,IN,55.0
M132,MAINBG,T,SILVA-MT WAVERLY MAIN,MS,2673.13,1700,CLAY,1/1/1957 12:00:00 AM,1957-01-01,IN,69.0
M158,MAINBG,T,SURREY HILLS - ROSANNA,MS,11.13,1150,CLAY,1/1/1957 12:00:00 AM,1980-01-01,IN,46.0
M132,MAINBG,S,SILVA-MT WAVERLY MAIN,MS,6.12,225,CLAY,1/1/1957 12:00:00 AM,1957-01-01,IN,69.0
M055,BRANCH,S,NO 1 OLINDA-MITCHAM MAIN,MSCL,1.6,825,CRK,1/1/1992 12:00:00 AM,1992-01-01,IN,34.0
M054,BYPASS,S,OLINDA-MITCHAM NO.2,MSCL,3.14,225,CLAY,1/1/1992 12:00:00 AM,1926-01-01,IN,100.0
M281,BYPASS,S,CARDINIA-DAND'G-NOTTING HILL M,MSCL,5.73,300,SAND,1/1/1974 12:00:00 AM,1984-01-01,IN,42.0
M046,MAINBG,S,MITCHAM-SURREY HILLS MAIN,WI,0.94,900,CLAY,1/1/1912 12:00:00 AM,1912-01-01,IN,114.0
M046,MAINBG,T,MITCHAM-SURREY HILLS MAIN,MSR,560.28,900,CLAY,1/1/1912 12:00:00 AM,1912-01-01,IN,114.0
M041,CROSS,S,MERRI CK - NORTHCOTE-PUNT RD,CICL,2.03,100,CLAY,1/1/1928 12:00:00 AM,1975-05-16,IN,51.0
M055,MAINBG,T,NO 1 OLINDA-MITCHAM MAIN,MSLB,2.11,900,CLAY,1/1/1963 12:00:00 AM,1914-01-01,IN,112.0
M350,MAINBG,T,WESTERN TRANSFER MAIN,MS,20.63,1350,CLAY,1/1/1983 12:00:00 AM,1984-01-01,IN,42.0
M193,MAINBG,T,KENNY ST-BROADMEADOWS MAIN,MS,142.73,900,CRK,1/1/1965 12:00:00 AM,1965-01-01,IN,61.0
M132,CROSS,S,SILVA-MT WAVERLY MAIN,MSCL,33.3,600,SAND,1/1/1983 12:00:00 AM,1983-01-01,IN,43.0
M002,MAINBG,T,SURREY HILLS RES,MS,2.17,1150,CLAY,1/1/1939 12:00:00 AM,1939-01-01,IN,87.0
M375,MAINBG,S,CARDINIA - HALLAM NO 2 MAIN,MS,6.9,1700,SAND,1/1/1974 12:00:00 AM,1974-01-01,IN,52.0
M197,MAINBG,T,SILVAN-PRESTON MAIN,MS,2.99,1700,SAND,1/1/1962 12:00:00 AM,1962-01-01,IN,64.0
M231,MAINBG,T,YARRA-SILVAN CONDUIT NO.2 MAIN,MS,3719.26,1700,CLAY,1/1/1964 12:00:00 AM,1964-01-01,IN,62.0
M159,MAINBG,T,MT WAVERLY-NOTTING HILL MAIN,MS,4.6,1150,SAND,1/1/1955 12:00:00 AM,1976-01-01,IN,50.0
M332,MAINBG,T,WINNEKE-PRESTON (SLOAF RES.MN),MS,1.39,2100,SAND,1/1/1980 12:00:00 AM,1980-10-14,IN,46.0
M468,MAINBG,T,JOHNS HILL INLET MAIN,MS,3.26,600,UNKN,1/1/1994 12:00:00 AM,1998-06-01,IN,28.0
M076,MAINBG,T,"HIGH ST RD, MT WAVERLY MAIN",MSLB,1.34,900,CLAY,1/1/1979 12:00:00 AM,1928-01-01,IN,98.0
M193,MAINBG,T,KENNY ST-BROADMEADOWS MAIN,MS,2.1,1150,CLAY,1/1/1965 12:00:00 AM,1965-01-01,IN,61.0
M194,MAINBG,S,EPPING-PRESTON MAIN,MS,1.304,1150,CLAY,1/1/1960 12:00:00 AM,1960-01-01,IN,66.0
M190,MAINBG,T,YAN YEAN-EPPING MAIN,MS,47.71,1700,CLAY,1/1/1960 12:00:00 AM,1960-01-01,IN,66.0
M113,BYPASS,S,MITCHAM - SURREY HILLS DUP.,CICL,15.98,225,CLAY,1/1/1984 12:00:00 AM,1939-01-01,IN,87.0
M283,MAINBG,T,YARRA VALLEY CONDUIT MAIN,MS,28.66,2100,MS,1/1/1973 12:00:00 AM,1976-01-01,IN,50.0
M332,MAINBG,T,WINNEKE-PRESTON (SLOAF RES.MN),MS,14.95,2100,SAND,1/1/1980 12:00:00 AM,1980-01-01,IN,46.0
M193,CONN,S,KENNY ST-BROADMEADOWS MAIN,MSCL,2.6,150,CLAY,1/1/1965 12:00:00 AM,1974-09-19,IN,52.0
M132,CROSS,S,SILVA-MT WAVERLY MAIN,MSCL,1.38,225,CLAY,1/1/1957 12:00:00 AM,1957-01-01,IN,69.0
M281,CROSS,S,CARDINIA-DAND'G-NOTTING HILL M,MSCL,0.54,225,SAND,1/1/1974 12:00:00 AM,1974-01-01,IN,52.0
M475,MAINBG,T,PAKENHAM RES NO.2 INLET MAIN,MS,10.98,600,CRK,11/25/1997 12:00:00 AM,1997-11-25,IN,29.0
M350,CROSS,S,WESTERN TRANSFER MAIN,MSCL,0.7,600,CLAY,1/1/1960 12:00:00 AM,1984-01-01,IN,42.0
M197,MAINBG,T,SILVAN-PRESTON MAIN,MS,2355.38,1700,SAND,1/1/1962 12:00:00 AM,1962-01-01,IN,64.0
M190,MAINBG,T,YAN YEAN-EPPING MAIN,MS,168.83,1700,CLAY,1/1/1960 12:00:00 AM,1960-01-01,IN,66.0
M280,MAINBG,T,GREENVALE RESERVOIR OUTLET,MS,5.17,1350,CRK,1/1/1971 12:00:00 AM,1971-01-01,IN,55.0
M474,CROSS,T,ST GEORGES RD REPLACEMENT MAIN,MS,1.4,1150,SAND,1/1/1995 12:00:00 AM,1996-08-01,IN,30.0
M257,CROSS,S,ST ALBANS OUTLET MAIN,MSCL,0.67,150,CRK,1/1/1970 12:00:00 AM,2001-12-17,IN,25.0
M281,MAINBG,T,CARDINIA-DAND'G-NOTTING HILL M,MS,141.91,1700,SAND,1/1/1974 12:00:00 AM,1974-01-01,IN,52.0
M046,CROSS,S,MITCHAM-SURREY HILLS MAIN,MS,0.87,225,SAND,1/1/1964 12:00:00 AM,1964-01-01,IN,62.0
M475,BYPASS,S,PAKENHAM RES NO.2 INLET MAIN,MSCL,5.28,225,CRK,11/25/1997 12:00:00 AM,1997-11-25,IN,29.0
M056,MAINBG,S,OLINDA-MITCHAM NO.3,MS,2.43,900,CLAY,1/1/1981 12:00:00 AM,1936-01-01,IN,90.0
M291,MAINBG,T,SILVAN - OLINDA MAIN,MS,320.15,2100,CRK,1/1/1971 12:00:00 AM,1971-01-01,IN,55.0
M113,MAINBG,T,MITCHAM - SURREY HILLS DUP.,MS,47.14,1150,CLAY,1/1/1984 12:00:00 AM,1939-01-01,IN,87.0
M039,CROSS,S,NORTHCOTE - PUNT RD,MSCL,5.59,225,SAND,1/1/1967 12:00:00 AM,1971-07-20,IN,55.0
M190,CROSS,S,YAN YEAN-EPPING MAIN,MSCL,3.98,1500,CLAY,1/1/1960 12:00:00 AM,1960-01-01,IN,66.0
M055,BYPASS,S,NO 1 OLINDA-MITCHAM MAIN,MSCL,3.49,150,CLAY,1/1/1963 12:00:00 AM,1914-01-01,IN,112.0
M078,CONN,S,ROSANNA - PRESTON MAIN,CI,1.34,80,CLAY,1/1/1940 12:00:00 AM,1940-01-01,IN,86.0
M232,MAINBG,T,HARRIS GULLY MAIN,MS,27.28,1150,MS,1/1/1965 12:00:00 AM,1965-01-01,IN,61.0
M281,MAINBG,T,CARDINIA-DAND'G-NOTTING HILL M,MS,5205.05,1700,SAND,1/1/1974 12:00:00 AM,1974-01-01,IN,52.0
M257,MAINBG,T,ST ALBANS OUTLET MAIN,MS,672.73,1150,CRK,1/1/1974 12:00:00 AM,1974-01-01,IN,52.0
M280,MAINBG,S,GREENVALE RESERVOIR OUTLET,MSEL,9.92,1350,CLAY,1/1/1971 12:00:00 AM,1971-01-01,IN,55.0
M268,MAINBG,T,MT VIEW OUTLET MAIN,MS,442.01,1150,CLAY,1/1/1965 12:00:00 AM,1968-01-01,IN,58.0
M281,OFTAKE,S,CARDINIA-DAND'G-NOTTING HILL M,MSCL,1.5,150,SAND,1/1/1974 12:00:00 AM,1996-01-01,IN,30.0
M197,MAINBG,T,SILVAN-PRESTON MAIN,MS,2.05,1350,TOPS,1/1/1962 12:00:00 AM,1962-01-01,IN,64.0
M291,MAINBG,S,SILVAN - OLINDA MAIN,MSEL,3.2,1350,CLAY,1/1/1971 12:00:00 AM,1971-01-01,IN,55.0
M289,MAINBG,T,HALLAM NTH. INLET MAIN,MS,295.95,1150,S&C,1/1/1976 12:00:00 AM,1977-01-01,IN,49.0
M197,OFTAKE,S,SILVAN-PRESTON MAIN,MSCL,0.68,225,TOPS,1/1/1962 12:00:00 AM,1963-01-01,IN,63.0
M198,OFTAKE,S,SOMERTON HIGH LEVEL MAIN,MSCL,1.93,300,CRK,1/1/1962 12:00:00 AM,1962-01-01,IN,64.0
M197,MAINBG,T,SILVAN-PRESTON MAIN,MS,4200.67,1350,SAND,1/1/1962 12:00:00 AM,1962-01-01,IN,64.0
M198,CROSS,S,SOMERTON HIGH LEVEL MAIN,MSCL,1.08,225,CRK,1/1/1968 12:00:00 AM,1968-01-01,IN,58.0
M197,CROSS,S,SILVAN-PRESTON MAIN,MSCL,0.77,150,CLAY,1/1/1962 12:00:00 AM,1962-01-01,IN,64.0
M283,MAINBG,T,YARRA VALLEY CONDUIT MAIN,MS,35.55,2100,SNC,1/1/1973 12:00:00 AM,1976-01-01,IN,50.0
M132,BYPASS,S,SILVA-MT WAVERLY MAIN,MSCL,0.75,800,CLAY,1/1/1957 12:00:00 AM,1957-01-01,IN,69.0
M113,BYPASS,S,MITCHAM - SURREY HILLS DUP.,MSCL,4.0,225,CLAY,1/1/1984 12:00:00 AM,1939-01-01,IN,87.0
M192,BYPASS,S,EPPING-GREENVALE MAIN,MSCL,1.25,150,UNKN,7/1/2005 12:00:00 AM,2005-07-01,IN,21.0
M474,BYPASS,S,ST GEORGES RD REPLACEMENT MAIN,MSCL,1.36,100,SAND,1/1/1995 12:00:00 AM,1995-01-01,IN,31.0
M056,MAINBG,S,OLINDA-MITCHAM NO.3,MS,2.29,900,CLAY,1/1/1981 12:00:00 AM,1936-01-01,IN,90.0
M054,MAINBG,T,OLINDA-MITCHAM NO.2,MS,2.46,900,SAND,1/1/1992 12:00:00 AM,1926-01-01,IN,100.0
M022,MAINBG,T,MITCHAM-NOTTING HILL MAIN,MSLB,17.8,750,CLAY,1/1/1975 12:00:00 AM,1927-01-01,IN,99.0
M056,MAINBG,T,OLINDA-MITCHAM NO.3,MS,61.92,1150,CLAY,1/1/1981 12:00:00 AM,2005-09-06,IN,21.0
M190,MAINBG,T,YAN YEAN-EPPING MAIN,MS,374.26,1350,CLAY,1/1/1960 12:00:00 AM,1960-01-01,IN,66.0
M131,MAINBG,S,MT VIEW-DANDENONG MAIN,MSEL,3.31,1150,CRK,1/1/1958 12:00:00 AM,1988-01-01,IN,38.0
M022,MAINBG,T,MITCHAM-NOTTING HILL MAIN,MS,52.3,1150,CLAY,1/1/1966 12:00:00 AM,1927-01-01,IN,99.0
M002,MAINBG,T,SURREY HILLS RES,MS,48.64,1150,CLAY,1/1/1985 12:00:00 AM,1939-01-01,IN,87.0
M387,BRANCH,S,SILVAN SEVILLE MAIN,MSCL,1.01,150,CRK,1/1/1996 12:00:00 AM,1996-01-01,IN,30.0
M197,BYPASS,S,SILVAN-PRESTON MAIN,MSCL,0.96,150,MS&C,1/1/1962 12:00:00 AM,1962-01-01,IN,64.0
M022,BYPASS,S,MITCHAM-NOTTING HILL MAIN,MSCL,3.43,150,CLAY,1/1/1968 12:00:00 AM,1927-01-01,IN,99.0
M193,CONN,S,KENNY ST-BROADMEADOWS MAIN,CICL,2.59,225,CLAY,1/1/1965 12:00:00 AM,1973-02-12,IN,53.0
P055,CROSS,S,(NOT OP) MONTROSE RES INLET PS,MS,0.9,600,CLAY,1/1/1957 12:00:00 AM,1957-01-01,IN,69.0
M055,CROSS,S,NO 1 OLINDA-MITCHAM MAIN,MSCL,3.39,600,CLAY,1/1/1963 12:00:00 AM,1914-01-01,IN,112.0
M475,MAINBG,T,PAKENHAM RES NO.2 INLET MAIN,MS,153.6,600,CRK,11/25/1997 12:00:00 AM,1997-11-25,IN,29.0
M293,CROSS,T,MONBULK NO2 DELIVERY MAIN,MS,1.79,300,CLAY,1/1/1973 12:00:00 AM,1977-01-01,IN,49.0
M283,CROSS,S,YARRA VALLEY CONDUIT MAIN,MSCL,3.84,225,SLTS,1/1/1964 12:00:00 AM,1976-01-01,IN,50.0
M268,CROSS,S,MT VIEW OUTLET MAIN,MSCL,5.12,600,SLCL,1/1/1983 12:00:00 AM,1968-01-01,IN,58.0
M132,BYPASS,S,SILVA-MT WAVERLY MAIN,MSCL,0.98,150,CLAY,1/1/1968 12:00:00 AM,1957-01-01,IN,69.0
M474,BYPASS,S,ST GEORGES RD REPLACEMENT MAIN,MSCL,0.96,225,SAND,1/1/1995 12:00:00 AM,1996-07-25,IN,30.0
M041,BYPASS,S,MERRI CK - NORTHCOTE-PUNT RD,MSCL,1.39,150,CRK,1/1/2004 12:00:00 AM,2004-05-10,IN,22.0
M021,MAINBG,S,BLACKBURN RD - NOTTING HILL,MS,2.509,825,SAND,1/1/1983 12:00:00 AM,1983-01-01,IN,43.0
M372,OFTAKE,S,LUSATIA PARK MAIN,MS,13.98,300,SAND,1/1/1986 12:00:00 AM,1986-01-01,IN,40.0
M103,OFTAKE,S,CORANDERRK WEIR TO DICKS BASIN,CICL,5.88,100,CLAY,1/1/1931 12:00:00 AM,1931-12-15,IN,95.0
M193,OFTAKE,S,KENNY ST-BROADMEADOWS MAIN,MSEL,4.92,225,CLAY,1/1/1965 12:00:00 AM,1962-07-23,IN,64.0
M275,MAINBG,T,MCMAHONS CK DIVERSION MAIN,MS,1.56,600,CRK,1/1/1968 12:00:00 AM,1969-01-01,IN,57.0
M257,MAINBG,T,ST ALBANS OUTLET MAIN,MS,763.83,1150,CRK,1/1/1966 12:00:00 AM,1966-01-01,IN,60.0
M280,MAINBG,S,GREENVALE RESERVOIR OUTLET,MSCL,14.0,825,CLAY,1/1/1971 12:00:00 AM,1971-01-01,IN,55.0
M268,MAINBG,T,MT VIEW OUTLET MAIN,MS,558.67,1150,CLAY,1/1/1965 12:00:00 AM,1968-01-01,IN,58.0
M420,OFTAKE,S,TARAGO - WESTERN PORT MAIN,MSCL,2.63,150,SAND,1/1/1979 12:00:00 AM,1975-08-01,IN,51.0
M291,OFTAKE,S,SILVAN - OLINDA MAIN,MSCL,0.94,225,CLAY,1/1/1975 12:00:00 AM,1981-01-01,IN,45.0
M351,BYPASS,S,WERRIBEE RES INLET MAIN,MSCL,1.42,225,CRK,1/1/1985 12:00:00 AM,1998-01-01,IN,28.0
M197,MAINBG,T,SILVAN-PRESTON MAIN,MS,0.53,1700,SAND,1/1/1962 12:00:00 AM,2010-02-01,IN,16.0
M132,MAINBG,T,SILVA-MT WAVERLY MAIN,MS,426.07,1700,CLAY,1/1/1957 12:00:00 AM,1957-01-01,IN,69.0
M158,MAINBG,T,SURREY HILLS - ROSANNA,MS,259.11,1150,CLAY,1/1/1957 12:00:00 AM,1957-01-01,IN,69.0
M198,BRANCH,S,SOMERTON HIGH LEVEL MAIN,MSCL,7.61,600,CRK,1/1/1962 12:00:00 AM,1962-01-01,IN,64.0
M348,BYPASS,S,MORANG BCH OF WINNEKE-PRESTON,MS,5.59,225,CRK,1/1/1980 12:00:00 AM,1980-01-01,IN,46.0
M192,MAINBG,T,EPPING-GREENVALE MAIN,MS,0.61,600,SAND,1/1/1971 12:00:00 AM,1960-01-01,IN,66.0
M113,MAINBG,T,MITCHAM - SURREY HILLS DUP.,MS,48.91,1150,CLAY,1/1/1988 12:00:00 AM,1939-01-01,IN,87.0
M350,CROSS,S,WESTERN TRANSFER MAIN,MSCL,3.43,225,CLAY,1/1/1983 12:00:00 AM,1984-01-01,IN,42.0
M041,MAINBG,T,MERRI CK - NORTHCOTE-PUNT RD,MS,52.69,1150,CRK,1/1/2004 12:00:00 AM,2004-06-10,IN,22.0
M440,MAINAG,T,TYABB MORNINGTON MAIN,MS,3.12,750,CLAY,1/1/1979 12:00:00 AM,1979-01-01,IN,47.0
M440,MAINAG,T,TYABB MORNINGTON MAIN,MS,0.65,350,CLAY,1/1/1979 12:00:00 AM,1979-01-01,IN,47.0
M046,OFTAKE,S,MITCHAM-SURREY HILLS MAIN,MSCL,3.41,150,CLAY,1/1/1912 12:00:00 AM,1912-01-01,IN,114.0
M057,CROSS,S,MORANG-PRESTON NO 1&3 MAIN,MS,9.81,1200,CRK,10/30/2006 12:00:00 AM,2006-10-30,IN,20.0
M268,MAINBG,S,MT VIEW OUTLET MAIN,MSCL,1.45,825,SAND,1/1/1983 12:00:00 AM,1983-01-01,IN,43.0
M274,MAINBG,T,STARVATION CRK DIVERSION MAIN,MS,1.99,600,CRK,1/1/1968 12:00:00 AM,1968-01-01,IN,58.0
M192,MAINBG,T,EPPING-GREENVALE MAIN,MS,1.07,1350,CLAY,1/1/1960 12:00:00 AM,1960-01-01,IN,66.0
M159,MAINBG,T,MT WAVERLY-NOTTING HILL MAIN,MS,6.22,1700,SAND,1/1/1955 12:00:00 AM,1976-01-01,IN,50.0
M103,MAINBG,T,CORANDERRK WEIR TO DICKS BASIN,MS,861.74,1150,CLAY,1/1/1931 12:00:00 AM,1931-01-01,IN,95.0
M046,MAINBG,T,MITCHAM-SURREY HILLS MAIN,MSR,297.94,900,CLAY,1/1/1912 12:00:00 AM,1912-01-01,IN,114.0
M078,CROSS,S,ROSANNA - PRESTON MAIN,MSCL,0.84,150,CLAY,1/1/1940 12:00:00 AM,1989-10-10,IN,37.0
M422,MAINBG,T,BITTERN - DROMANA NO 2 MAIN,MS,1731.56,900,CLAY,1/1/1964 12:00:00 AM,1964-01-01,IN,62.0
M055,MAINBG,T,NO 1 OLINDA-MITCHAM MAIN,MSLB,19.77,900,CLAY,1/1/1963 12:00:00 AM,1914-01-01,IN,112.0
M258,MAINBG,T,MAROONDAH AQUADUCT REPLACEMENT,MS,1826.26,2100,SAND,1/1/1978 12:00:00 AM,1978-01-01,IN,48.0
M160,CROSS,S,PRESTON - FOOTSCRAY MAIN,MSCL,2.66,150,CLAY,1/1/1958 12:00:00 AM,1958-03-01,IN,68.0
M160,CROSS,S,PRESTON - FOOTSCRAY MAIN,MSCL,2.74,225,CLAY,1/1/1958 12:00:00 AM,1958-03-01,IN,68.0
M372,MAINBG,T,LUSATIA PARK MAIN,MS,13.97,300,SAND,1/1/1985 12:00:00 AM,1984-09-01,IN,42.0
M422,MAINBG,T,BITTERN - DROMANA NO 2 MAIN,MS,160.72,900,CLAY,1/1/1964 12:00:00 AM,1964-01-01,IN,62.0
M419,MAINBG,T,LANGWARRIN - BITTERN NO 3 MAIN,MS,2693.28,900,CLAY,1/1/1971 12:00:00 AM,1972-01-01,IN,54.0
M046,CROSS,S,MITCHAM-SURREY HILLS MAIN,MSCL,2.45,225,SAND,1/1/1964 12:00:00 AM,1964-01-01,IN,62.0
M478,MAINBG,T,CARDINIA - PEARCEDALE DUP,MS,14.85,1350,CRK,1/1/2001 12:00:00 AM,2001-01-01,IN,25.0
M193,MAINBG,T,KENNY ST-BROADMEADOWS MAIN,MS,18.89,1150,CLAY,1/1/1965 12:00:00 AM,1971-01-01,IN,55.0
M190,MAINBG,T,YAN YEAN-EPPING MAIN,MS,464.65,1350,CLAY,1/1/1960 12:00:00 AM,1960-01-01,IN,66.0
M158,MAINBG,T,SURREY HILLS - ROSANNA,MS,45.79,1150,CLAY,1/1/1957 12:00:00 AM,1957-01-01,IN,69.0
M418,MAINBG,T,BEACONSFIELD - LANGWARRIN MAIN,MS,38.72,1125,CLAY,1/1/1982 12:00:00 AM,1982-01-01,IN,44.0
M440,BYPASS,T,TYABB MORNINGTON MAIN,CI,1.05,150,CLAY,1/1/1979 12:00:00 AM,1979-01-01,IN,47.0
M054,BYPASS,S,OLINDA-MITCHAM NO.2,MS,16.76,225,CLAY,1/1/1984 12:00:00 AM,1926-01-01,IN,100.0
M467,MAINBG,T,CARDINIA DRAINAGE RISING MAIN,MS,24.42,825,SAND,1/1/1973 12:00:00 AM,1973-01-01,IN,53.0
M197,CONN,S,SILVAN-PRESTON MAIN,MSCL,2.15,150,TOPS,1/1/1962 12:00:00 AM,1964-01-01,IN,62.0
M054,MAINBG,T,OLINDA-MITCHAM NO.2,MS,8.8,1150,CLAY,1/1/1984 12:00:00 AM,1926-01-01,IN,100.0
M190,CROSS,S,YAN YEAN-EPPING MAIN,MSCL,4.0,1500,CLAY,1/1/1960 12:00:00 AM,1960-01-01,IN,66.0
M158,MAINBG,T,SURREY HILLS - ROSANNA,MS,191.87,1150,CLAY,1/1/1957 12:00:00 AM,1957-01-01,IN,69.0
M194,MAINBG,S,EPPING-PRESTON MAIN,MS,2.0,1150,CLAY,1/1/1960 12:00:00 AM,1960-01-01,IN,66.0
M022,MAINBG,T,MITCHAM-NOTTING HILL MAIN,MS,35.88,750,SAND,1/1/1975 12:00:00 AM,1927-01-01,IN,99.0
M076,CROSS,S,"HIGH ST RD, MT WAVERLY MAIN",CI,13.42,225,CLAY,1/1/1980 12:00:00 AM,1928-01-01,IN,98.0
M041,MAINBG,T,MERRI CK - NORTHCOTE-PUNT RD,MS,50.1,1150,CLAY,1/1/1928 12:00:00 AM,2009-07-02,IN,17.0
M022,BYPASS,S,MITCHAM-NOTTING HILL MAIN,MSCL,0.62,150,CLAY,1/1/1974 12:00:00 AM,1955-01-01,IN,71.0
M041,CONN,S,MERRI CK - NORTHCOTE-PUNT RD,MSCL,9.81,225,CLAY,1/1/1928 12:00:00 AM,1928-01-01,IN,98.0
M268,CONN,S,MT VIEW OUTLET MAIN,CICL,2.51,225,S&C,1/1/1965 12:00:00 AM,1975-12-22,IN,51.0
M348,MAINBG,T,MORANG BCH OF WINNEKE-PRESTON,MS,8.95,2100,CRK,1/1/1980 12:00:00 AM,1980-01-01,IN,46.0
M160,MAINAG,T,PRESTON - FOOTSCRAY MAIN,MS,1.16,600,CLAY,1/1/1958 12:00:00 AM,1958-01-01,IN,68.0
M131,MAINBG,T,MT VIEW-DANDENONG MAIN,MS,15.35,825,CRK,1/1/1958 12:00:00 AM,1958-01-01,IN,68.0
M190,CONN,S,YAN YEAN-EPPING MAIN,MSCL,2.8,600,CLAY,1/1/1960 12:00:00 AM,1994-02-01,IN,32.0
M197,CONN,S,SILVAN-PRESTON MAIN,MSCL,2.19,300,TOPS,1/1/1962 12:00:00 AM,1988-11-25,IN,38.0
M197,MAINBG,T,SILVAN-PRESTON MAIN,MS,35.85,1700,SAND,1/1/1962 12:00:00 AM,1962-01-01,IN,64.0
M159,MAINBG,T,MT WAVERLY-NOTTING HILL MAIN,MS,147.39,1150,SAND,1/1/1955 12:00:00 AM,1976-01-01,IN,50.0
M197,CROSS,S,SILVAN-PRESTON MAIN,MSCL,1.0,300,CLAY,1/1/1962 12:00:00 AM,1975-01-01,IN,51.0
M197,CROSS,S,SILVAN-PRESTON MAIN,MSCL,0.77,450,CLAY,1/1/1962 12:00:00 AM,1985-01-01,IN,41.0
M333,MAINBG,T,GREENVALE-YUROKE-SYDENHAM,MS,2.49,1700,CRK,1/1/1978 12:00:00 AM,1978-01-01,IN,48.0
M192,MAINBG,T,EPPING-GREENVALE MAIN,MS,14.62,800,UNKN,7/1/2005 12:00:00 AM,2005-07-01,IN,21.0
M333,INLET,S,GREENVALE-YUROKE-SYDENHAM,MS,1.12,50,CRK,1/1/1978 12:00:00 AM,2005-02-28,IN,21.0
M195,MAINBG,T,MT WAVERLY OUTLET MAIN,MS,726.99,1150,SNC,1/1/1962 12:00:00 AM,1962-01-01,IN,64.0
M475,OFTAKE,S,PAKENHAM RES NO.2 INLET MAIN,MSCL,17.65,150,CRK,11/25/1997 12:00:00 AM,1997-11-25,IN,29.0
M333,OFTAKE,S,GREENVALE-YUROKE-SYDENHAM,DICL,2.1,225,CRK,1/1/1978 12:00:00 AM,1984-01-01,IN,42.0
M420,OFTAKE,S,TARAGO - WESTERN PORT MAIN,MSCL,2.49,150,SAND,1/1/1979 12:00:00 AM,1975-08-01,IN,51.0
M055,OFTAKE,S,NO 1 OLINDA-MITCHAM MAIN,DICL,0.64,150,CLAY,1/1/1963 12:00:00 AM,1914-01-01,IN,112.0
M440,MAINBG,T,TYABB MORNINGTON MAIN,MS,13.09,1000,CLAY,1/1/1979 12:00:00 AM,1979-01-01,IN,47.0
M420,MAINBG,T,TARAGO - WESTERN PORT MAIN,MS,2.5,1150,SAND,1/1/1979 12:00:00 AM,1973-08-01,IN,53.0
P091,MAINBG,T,SOMERTON NO2 PS,MS,1.07,1350,UNKN,1/1/1971 12:00:00 AM,1960-01-01,IN,66.0
M422,MAINBG,T,BITTERN - DROMANA NO 2 MAIN,MS,4740.25,900,CLAY,1/1/1964 12:00:00 AM,1965-01-01,IN,61.0
M419,MAINBG,T,LANGWARRIN - BITTERN NO 3 MAIN,MS,3.52,900,CLAY,1/1/1971 12:00:00 AM,1972-01-01,IN,54.0
M056,BYPASS,S,OLINDA-MITCHAM NO.3,CICL,1.61,225,CLAY,1/1/1981 12:00:00 AM,1936-01-01,IN,90.0
M054,MAINBG,T,OLINDA-MITCHAM NO.2,MS,1.82,900,SAND,1/1/1992 12:00:00 AM,1926-01-01,IN,100.0
M333,BYPASS,S,GREENVALE-YUROKE-SYDENHAM,MSCL,0.99,600,CRK,1/1/1978 12:00:00 AM,2005-02-28,IN,21.0
M274,BYPASS,S,STARVATION CRK DIVERSION MAIN,MSCL,0.55,150,CRK,1/1/1968 12:00:00 AM,1968-01-01,IN,58.0
M195,BYPASS,S,MT WAVERLY OUTLET MAIN,MSCL,3.55,225,SNC,1/1/1962 12:00:00 AM,1973-01-01,IN,53.0
M160,BYPASS,S,PRESTON - FOOTSCRAY MAIN,MSCL,0.72,225,CLAY,1/1/1958 12:00:00 AM,1991-05-01,IN,35.0
SL08,MAINBG,T,CARDINIA BYPASS SURGE VESSEL,MS,0.56,600,UNKN,1/1/1971 12:00:00 AM,2011-08-26,IN,15.0
M193,CONN,S,KENNY ST-BROADMEADOWS MAIN,CICL,2.64,225,CLAY,1/1/1965 12:00:00 AM,1979-03-30,IN,47.0
M132,CROSS,S,SILVA-MT WAVERLY MAIN,MSCL,1.36,450,CLAY,1/1/1957 12:00:00 AM,1985-01-01,IN,41.0
M022,OFTAKE,S,MITCHAM-NOTTING HILL MAIN,MSCL,1.64,150,CLAY,1/1/1974 12:00:00 AM,1985-01-01,IN,41.0
M055,MAINBG,T,NO 1 OLINDA-MITCHAM MAIN,MS,0.85,825,CRK,1/1/1992 12:00:00 AM,1992-01-01,IN,34.0
M468,MAINBG,T,JOHNS HILL INLET MAIN,MS,26.03,600,UNKN,1/1/1994 12:00:00 AM,1998-06-01,IN,28.0
M283,MAINBG,T,YARRA VALLEY CONDUIT MAIN,MS,1051.93,2100,SS,1/1/1973 12:00:00 AM,1976-01-01,IN,50.0
M197,MAINBG,T,SILVAN-PRESTON MAIN,MS,151.7,1700,SAND,1/1/1962 12:00:00 AM,1962-01-01,IN,64.0
M440,MAINAG,T,TYABB MORNINGTON MAIN,MS,3.7,1150,CLAY,1/1/1979 12:00:00 AM,1979-01-01,IN,47.0
P058,MAINBG,S,EPPING PS,MS,3.97,1150,CLAY,1/1/1960 12:00:00 AM,1960-01-01,IN,66.0
M022,OFTAKE,S,MITCHAM-NOTTING HILL MAIN,MSCL,2.25,150,CLAY,1/1/1968 12:00:00 AM,1971-06-28,IN,55.0
M131,OFTAKE,S,MT VIEW-DANDENONG MAIN,MSCL,4.67,225,CRK,1/1/1958 12:00:00 AM,1971-01-01,IN,55.0
M195,MAINBG,T,MT WAVERLY OUTLET MAIN,MS,313.01,1150,SNC,1/1/1962 12:00:00 AM,1962-01-01,IN,64.0
M281,MAINBG,T,CARDINIA-DAND'G-NOTTING HILL M,MS,255.74,1700,CLAY,1/1/1974 12:00:00 AM,1974-01-01,IN,52.0
M378,MAINBG,S,CARDINIA - BERWICK MAIN,MSCL,1.14,600,SAND,1/1/1981 12:00:00 AM,1981-01-01,IN,45.0
M237,OFTAKE,S,NTH ESSENDON BCH GREENVALE MAI,MSCL,2.75,225,SAND,1/1/1965 12:00:00 AM,1965-01-01,IN,61.0
M022,OFTAKE,S,MITCHAM-NOTTING HILL MAIN,MSCL,1.05,150,CLAY,1/1/1968 12:00:00 AM,1927-01-01,IN,99.0
M131,OFTAKE,S,MT VIEW-DANDENONG MAIN,MSCL,3.74,225,CRK,1/1/1958 12:00:00 AM,1971-01-01,IN,55.0
M104,BRANCH,S,MORANG OUTLET,MSCL,1.04,800,CRK,1/1/1989 12:00:00 AM,1989-01-01,IN,37.0
M475,OFTAKE,S,PAKENHAM RES NO.2 INLET MAIN,MSCL,10.97,150,CRK,11/25/1997 12:00:00 AM,1997-11-25,IN,29.0
M420,OFTAKE,S,TARAGO - WESTERN PORT MAIN,MSCL,0.9,100,SAND,1/1/1979 12:00:00 AM,1975-08-01,IN,51.0
M420,OFTAKE,S,TARAGO - WESTERN PORT MAIN,MSCL,6.62,100,SAND,1/1/1979 12:00:00 AM,1975-08-01,IN,51.0
M194,MAINBG,S,EPPING-PRESTON MAIN,MS,2.503,1150,CLAY,1/1/1960 12:00:00 AM,1960-01-01,IN,66.0
M441,MAINBG,T,LANGWARRIN - BITTERN NO 2 MAIN,MS,0.39,825,CLAY,1/1/1959 12:00:00 AM,1959-01-01,IN,67.0
M131,MAINBG,T,MT VIEW-DANDENONG MAIN,MS,45.75,825,CRK,1/1/1958 12:00:00 AM,1958-01-01,IN,68.0
M022,MAINBG,T,MITCHAM-NOTTING HILL MAIN,MS,619.53,1150,CLAY,1/1/1966 12:00:00 AM,1927-01-01,IN,99.0
M473,BRANCH,S,SILVAN RESERVOIR BY-PASS MAIN,MSCL,7.8,375,SAND,1/1/1962 12:00:00 AM,1962-01-01,IN,64.0
M462,BRANCH,S,LANGWARRIN-FRANKSTON NO 2 MAIN,DICL,6.71,450,SAND,1/1/1967 12:00:00 AM,1967-01-01,IN,59.0
M198,MAINBG,T,SOMERTON HIGH LEVEL MAIN,MS,444.73,600,CRK,1/1/2005 12:00:00 AM,2005-02-04,IN,21.0
M190,MAINBG,T,YAN YEAN-EPPING MAIN,MS,15.71,1700,CLAY,1/1/1960 12:00:00 AM,1960-01-01,IN,66.0
M193,OFTAKE,S,KENNY ST-BROADMEADOWS MAIN,MSEL,1.93,225,CLAY,1/1/1965 12:00:00 AM,1962-07-23,IN,64.0
M055,OFTAKE,S,NO 1 OLINDA-MITCHAM MAIN,MSCL,0.92,225,CLAY,1/1/1978 12:00:00 AM,1914-01-01,IN,112.0
M055,MAINBG,T,NO 1 OLINDA-MITCHAM MAIN,MSLB,18.59,900,CLAY,1/1/1976 12:00:00 AM,1914-01-01,IN,112.0
SL08,MAINBG,T,CARDINIA BYPASS SURGE VESSEL,MS,0.56,600,UNKN,1/1/1971 12:00:00 AM,2011-08-26,IN,15.0
M055,MAINBG,T,NO 1 OLINDA-MITCHAM MAIN,MSLB,602.54,900,CLAY,1/1/1978 12:00:00 AM,1914-01-01,IN,112.0
M022,CONN,S,MITCHAM-NOTTING HILL MAIN,MSCL,0.93,150,CLAY,1/1/1968 12:00:00 AM,1927-01-01,IN,99.0
M046,CROSS,S,MITCHAM-SURREY HILLS MAIN,MSCL,1.91,600,CLAY,1/1/1912 12:00:00 AM,1984-01-01,IN,42.0
M195,MAINBG,T,MT WAVERLY OUTLET MAIN,MS,153.19,825,CLAY,1/1/1962 12:00:00 AM,1962-01-01,IN,64.0
M076,CONN,S,"HIGH ST RD, MT WAVERLY MAIN",MSCL,1.23,225,CLAY,1/1/1992 12:00:00 AM,1969-01-01,IN,57.0
M046,CROSS,S,MITCHAM-SURREY HILLS MAIN,MSCL,0.64,600,CLAY,1/1/1939 12:00:00 AM,1983-01-01,IN,43.0
M232,MAINBG,T,HARRIS GULLY MAIN,MS,3.17,900,CLAY,1/1/1965 12:00:00 AM,1965-01-01,IN,61.0
M056,MAINBG,T,OLINDA-MITCHAM NO.3,MS,180.7,1150,CLAY,1/1/1984 12:00:00 AM,1936-01-01,IN,90.0
M192,MAINBG,T,EPPING-GREENVALE MAIN,MS,1830.45,1350,CLAY,1/1/1960 12:00:00 AM,1960-01-01,IN,66.0
M230,MAINBG,T,O'SHANNASSY-U/YARRA CONDUIT MA,MS,7.02,900,SAND,1/1/1964 12:00:00 AM,1964-01-01,IN,62.0
M420,OFTAKE,S,TARAGO - WESTERN PORT MAIN,MSCL,3.05,100,SAND,1/1/1979 12:00:00 AM,1975-08-01,IN,51.0
M193,MAINBG,T,KENNY ST-BROADMEADOWS MAIN,MS,2.388,900,CLAY,1/1/1965 12:00:00 AM,2013-04-15,IN,13.0
M333,MAINBG,T,GREENVALE-YUROKE-SYDENHAM,MS,1180.57,1150,CRK,1/1/1978 12:00:00 AM,1978-01-01,IN,48.0
M160,MAINBG,T,PRESTON - FOOTSCRAY MAIN,MS,2.83,1150,CLAY,1/1/1958 12:00:00 AM,1958-03-01,IN,68.0
M420,MAINBG,T,TARAGO - WESTERN PORT MAIN,MS,4.49,1050,SAND,1/1/1979 12:00:00 AM,1975-08-01,IN,51.0
M160,MAINBG,T,PRESTON - FOOTSCRAY MAIN,MS,202.56,1150,CLAY,1/1/1958 12:00:00 AM,1958-03-01,IN,68.0
M022,MAINBG,T,MITCHAM-NOTTING HILL MAIN,MS,2.29,1150,CLAY,1/1/1968 12:00:00 AM,1927-01-01,IN,99.0
M056,MAINBG,T,OLINDA-MITCHAM NO.3,MS,3.81,1150,CLAY,1/1/1984 12:00:00 AM,1936-01-01,IN,90.0
M197,MAINBG,T,SILVAN-PRESTON MAIN,MS,3.61,1350,MS&C,1/1/1962 12:00:00 AM,1962-01-01,IN,64.0
M387,MAINBG,T,SILVAN SEVILLE MAIN,DI,151.07,300,CRK,1/1/1996 12:00:00 AM,1996-01-01,IN,30.0
M257,OFTAKE,S,ST ALBANS OUTLET MAIN,MSCL,1.28,225,CRK,1/1/1970 12:00:00 AM,1985-06-20,IN,41.0
M479,OFTAKE,S,BITTERN RES BYPASS MAIN,MSCL,1.12,300,SAND,1/1/1999 12:00:00 AM,1999-01-01,IN,27.0
M350,MAINBG,T,WESTERN TRANSFER MAIN,MS,699.73,1350,CLAY,1/1/1984 12:00:00 AM,1984-01-01,IN,42.0
M197,MAINBG,T,SILVAN-PRESTON MAIN,MS,1.99,1350,SAND,1/1/1962 12:00:00 AM,1962-01-01,IN,64.0
M132,BYPASS,S,SILVA-MT WAVERLY MAIN,MSCL,2.61,225,CLAY,1/1/1957 12:00:00 AM,1957-01-01,IN,69.0
M440,BYPASS,S,TYABB MORNINGTON MAIN,MS,0.97,250,CLAY,1/1/1979 12:00:00 AM,1979-01-01,IN,47.0
M346,BRANCH,S,SYDENHAM OUTLET MAIN,MSCL,3.6,900,CRK,1/1/1977 12:00:00 AM,1983-01-01,IN,43.0
M257,MAINBG,T,ST ALBANS OUTLET MAIN,MS,4.43,1150,CRK,1/1/1970 12:00:00 AM,1970-01-01,IN,56.0
M197,BYPASS,S,SILVAN-PRESTON MAIN,MSCL,5.32,225,TOPS,1/1/1962 12:00:00 AM,1980-01-01,IN,46.0
M159,MAINBG,T,MT WAVERLY-NOTTING HILL MAIN,MS,3.41,750,SAND,1/1/1955 12:00:00 AM,1976-01-01,IN,50.0
M197,MAINBG,T,SILVAN-PRESTON MAIN,MS,1.87,1350,TOPS,1/1/1962 12:00:00 AM,1962-01-01,IN,64.0
M291,MAINBG,S,SILVAN - OLINDA MAIN,MSEL,226.97,1350,CLAY,1/1/1971 12:00:00 AM,1971-01-01,IN,55.0
M289,MAINBG,T,HALLAM NTH. INLET MAIN,MS,23.57,1150,S&C,1/1/1976 12:00:00 AM,1977-01-01,IN,49.0
M197,OFTAKE,S,SILVAN-PRESTON MAIN,MSCL,0.64,150,TOPS,1/1/1962 12:00:00 AM,1962-01-01,IN,64.0
M197,OFTAKE,S,SILVAN-PRESTON MAIN,MSCL,0.95,100,SAND,1/1/1962 12:00:00 AM,1962-01-01,IN,64.0
M190,CONN,S,YAN YEAN-EPPING MAIN,MSCL,3.01,600,CLAY,1/1/1960 12:00:00 AM,1994-02-01,IN,32.0
M387,CROSS,S,SILVAN SEVILLE MAIN,MSCL,1.7,375,CRK,1/1/1996 12:00:00 AM,1996-01-01,IN,30.0
M475,MAINBG,T,PAKENHAM RES NO.2 INLET MAIN,MS,827.24,600,CRK,11/25/1997 12:00:00 AM,1997-11-25,IN,29.0
M276,MAINBG,T,ARMSTRONG CRK DIVERSION MAIN,MS,56.39,1150,CRK,1/1/1969 12:00:00 AM,1969-01-01,IN,57.0
M474,CROSS,T,ST GEORGES RD REPLACEMENT MAIN,MS,1.55,1350,SAND,1/1/1995 12:00:00 AM,1996-08-01,IN,30.0
M268,CROSS,T,MT VIEW OUTLET MAIN,MS,5.6,825,SLCL,1/1/1983 12:00:00 AM,1968-01-01,IN,58.0
M257,CROSS,S,ST ALBANS OUTLET MAIN,MSCL,3.6,300,CRK,1/1/1966 12:00:00 AM,1966-01-01,IN,60.0
M274,MAINBG,S,STARVATION CRK DIVERSION MAIN,MSCL,2.5,1700,CRK,1/1/1946 12:00:00 AM,1946-01-01,IN,80.0
M132,BYPASS,S,SILVA-MT WAVERLY MAIN,MSCL,0.4,225,CLAY,1/1/1957 12:00:00 AM,1957-01-01,IN,69.0
M195,CONN,S,MT WAVERLY OUTLET MAIN,MSCL,3.56,225,SNC,1/1/1962 12:00:00 AM,1963-01-11,IN,63.0
M291,CONN,S,SILVAN - OLINDA MAIN,MSCL,3.18,225,SS,1/1/1971 12:00:00 AM,1971-12-13,IN,55.0
M132,MAINBG,T,SILVA-MT WAVERLY MAIN,MS,2905.57,1700,CLAY,1/1/1957 12:00:00 AM,1957-01-01,IN,69.0
M332,MAINBG,T,WINNEKE-PRESTON (SLOAF RES.MN),MS,565.59,2100,SAND,1/1/1980 12:00:00 AM,1980-01-01,IN,46.0
M193,OFTAKE,S,KENNY ST-BROADMEADOWS MAIN,MSCL,1.02,225,CLAY,1/1/1965 12:00:00 AM,1962-07-23,IN,64.0
M333,MAINBG,T,GREENVALE-YUROKE-SYDENHAM,MS,3.0,1150,CRK,1/1/1978 12:00:00 AM,1978-01-01,IN,48.0
M232,MAINBG,T,HARRIS GULLY MAIN,MS,14.54,1150,MS,1/1/1965 12:00:00 AM,1977-01-01,IN,49.0
M350,MAINBG,T,WESTERN TRANSFER MAIN,MS,225.5,1350,CLAY,1/1/1983 12:00:00 AM,1984-01-01,IN,42.0
M479,OFTAKE,S,BITTERN RES BYPASS MAIN,MSCL,2.94,300,SAND,1/1/1999 12:00:00 AM,1999-01-01,IN,27.0
M420,OFTAKE,S,TARAGO - WESTERN PORT MAIN,MSCL,4.31,100,SAND,1/1/1979 12:00:00 AM,1975-08-01,IN,51.0
M372,OFTAKE,S,LUSATIA PARK MAIN,DICL,0.98,150,SAND,1/1/1985 12:00:00 AM,1984-09-01,IN,42.0
M257,BRANCH,S,ST ALBANS OUTLET MAIN,MSCL,1.31,675,CRK,1/1/1970 12:00:00 AM,1971-01-01,IN,55.0
M078,MAINBG,T,ROSANNA - PRESTON MAIN,MS,1.62,1150,CLAY,1/1/1940 12:00:00 AM,1940-01-01,IN,86.0
M197,BYPASS,S,SILVAN-PRESTON MAIN,MSCL,21.63,225,CLAY,1/1/1962 12:00:00 AM,1962-01-01,IN,64.0
M197,BYPASS,S,SILVAN-PRESTON MAIN,MSCL,0.86,225,TOPS,1/1/1962 12:00:00 AM,1962-01-01,IN,64.0
M132,BYPASS,S,SILVA-MT WAVERLY MAIN,MSCL,1.18,225,CRK,1/1/1975 12:00:00 AM,1981-01-01,IN,45.0
M046,BYPASS,S,MITCHAM-SURREY HILLS MAIN,CI,5.16,225,CLAY,1/1/1912 12:00:00 AM,1912-01-01,IN,114.0
M197,MAINBG,T,SILVAN-PRESTON MAIN,MS,1.51,1600,SAND,1/1/1962 12:00:00 AM,2010-02-01,IN,16.0
M041,BYPASS,S,MERRI CK - NORTHCOTE-PUNT RD,MSCL,3.99,225,CLAY,1/1/1928 12:00:00 AM,1927-06-21,IN,99.0
M257,MAINBG,T,ST ALBANS OUTLET MAIN,MS,1631.89,1150,CRK,1/1/1970 12:00:00 AM,1970-01-01,IN,56.0
M333,OFTAKE,S,GREENVALE-YUROKE-SYDENHAM,MSCL,1.63,150,CRK,1/1/1978 12:00:00 AM,1977-11-14,IN,49.0
M378,OFTAKE,S,CARDINIA - BERWICK MAIN,MSCL,62.27,150,SAND,1/1/1981 12:00:00 AM,1989-01-01,IN,37.0
M131,MAINBG,T,MT VIEW-DANDENONG MAIN,MS,479.15,825,CRK,1/1/1958 12:00:00 AM,1971-01-01,IN,55.0
M478,CROSS,S,CARDINIA - PEARCEDALE DUP,MSCL,1.97,600,CRK,1/1/2001 12:00:00 AM,2001-01-01,IN,25.0
M160,CROSS,S,PRESTON - FOOTSCRAY MAIN,MSCL,1.02,300,CLAY,1/1/1958 12:00:00 AM,1958-03-01,IN,68.0
M193,MAINBG,T,KENNY ST-BROADMEADOWS MAIN,MS,3.11,900,CRK,1/1/1965 12:00:00 AM,1965-01-01,IN,61.0
M159,MAINBG,T,MT WAVERLY-NOTTING HILL MAIN,MS,14.69,1150,SAND,1/1/1955 12:00:00 AM,1976-01-01,IN,50.0
M022,MAINBG,T,MITCHAM-NOTTING HILL MAIN,MSLB,197.33,750,CLAY,1/1/1975 12:00:00 AM,1927-01-01,IN,99.0
M055,CROSS,S,NO 1 OLINDA-MITCHAM MAIN,CI,1.83,300,CLAY,1/1/1927 12:00:00 AM,1912-01-01,IN,114.0
M257,MAINBG,T,ST ALBANS OUTLET MAIN,MS,45.44,1150,CRK,1/1/1974 12:00:00 AM,1974-01-01,IN,52.0
M375,MAINBG,T,CARDINIA - HALLAM NO 2 MAIN,MS,1914.02,1700,UNKN,1/1/1988 12:00:00 AM,1988-01-01,IN,38.0
M281,MAINBG,T,CARDINIA-DAND'G-NOTTING HILL M,MS,1.56,1700,SAND,1/1/1974 12:00:00 AM,1974-01-01,IN,52.0
M258,MAINBG,S,MAROONDAH AQUADUCT REPLACEMENT,MS,12.3,1700,SAND,1/1/1979 12:00:00 AM,1979-01-01,IN,47.0
M103,BRANCH,T,CORANDERRK WEIR TO DICKS BASIN,MS,0.55,300,CLAY,1/1/1931 12:00:00 AM,1996-03-01,IN,30.0
M055,OFTAKE,S,NO 1 OLINDA-MITCHAM MAIN,MSCL,0.47,150,CLAY,1/1/1978 12:00:00 AM,1914-01-01,IN,112.0
M054,OFTAKE,S,OLINDA-MITCHAM NO.2,MSCL,0.46,100,CLAY,1/1/1984 12:00:00 AM,1926-01-01,IN,100.0
M258,BYPASS,S,MAROONDAH AQUADUCT REPLACEMENT,MS,1.6,225,SAND,1/1/1975 12:00:00 AM,1980-07-02,IN,46.0
M273,BYPASS,S,CARDINIA BYPASS,MSEL,5.65,225,S&C,1/1/1971 12:00:00 AM,1971-01-01,IN,55.0
M197,MAINBG,S,SILVAN-PRESTON MAIN,MSEL,2.685,1700,SAND,1/1/1962 12:00:00 AM,1962-01-01,IN,64.0
M319,MAINBG,T,QUARRY HILL RISING MAIN,MS,1094.52,1150,C&BS,1/1/1977 12:00:00 AM,1978-01-01,IN,48.0
M193,MAINBG,T,KENNY ST-BROADMEADOWS MAIN,MS,553.66,1150,CLAY,1/1/1965 12:00:00 AM,1962-07-23,IN,64.0
M159,MAINBG,T,MT WAVERLY-NOTTING HILL MAIN,MS,12.4,1700,SAND,1/1/1955 12:00:00 AM,1976-01-01,IN,50.0
M195,OFTAKE,S,MT WAVERLY OUTLET MAIN,MSCL,1.02,100,SNC,1/1/1962 12:00:00 AM,1963-01-11,IN,63.0
M467,MAINBG,T,CARDINIA DRAINAGE RISING MAIN,MS,0.84,600,SAND,1/1/1973 12:00:00 AM,1973-01-01,IN,53.0
M387,MAINBG,T,SILVAN SEVILLE MAIN,MS,2.15,450,CRK,1/1/1996 12:00:00 AM,1996-01-01,IN,30.0
M193,MAINBG,T,KENNY ST-BROADMEADOWS MAIN,MS,187.43,1150,CLAY,1/1/1965 12:00:00 AM,1965-01-01,IN,61.0
M158,MAINBG,T,SURREY HILLS - ROSANNA,MS,196.94,1150,CLAY,1/1/1957 12:00:00 AM,1957-01-01,IN,69.0
M197,MAINBG,T,SILVAN-PRESTON MAIN,MS,0.58,1350,SAND,1/1/1962 12:00:00 AM,1962-01-01,IN,64.0
M478,MAINBG,T,CARDINIA - PEARCEDALE DUP,MS,4.23,1700,CRK,1/1/2001 12:00:00 AM,2001-01-01,IN,25.0
M132,BYPASS,S,SILVA-MT WAVERLY MAIN,MSCL,2.34,225,CLAY,1/1/1957 12:00:00 AM,1981-01-01,IN,45.0
B190,BYPASS,S,AQUEDUCT RD LANGWARRIN PRV,MSCL,0.91,100,CLAY,1/1/1971 12:00:00 AM,1972-01-01,IN,54.0
M046,BYPASS,S,MITCHAM-SURREY HILLS MAIN,CI,7.29,225,CLAY,1/1/1912 12:00:00 AM,1912-01-01,IN,114.0
M132,BYPASS,S,SILVA-MT WAVERLY MAIN,MSCL,2.85,225,CRK,1/1/1975 12:00:00 AM,1981-01-01,IN,45.0
M474,MAINBG,S,ST GEORGES RD REPLACEMENT MAIN,MS,0.6,1150,SAND,1/1/1995 12:00:00 AM,1995-01-01,IN,31.0
M197,CONN,S,SILVAN-PRESTON MAIN,MSCL,1.21,225,MS,1/1/1962 12:00:00 AM,1962-01-01,IN,64.0
M474,CROSS,T,ST GEORGES RD REPLACEMENT MAIN,MS,1.54,1150,SAND,1/1/1995 12:00:00 AM,1996-08-01,IN,30.0
M281,MAINBG,T,CARDINIA-DAND'G-NOTTING HILL M,MS,208.54,1700,SAND,1/1/1974 12:00:00 AM,1974-01-01,IN,52.0
M350,MAINBG,T,WESTERN TRANSFER MAIN,MS,90.79,1350,CLAY,1/1/1983 12:00:00 AM,1984-01-01,IN,42.0
M193,MAINBG,T,KENNY ST-BROADMEADOWS MAIN,MS,465.18,1150,CLAY,1/1/1965 12:00:00 AM,1965-01-01,IN,61.0
M193,MAINBG,T,KENNY ST-BROADMEADOWS MAIN,MS,9.11,900,CRK,1/1/1965 12:00:00 AM,1965-01-01,IN,61.0
M132,CROSS,S,SILVA-MT WAVERLY MAIN,MS,3.0,1700,CRK,1/1/1975 12:00:00 AM,1975-01-01,IN,51.0
M462,MAINBG,T,LANGWARRIN-FRANKSTON NO 2 MAIN,MS,2.25,900,SAND,1/1/1967 12:00:00 AM,1967-01-01,IN,59.0
M022,MAINBG,T,MITCHAM-NOTTING HILL MAIN,MS,43.64,825,SAND,1/1/1986 12:00:00 AM,1986-01-01,IN,40.0
M273,MAINBG,T,CARDINIA BYPASS,MS,3.22,1700,CRK,1/1/1971 12:00:00 AM,1971-01-01,IN,55.0
M192,MAINBG,S,EPPING-GREENVALE MAIN,MS,31.56,1350,UNKN,1/1/1971 12:00:00 AM,1971-01-01,IN,55.0
M113,MAINBG,S,MITCHAM - SURREY HILLS DUP.,MS,0.7,900,CRK,1/1/1995 12:00:00 AM,1995-01-01,IN,31.0
M478,CROSS,S,CARDINIA - PEARCEDALE DUP,MSCL,1.0,450,CRK,1/1/2001 12:00:00 AM,2001-01-01,IN,25.0
M046,CROSS,S,MITCHAM-SURREY HILLS MAIN,MSR,0.86,600,CLAY,1/1/1912 12:00:00 AM,1990-01-01,IN,36.0
M054,MAINBG,T,OLINDA-MITCHAM NO.2,MS,45.85,1150,CLAY,1/1/1926 12:00:00 AM,1926-01-01,IN,100.0
M054,MAINBG,T,OLINDA-MITCHAM NO.2,MS,13.17,1150,CLAY,1/1/1984 12:00:00 AM,1926-01-01,IN,100.0
M055,MAINBG,T,NO 1 OLINDA-MITCHAM MAIN,MSLB,259.8,900,CLAY,1/1/1963 12:00:00 AM,1914-01-01,IN,112.0
M190,MAINBG,T,YAN YEAN-EPPING MAIN,MS,7.11,1700,CLAY,1/1/1960 12:00:00 AM,1960-01-01,IN,66.0
M478,BYPASS,S,CARDINIA - PEARCEDALE DUP,MSCL,1.9,225,CRK,1/1/2001 12:00:00 AM,2001-01-01,IN,25.0
M478,BYPASS,S,CARDINIA - PEARCEDALE DUP,MSCL,1.71,150,CRK,1/1/2001 12:00:00 AM,2001-01-01,IN,25.0
M046,MAINBG,T,MITCHAM-SURREY HILLS MAIN,MS,2.44,900,CLAY,1/1/1912 12:00:00 AM,1912-01-01,IN,114.0
M055,MAINBG,T,NO 1 OLINDA-MITCHAM MAIN,MS,5.47,825,CRK,1/1/1992 12:00:00 AM,1992-01-01,IN,34.0
M055,MAINBG,T,NO 1 OLINDA-MITCHAM MAIN,MSLB,785.99,900,CLAY,1/1/1978 12:00:00 AM,1914-01-01,IN,112.0
M192,MAINBG,T,EPPING-GREENVALE MAIN,MS,392.6,1350,CLAY,1/1/1960 12:00:00 AM,1960-01-01,IN,66.0
M131,MAINBG,T,MT VIEW-DANDENONG MAIN,MS,13.31,825,CRK,1/1/1958 12:00:00 AM,1971-01-01,IN,55.0
M022,MAINBG,T,MITCHAM-NOTTING HILL MAIN,MSLB,2.57,750,CLAY,1/1/1975 12:00:00 AM,1927-01-01,IN,99.0
M258,MAINBG,T,MAROONDAH AQUADUCT REPLACEMENT,MS,1.29,2100,SAND,1/1/1975 12:00:00 AM,1974-12-13,IN,52.0
M420,OFTAKE,S,TARAGO - WESTERN PORT MAIN,MSCL,6.82,125,SAND,1/1/1979 12:00:00 AM,1975-08-01,IN,51.0
M378,OFTAKE,S,CARDINIA - BERWICK MAIN,MSCL,0.7,150,SAND,1/1/1981 12:00:00 AM,1981-01-01,IN,45.0
M055,BRANCH,S,NO 1 OLINDA-MITCHAM MAIN,MSCL,1.2,450,CLAY,1/1/1914 12:00:00 AM,1914-01-01,IN,112.0
M378,OFTAKE,S,CARDINIA - BERWICK MAIN,MSCL,17.58,150,SAND,1/1/1981 12:00:00 AM,1989-01-01,IN,37.0
M192,OFTAKE,S,EPPING-GREENVALE MAIN,MSEL,1.91,300,CLAY,1/1/1960 12:00:00 AM,1960-01-01,IN,66.0
M348,BYPASS,S,MORANG BCH OF WINNEKE-PRESTON,MSCL,0.93,225,CRK,1/1/1980 12:00:00 AM,1980-01-01,IN,46.0
M182,BYPASS,S,BROOKLYN-GALVIN-LAVERTON MAIN,MSCL,2.52,225,CLAY,1/1/1966 12:00:00 AM,1974-01-01,IN,52.0
R143,BYPASS,S,MORNINGTON RESERVOIR,MS,0.83,273,CLAY,1/1/1979 12:00:00 AM,1979-01-01,IN,47.0
M346,BYPASS,S,SYDENHAM OUTLET MAIN,MSEL,1.25,225,CRK,1/1/1977 12:00:00 AM,1977-01-01,IN,49.0
M332,BYPASS,S,WINNEKE-PRESTON (SLOAF RES.MN),MSCL,0.5,225,SAND,1/1/1980 12:00:00 AM,1980-10-14,IN,46.0
M468,BYPASS,S,JOHNS HILL INLET MAIN,MSCL,5.4,150,UNKN,1/1/1994 12:00:00 AM,1998-06-01,IN,28.0
M319,BYPASS,S,QUARRY HILL RISING MAIN,MSCL,1.12,225,C&BS,1/1/1977 12:00:00 AM,2009-08-05,IN,17.0
M257,BYPASS,S,ST ALBANS OUTLET MAIN,MSEL,2.05,300,CRK,1/1/1974 12:00:00 AM,1976-01-01,IN,50.0
M182,BYPASS,S,BROOKLYN-GALVIN-LAVERTON MAIN,MSCL,2.35,225,CLAY,1/1/1966 12:00:00 AM,1974-01-01,IN,52.0
M055,BRANCH,S,NO 1 OLINDA-MITCHAM MAIN,MSCL,0.96,450,CLAY,1/1/1914 12:00:00 AM,1914-01-01,IN,112.0
M194,MAINBG,T,EPPING-PRESTON MAIN,MS,2.3,1150,CLAY,1/1/1960 12:00:00 AM,1960-07-04,IN,66.0
M281,BYPASS,S,CARDINIA-DAND'G-NOTTING HILL M,MSCL,0.67,150,SAND,1/1/1974 12:00:00 AM,1996-01-01,IN,30.0
M478,BYPASS,S,CARDINIA - PEARCEDALE DUP,MSCL,3.746,225,CRK,1/1/2001 12:00:00 AM,2001-01-01,IN,25.0
M132,MAINBG,T,SILVA-MT WAVERLY MAIN,MS,2.84,1700,CLAY,1/1/1957 12:00:00 AM,1957-01-01,IN,69.0
M160,MAINBG,T,PRESTON - FOOTSCRAY MAIN,MS,9.0,1150,CLAY,1/1/1958 12:00:00 AM,1958-01-01,IN,68.0
M197,CROSS,S,SILVAN-PRESTON MAIN,MSCL,0.86,150,CLAY,1/1/1962 12:00:00 AM,1976-01-01,IN,50.0
M194,CROSS,S,EPPING-PRESTON MAIN,MSCL,6.11,300,CLAY,1/1/1960 12:00:00 AM,1960-07-04,IN,66.0
M350,MAINBG,T,WESTERN TRANSFER MAIN,MS,554.29,1350,CLAY,1/1/1984 12:00:00 AM,1984-01-01,IN,42.0
M474,MAINBG,S,ST GEORGES RD REPLACEMENT MAIN,MS,2.23,1150,SAND,1/1/1995 12:00:00 AM,1995-01-01,IN,31.0
M280,MAINBG,S,GREENVALE RESERVOIR OUTLET,MS,1.3,1150,CRK,1/1/1971 12:00:00 AM,1971-01-01,IN,55.0
M190,MAINBG,T,YAN YEAN-EPPING MAIN,MS,779.8,1350,CLAY,1/1/1960 12:00:00 AM,1960-11-21,IN,66.0
M131,MAINBG,T,MT VIEW-DANDENONG MAIN,MS,8.55,825,CRK,1/1/1958 12:00:00 AM,1958-01-01,IN,68.0
M387,BRANCH,S,SILVAN SEVILLE MAIN,MSCL,0.8,450,CRK,1/1/1996 12:00:00 AM,1996-01-01,IN,30.0
M039,BYPASS,S,NORTHCOTE - PUNT RD,MSCL,0.59,150,SAND,1/1/1967 12:00:00 AM,2006-12-12,IN,20.0
M274,BYPASS,S,STARVATION CRK DIVERSION MAIN,MSCL,0.54,150,CRK,1/1/1946 12:00:00 AM,1968-01-01,IN,58.0
M022,OFTAKE,S,MITCHAM-NOTTING HILL MAIN,MSCL,1.05,150,CLAY,1/1/1968 12:00:00 AM,1962-01-01,IN,64.0
M131,OFTAKE,S,MT VIEW-DANDENONG MAIN,MSCL,1.31,225,CRK,1/1/1958 12:00:00 AM,1971-01-01,IN,55.0
P091,MAINBG,T,SOMERTON NO2 PS,MS,1.07,1350,UNKN,1/1/1971 12:00:00 AM,1960-01-01,IN,66.0
M195,MAINBG,T,MT WAVERLY OUTLET MAIN,MS,374.7,1150,S&C,1/1/1962 12:00:00 AM,1962-01-01,IN,64.0
M281,MAINBG,T,CARDINIA-DAND'G-NOTTING HILL M,MS,128.22,1700,SAND,1/1/1974 12:00:00 AM,1974-01-01,IN,52.0
M378,MAINBG,S,CARDINIA - BERWICK MAIN,MSCL,0.71,600,SAND,1/1/1981 12:00:00 AM,1981-01-01,IN,45.0
M193,MAINBG,T,KENNY ST-BROADMEADOWS MAIN,MS,20.51,900,CRK,1/1/1965 12:00:00 AM,1965-01-01,IN,61.0
M474,MAINBG,T,ST GEORGES RD REPLACEMENT MAIN,MS,2.47,900,SAND,1/1/1995 12:00:00 AM,1996-07-25,IN,30.0
M422,MAINBG,T,BITTERN - DROMANA NO 2 MAIN,MS,2.0,900,CLAY,1/1/1964 12:00:00 AM,1964-01-01,IN,62.0
M332,MAINBG,T,WINNEKE-PRESTON (SLOAF RES.MN),MS,58.69,2100,SAND,1/1/1980 12:00:00 AM,1980-01-01,IN,46.0
M056,MAINBG,T,OLINDA-MITCHAM NO.3,MS,6.71,1150,CLAY,1/1/1984 12:00:00 AM,1936-01-01,IN,90.0
M160,MAINBG,T,PRESTON - FOOTSCRAY MAIN,MS,341.02,1150,CLAY,1/1/1958 12:00:00 AM,1958-03-01,IN,68.0
M158,MAINBG,T,SURREY HILLS - ROSANNA,MS,514.49,1150,CLAY,1/1/1957 12:00:00 AM,1957-01-01,IN,69.0
M232,BRANCH,S,HARRIS GULLY MAIN,MS,0.63,600,MS,1/1/1965 12:00:00 AM,1977-01-01,IN,49.0
M193,MAINBG,T,KENNY ST-BROADMEADOWS MAIN,MS,216.13,900,CRK,1/1/1965 12:00:00 AM,1965-01-01,IN,61.0
M193,BYPASS,S,KENNY ST-BROADMEADOWS MAIN,MSEL,6.76,150,CLAY,1/1/1965 12:00:00 AM,1995-01-01,IN,31.0
M055,BYPASS,S,NO 1 OLINDA-MITCHAM MAIN,MSCL,0.73,150,CLAY,1/1/1963 12:00:00 AM,1914-01-01,IN,112.0
M192,BYPASS,S,EPPING-GREENVALE MAIN,MSEL,1.64,225,CRK,1/1/1989 12:00:00 AM,1990-01-01,IN,36.0
SL08,BYPASS,T,CARDINIA BYPASS SURGE VESSEL,MS,0.8,80,UNKN,1/1/1971 12:00:00 AM,2011-08-26,IN,15.0
M055,BRANCH,S,NO 1 OLINDA-MITCHAM MAIN,MSCL,1.53,450,CLAY,1/1/1963 12:00:00 AM,1914-01-01,IN,112.0
M257,MAINBG,T,ST ALBANS OUTLET MAIN,MS,179.25,1150,CRK,1/1/1970 12:00:00 AM,1970-01-01,IN,56.0
M275,MAINBG,T,MCMAHONS CK DIVERSION MAIN,MS,2.53,900,CRK,1/1/1968 12:00:00 AM,1969-01-01,IN,57.0
M375,OFTAKE,S,CARDINIA - HALLAM NO 2 MAIN,MSCL,1.98,225,UNKN,1/1/1988 12:00:00 AM,1988-01-01,IN,38.0
M372,OFTAKE,T,LUSATIA PARK MAIN,MS,1.5,300,SAND,1/1/1986 12:00:00 AM,1984-09-01,IN,42.0
M237,OFTAKE,S,NTH ESSENDON BCH GREENVALE MAI,MSCL,1.36,150,SAND,1/1/1965 12:00:00 AM,1965-01-01,IN,61.0
M195,BYPASS,S,MT WAVERLY OUTLET MAIN,MSCL,5.14,150,SNC,1/1/1962 12:00:00 AM,1962-01-01,IN,64.0
M054,MAINBG,T,OLINDA-MITCHAM NO.2,MS,171.4,1150,CLAY,1/1/1926 12:00:00 AM,1926-01-01,IN,100.0
M193,MAINBG,T,KENNY ST-BROADMEADOWS MAIN,MS,2.27,1150,CRK,1/1/1965 12:00:00 AM,1965-01-01,IN,61.0
M197,MAINBG,T,SILVAN-PRESTON MAIN,MS,1.83,1350,SAND,1/1/1962 12:00:00 AM,1962-01-01,IN,64.0
M422,MAINBG,T,BITTERN - DROMANA NO 2 MAIN,MS,9.91,900,CLAY,1/1/1964 12:00:00 AM,1964-01-01,IN,62.0
M419,MAINBG,T,LANGWARRIN - BITTERN NO 3 MAIN,MS,657.62,900,CLAY,1/1/1971 12:00:00 AM,1972-01-01,IN,54.0
M198,BYPASS,S,SOMERTON HIGH LEVEL MAIN,MSCL,2.44,150,CRK,1/1/1962 12:00:00 AM,1962-01-01,IN,64.0
M056,MAINBG,T,OLINDA-MITCHAM NO.3,MS,1672.86,1150,CLAY,1/1/1981 12:00:00 AM,1936-01-01,IN,90.0
M354,BYPASS,S,SILVAN - MT WAVERLY NO 2 MAIN,MSCL,1.05,225,CLAY,1/1/1978 12:00:00 AM,1978-01-01,IN,48.0
M478,BYPASS,S,CARDINIA - PEARCEDALE DUP,MSCL,3.76,150,CRK,1/1/2001 12:00:00 AM,2001-01-01,IN,25.0
M054,BYPASS,S,OLINDA-MITCHAM NO.2,MSCL,1.69,225,SAND,1/1/1992 12:00:00 AM,1926-01-01,IN,100.0
M160,MAINBG,T,PRESTON - FOOTSCRAY MAIN,MS,1101.68,1150,CLAY,1/1/1958 12:00:00 AM,1958-03-01,IN,68.0
M131,CONN,S,MT VIEW-DANDENONG MAIN,MSCL,0.88,825,CRK,1/1/1958 12:00:00 AM,1988-01-01,IN,38.0
M197,CROSS,S,SILVAN-PRESTON MAIN,MSCL,2.69,225,SAND,1/1/1962 12:00:00 AM,2005-07-30,IN,21.0
M160,MAINBG,T,PRESTON - FOOTSCRAY MAIN,MS,5.18,900,CLAY,1/1/1958 12:00:00 AM,1958-01-01,IN,68.0
M350,CROSS,S,WESTERN TRANSFER MAIN,MSCL,0.86,1150,CLAY,1/1/1983 12:00:00 AM,1984-01-01,IN,42.0
M104,CROSS,S,MORANG OUTLET,WICL,6.78,450,CLAY,1/1/1959 12:00:00 AM,1929-01-01,IN,97.0
M131,CROSS,S,MT VIEW-DANDENONG MAIN,MSCL,0.59,375,CRK,1/1/1958 12:00:00 AM,1958-01-01,IN,68.0
M281,MAINBG,T,CARDINIA-DAND'G-NOTTING HILL M,MS,18.95,1700,SAND,1/1/1974 12:00:00 AM,1974-01-01,IN,52.0
M159,MAINBG,T,MT WAVERLY-NOTTING HILL MAIN,MS,4.6,1150,SAND,1/1/1955 12:00:00 AM,1976-01-01,IN,50.0
M195,MAINBG,T,MT WAVERLY OUTLET MAIN,MS,2.66,1150,SNC,1/1/1962 12:00:00 AM,1962-01-01,IN,64.0
M289,MAINBG,T,HALLAM NTH. INLET MAIN,MS,2.21,150,S&C,1/1/1976 12:00:00 AM,1977-01-01,IN,49.0
M281,MAINBG,T,CARDINIA-DAND'G-NOTTING HILL M,MS,71.34,1700,CLAY,1/1/1974 12:00:00 AM,1974-01-01,IN,52.0
M478,MAINBG,T,CARDINIA - PEARCEDALE DUP,MS,352.16,1350,CRK,1/1/2001 12:00:00 AM,2001-01-01,IN,25.0
M440,BYPASS,S,TYABB MORNINGTON MAIN,MS,2.8,273,CLAY,1/1/1979 12:00:00 AM,1979-01-01,IN,47.0
M078,MAINBG,S,ROSANNA - PRESTON MAIN,MS,1.77,1150,CLAY,1/1/1940 12:00:00 AM,1940-01-01,IN,86.0
M195,BYPASS,S,MT WAVERLY OUTLET MAIN,MSCL,4.06,225,SNC,1/1/1962 12:00:00 AM,1962-01-01,IN,64.0
M022,BYPASS,S,MITCHAM-NOTTING HILL MAIN,MSCL,0.86,150,CLAY,1/1/1974 12:00:00 AM,1955-01-01,IN,71.0
M197,MAINBG,T,SILVAN-PRESTON MAIN,MS,10.76,1350,MS,1/1/1962 12:00:00 AM,1962-01-01,IN,64.0
M280,MAINBG,S,GREENVALE RESERVOIR OUTLET,MSEL,6.92,1350,CLAY,1/1/1971 12:00:00 AM,1971-01-01,IN,55.0
M387,MAINBG,T,SILVAN SEVILLE MAIN,DI,1.39,300,CRK,1/1/1996 12:00:00 AM,1996-01-01,IN,30.0
M190,MAINBG,T,YAN YEAN-EPPING MAIN,MS,18.3,1150,CLAY,1/1/1960 12:00:00 AM,1960-01-01,IN,66.0
M195,MAINBG,T,MT WAVERLY OUTLET MAIN,MS,5.44,825,SNC,1/1/1962 12:00:00 AM,1962-01-01,IN,64.0
M440,MAINBG,T,TYABB MORNINGTON MAIN,MS,166.53,1000,CLAY,1/1/1979 12:00:00 AM,1979-01-01,IN,47.0
M193,OFTAKE,S,KENNY ST-BROADMEADOWS MAIN,MSEL,5.64,300,CLAY,1/1/1965 12:00:00 AM,1965-01-01,IN,61.0
M479,OFTAKE,S,BITTERN RES BYPASS MAIN,MSCL,0.86,300,SAND,1/1/1999 12:00:00 AM,1999-01-01,IN,27.0
M420,OFTAKE,S,TARAGO - WESTERN PORT MAIN,MSCL,6.0,225,SAND,1/1/1979 12:00:00 AM,1975-08-01,IN,51.0
M198,MAINBG,T,SOMERTON HIGH LEVEL MAIN,MS,12.11,600,CRK,1/1/1962 12:00:00 AM,1962-01-01,IN,64.0
M422,BYPASS,S,BITTERN - DROMANA NO 2 MAIN,MSCL,4.52,150,CLAY,1/1/1964 12:00:00 AM,1964-01-01,IN,62.0
M041,MAINBG,T,MERRI CK - NORTHCOTE-PUNT RD,MS,265.36,1150,CLAY,1/1/1928 12:00:00 AM,2009-07-02,IN,17.0
M197,BYPASS,S,SILVAN-PRESTON MAIN,MSCL,1.16,825,TOPS,1/1/1962 12:00:00 AM,1980-01-01,IN,46.0
M197,BYPASS,S,SILVAN-PRESTON MAIN,MSCL,5.03,825,TOPS,1/1/1962 12:00:00 AM,1962-01-01,IN,64.0
M468,MAINBG,T,JOHNS HILL INLET MAIN,MS,1.42,300,UNKN,1/1/1994 12:00:00 AM,1998-06-01,IN,28.0
M046,MAINBG,T,MITCHAM-SURREY HILLS MAIN,CI,1.58,800,CLAY,1/1/1912 12:00:00 AM,1912-01-01,IN,114.0
M194,MAINBG,T,EPPING-PRESTON MAIN,MS,11.61,1150,CLAY,1/1/1960 12:00:00 AM,1960-07-04,IN,66.0
M194,MAINBG,T,EPPING-PRESTON MAIN,MS,533.01,1150,CLAY,1/1/1960 12:00:00 AM,1960-07-04,IN,66.0
M378,MAINBG,T,CARDINIA - BERWICK MAIN,MS,1.05,1350,SAND,1/1/1981 12:00:00 AM,1981-01-01,IN,45.0
M372,MAINBG,T,LUSATIA PARK MAIN,DI,1.57,300,SAND,1/1/1985 12:00:00 AM,1984-09-01,IN,42.0
M420,OFTAKE,S,TARAGO - WESTERN PORT MAIN,MSCL,2.0,100,SAND,1/1/1979 12:00:00 AM,1975-08-01,IN,51.0
M440,MAINBG,T,TYABB MORNINGTON MAIN,MS,1.02,750,CLAY,1/1/1979 12:00:00 AM,1979-01-01,IN,47.0
A008,SIPHBG,T,CORANDERRK,MS,809.47,1150,CLAY,1/1/1931 12:00:00 AM,1931-01-01,IN,95.0
M055,MAINBG,T,NO 1 OLINDA-MITCHAM MAIN,MSLB,248.36,900,CLAY,1/1/1914 12:00:00 AM,1914-01-01,IN,112.0
M190,MAINBG,T,YAN YEAN-EPPING MAIN,MS,2093.9,1700,CLAY,1/1/1960 12:00:00 AM,1960-01-01,IN,66.0
M021,MAINBG,T,BLACKBURN RD - NOTTING HILL,MS,29.65,825,SS&C,1/1/1983 12:00:00 AM,1984-01-01,IN,42.0
M319,BRANCH,S,QUARRY HILL RISING MAIN,MSCL,1.06,300,C&BS,1/1/1977 12:00:00 AM,2009-08-05,IN,17.0
M257,MAINBG,T,ST ALBANS OUTLET MAIN,MS,284.94,1150,CRK,1/1/1974 12:00:00 AM,1974-01-01,IN,52.0
M375,OFTAKE,S,CARDINIA - HALLAM NO 2 MAIN,MSCL,1.25,300,UNKN,1/1/1988 12:00:00 AM,2003-04-01,IN,23.0
M281,OFTAKE,S,CARDINIA-DAND'G-NOTTING HILL M,MSCL,1.35,900,SAND,1/1/1974 12:00:00 AM,1974-01-01,IN,52.0
M333,OFTAKE,S,GREENVALE-YUROKE-SYDENHAM,CICL,3.0,100,CRK,1/1/1978 12:00:00 AM,1978-01-01,IN,48.0
M375,CROSS,S,CARDINIA - HALLAM NO 2 MAIN,MSCL,4.68,375,UNKN,1/1/1988 12:00:00 AM,1988-01-01,IN,38.0
M190,CROSS,S,YAN YEAN-EPPING MAIN,MSEL,0.72,225,CLAY,1/1/1960 12:00:00 AM,1960-01-01,IN,66.0
M160,CROSS,S,PRESTON - FOOTSCRAY MAIN,MSCL,2.85,100,CLAY,1/1/1958 12:00:00 AM,1958-03-01,IN,68.0
M283,MAINBG,T,YARRA VALLEY CONDUIT MAIN,MS,6057.31,2100,CLAY,1/1/1973 12:00:00 AM,1976-01-01,IN,50.0
M132,MAINBG,T,SILVA-MT WAVERLY MAIN,MS,32.41,1700,CLAY,1/1/1957 12:00:00 AM,1957-01-01,IN,69.0
M054,MAINBG,T,OLINDA-MITCHAM NO.2,MS,9.48,1150,CLAY,1/1/1926 12:00:00 AM,1926-01-01,IN,100.0
M478,MAINBG,T,CARDINIA - PEARCEDALE DUP,MS,1.28,1350,CRK,1/1/2001 12:00:00 AM,2001-01-01,IN,25.0
M378,MAINBG,T,CARDINIA - BERWICK MAIN,MS,0.6,1350,SAND,1/1/1981 12:00:00 AM,1981-01-01,IN,45.0
M002,MAINBG,T,SURREY HILLS RES,MS,7.17,1150,CLAY,1/1/1985 12:00:00 AM,1939-01-01,IN,87.0
M281,MAINBG,T,CARDINIA-DAND'G-NOTTING HILL M,MS,4.25,1700,SAND,1/1/1974 12:00:00 AM,1974-01-01,IN,52.0
M056,MAINAG,T,OLINDA-MITCHAM NO.3,MS,5.47,1150,CLAY,1/1/1981 12:00:00 AM,1936-01-01,IN,90.0
M197,MAINBG,T,SILVAN-PRESTON MAIN,MS,8.72,1700,SAND,1/1/1962 12:00:00 AM,1962-01-01,IN,64.0
M354,INLET,S,SILVAN - MT WAVERLY NO 2 MAIN,MSCL,0.59,450,CLAY,1/1/1983 12:00:00 AM,1983-01-01,IN,43.0
M103,MAINBG,T,CORANDERRK WEIR TO DICKS BASIN,MS,440.77,1150,CLAY,1/1/1931 12:00:00 AM,1931-01-01,IN,95.0
M022,MAINBG,T,MITCHAM-NOTTING HILL MAIN,MS,41.69,1150,CLAY,1/1/1968 12:00:00 AM,1927-01-01,IN,99.0
M258,MAINBG,T,MAROONDAH AQUADUCT REPLACEMENT,MS,248.94,2100,SAND,1/1/1976 12:00:00 AM,1976-01-01,IN,50.0
M372,MAINBG,T,LUSATIA PARK MAIN,MS,16.14,375,SAND,1/1/1986 12:00:00 AM,1984-09-01,IN,42.0
M348,MAINBG,T,MORANG BCH OF WINNEKE-PRESTON,MS,40.07,600,CRK,1/1/1980 12:00:00 AM,1980-01-01,IN,46.0
M402,MAINBG,T,GREENVALE - OUTLET NO 2 MAIN,MS,12.08,1700,CRK,1/1/1971 12:00:00 AM,1989-01-01,IN,37.0
M387,MAINBG,T,SILVAN SEVILLE MAIN,MS,41.33,450,CRK,1/1/1996 12:00:00 AM,1996-01-01,IN,30.0
M103,SIPHBG,T,CORANDERRK WEIR TO DICKS BASIN,MS,69.68,1150,CLAY,1/1/1931 12:00:00 AM,1931-01-01,IN,95.0
M475,MAINBG,T,PAKENHAM RES NO.2 INLET MAIN,MS,3.05,600,CRK,11/25/1997 12:00:00 AM,1997-11-25,IN,29.0
M375,MAINBG,T,CARDINIA - HALLAM NO 2 MAIN,MS,1734.42,1700,UNKN,1/1/1988 12:00:00 AM,1988-01-01,IN,38.0
M479,OFTAKE,S,BITTERN RES BYPASS MAIN,MSCL,9.33,450,SAND,1/1/1999 12:00:00 AM,1999-01-01,IN,27.0
M420,OFTAKE,S,TARAGO - WESTERN PORT MAIN,MSCL,1.66,100,SAND,1/1/1979 12:00:00 AM,1975-08-01,IN,51.0
M195,MAINBG,T,MT WAVERLY OUTLET MAIN,MS,285.61,1150,SNC,1/1/1962 12:00:00 AM,1962-01-01,IN,64.0
M291,MAINBG,S,SILVAN - OLINDA MAIN,MSEL,3.54,1350,CLAY,1/1/1971 12:00:00 AM,1971-01-01,IN,55.0
M289,MAINBG,S,HALLAM NTH. INLET MAIN,MSCL,2.91,225,S&C,1/1/1976 12:00:00 AM,1977-01-01,IN,49.0
M257,OFTAKE,S,ST ALBANS OUTLET MAIN,MSCL,2.06,225,CRK,1/1/1974 12:00:00 AM,1987-08-09,IN,39.0
M197,OFTAKE,S,SILVAN-PRESTON MAIN,MSCL,1.46,150,CLAY,1/1/1962 12:00:00 AM,1973-01-01,IN,53.0
M462,MAINBG,T,LANGWARRIN-FRANKSTON NO 2 MAIN,MS,0.89,600,SAND,1/1/1967 12:00:00 AM,1967-01-01,IN,59.0
M273,MAINAG,T,CARDINIA BYPASS,MS,5.87,1950,AIR,1/1/1971 12:00:00 AM,1971-01-01,IN,55.0
M273,MAINAG,T,CARDINIA BYPASS,MS,13.92,1950,AIR,1/1/1971 12:00:00 AM,1971-01-01,IN,55.0
M273,MAINAG,T,CARDINIA BYPASS,MS,2572.0,1950,AIR,1/1/1971 12:00:00 AM,1971-01-01,IN,55.0
M160,MAINBG,T,PRESTON - FOOTSCRAY MAIN,MS,250.19,1350,CLAY,1/1/1958 12:00:00 AM,1958-02-01,IN,68.0
M046,MAINBG,T,MITCHAM-SURREY HILLS MAIN,MSR,3.43,900,CLAY,1/1/1912 12:00:00 AM,1912-01-01,IN,114.0
M418,MAINBG,T,BEACONSFIELD - LANGWARRIN MAIN,MS,13.9,1125,CLAY,1/1/1982 12:00:00 AM,1982-01-01,IN,44.0
P055,BRANCH,S,(NOT OP) MONTROSE RES INLET PS,MS,9.03,600,CLAY,1/1/1957 12:00:00 AM,1957-01-01,IN,69.0
M333,BYPASS,S,GREENVALE-YUROKE-SYDENHAM,MSCL,1.24,600,CRK,1/1/1978 12:00:00 AM,2005-02-28,IN,21.0
M479,BYPASS,S,BITTERN RES BYPASS MAIN,MSCL,1.5,225,SAND,1/1/1999 12:00:00 AM,1999-01-01,IN,27.0
M478,MAINBG,T,CARDINIA - PEARCEDALE DUP,MS,1.26,1350,CRK,1/1/2001 12:00:00 AM,2001-01-01,IN,25.0
M387,BRANCH,S,SILVAN SEVILLE MAIN,MSCL,0.8,450,CRK,1/1/1996 12:00:00 AM,1996-01-01,IN,30.0
M197,CONN,S,SILVAN-PRESTON MAIN,MSCL,1.04,225,TOPS,1/1/1962 12:00:00 AM,1972-01-01,IN,54.0
M076,MAINBG,T,"HIGH ST RD, MT WAVERLY MAIN",MS,2.28,750,CLAY,1/1/1979 12:00:00 AM,1928-01-01,IN,98.0
M474,CROSS,S,ST GEORGES RD REPLACEMENT MAIN,MSCL,4.14,825,UNKN,8/1/2002 12:00:00 AM,1996-06-01,IN,30.0
M054,CROSS,S,OLINDA-MITCHAM NO.2,MSCL,0.73,225,SAND,1/1/1992 12:00:00 AM,1926-01-01,IN,100.0
M478,BYPASS,S,CARDINIA - PEARCEDALE DUP,MSCL,1.91,150,CRK,1/1/2001 12:00:00 AM,2001-01-01,IN,25.0
M478,BYPASS,S,CARDINIA - PEARCEDALE DUP,MSCL,1.72,150,CRK,1/1/2001 12:00:00 AM,2001-01-01,IN,25.0
M291,MAINBG,T,SILVAN - OLINDA MAIN,MS,623.5,2100,CRK,1/1/1971 12:00:00 AM,1971-01-01,IN,55.0
M293,MAINBG,T,MONBULK NO2 DELIVERY MAIN,MS,1.5,300,CLAY,1/1/1973 12:00:00 AM,1973-01-01,IN,53.0
M160,MAINBG,T,PRESTON - FOOTSCRAY MAIN,MS,22.77,1350,CLAY,1/1/1958 12:00:00 AM,1958-01-01,IN,68.0
M104,MAINBG,T,MORANG OUTLET,MS,50.98,900,CRK,1/1/1989 12:00:00 AM,1989-01-01,IN,37.0
M046,BYPASS,S,MITCHAM-SURREY HILLS MAIN,CICL,7.33,225,CLAY,1/1/1912 12:00:00 AM,1912-01-01,IN,114.0
M056,OFTAKE,S,OLINDA-MITCHAM NO.3,MSCL,2.25,150,CLAY,1/1/1984 12:00:00 AM,1936-01-01,IN,90.0
M054,OFTAKE,S,OLINDA-MITCHAM NO.2,MSCL,0.79,100,CLAY,1/1/1984 12:00:00 AM,1926-01-01,IN,100.0
M193,CONN,S,KENNY ST-BROADMEADOWS MAIN,CICL,1.49,225,CLAY,1/1/1965 12:00:00 AM,1965-01-01,IN,61.0
M332,BYPASS,S,WINNEKE-PRESTON (SLOAF RES.MN),MSCL,0.5,225,SAND,1/1/1980 12:00:00 AM,1980-10-14,IN,46.0
M375,CROSS,S,CARDINIA - HALLAM NO 2 MAIN,MSCL,1.37,225,UNKN,1/1/1988 12:00:00 AM,1988-01-01,IN,38.0
M478,BYPASS,S,CARDINIA - PEARCEDALE DUP,MSCL,2.38,150,CRK,1/1/2001 12:00:00 AM,2001-01-01,IN,25.0
M132,CROSS,S,SILVA-MT WAVERLY MAIN,MSEL,3.65,1700,CRK,1/1/1975 12:00:00 AM,1981-01-01,IN,45.0
M475,MAINBG,T,PAKENHAM RES NO.2 INLET MAIN,MS,140.36,600,CRK,11/25/1997 12:00:00 AM,1997-11-25,IN,29.0
M258,MAINBG,T,MAROONDAH AQUADUCT REPLACEMENT,MS,351.5,2100,SAND,1/1/1976 12:00:00 AM,1976-01-01,IN,50.0
M419,MAINBG,T,LANGWARRIN - BITTERN NO 3 MAIN,MS,0.75,900,CLAY,1/1/1971 12:00:00 AM,1972-01-01,IN,54.0
M475,MAINBG,T,PAKENHAM RES NO.2 INLET MAIN,MS,1.05,600,CRK,11/25/1997 12:00:00 AM,1997-11-25,IN,29.0
M475,MAINBG,T,PAKENHAM RES NO.2 INLET MAIN,MS,229.24,600,CRK,11/25/1997 12:00:00 AM,1997-11-25,IN,29.0
M419,MAINBG,T,LANGWARRIN - BITTERN NO 3 MAIN,MS,2490.02,900,CLAY,1/1/1971 12:00:00 AM,1972-01-01,IN,54.0
M387,BYPASS,S,SILVAN SEVILLE MAIN,COPPER,0.28,25,CRK,1/1/1996 12:00:00 AM,1996-01-01,IN,30.0
M195,BYPASS,S,MT WAVERLY OUTLET MAIN,MSCL,1.51,225,SNC,1/1/1962 12:00:00 AM,1962-01-01,IN,64.0
M046,BYPASS,S,MITCHAM-SURREY HILLS MAIN,MS,0.91,225,CLAY,1/1/1912 12:00:00 AM,1988-01-01,IN,38.0
M194,MAINBG,T,EPPING-PRESTON MAIN,MS,187.03,1150,CLAY,1/1/1960 12:00:00 AM,1960-01-01,IN,66.0
M131,BYPASS,S,MT VIEW-DANDENONG MAIN,MSCL,0.8,150,CRK,1/1/1958 12:00:00 AM,1958-01-01,IN,68.0
M348,CROSS,S,MORANG BCH OF WINNEKE-PRESTON,MS,1.2,1350,CRK,1/1/1980 12:00:00 AM,1980-01-01,IN,46.0
M041,MAINBG,T,MERRI CK - NORTHCOTE-PUNT RD,MS,109.86,1150,CRK,6/10/2004 12:00:00 AM,2004-05-10,IN,22.0
M378,MAINBG,T,CARDINIA - BERWICK MAIN,MS,1.1,1400,SAND,1/1/1981 12:00:00 AM,1981-01-01,IN,45.0
M193,MAINBG,T,KENNY ST-BROADMEADOWS MAIN,MS,804.54,900,CRK,1/1/1965 12:00:00 AM,1965-01-01,IN,61.0
M160,MAINBG,T,PRESTON - FOOTSCRAY MAIN,MS,4.03,1150,CLAY,1/1/1958 12:00:00 AM,1958-03-01,IN,68.0
M022,MAINBG,T,MITCHAM-NOTTING HILL MAIN,MS,2028.26,1150,CLAY,1/1/1966 12:00:00 AM,1927-01-01,IN,99.0
M078,BYPASS,S,ROSANNA - PRESTON MAIN,MSCL,0.93,225,CRK,1/1/1976 12:00:00 AM,1976-01-01,IN,50.0
M478,MAINBG,T,CARDINIA - PEARCEDALE DUP,MS,1507.77,1350,CRK,1/1/2001 12:00:00 AM,2001-01-01,IN,25.0
M350,MAINBG,T,WESTERN TRANSFER MAIN,MS,2.89,1350,CLAY,1/1/1983 12:00:00 AM,1984-01-01,IN,42.0
SL08,BYPASS,T,CARDINIA BYPASS SURGE VESSEL,MS,2.82,250,UNKN,1/1/1971 12:00:00 AM,2011-08-26,IN,15.0
M192,OFTAKE,S,EPPING-GREENVALE MAIN,MS,2.63,375,CLAY,1/1/1960 12:00:00 AM,1960-01-01,IN,66.0
M055,OFTAKE,S,NO 1 OLINDA-MITCHAM MAIN,MSCL,5.06,300,CLAY,1/1/1978 12:00:00 AM,1914-01-01,IN,112.0
M190,OFTAKE,S,YAN YEAN-EPPING MAIN,MSCL,1.49,600,CLAY,1/1/1960 12:00:00 AM,2007-12-23,IN,19.0
M055,OFTAKE,S,NO 1 OLINDA-MITCHAM MAIN,MSCL,4.55,150,CLAY,1/1/1963 12:00:00 AM,1914-01-01,IN,112.0
M055,MAINBG,T,NO 1 OLINDA-MITCHAM MAIN,MSLB,461.91,900,CLAY,1/1/1976 12:00:00 AM,1914-01-01,IN,112.0
M056,MAINBG,T,OLINDA-MITCHAM NO.3,MS,479.78,1150,CLAY,1/1/1984 12:00:00 AM,1936-01-01,IN,90.0
M132,BYPASS,S,SILVA-MT WAVERLY MAIN,MS,1.45,150,CLAY,1/1/1957 12:00:00 AM,1957-01-01,IN,69.0
M132,BYPASS,S,SILVA-MT WAVERLY MAIN,MSCL,2.69,225,SAND,1/1/1983 12:00:00 AM,1983-01-01,IN,43.0
M197,MAINBG,S,SILVAN-PRESTON MAIN,MSEL,1.34,1350,MS&C,1/1/1962 12:00:00 AM,1962-01-01,IN,64.0
M257,MAINBG,T,ST ALBANS OUTLET MAIN,MS,769.99,1150,CRK,1/1/1974 12:00:00 AM,1974-01-01,IN,52.0
M319,MAINBG,T,QUARRY HILL RISING MAIN,MS,0.92,1150,C&BS,1/1/1977 12:00:00 AM,2009-08-05,IN,17.0
M422,BYPASS,S,BITTERN - DROMANA NO 2 MAIN,MSCL,3.96,150,CLAY,1/1/1964 12:00:00 AM,1964-01-01,IN,62.0
M275,CROSS,S,MCMAHONS CK DIVERSION MAIN,MSCL,3.44,600,CLAY,1/1/1968 12:00:00 AM,1969-01-01,IN,57.0
M195,BYPASS,S,MT WAVERLY OUTLET MAIN,MSCL,4.8,150,SNC,1/1/1962 12:00:00 AM,1962-01-01,IN,64.0
M274,CROSS,S,STARVATION CRK DIVERSION MAIN,MSCL,4.93,600,CRK,1/1/1946 12:00:00 AM,1968-01-01,IN,58.0
M258,MAINBG,T,MAROONDAH AQUADUCT REPLACEMENT,MS,96.29,2100,SAND,1/1/1979 12:00:00 AM,1979-01-01,IN,47.0
M046,BYPASS,S,MITCHAM-SURREY HILLS MAIN,MSCL,2.4,300,CLAY,1/1/1912 12:00:00 AM,1955-01-01,IN,71.0
M190,MAINBG,T,YAN YEAN-EPPING MAIN,MS,103.65,1700,CLAY,1/1/1960 12:00:00 AM,1960-01-01,IN,66.0
M131,BYPASS,S,MT VIEW-DANDENONG MAIN,MSCL,0.51,150,CRK,1/1/1958 12:00:00 AM,1978-01-01,IN,48.0
M041,MAINBG,T,MERRI CK - NORTHCOTE-PUNT RD,MS,53.67,1150,CRK,1/1/2004 12:00:00 AM,2004-05-10,IN,22.0
M055,MAINBG,T,NO 1 OLINDA-MITCHAM MAIN,MSLB,100.97,900,CLAY,1/1/1976 12:00:00 AM,1914-01-01,IN,112.0
M160,MAINBG,T,PRESTON - FOOTSCRAY MAIN,MS,28.45,825,CLAY,1/1/1958 12:00:00 AM,1958-03-01,IN,68.0
M158,MAINBG,T,SURREY HILLS - ROSANNA,MS,1.55,1150,CLAY,1/1/1957 12:00:00 AM,2005-06-02,IN,21.0
M113,MAINBG,T,MITCHAM - SURREY HILLS DUP.,MS,2.76,1150,CLAY,1/1/1988 12:00:00 AM,1939-01-01,IN,87.0
M182,MAINBG,T,BROOKLYN-GALVIN-LAVERTON MAIN,MS,0.79,600,CLAY,1/1/1966 12:00:00 AM,1966-01-01,IN,60.0
M182,BRANCH,S,BROOKLYN-GALVIN-LAVERTON MAIN,MSCL,2.8,300,CLAY,1/1/1961 12:00:00 AM,1961-01-01,IN,65.0
M022,MAINBG,T,MITCHAM-NOTTING HILL MAIN,MSLB,4.06,600,CLAY,1/1/1975 12:00:00 AM,1927-01-01,IN,99.0
M056,MAINBG,T,OLINDA-MITCHAM NO.3,MS,8.51,1150,CLAY,1/1/1984 12:00:00 AM,2013-12-02,IN,13.0
M193,MAINBG,T,KENNY ST-BROADMEADOWS MAIN,MS,2.1,1150,CLAY,1/1/1965 12:00:00 AM,1965-01-01,IN,61.0
M113,MAINBG,T,MITCHAM - SURREY HILLS DUP.,MS,118.19,1150,CLAY,1/1/1984 12:00:00 AM,1939-01-01,IN,87.0
M195,BRANCH,S,MT WAVERLY OUTLET MAIN,MSEL,35.9,900,SNC,1/1/1962 12:00:00 AM,1978-01-01,IN,48.0
M194,MAINBG,T,EPPING-PRESTON MAIN,MS,3.69,300,CLAY,1/1/1960 12:00:00 AM,2010-01-21,IN,16.0
M197,MAINBG,T,SILVAN-PRESTON MAIN,MS,4.25,1350,TOPS,1/1/1962 12:00:00 AM,1962-01-01,IN,64.0
M291,MAINBG,S,SILVAN - OLINDA MAIN,MSEL,1.02,1350,CLAY,1/1/1971 12:00:00 AM,1971-01-01,IN,55.0
M193,CONN,S,KENNY ST-BROADMEADOWS MAIN,CICL,2.53,150,CLAY,1/1/1965 12:00:00 AM,1971-01-01,IN,55.0
M289,MAINBG,T,HALLAM NTH. INLET MAIN,MS,389.81,1150,S&C,1/1/1976 12:00:00 AM,1977-01-01,IN,49.0
M197,CROSS,S,SILVAN-PRESTON MAIN,MSCL,0.9,1150,SAND,1/1/1962 12:00:00 AM,2005-07-30,IN,21.0
M197,MAINBG,T,SILVAN-PRESTON MAIN,MS,799.72,1700,SAND,1/1/1962 12:00:00 AM,1962-01-01,IN,64.0
M022,MAINBG,T,MITCHAM-NOTTING HILL MAIN,MS,621.86,1150,CLAY,1/1/1966 12:00:00 AM,1927-01-01,IN,99.0
M281,MAINBG,T,CARDINIA-DAND'G-NOTTING HILL M,MS,3.7,1700,CLAY,1/1/1974 12:00:00 AM,1974-01-01,IN,52.0
M474,CROSS,S,ST GEORGES RD REPLACEMENT MAIN,MSCL,3.62,600,SAND,1/1/1995 12:00:00 AM,1996-08-01,IN,30.0
M274,CROSS,S,STARVATION CRK DIVERSION MAIN,MSCL,2.87,600,CRK,1/1/1946 12:00:00 AM,1968-01-01,IN,58.0
M195,CROSS,S,MT WAVERLY OUTLET MAIN,UPVC,1.42,225,S&C,1/1/1962 12:00:00 AM,2005-05-06,IN,21.0
M194,MAINBG,T,EPPING-PRESTON MAIN,MS,80.99,1150,CLAY,1/1/1960 12:00:00 AM,1960-01-01,IN,66.0
M197,MAINBG,S,SILVAN-PRESTON MAIN,MSCL,3.05,825,CLAY,1/1/1962 12:00:00 AM,1962-01-01,IN,64.0
M275,MAINBG,T,MCMAHONS CK DIVERSION MAIN,MS,1.24,1150,CRK,1/1/1968 12:00:00 AM,1969-01-01,IN,57.0
M291,MAINBG,S,SILVAN - OLINDA MAIN,MSEL,7.11,1350,CLAY,1/1/1971 12:00:00 AM,1971-01-01,IN,55.0
M195,OFTAKE,S,MT WAVERLY OUTLET MAIN,MSCL,1.4,225,SNC,1/1/1962 12:00:00 AM,1962-01-01,IN,64.0
M257,OFTAKE,S,ST ALBANS OUTLET MAIN,MSCL,3.29,225,CRK,1/1/1966 12:00:00 AM,1966-01-01,IN,60.0
M333,MAINBG,T,GREENVALE-YUROKE-SYDENHAM,MS,5.51,1150,CRK,1/1/1978 12:00:00 AM,1978-01-01,IN,48.0
A011,SIPHBG,T,UPPER YARRA,MS,213.3,1350,CLAY,1/1/1958 12:00:00 AM,1939-01-01,IN,87.0
M197,CONN,S,SILVAN-PRESTON MAIN,MSCL,0.84,150,TOPS,1/1/1962 12:00:00 AM,1962-01-01,IN,64.0
M055,MAINBG,T,NO 1 OLINDA-MITCHAM MAIN,MS,1.61,825,CRK,1/1/1992 12:00:00 AM,1992-01-01,IN,34.0
M440,MAINBG,T,TYABB MORNINGTON MAIN,MS,1225.7,1000,CLAY,1/1/1979 12:00:00 AM,1979-01-01,IN,47.0
M275,MAINBG,S,MCMAHONS CK DIVERSION MAIN,MS,6.61,600,CLAY,1/1/1968 12:00:00 AM,1969-01-01,IN,57.0
M258,MAINBG,T,MAROONDAH AQUADUCT REPLACEMENT,MS,95.55,2100,SAND,1/1/1976 12:00:00 AM,1976-01-01,IN,50.0
M232,MAINBG,T,HARRIS GULLY MAIN,MS,3.33,900,CLAY,1/1/1965 12:00:00 AM,1965-01-01,IN,61.0
M190,CROSS,S,YAN YEAN-EPPING MAIN,DICL,2.0,150,CLAY,1/1/1960 12:00:00 AM,1960-01-01,IN,66.0
M160,MAINBG,T,PRESTON - FOOTSCRAY MAIN,MS,30.7,900,CLAY,1/1/1958 12:00:00 AM,1958-01-01,IN,68.0
M193,CROSS,S,KENNY ST-BROADMEADOWS MAIN,CICL,2.21,375,CLAY,1/1/1965 12:00:00 AM,1968-01-01,IN,58.0
M197,MAINBG,T,SILVAN-PRESTON MAIN,MS,4.66,1350,MS,1/1/1962 12:00:00 AM,1962-01-01,IN,64.0
M291,MAINBG,S,SILVAN - OLINDA MAIN,MSEL,1.59,600,CLAY,1/1/1971 12:00:00 AM,1971-01-01,IN,55.0
M195,OFTAKE,S,MT WAVERLY OUTLET MAIN,MSCL,2.63,100,SNC,1/1/1962 12:00:00 AM,1962-01-01,IN,64.0
M231,OFTAKE,T,YARRA-SILVAN CONDUIT NO.2 MAIN,MS,1.36,150,SS&C,1/1/1964 12:00:00 AM,1964-01-01,IN,62.0
M041,MAINBG,T,MERRI CK - NORTHCOTE-PUNT RD,MS,0.58,1150,CLAY,1/1/1928 12:00:00 AM,1928-01-01,IN,98.0
M192,MAINBG,T,EPPING-GREENVALE MAIN,MS,73.68,1350,CLAY,1/1/1960 12:00:00 AM,1960-01-01,IN,66.0
M054,CROSS,S,OLINDA-MITCHAM NO.2,MSCL,0.67,225,SAND,1/1/1992 12:00:00 AM,1926-01-01,IN,100.0
M197,MAINBG,T,SILVAN-PRESTON MAIN,MS,28.58,1350,SAND,1/1/1962 12:00:00 AM,1962-01-01,IN,64.0
M046,MAINBG,T,MITCHAM-SURREY HILLS MAIN,MSR,200.78,900,CLAY,1/1/1912 12:00:00 AM,1912-01-01,IN,114.0
M375,CROSS,S,CARDINIA - HALLAM NO 2 MAIN,MSCL,2.29,150,UNKN,1/1/1988 12:00:00 AM,1988-01-01,IN,38.0
M160,CROSS,S,PRESTON - FOOTSCRAY MAIN,MSCL,1.19,150,CLAY,1/1/1958 12:00:00 AM,1958-03-01,IN,68.0
M474,BYPASS,S,ST GEORGES RD REPLACEMENT MAIN,MSCL,0.9,225,SAND,1/1/1995 12:00:00 AM,1996-08-01,IN,30.0
M281,BYPASS,S,CARDINIA-DAND'G-NOTTING HILL M,MSCL,1.29,225,SAND,1/1/1974 12:00:00 AM,1988-01-01,IN,38.0
M268,BYPASS,S,MT VIEW OUTLET MAIN,MSCL,0.91,225,S&C,1/1/1965 12:00:00 AM,1968-01-01,IN,58.0
M333,MAINBG,T,GREENVALE-YUROKE-SYDENHAM,MS,1.93,1150,CRK,1/1/1978 12:00:00 AM,1978-01-01,IN,48.0
M197,MAINBG,S,SILVAN-PRESTON MAIN,MS,1.5,1350,SAND,1/1/1962 12:00:00 AM,1962-01-01,IN,64.0
M182,BYPASS,S,BROOKLYN-GALVIN-LAVERTON MAIN,MSCL,2.25,150,CLAY,1/1/1961 12:00:00 AM,1961-01-01,IN,65.0
M333,MAINBG,T,GREENVALE-YUROKE-SYDENHAM,MS,0.57,1150,CRK,1/1/1978 12:00:00 AM,1978-01-01,IN,48.0
M333,MAINBG,T,GREENVALE-YUROKE-SYDENHAM,MS,38.21,1150,CRK,1/1/1978 12:00:00 AM,1978-01-01,IN,48.0
M041,MAINBG,T,MERRI CK - NORTHCOTE-PUNT RD,MS,1284.86,1150,CLAY,1/1/1928 12:00:00 AM,1928-01-01,IN,98.0
M190,CONN,S,YAN YEAN-EPPING MAIN,MSCL,1.15,600,CLAY,1/1/1960 12:00:00 AM,1994-02-01,IN,32.0
M197,MAINBG,T,SILVAN-PRESTON MAIN,MS,2.19,1700,SAND,1/1/1962 12:00:00 AM,1962-01-01,IN,64.0
M475,MAINBG,T,PAKENHAM RES NO.2 INLET MAIN,MS,530.9,600,CRK,11/25/1997 12:00:00 AM,1997-11-25,IN,29.0
M160,BYPASS,S,PRESTON - FOOTSCRAY MAIN,MSCL,5.88,225,CLAY,1/1/1958 12:00:00 AM,1991-05-01,IN,35.0
M474,BYPASS,S,ST GEORGES RD REPLACEMENT MAIN,MSCL,15.34,225,SAND,1/1/1995 12:00:00 AM,1996-07-28,IN,30.0
P091,BYPASS,S,SOMERTON NO2 PS,MSCL,4.45,225,CLAY,1/1/1960 12:00:00 AM,1972-01-01,IN,54.0
M281,BYPASS,S,CARDINIA-DAND'G-NOTTING HILL M,MSCL,8.02,225,SAND,1/1/1974 12:00:00 AM,1981-01-01,IN,45.0
M478,BYPASS,S,CARDINIA - PEARCEDALE DUP,MSCL,1.78,150,CRK,1/1/2001 12:00:00 AM,2001-01-01,IN,25.0
M478,BYPASS,S,CARDINIA - PEARCEDALE DUP,MSCL,1.31,225,CRK,1/1/2001 12:00:00 AM,2001-01-01,IN,25.0
M182,BYPASS,S,BROOKLYN-GALVIN-LAVERTON MAIN,MSCL,1.67,150,CLAY,1/1/1961 12:00:00 AM,1974-01-01,IN,52.0
M132,BYPASS,S,SILVA-MT WAVERLY MAIN,MSCL,2.64,225,SAND,1/1/1983 12:00:00 AM,1983-01-01,IN,43.0
M375,BYPASS,S,CARDINIA - HALLAM NO 2 MAIN,MSCL,0.9,225,UNKN,1/1/1988 12:00:00 AM,1988-01-01,IN,38.0
M281,BYPASS,S,CARDINIA-DAND'G-NOTTING HILL M,MSCL,1.17,300,SAND,1/1/1974 12:00:00 AM,1984-01-01,IN,42.0
M197,MAINBG,T,SILVAN-PRESTON MAIN,MS,5.79,1700,CLAY,1/1/1962 12:00:00 AM,1962-01-01,IN,64.0
M273,MAINBG,T,CARDINIA BYPASS,MS,20.45,1700,S&C,1/1/1971 12:00:00 AM,1971-01-01,IN,55.0
M268,BYPASS,S,MT VIEW OUTLET MAIN,MSCL,0.81,225,SLCL,1/1/1983 12:00:00 AM,1968-01-01,IN,58.0
M283,MAINBG,S,YARRA VALLEY CONDUIT MAIN,MSEL,7.91,1700,SLCL,1/1/1973 12:00:00 AM,1976-01-01,IN,50.0
M197,MAINBG,T,SILVAN-PRESTON MAIN,MS,768.02,1700,SAND,1/1/1962 12:00:00 AM,1962-01-01,IN,64.0
M197,OFTAKE,S,SILVAN-PRESTON MAIN,MSCL,0.43,225,TOPS,1/1/1962 12:00:00 AM,1962-01-01,IN,64.0
M475,MAINBG,T,PAKENHAM RES NO.2 INLET MAIN,MS,2.57,600,CRK,11/25/1997 12:00:00 AM,1997-11-25,IN,29.0
M237,OFTAKE,S,NTH ESSENDON BCH GREENVALE MAI,MSCL,2.73,150,SAND,1/1/1965 12:00:00 AM,1981-01-01,IN,45.0
M104,CROSS,S,MORANG OUTLET,MSCL,0.88,600,CLAY,1/1/1960 12:00:00 AM,1981-01-01,IN,45.0
M350,CROSS,S,WESTERN TRANSFER MAIN,MSCL,1.07,300,CLAY,1/1/1984 12:00:00 AM,1984-01-01,IN,42.0
M473,BRANCH,S,SILVAN RESERVOIR BY-PASS MAIN,MSCL,32.5,375,SAND,1/1/1962 12:00:00 AM,1962-01-01,IN,64.0
M467,BRANCH,S,CARDINIA DRAINAGE RISING MAIN,MSCL,0.47,150,SAND,1/1/1973 12:00:00 AM,1973-01-01,IN,53.0
M274,MAINBG,T,STARVATION CRK DIVERSION MAIN,MS,888.6,900,CRK,1/1/1968 12:00:00 AM,1968-01-01,IN,58.0
M348,MAINBG,T,MORANG BCH OF WINNEKE-PRESTON,MS,1108.02,2100,CRK,1/1/1980 12:00:00 AM,1980-01-01,IN,46.0
M190,MAINBG,T,YAN YEAN-EPPING MAIN,MS,121.3,1700,CLAY,1/1/1960 12:00:00 AM,1960-01-01,IN,66.0
M159,MAINBG,T,MT WAVERLY-NOTTING HILL MAIN,MS,9.0,1150,SAND,1/1/1955 12:00:00 AM,1976-01-01,IN,50.0
M132,MAINBG,T,SILVA-MT WAVERLY MAIN,MS,7.22,1700,CLAY,1/1/1957 12:00:00 AM,1957-01-01,IN,69.0
M131,OFTAKE,S,MT VIEW-DANDENONG MAIN,MSCL,0.69,150,CRK,1/1/1958 12:00:00 AM,1960-11-29,IN,66.0
M198,MAINBG,T,SOMERTON HIGH LEVEL MAIN,MS,1.6,450,CRK,1/1/1962 12:00:00 AM,1962-01-01,IN,64.0
M280,MAINBG,S,GREENVALE RESERVOIR OUTLET,MSCL,1.39,825,CLAY,1/1/1971 12:00:00 AM,1971-01-01,IN,55.0
M039,MAINBG,T,NORTHCOTE - PUNT RD,MS,77.06,600,SAND,1/1/1967 12:00:00 AM,1967-09-18,IN,59.0
M131,MAINBG,T,MT VIEW-DANDENONG MAIN,MS,52.02,825,CRK,1/1/1958 12:00:00 AM,1958-01-01,IN,68.0
M021,BYPASS,S,BLACKBURN RD - NOTTING HILL,MSCL,4.81,225,SS&C,1/1/1983 12:00:00 AM,1984-01-01,IN,42.0
M474,BYPASS,S,ST GEORGES RD REPLACEMENT MAIN,MSCL,4.1,225,SAND,1/1/1995 12:00:00 AM,1996-08-01,IN,30.0
M132,BYPASS,S,SILVA-MT WAVERLY MAIN,MSCL,4.37,900,CLAY,1/1/1957 12:00:00 AM,1957-01-01,IN,69.0
M478,BYPASS,S,CARDINIA - PEARCEDALE DUP,MSCL,5.67,225,CRK,1/1/2001 12:00:00 AM,2001-01-01,IN,25.0
M301,MAINBG,T,U/YARRA-O'SHANNASSY SIPHON MAI,MS,183.74,1150,C&GR,1/1/1938 12:00:00 AM,1938-01-01,IN,88.0
M478,MAINBG,T,CARDINIA - PEARCEDALE DUP,MS,2.3,1150,CRK,1/1/2001 12:00:00 AM,2001-01-01,IN,25.0
M350,MAINBG,T,WESTERN TRANSFER MAIN,MS,169.26,1350,CLAY,1/1/1984 12:00:00 AM,1984-01-01,IN,42.0
B190,MAINBG,T,AQUEDUCT RD LANGWARRIN PRV,MS,1.9,600,CLAY,1/1/1959 12:00:00 AM,1959-01-01,IN,67.0
M131,BYPASS,S,MT VIEW-DANDENONG MAIN,MSCL,5.63,225,CRK,1/1/1958 12:00:00 AM,1988-01-01,IN,38.0
M479,BYPASS,S,BITTERN RES BYPASS MAIN,MSCL,5.5,150,SAND,1/1/1999 12:00:00 AM,1999-01-01,IN,27.0
M193,OFTAKE,S,KENNY ST-BROADMEADOWS MAIN,CICL,4.16,150,CLAY,1/1/1965 12:00:00 AM,1965-01-01,IN,61.0
M333,MAINBG,T,GREENVALE-YUROKE-SYDENHAM,MS,470.51,1150,CRK,1/1/1978 12:00:00 AM,1978-01-01,IN,48.0
P245,MAINBG,T,KALLISTA PS,MS,1.22,300,UNKN,1/1/1994 12:00:00 AM,1998-06-01,IN,28.0
M193,MAINBG,T,KENNY ST-BROADMEADOWS MAIN,MS,93.67,1150,CLAY,1/1/1965 12:00:00 AM,1971-01-01,IN,55.0
M131,MAINBG,T,MT VIEW-DANDENONG MAIN,MS,600.24,825,CRK,1/1/1958 12:00:00 AM,1958-01-01,IN,68.0
M159,CROSS,S,MT WAVERLY-NOTTING HILL MAIN,MSCL,3.78,450,SAND,1/1/1955 12:00:00 AM,1976-01-01,IN,50.0
M372,MAINBG,T,LUSATIA PARK MAIN,MS,1.58,300,SAND,1/1/1986 12:00:00 AM,1986-01-01,IN,40.0
M078,BRANCH,S,ROSANNA - PRESTON MAIN,MSCL,1.23,900,CRK,1/1/1976 12:00:00 AM,1976-01-01,IN,50.0
M474,BRANCH,T,ST GEORGES RD REPLACEMENT MAIN,MS,8.24,1350,SAND,1/1/1995 12:00:00 AM,1996-08-01,IN,30.0
M055,CROSS,S,NO 1 OLINDA-MITCHAM MAIN,MSCL,2.61,450,CLAY,1/1/1927 12:00:00 AM,1983-02-01,IN,43.0
M478,MAINBG,T,CARDINIA - PEARCEDALE DUP,MS,4.02,1350,CRK,1/1/2001 12:00:00 AM,2001-01-01,IN,25.0
M378,MAINBG,T,CARDINIA - BERWICK MAIN,MS,27.3,1350,SAND,1/1/1989 12:00:00 AM,1989-01-01,IN,37.0
M232,BYPASS,S,HARRIS GULLY MAIN,MSCL,0.97,150,MS,1/1/1965 12:00:00 AM,1965-01-01,IN,61.0
M055,MAINBG,T,NO 1 OLINDA-MITCHAM MAIN,MS,2.46,825,CRK,1/1/1992 12:00:00 AM,1992-01-01,IN,34.0
M194,MAINBG,T,EPPING-PRESTON MAIN,MS,1.7,1150,CLAY,1/1/1960 12:00:00 AM,2010-01-21,IN,16.0
M281,BYPASS,S,CARDINIA-DAND'G-NOTTING HILL M,MSCL,1.5,225,SAND,1/1/1974 12:00:00 AM,1981-01-01,IN,45.0
M197,MAINBG,S,SILVAN-PRESTON MAIN,MS,2.0,1350,SAND,1/1/1962 12:00:00 AM,1962-01-01,IN,64.0
M131,CONN,S,MT VIEW-DANDENONG MAIN,MSCL,1.23,600,CRK,1/1/1958 12:00:00 AM,1988-01-01,IN,38.0
M160,CROSS,S,PRESTON - FOOTSCRAY MAIN,MSCL,26.15,150,CLAY,1/1/1958 12:00:00 AM,1958-03-01,IN,68.0
M258,MAINBG,S,MAROONDAH AQUADUCT REPLACEMENT,MS,2.28,1700,SAND,1/1/1979 12:00:00 AM,1979-01-01,IN,47.0
M132,MAINBG,T,SILVA-MT WAVERLY MAIN,MS,1033.11,1700,CLAY,1/1/1957 12:00:00 AM,1957-01-01,IN,69.0
M131,MAINBG,T,MT VIEW-DANDENONG MAIN,MS,103.49,825,CRK,1/1/1958 12:00:00 AM,1958-01-01,IN,68.0
M131,CONN,S,MT VIEW-DANDENONG MAIN,MSCL,1.44,300,CRK,1/1/1958 12:00:00 AM,1958-01-01,IN,68.0
M113,MAINBG,T,MITCHAM - SURREY HILLS DUP.,MS,416.2,1150,CLAY,1/1/1984 12:00:00 AM,1939-01-01,IN,87.0
M104,CONN,S,MORANG OUTLET,MSCL,1.82,375,CRK,1/1/1987 12:00:00 AM,1988-12-19,IN,38.0
M197,CROSS,S,SILVAN-PRESTON MAIN,MSCL,1.24,300,CLAY,1/1/1962 12:00:00 AM,1975-01-01,IN,51.0
M275,MAINBG,T,MCMAHONS CK DIVERSION MAIN,MS,0.87,900,CRK,1/1/1968 12:00:00 AM,1968-01-01,IN,58.0
M193,MAINBG,T,KENNY ST-BROADMEADOWS MAIN,MS,774.88,1150,CLAY,1/1/1965 12:00:00 AM,1965-01-01,IN,61.0
M104,MAINBG,T,MORANG OUTLET,MS,19.99,900,CRK,1/1/1987 12:00:00 AM,1988-01-01,IN,38.0
M474,CROSS,T,ST GEORGES RD REPLACEMENT MAIN,MS,1.55,1150,SAND,1/1/1995 12:00:00 AM,1996-08-01,IN,30.0
M230,CROSS,S,O'SHANNASSY-U/YARRA CONDUIT MA,MSCL,1.1,225,SAND,1/1/1964 12:00:00 AM,1964-01-01,IN,62.0
M192,MAINBG,T,EPPING-GREENVALE MAIN,MS,3.26,825,CRK,1/1/1989 12:00:00 AM,1990-01-01,IN,36.0
M131,MAINBG,T,MT VIEW-DANDENONG MAIN,MS,595.29,825,CRK,1/1/1958 12:00:00 AM,1958-01-01,IN,68.0
M054,MAINBG,T,OLINDA-MITCHAM NO.2,MS,1.76,1150,CLAY,1/1/1984 12:00:00 AM,1926-01-01,IN,100.0
M197,CONN,S,SILVAN-PRESTON MAIN,CICL,0.92,150,SAND,1/1/1962 12:00:00 AM,1962-01-01,IN,64.0
M478,CROSS,S,CARDINIA - PEARCEDALE DUP,MSCL,2.17,600,CRK,1/1/2001 12:00:00 AM,2001-01-01,IN,25.0
M039,CROSS,S,NORTHCOTE - PUNT RD,MSCL,1.52,225,SAND,1/1/1967 12:00:00 AM,1971-07-20,IN,55.0
M056,MAINBG,T,OLINDA-MITCHAM NO.3,MS,1.2,1150,CLAY,1/1/1984 12:00:00 AM,2013-12-02,IN,13.0
M190,MAINBG,T,YAN YEAN-EPPING MAIN,MS,500.67,1700,CLAY,1/1/1960 12:00:00 AM,1960-01-01,IN,66.0
M132,MAINBG,T,SILVA-MT WAVERLY MAIN,MS,36.96,1700,CLAY,1/1/1957 12:00:00 AM,1957-01-01,IN,69.0
M198,MAINBG,T,SOMERTON HIGH LEVEL MAIN,MS,1045.34,600,CRK,1/1/1968 12:00:00 AM,1968-01-01,IN,58.0
M280,OFTAKE,S,GREENVALE RESERVOIR OUTLET,MSCL,1.81,300,CLAY,1/1/1971 12:00:00 AM,1971-01-01,IN,55.0
M257,OFTAKE,S,ST ALBANS OUTLET MAIN,MSCL,2.27,225,CRK,1/1/1966 12:00:00 AM,1973-10-02,IN,53.0
M333,OUTLET,S,GREENVALE-YUROKE-SYDENHAM,MS,0.15,50,CRK,1/1/1978 12:00:00 AM,2005-02-28,IN,21.0
M158,BYPASS,S,SURREY HILLS - ROSANNA,MSCL,1.02,225,CLAY,1/1/1957 12:00:00 AM,1957-01-01,IN,69.0
M319,MAINBG,S,QUARRY HILL RISING MAIN,MS,3.08,1150,C&BS,1/1/1977 12:00:00 AM,1978-01-01,IN,48.0
M057,MAINBG,T,MORANG-PRESTON NO 1&3 MAIN,MS,1.05,800,CRK,10/30/2006 12:00:00 AM,2006-10-30,IN,20.0
M192,MAINBG,T,EPPING-GREENVALE MAIN,MS,135.07,800,UNKN,7/1/2005 12:00:00 AM,2005-07-01,IN,21.0
M387,MAINBG,T,SILVAN SEVILLE MAIN,MS,35.24,450,CRK,1/1/1996 12:00:00 AM,1995-01-01,IN,31.0
M132,MAINBG,T,SILVA-MT WAVERLY MAIN,MS,79.23,1700,CLAY,1/1/1957 12:00:00 AM,1957-01-01,IN,69.0
M378,MAINBG,T,CARDINIA - BERWICK MAIN,MS,888.94,1350,SAND,1/1/1981 12:00:00 AM,1981-01-01,IN,45.0
M468,OFTAKE,S,JOHNS HILL INLET MAIN,MSCL,0.8,450,UNKN,1/1/1994 12:00:00 AM,1998-06-01,IN,28.0
M402,MAINBG,T,GREENVALE - OUTLET NO 2 MAIN,MS,4.63,1150,CRK,1/1/1989 12:00:00 AM,1989-01-01,IN,37.0
M041,MAINBG,T,MERRI CK - NORTHCOTE-PUNT RD,MS,0.88,800,CLAY,1/1/1928 12:00:00 AM,1927-06-21,IN,99.0
M440,BYPASS,S,TYABB MORNINGTON MAIN,MS,0.3,273,CLAY,1/1/1979 12:00:00 AM,1979-01-01,IN,47.0
M197,BYPASS,S,SILVAN-PRESTON MAIN,MSCL,0.74,225,TOPS,1/1/1962 12:00:00 AM,1980-01-01,IN,46.0
M291,MAINBG,T,SILVAN - OLINDA MAIN,MS,6.83,2100,CRK,1/1/1971 12:00:00 AM,1971-01-01,IN,55.0
M022,CONN,S,MITCHAM-NOTTING HILL MAIN,MSCL,1.67,375,CLAY,1/1/1968 12:00:00 AM,1927-01-01,IN,99.0
M268,CONN,S,MT VIEW OUTLET MAIN,CICL,1.93,150,CLAY,1/1/1965 12:00:00 AM,1968-01-01,IN,58.0
M161,MAINBG,T,YARRA-SILVAN CONDUIT NO 1,MS,39.16,1700,SS&C,1/1/1946 12:00:00 AM,1946-01-01,IN,80.0
M056,MAINBG,T,OLINDA-MITCHAM NO.3,MS,176.15,1350,CLAY,1/1/1981 12:00:00 AM,1936-01-01,IN,90.0
M046,MAINBG,T,MITCHAM-SURREY HILLS MAIN,MSR,31.25,900,UNKN,1/1/1912 12:00:00 AM,1912-01-01,IN,114.0
M193,MAINBG,T,KENNY ST-BROADMEADOWS MAIN,MS,3.06,900,CRK,1/1/1965 12:00:00 AM,1965-01-01,IN,61.0
M132,CROSS,S,SILVA-MT WAVERLY MAIN,MSCL,2.49,600,SAND,1/1/1983 12:00:00 AM,1983-01-01,IN,43.0
M474,MAINBG,S,ST GEORGES RD REPLACEMENT MAIN,MS,4.2,1150,SAND,1/1/1995 12:00:00 AM,1995-01-01,IN,31.0
M478,MAINBG,T,CARDINIA - PEARCEDALE DUP,MS,22.88,1350,CRK,1/1/2001 12:00:00 AM,2001-01-01,IN,25.0
M055,MAINBG,T,NO 1 OLINDA-MITCHAM MAIN,MSLB,3.03,900,CLAY,1/1/1976 12:00:00 AM,1914-01-01,IN,112.0
M289,MAINBG,T,HALLAM NTH. INLET MAIN,MS,3.51,1150,CRK,1/1/1976 12:00:00 AM,1976-01-01,IN,50.0
M273,MAINBG,T,CARDINIA BYPASS,MS,982.75,1700,CRK,1/1/1971 12:00:00 AM,1971-01-01,IN,55.0
M258,MAINBG,T,MAROONDAH AQUADUCT REPLACEMENT,MS,70.43,2100,SAND,1/1/1977 12:00:00 AM,1980-01-01,IN,46.0
M103,MAINBG,T,CORANDERRK WEIR TO DICKS BASIN,MS,17.84,1150,CLAY,1/1/1931 12:00:00 AM,1930-09-05,IN,96.0
M022,MAINBG,T,MITCHAM-NOTTING HILL MAIN,MS,4.07,1150,CLAY,1/1/1966 12:00:00 AM,1927-01-01,IN,99.0
M346,BRANCH,S,SYDENHAM OUTLET MAIN,MSCL,46.75,900,CRK,1/1/1977 12:00:00 AM,1983-01-01,IN,43.0
M273,BYPASS,S,CARDINIA BYPASS,MSCL,3.89,225,MS&C,1/1/1971 12:00:00 AM,1971-01-01,IN,55.0
M440,BYPASS,S,TYABB MORNINGTON MAIN,MS,0.3,273,CLAY,1/1/1979 12:00:00 AM,1979-01-01,IN,47.0
M054,MAINBG,T,OLINDA-MITCHAM NO.2,MS,95.84,1150,CLAY,1/1/1926 12:00:00 AM,1926-01-01,IN,100.0
M046,BYPASS,S,MITCHAM-SURREY HILLS MAIN,MS,5.56,225,CLAY,1/1/1912 12:00:00 AM,1988-01-01,IN,38.0
M281,MAINBG,T,CARDINIA-DAND'G-NOTTING HILL M,MS,163.91,1700,SAND,1/1/1974 12:00:00 AM,1974-01-01,IN,52.0
M375,BYPASS,S,CARDINIA - HALLAM NO 2 MAIN,MSCL,3.12,225,UNKN,1/1/1988 12:00:00 AM,1988-01-01,IN,38.0
M197,MAINBG,T,SILVAN-PRESTON MAIN,MS,14.65,1700,SAND,1/1/1962 12:00:00 AM,1962-01-01,IN,64.0
M378,BYPASS,S,CARDINIA - BERWICK MAIN,MSCL,1.1,300,SAND,1/1/1981 12:00:00 AM,1981-01-01,IN,45.0
M273,MAINBG,T,CARDINIA BYPASS,MS,2.66,2100,CRK,1/1/1971 12:00:00 AM,1971-01-01,IN,55.0
M055,BYPASS,S,NO 1 OLINDA-MITCHAM MAIN,MSCL,2.53,225,CLAY,1/1/1963 12:00:00 AM,1914-01-01,IN,112.0
M160,CROSS,S,PRESTON - FOOTSCRAY MAIN,MSCL,5.03,150,CLAY,1/1/1958 12:00:00 AM,1958-02-01,IN,68.0
M104,CROSS,S,MORANG OUTLET,MSCL,0.95,300,CLAY,1/1/1959 12:00:00 AM,1929-01-01,IN,97.0
M131,CONN,S,MT VIEW-DANDENONG MAIN,MSCL,1.14,375,CRK,1/1/1958 12:00:00 AM,1978-01-01,IN,48.0
M193,MAINBG,T,KENNY ST-BROADMEADOWS MAIN,MS,1394.02,1150,CRK,1/1/1965 12:00:00 AM,1965-01-01,IN,61.0
M197,MAINBG,T,SILVAN-PRESTON MAIN,MS,26.97,1350,SAND,1/1/1962 12:00:00 AM,1962-01-01,IN,64.0
M055,OFTAKE,S,NO 1 OLINDA-MITCHAM MAIN,MSCL,1.71,150,CLAY,1/1/1963 12:00:00 AM,1914-01-01,IN,112.0
M103,MAINBG,T,CORANDERRK WEIR TO DICKS BASIN,MS,5.25,1150,CLAY,1/1/1931 12:00:00 AM,1931-01-01,IN,95.0
M039,MAINBG,T,NORTHCOTE - PUNT RD,MS,1.34,600,SAND,1/1/1967 12:00:00 AM,2006-12-12,IN,20.0
M197,MAINBG,S,SILVAN-PRESTON MAIN,MSEL,4.54,1350,SAND,1/1/1962 12:00:00 AM,1962-01-01,IN,64.0
M041,OFTAKE,S,MERRI CK - NORTHCOTE-PUNT RD,MSCL,1.2,300,CRK,1/1/2004 12:00:00 AM,2004-05-10,IN,22.0
M418,MAINAG,T,BEACONSFIELD - LANGWARRIN MAIN,MS,147.95,1050,CLAY,1/1/1959 12:00:00 AM,1959-01-01,IN,67.0
M055,MAINBG,T,NO 1 OLINDA-MITCHAM MAIN,MSLB,570.84,900,CLAY,1/1/1978 12:00:00 AM,1914-01-01,IN,112.0
M158,MAINBG,T,SURREY HILLS - ROSANNA,MS,269.42,1150,CLAY,1/1/1957 12:00:00 AM,1957-01-01,IN,69.0
M197,MAINBG,T,SILVAN-PRESTON MAIN,MS,5.89,1350,SAND,1/1/1962 12:00:00 AM,1962-01-01,IN,64.0
M258,MAINBG,T,MAROONDAH AQUADUCT REPLACEMENT,MS,2.2,2100,SAND,1/1/1979 12:00:00 AM,2010-02-01,IN,16.0
M046,OFTAKE,S,MITCHAM-SURREY HILLS MAIN,MSCL,0.65,150,CLAY,1/1/1912 12:00:00 AM,1953-01-01,IN,73.0
M462,MAINBG,T,LANGWARRIN-FRANKSTON NO 2 MAIN,MS,34.11,750,SAND,1/1/1967 12:00:00 AM,1967-01-01,IN,59.0
M056,BRANCH,S,OLINDA-MITCHAM NO.3,MSCL,3.56,1150,CLAY,1/1/1984 12:00:00 AM,1936-01-01,IN,90.0
M423,MAINBG,T,DEVILBEND RISING MAIN,MS,1.95,900,CLAY,1/1/1964 12:00:00 AM,1964-01-01,IN,62.0
M046,MAINBG,T,MITCHAM-SURREY HILLS MAIN,WI,105.38,900,CLAY,1/1/1912 12:00:00 AM,1912-01-01,IN,114.0
M257,MAINBG,T,ST ALBANS OUTLET MAIN,MS,0.75,1150,CRK,1/1/1974 12:00:00 AM,1974-01-01,IN,52.0
M333,MAINBG,T,GREENVALE-YUROKE-SYDENHAM,MS,1.48,1150,CRK,1/1/1978 12:00:00 AM,1978-01-01,IN,48.0
M041,OFTAKE,S,MERRI CK - NORTHCOTE-PUNT RD,MSCL,1.94,375,CRK,6/10/2004 12:00:00 AM,2004-05-10,IN,22.0
M131,OFTAKE,S,MT VIEW-DANDENONG MAIN,MSCL,2.96,300,CRK,1/1/1958 12:00:00 AM,1971-01-01,IN,55.0
M350,CROSS,S,WESTERN TRANSFER MAIN,MSCL,3.67,375,CLAY,1/1/1983 12:00:00 AM,1984-01-01,IN,42.0
M475,MAINBG,T,PAKENHAM RES NO.2 INLET MAIN,MS,88.11,600,CRK,11/25/1997 12:00:00 AM,1997-11-25,IN,29.0
M350,CROSS,S,WESTERN TRANSFER MAIN,MSCL,3.98,225,CLAY,1/1/1983 12:00:00 AM,1984-01-01,IN,42.0
M350,CROSS,S,WESTERN TRANSFER MAIN,MSCL,0.73,225,CLAY,1/1/1983 12:00:00 AM,1984-01-01,IN,42.0
M132,CROSS,S,SILVA-MT WAVERLY MAIN,MSCL,0.69,450,CLAY,1/1/1957 12:00:00 AM,1985-01-01,IN,41.0
M193,MAINBG,T,KENNY ST-BROADMEADOWS MAIN,MS,7.0,1150,CRK,1/1/1971 12:00:00 AM,1971-01-01,IN,55.0
M283,MAINBG,T,YARRA VALLEY CONDUIT MAIN,MS,30.64,2100,SNC,1/1/1973 12:00:00 AM,1976-01-01,IN,50.0
M333,MAINBG,T,GREENVALE-YUROKE-SYDENHAM,MS,55.37,1150,CRK,1/1/1978 12:00:00 AM,1978-01-01,IN,48.0
M190,MAINBG,T,YAN YEAN-EPPING MAIN,MS,0.83,1700,CLAY,1/1/1960 12:00:00 AM,1960-01-01,IN,66.0
M193,MAINBG,T,KENNY ST-BROADMEADOWS MAIN,MS,423.73,1150,CLAY,1/1/1965 12:00:00 AM,1965-01-01,IN,61.0
M131,MAINBG,T,MT VIEW-DANDENONG MAIN,MS,1.68,825,CRK,1/1/1958 12:00:00 AM,1958-01-01,IN,68.0
M194,MAINBG,T,EPPING-PRESTON MAIN,MS,480.83,1150,CLAY,1/1/1960 12:00:00 AM,1960-07-04,IN,66.0
M160,MAINBG,T,PRESTON - FOOTSCRAY MAIN,MS,8.16,900,CLAY,1/1/1958 12:00:00 AM,1958-03-01,IN,68.0
M104,MAINBG,S,MORANG OUTLET,MSCL,0.79,225,CRK,1/1/1989 12:00:00 AM,2005-05-02,IN,21.0
M022,MAINBG,T,MITCHAM-NOTTING HILL MAIN,MS,3.89,1150,CLAY,1/1/1968 12:00:00 AM,1964-01-01,IN,62.0
M078,MAINBG,S,ROSANNA - PRESTON MAIN,MS,1.119,600,CLAY,1/1/1940 12:00:00 AM,1940-01-01,IN,86.0
M281,BYPASS,S,CARDINIA-DAND'G-NOTTING HILL M,MSCL,9.83,225,SAND,1/1/1955 12:00:00 AM,1976-01-01,IN,50.0
M273,MAINBG,T,CARDINIA BYPASS,MS,1986.81,2100,MS&C,1/1/1971 12:00:00 AM,1971-01-01,IN,55.0
M193,CONN,S,KENNY ST-BROADMEADOWS MAIN,MSCL,2.17,375,CLAY,1/1/1965 12:00:00 AM,1971-01-01,IN,55.0
M475,MAINBG,T,PAKENHAM RES NO.2 INLET MAIN,MS,57.96,600,CRK,11/25/1997 12:00:00 AM,1997-07-25,IN,29.0
M268,CROSS,S,MT VIEW OUTLET MAIN,MSCL,0.85,600,SLCL,1/1/1983 12:00:00 AM,1968-01-01,IN,58.0
M333,CROSS,S,GREENVALE-YUROKE-SYDENHAM,MSCL,0.63,225,CRK,1/1/1978 12:00:00 AM,2000-08-10,IN,26.0
M041,MAINBG,T,MERRI CK - NORTHCOTE-PUNT RD,MS,358.57,1150,CRK,6/10/2004 12:00:00 AM,2004-06-10,IN,22.0
M232,MAINBG,T,HARRIS GULLY MAIN,MS,5.91,1150,MS,1/1/1965 12:00:00 AM,1977-01-01,IN,49.0
M332,MAINBG,T,WINNEKE-PRESTON (SLOAF RES.MN),MS,137.94,2400,SAND,1/1/1980 12:00:00 AM,1980-01-01,IN,46.0
M193,OFTAKE,S,KENNY ST-BROADMEADOWS MAIN,MSCL,2.78,150,CLAY,1/1/1965 12:00:00 AM,1971-01-01,IN,55.0
M076,BYPASS,S,"HIGH ST RD, MT WAVERLY MAIN",MSCL,0.68,300,CLAY,1/1/1992 12:00:00 AM,1985-01-01,IN,41.0
M055,MAINBG,T,NO 1 OLINDA-MITCHAM MAIN,MSLB,901.42,900,CLAY,1/1/1976 12:00:00 AM,1914-01-01,IN,112.0
M160,MAINBG,T,PRESTON - FOOTSCRAY MAIN,MS,12.78,900,CLAY,1/1/1958 12:00:00 AM,1958-01-01,IN,68.0
M273,MAINBG,T,CARDINIA BYPASS,MS,131.65,1700,CRK,1/1/1971 12:00:00 AM,1971-01-01,IN,55.0
M348,MAINBG,T,MORANG BCH OF WINNEKE-PRESTON,MS,5.57,600,CRK,1/1/1980 12:00:00 AM,1980-01-01,IN,46.0
M197,BYPASS,S,SILVAN-PRESTON MAIN,MSCL,5.04,825,TOPS,1/1/1962 12:00:00 AM,1962-01-01,IN,64.0
M197,BYPASS,S,SILVAN-PRESTON MAIN,MSCL,0.87,825,TOPS,1/1/1962 12:00:00 AM,1962-01-01,IN,64.0
M280,CONN,S,GREENVALE RESERVOIR OUTLET,MSCL,2.67,300,CLAY,1/1/1965 12:00:00 AM,1971-01-01,IN,55.0
M132,CROSS,S,SILVA-MT WAVERLY MAIN,MSCL,2.28,150,CLAY,1/1/1957 12:00:00 AM,1957-01-01,IN,69.0
M475,MAINBG,T,PAKENHAM RES NO.2 INLET MAIN,MS,1.75,600,CRK,11/25/1997 12:00:00 AM,1997-11-25,IN,29.0
M193,MAINBG,T,KENNY ST-BROADMEADOWS MAIN,MS,464.94,1150,CRK,1/1/1965 12:00:00 AM,1965-01-01,IN,61.0
M478,CROSS,S,CARDINIA - PEARCEDALE DUP,MSCL,1.06,450,CRK,1/1/2001 12:00:00 AM,2001-01-01,IN,25.0
M159,MAINBG,T,MT WAVERLY-NOTTING HILL MAIN,MS,101.08,1150,SAND,1/1/1955 12:00:00 AM,1976-01-01,IN,50.0
M076,CONN,S,"HIGH ST RD, MT WAVERLY MAIN",MSCL,1.47,150,CLAY,1/1/1992 12:00:00 AM,1925-01-01,IN,101.0
M440,CONN,S,TYABB MORNINGTON MAIN,MS,0.57,250,CLAY,1/1/1979 12:00:00 AM,1979-01-01,IN,47.0
M055,OFTAKE,S,NO 1 OLINDA-MITCHAM MAIN,MSCL,5.25,225,CLAY,1/1/1963 12:00:00 AM,1914-01-01,IN,112.0
M197,MAINBG,T,SILVAN-PRESTON MAIN,MS,570.87,1700,SAND,1/1/1962 12:00:00 AM,1962-01-01,IN,64.0
M372,BYPASS,S,LUSATIA PARK MAIN,MSCL,3.07,300,SAND,1/1/1986 12:00:00 AM,1984-09-01,IN,42.0
M350,CROSS,S,WESTERN TRANSFER MAIN,MSCL,6.52,600,CLAY,1/1/1960 12:00:00 AM,1984-01-01,IN,42.0
M104,CROSS,S,MORANG OUTLET,MSCL,1.73,300,CLAY,1/1/1960 12:00:00 AM,1981-01-01,IN,45.0
M333,BYPASS,S,GREENVALE-YUROKE-SYDENHAM,MSCL,1.2,600,CRK,1/1/1978 12:00:00 AM,2005-02-28,IN,21.0
M281,BYPASS,S,CARDINIA-DAND'G-NOTTING HILL M,MSCL,1.5,225,SAND,1/1/1974 12:00:00 AM,1981-01-01,IN,45.0
M230,MAINBG,T,O'SHANNASSY-U/YARRA CONDUIT MA,MS,2.03,900,SAND,1/1/1964 12:00:00 AM,1964-01-01,IN,62.0
M258,MAINBG,T,MAROONDAH AQUADUCT REPLACEMENT,MS,436.82,2100,SAND,1/1/1968 12:00:00 AM,1968-08-26,IN,58.0
M258,MAINBG,T,MAROONDAH AQUADUCT REPLACEMENT,MS,15.05,2100,SAND,1/1/1980 12:00:00 AM,1980-01-01,IN,46.0
M056,MAINBG,T,OLINDA-MITCHAM NO.3,MS,6.49,1150,CLAY,1/1/1981 12:00:00 AM,1936-01-01,IN,90.0
M332,MAINBG,T,WINNEKE-PRESTON (SLOAF RES.MN),MS,11.69,2100,SAND,1/1/1980 12:00:00 AM,1980-10-14,IN,46.0
M291,OFTAKE,S,SILVAN - OLINDA MAIN,MSCL,0.99,225,CLAY,1/1/1971 12:00:00 AM,1971-01-01,IN,55.0
M195,OFTAKE,S,MT WAVERLY OUTLET MAIN,MSCL,0.7,825,SNC,1/1/1962 12:00:00 AM,1962-01-01,IN,64.0
M132,CROSS,S,SILVA-MT WAVERLY MAIN,MSCL,3.93,600,SAND,1/1/1983 12:00:00 AM,1983-01-01,IN,43.0
M182,BRANCH,S,BROOKLYN-GALVIN-LAVERTON MAIN,MSCL,1.87,300,CLAY,1/1/1969 12:00:00 AM,1969-01-01,IN,57.0
M197,MAINBG,T,SILVAN-PRESTON MAIN,MS,5.93,1700,SAND,1/1/1962 12:00:00 AM,1962-01-01,IN,64.0
M301,MAINBG,T,U/YARRA-O'SHANNASSY SIPHON MAI,MS,858.25,1150,C&GR,1/1/1938 12:00:00 AM,1938-01-01,IN,88.0
M291,MAINBG,S,SILVAN - OLINDA MAIN,MSEL,4.53,1350,CLAY,1/1/1971 12:00:00 AM,1971-01-01,IN,55.0
M420,OFTAKE,S,TARAGO - WESTERN PORT MAIN,MSCL,2.49,100,SAND,1/1/1979 12:00:00 AM,1975-08-01,IN,51.0
M197,OFTAKE,S,SILVAN-PRESTON MAIN,MSCL,2.28,150,CLAY,1/1/1962 12:00:00 AM,1962-01-01,IN,64.0
M333,MAINBG,T,GREENVALE-YUROKE-SYDENHAM,MS,254.81,1150,CRK,1/1/1978 12:00:00 AM,1978-01-01,IN,48.0
M455,MAINBG,T,PAKENHAM INLET MAIN,MS,13.83,450,SAND,1/1/1985 12:00:00 AM,1985-01-01,IN,41.0
M273,MAINBG,T,CARDINIA BYPASS,MS,1.67,1700,CRK,1/1/1971 12:00:00 AM,1971-01-01,IN,55.0
M319,BYPASS,S,QUARRY HILL RISING MAIN,MSCL,1.11,225,C&BS,1/1/1977 12:00:00 AM,2009-08-05,IN,17.0
M478,BYPASS,S,CARDINIA - PEARCEDALE DUP,MSCL,2.456,225,CRK,1/1/2001 12:00:00 AM,2001-01-01,IN,25.0
M161,MAINAG,T,YARRA-SILVAN CONDUIT NO 1,MS,24.45,1700,SS&C,1/1/1946 12:00:00 AM,1946-01-01,IN,80.0
M191,OFTAKE,S,MORANG BRCH YAN YEAN-EPPING M,CICL,7.09,100,SAND,5/21/2001 12:00:00 AM,1972-01-01,IN,54.0
M268,MAINBG,T,MT VIEW OUTLET MAIN,MS,2.77,900,S&C,1/1/1965 12:00:00 AM,1968-01-01,IN,58.0
M232,MAINBG,T,HARRIS GULLY MAIN,MS,1308.73,1150,MS,1/1/1965 12:00:00 AM,1965-01-01,IN,61.0
M195,MAINBG,T,MT WAVERLY OUTLET MAIN,MS,8.44,1150,SNC,1/1/1962 12:00:00 AM,1962-01-01,IN,64.0
M420,OFTAKE,S,TARAGO - WESTERN PORT MAIN,MSCL,6.62,300,SAND,1/1/1979 12:00:00 AM,1975-08-01,IN,51.0
M054,MAINBG,T,OLINDA-MITCHAM NO.2,MS,432.49,1150,CLAY,1/1/1984 12:00:00 AM,1926-01-01,IN,100.0
M478,CROSS,S,CARDINIA - PEARCEDALE DUP,MSCL,3.595,225,CRK,1/1/2001 12:00:00 AM,2001-01-01,IN,25.0
M193,MAINBG,T,KENNY ST-BROADMEADOWS MAIN,MS,38.86,1150,CLAY,1/1/1965 12:00:00 AM,1965-01-01,IN,61.0
M194,MAINBG,S,EPPING-PRESTON MAIN,MS,0.425,1150,CLAY,1/1/1960 12:00:00 AM,1960-01-01,IN,66.0
M132,MAINBG,T,SILVA-MT WAVERLY MAIN,MS,4.67,1350,CLAY,1/1/1954 12:00:00 AM,1957-01-01,IN,69.0
M158,OFTAKE,S,SURREY HILLS - ROSANNA,MSCL,1.0,300,CLAY,1/1/1957 12:00:00 AM,1985-01-01,IN,41.0
M054,OFTAKE,S,OLINDA-MITCHAM NO.2,MSCL,0.93,150,CLAY,1/1/1984 12:00:00 AM,1926-01-01,IN,100.0
M055,MAINBG,T,NO 1 OLINDA-MITCHAM MAIN,MSLB,2.04,900,CLAY,1/1/1963 12:00:00 AM,1914-01-01,IN,112.0
M387,BRANCH,S,SILVAN SEVILLE MAIN,DICL,0.85,100,CRK,1/1/1996 12:00:00 AM,1996-01-01,IN,30.0
M440,BYPASS,S,TYABB MORNINGTON MAIN,MS,0.68,80,CLAY,1/1/1979 12:00:00 AM,1979-01-01,IN,47.0
M190,BYPASS,S,YAN YEAN-EPPING MAIN,MSCL,1.69,300,CLAY,1/1/1960 12:00:00 AM,1994-02-01,IN,32.0
M194,BYPASS,S,EPPING-PRESTON MAIN,MSCL,1.63,225,CLAY,1/1/1960 12:00:00 AM,1960-07-04,IN,66.0
M055,MAINBG,T,NO 1 OLINDA-MITCHAM MAIN,MSLB,2.0,900,CLAY,1/1/1963 12:00:00 AM,1914-01-01,IN,112.0
M132,BYPASS,S,SILVA-MT WAVERLY MAIN,MSCL,0.48,225,CLAY,1/1/1957 12:00:00 AM,1985-01-01,IN,41.0
M046,CONN,S,MITCHAM-SURREY HILLS MAIN,MS,2.48,225,CLAY,1/1/1912 12:00:00 AM,1912-01-01,IN,114.0
M375,CROSS,T,CARDINIA - HALLAM NO 2 MAIN,MS,40.06,900,UNKN,1/1/1988 12:00:00 AM,1988-01-01,IN,38.0
M387,MAINBG,T,SILVAN SEVILLE MAIN,MS,4.06,300,CRK,1/1/1996 12:00:00 AM,1996-01-01,IN,30.0
M333,INLET,S,GREENVALE-YUROKE-SYDENHAM,MS,0.92,50,CRK,1/1/1978 12:00:00 AM,2005-02-28,IN,21.0
M283,MAINBG,T,YARRA VALLEY CONDUIT MAIN,MS,500.25,2100,MS,1/1/1973 12:00:00 AM,1976-01-01,IN,50.0
M332,MAINBG,T,WINNEKE-PRESTON (SLOAF RES.MN),MS,1.41,2100,SAND,1/1/1980 12:00:00 AM,1980-01-01,IN,46.0
M113,MAINBG,T,MITCHAM - SURREY HILLS DUP.,MS,10.85,1150,CLAY,1/1/1988 12:00:00 AM,1939-01-01,IN,87.0
M440,MAINAG,T,TYABB MORNINGTON MAIN,MS,0.43,1000,CLAY,1/1/1979 12:00:00 AM,1979-01-01,IN,47.0
M440,MAINAG,T,TYABB MORNINGTON MAIN,MS,0.55,1000,CLAY,1/1/1979 12:00:00 AM,1979-01-01,IN,47.0
M132,MAINBG,T,SILVA-MT WAVERLY MAIN,MS,1.63,1700,CLAY,1/1/1957 12:00:00 AM,1981-01-01,IN,45.0
M475,BYPASS,S,PAKENHAM RES NO.2 INLET MAIN,MSCL,5.35,225,CRK,11/25/1997 12:00:00 AM,1997-11-25,IN,29.0
M478,BYPASS,S,CARDINIA - PEARCEDALE DUP,MSCL,1.479,225,CRK,1/1/2001 12:00:00 AM,2001-01-01,IN,25.0
M041,MAINBG,T,MERRI CK - NORTHCOTE-PUNT RD,MS,26.18,1150,CRK,6/10/2004 12:00:00 AM,2004-05-10,IN,22.0
M041,BYPASS,S,MERRI CK - NORTHCOTE-PUNT RD,MSCL,1.03,450,CLAY,1/1/1928 12:00:00 AM,1927-06-21,IN,99.0
M197,CONN,S,SILVAN-PRESTON MAIN,MSCL,0.64,225,TOPS,1/1/1962 12:00:00 AM,1962-01-01,IN,64.0
M197,CONN,S,SILVAN-PRESTON MAIN,MSCL,2.07,300,CLAY,1/1/1962 12:00:00 AM,1962-01-01,IN,64.0
M195,OFTAKE,S,MT WAVERLY OUTLET MAIN,MSCL,1.4,225,SNC,1/1/1962 12:00:00 AM,1976-01-23,IN,50.0
M475,MAINBG,T,PAKENHAM RES NO.2 INLET MAIN,MS,88.31,600,CRK,11/25/1997 12:00:00 AM,1997-07-25,IN,29.0
M078,OFTAKE,S,ROSANNA - PRESTON MAIN,MSCL,1.04,150,CLAY,1/1/1940 12:00:00 AM,1985-10-14,IN,41.0
M348,MAINBG,T,MORANG BCH OF WINNEKE-PRESTON,MS,32.95,2100,CRK,1/1/1980 12:00:00 AM,1980-01-01,IN,46.0
M346,CROSS,S,SYDENHAM OUTLET MAIN,MSEL,4.36,600,CRK,1/1/1977 12:00:00 AM,1977-01-01,IN,49.0
M197,MAINBG,T,SILVAN-PRESTON MAIN,MS,2.98,1700,SAND,1/1/1962 12:00:00 AM,2010-02-01,IN,16.0
B190,MAINBG,T,AQUEDUCT RD LANGWARRIN PRV,MS,4.18,900,CLAY,1/1/1959 12:00:00 AM,1959-01-01,IN,67.0
M104,CROSS,S,MORANG OUTLET,MS,5.0,600,CLAY,1/1/1960 12:00:00 AM,1960-01-01,IN,66.0
M387,MAINBG,T,SILVAN SEVILLE MAIN,MS,0.84,375,CRK,1/1/1996 12:00:00 AM,1996-01-01,IN,30.0
M022,MAINBG,T,MITCHAM-NOTTING HILL MAIN,MS,600.75,1150,CLAY,1/1/1966 12:00:00 AM,1927-01-01,IN,99.0
M333,INLET,S,GREENVALE-YUROKE-SYDENHAM,MS,0.91,50,CRK,1/1/1978 12:00:00 AM,2005-02-28,IN,21.0
M420,MAINBG,T,TARAGO - WESTERN PORT MAIN,MS,0.6,1050,SAND,1/1/1979 12:00:00 AM,1979-01-01,IN,47.0
M283,MAINBG,T,YARRA VALLEY CONDUIT MAIN,MS,19.14,2100,SNC,1/1/1973 12:00:00 AM,1976-01-01,IN,50.0
M402,MAINBG,T,GREENVALE - OUTLET NO 2 MAIN,MS,2.04,1150,CRK,1/1/1989 12:00:00 AM,1989-01-01,IN,37.0
M257,BYPASS,S,ST ALBANS OUTLET MAIN,MSCL,1.1,225,CRK,1/1/1974 12:00:00 AM,1986-01-01,IN,40.0
M479,MAINBG,T,BITTERN RES BYPASS MAIN,MS,43.9,900,SAND,1/1/1999 12:00:00 AM,1999-01-01,IN,27.0
M375,BYPASS,S,CARDINIA - HALLAM NO 2 MAIN,MSCL,1.29,225,UNKN,1/1/1988 12:00:00 AM,1988-01-01,IN,38.0
M257,MAINBG,T,ST ALBANS OUTLET MAIN,MS,413.94,1150,CRK,1/1/1974 12:00:00 AM,1974-01-01,IN,52.0
M281,BYPASS,S,CARDINIA-DAND'G-NOTTING HILL M,MSCL,1.66,300,CLAY,1/1/1974 12:00:00 AM,1974-01-01,IN,52.0
M132,MAINAG,T,SILVA-MT WAVERLY MAIN,MS,86.11,1700,CLAY,1/1/1957 12:00:00 AM,1957-01-01,IN,69.0
M197,MAINBG,T,SILVAN-PRESTON MAIN,MS,54.59,1700,SAND,1/1/1962 12:00:00 AM,1962-01-01,IN,64.0
M160,MAINBG,T,PRESTON - FOOTSCRAY MAIN,MS,8.58,1350,CLAY,1/1/1958 12:00:00 AM,1958-03-01,IN,68.0
M131,MAINBG,T,MT VIEW-DANDENONG MAIN,MS,886.47,825,CRK,1/1/1958 12:00:00 AM,1958-01-01,IN,68.0
M197,MAINBG,S,SILVAN-PRESTON MAIN,MS,2.0,1350,SAND,1/1/1962 12:00:00 AM,1962-01-01,IN,64.0
M021,MAINBG,T,BLACKBURN RD - NOTTING HILL,MS,1.7,600,SAND,1/1/1983 12:00:00 AM,1983-01-01,IN,43.0
M257,MAINBG,T,ST ALBANS OUTLET MAIN,MS,254.51,1150,CRK,1/1/1966 12:00:00 AM,1966-01-01,IN,60.0
M268,MAINBG,T,MT VIEW OUTLET MAIN,MS,416.38,1150,S&C,1/1/1965 12:00:00 AM,1968-01-01,IN,58.0
M478,MAINBG,T,CARDINIA - PEARCEDALE DUP,MS,403.32,800,CRK,1/1/2001 12:00:00 AM,2001-01-01,IN,25.0
M258,BYPASS,S,MAROONDAH AQUADUCT REPLACEMENT,MS,3.23,225,SAND,1/1/1979 12:00:00 AM,1979-01-01,IN,47.0
M293,MAINBG,T,MONBULK NO2 DELIVERY MAIN,MS,0.8,375,CLAY,1/1/1977 12:00:00 AM,1977-01-01,IN,49.0
M420,OFTAKE,S,TARAGO - WESTERN PORT MAIN,MSCL,4.19,150,SAND,1/1/1979 12:00:00 AM,1975-08-01,IN,51.0
M192,MAINBG,T,EPPING-GREENVALE MAIN,MS,126.22,825,SAND,1/1/1971 12:00:00 AM,1971-01-01,IN,55.0
M350,CROSS,S,WESTERN TRANSFER MAIN,MSCL,5.79,1150,CLAY,1/1/1983 12:00:00 AM,1984-01-01,IN,42.0
M131,CROSS,S,MT VIEW-DANDENONG MAIN,MSCL,8.66,600,CRK,1/1/1958 12:00:00 AM,1988-01-01,IN,38.0
M132,CROSS,S,SILVA-MT WAVERLY MAIN,MSCL,1.53,300,CLAY,1/1/1957 12:00:00 AM,1969-01-01,IN,57.0
M281,MAINBG,T,CARDINIA-DAND'G-NOTTING HILL M,MS,1961.43,1700,SAND,1/1/1974 12:00:00 AM,1974-01-01,IN,52.0
M280,MAINBG,T,GREENVALE RESERVOIR OUTLET,MS,4.74,1350,CRK,1/1/1971 12:00:00 AM,1971-01-01,IN,55.0
M440,MAINAG,T,TYABB MORNINGTON MAIN,MS,0.57,1000,CLAY,1/1/1979 12:00:00 AM,1979-01-01,IN,47.0
M193,MAINBG,T,KENNY ST-BROADMEADOWS MAIN,MS,582.42,1150,CLAY,1/1/1965 12:00:00 AM,1962-07-23,IN,64.0
M193,MAINBG,T,KENNY ST-BROADMEADOWS MAIN,MS,2.77,900,CLAY,1/1/1965 12:00:00 AM,2013-04-15,IN,13.0
M158,MAINBG,T,SURREY HILLS - ROSANNA,MS,25.06,1150,CLAY,1/1/1957 12:00:00 AM,1957-01-01,IN,69.0
M113,MAINBG,T,MITCHAM - SURREY HILLS DUP.,MS,563.33,1150,CLAY,1/1/1984 12:00:00 AM,1939-01-01,IN,87.0
M192,MAINBG,T,EPPING-GREENVALE MAIN,MS,2172.27,1350,UNKN,1/1/1971 12:00:00 AM,1971-01-01,IN,55.0
M132,MAINBG,T,SILVA-MT WAVERLY MAIN,MS,999.59,1700,CLAY,1/1/1957 12:00:00 AM,1957-01-01,IN,69.0
M440,BYPASS,S,TYABB MORNINGTON MAIN,MS,0.73,80,CLAY,1/1/1979 12:00:00 AM,1979-01-01,IN,47.0
M258,MAINBG,T,MAROONDAH AQUADUCT REPLACEMENT,MS,24.89,2100,SAND,1/1/1979 12:00:00 AM,2010-02-01,IN,16.0
M022,OFTAKE,S,MITCHAM-NOTTING HILL MAIN,MSCL,0.56,300,CLAY,1/1/1975 12:00:00 AM,1927-01-01,IN,99.0
M131,BYPASS,S,MT VIEW-DANDENONG MAIN,MSCL,0.61,225,CRK,1/1/1958 12:00:00 AM,1988-01-01,IN,38.0
M441,MAINBG,T,LANGWARRIN - BITTERN NO 2 MAIN,MS,0.5,825,CLAY,1/1/1959 12:00:00 AM,1959-01-01,IN,67.0
M010,SIPHBG,T,MAROONDAH,WI,394.35,1275,CLAY,1/1/1890 12:00:00 AM,1890-01-01,IN,136.0
M022,MAINBG,T,MITCHAM-NOTTING HILL MAIN,MSLB,26.86,750,CLAY,1/1/1975 12:00:00 AM,1927-01-01,IN,99.0
M055,MAINBG,T,NO 1 OLINDA-MITCHAM MAIN,MSLB,12.94,900,CLAY,1/1/1914 12:00:00 AM,1914-01-01,IN,112.0
M195,MAINBG,T,MT WAVERLY OUTLET MAIN,MS,1.91,1050,CLAY,1/1/1962 12:00:00 AM,1962-01-01,IN,64.0
M158,MAINBG,T,SURREY HILLS - ROSANNA,MS,257.64,1150,CLAY,1/1/1957 12:00:00 AM,1957-01-01,IN,69.0
M056,MAINAG,T,OLINDA-MITCHAM NO.3,MS,6.37,1150,CLAY,1/1/1981 12:00:00 AM,1936-01-01,IN,90.0
M194,MAINBG,T,EPPING-PRESTON MAIN,MS,624.81,1150,CLAY,1/1/1960 12:00:00 AM,1960-01-01,IN,66.0
M078,MAINBG,S,ROSANNA - PRESTON MAIN,MS,1.55,1150,CLAY,1/1/1940 12:00:00 AM,1940-01-01,IN,86.0
M440,BYPASS,S,TYABB MORNINGTON MAIN,MS,3.05,273,CLAY,1/1/1979 12:00:00 AM,1979-01-01,IN,47.0
M197,BYPASS,S,SILVAN-PRESTON MAIN,MSCL,0.53,225,CLAY,1/1/1962 12:00:00 AM,1985-01-01,IN,41.0
M194,MAINBG,T,EPPING-PRESTON MAIN,MS,0.79,300,CLAY,1/1/1960 12:00:00 AM,2010-01-21,IN,16.0
M197,MAINBG,T,SILVAN-PRESTON MAIN,MS,7.63,1350,MS&C,1/1/1962 12:00:00 AM,1962-01-01,IN,64.0
M281,MAINBG,T,CARDINIA-DAND'G-NOTTING HILL M,MS,3.0,1700,SAND,1/1/1974 12:00:00 AM,1974-01-01,IN,52.0
M193,CONN,S,KENNY ST-BROADMEADOWS MAIN,CICL,1.39,300,CLAY,1/1/1965 12:00:00 AM,1966-01-01,IN,60.0
M197,CONN,S,SILVAN-PRESTON MAIN,MSCL,0.99,300,TOPS,1/1/1962 12:00:00 AM,1962-01-01,IN,64.0
M350,MAINBG,T,WESTERN TRANSFER MAIN,MS,17.9,1350,UNKN,1/1/1983 12:00:00 AM,1984-01-01,IN,42.0
M402,CROSS,S,GREENVALE - OUTLET NO 2 MAIN,MSCL,1.52,450,CRK,1/1/1989 12:00:00 AM,1989-01-01,IN,37.0
M197,CROSS,S,SILVAN-PRESTON MAIN,MSCL,1.9,1150,SAND,1/1/1962 12:00:00 AM,2005-07-30,IN,21.0
M022,CROSS,S,MITCHAM-NOTTING HILL MAIN,MSCL,1.13,375,CLAY,1/1/1968 12:00:00 AM,1966-01-01,IN,60.0
M281,MAINBG,S,CARDINIA-DAND'G-NOTTING HILL M,MS,9.36,1700,SAND,1/1/1974 12:00:00 AM,1974-01-01,IN,52.0
M046,OFTAKE,S,MITCHAM-SURREY HILLS MAIN,MSCL,1.62,150,CLAY,1/1/1912 12:00:00 AM,1912-01-01,IN,114.0
M046,OFTAKE,S,MITCHAM-SURREY HILLS MAIN,MSCL,2.63,300,CLAY,1/1/1912 12:00:00 AM,1989-01-01,IN,37.0
M468,MAINBG,T,JOHNS HILL INLET MAIN,MS,0.5,450,UNKN,1/1/1994 12:00:00 AM,1998-06-01,IN,28.0
M197,MAINBG,S,SILVAN-PRESTON MAIN,MSEL,17.71,1350,MS&C,1/1/1962 12:00:00 AM,1962-01-01,IN,64.0
M281,MAINBG,T,CARDINIA-DAND'G-NOTTING HILL M,MS,78.92,1700,SAND,1/1/1974 12:00:00 AM,1974-01-01,IN,52.0
M387,MAINBG,T,SILVAN SEVILLE MAIN,MS,58.67,450,CRK,1/1/1996 12:00:00 AM,1996-01-01,IN,30.0
M257,OFTAKE,S,ST ALBANS OUTLET MAIN,MSCL,1.17,150,CRK,1/1/1970 12:00:00 AM,1970-07-14,IN,56.0
M190,CROSS,S,YAN YEAN-EPPING MAIN,MSCL,2.57,1500,CLAY,1/1/1960 12:00:00 AM,1994-02-01,IN,32.0
M002,MAINBG,T,SURREY HILLS RES,MS,762.21,1150,CLAY,1/1/2039 12:00:00 AM,1939-01-01,IN,87.0
M231,MAINBG,T,YARRA-SILVAN CONDUIT NO.2 MAIN,MS,778.37,1700,SS&C,1/1/1964 12:00:00 AM,1964-01-01,IN,62.0
M076,CROSS,S,"HIGH ST RD, MT WAVERLY MAIN",CI,2.37,225,CLAY,1/1/1980 12:00:00 AM,1928-01-01,IN,98.0
M422,MAINBG,T,BITTERN - DROMANA NO 2 MAIN,MS,2.57,900,CLAY,1/1/1964 12:00:00 AM,1964-01-01,IN,62.0
M418,MAINBG,T,BEACONSFIELD - LANGWARRIN MAIN,MS,124.74,1050,CLAY,1/1/1959 12:00:00 AM,1959-01-01,IN,67.0
M191,MAINBG,T,MORANG BRCH YAN YEAN-EPPING M,MS,21.99,1350,CLAY,1/1/1960 12:00:00 AM,1959-12-14,IN,67.0
M195,OFTAKE,S,MT WAVERLY OUTLET MAIN,MSCL,1.17,100,SNC,1/1/1962 12:00:00 AM,1972-04-11,IN,54.0
M078,OFTAKE,S,ROSANNA - PRESTON MAIN,MSCL,3.52,150,CLAY,1/1/1940 12:00:00 AM,1976-07-21,IN,50.0
M022,CROSS,S,MITCHAM-NOTTING HILL MAIN,MSCL,6.08,375,CLAY,1/1/1968 12:00:00 AM,1966-01-01,IN,60.0
M291,MAINBG,T,SILVAN - OLINDA MAIN,MS,2.82,1700,SS,1/1/1971 12:00:00 AM,1975-10-01,IN,51.0
M350,MAINBG,S,WESTERN TRANSFER MAIN,MS,2.31,1150,CLAY,1/1/1983 12:00:00 AM,1983-01-01,IN,43.0
M104,MAINBG,T,MORANG OUTLET,MS,28.87,810,CLAY,1/1/1959 12:00:00 AM,1929-01-01,IN,97.0
M291,MAINBG,T,SILVAN - OLINDA MAIN,MS,15.61,1350,CRK,1/1/1971 12:00:00 AM,1971-01-01,IN,55.0
M440,MAINAG,T,TYABB MORNINGTON MAIN,MS,0.49,1000,CLAY,1/1/1979 12:00:00 AM,1979-01-01,IN,47.0
M022,OFTAKE,S,MITCHAM-NOTTING HILL MAIN,MSCL,0.74,150,CLAY,1/1/1974 12:00:00 AM,1965-12-04,IN,61.0
M078,OFTAKE,S,ROSANNA - PRESTON MAIN,MSCL,2.63,225,CLAY,1/1/1940 12:00:00 AM,1964-02-27,IN,62.0
M055,OFTAKE,S,NO 1 OLINDA-MITCHAM MAIN,MSCL,0.33,100,CLAY,1/1/1963 12:00:00 AM,1914-01-01,IN,112.0
M197,MAINBG,T,SILVAN-PRESTON MAIN,MS,4.55,1700,SAND,1/1/1962 12:00:00 AM,1962-01-01,IN,64.0
M132,MAINBG,T,SILVA-MT WAVERLY MAIN,MS,4984.37,1700,CLAY,1/1/1957 12:00:00 AM,1957-01-01,IN,69.0
M333,MAINBG,T,GREENVALE-YUROKE-SYDENHAM,MS,910.2,1150,CRK,1/1/1978 12:00:00 AM,1978-01-01,IN,48.0
M193,MAINBG,T,KENNY ST-BROADMEADOWS MAIN,MS,168.68,900,UNKN,1/1/1965 12:00:00 AM,1965-01-01,IN,61.0
M159,MAINBG,T,MT WAVERLY-NOTTING HILL MAIN,MS,81.28,1150,SAND,1/1/1955 12:00:00 AM,1955-01-01,IN,71.0
M055,OFTAKE,S,NO 1 OLINDA-MITCHAM MAIN,DICL,0.73,150,CLAY,1/1/1963 12:00:00 AM,1914-01-01,IN,112.0
M387,BYPASS,S,SILVAN SEVILLE MAIN,MSCL,4.21,150,CRK,1/1/1996 12:00:00 AM,1996-01-01,IN,30.0
M195,BRANCH,S,MT WAVERLY OUTLET MAIN,MSCL,0.63,450,SNC,1/1/1962 12:00:00 AM,1968-01-01,IN,58.0
M232,BYPASS,S,HARRIS GULLY MAIN,MSCL,0.97,150,MS,1/1/1965 12:00:00 AM,1965-01-01,IN,61.0
M055,MAINBG,T,NO 1 OLINDA-MITCHAM MAIN,MSLB,10.78,900,CLAY,1/1/1978 12:00:00 AM,1914-01-01,IN,112.0
M375,CROSS,S,CARDINIA - HALLAM NO 2 MAIN,MSCL,2.57,375,UNKN,1/1/1988 12:00:00 AM,2006-09-19,IN,20.0
M280,CROSS,S,GREENVALE RESERVOIR OUTLET,MSCL,1.08,225,CLAY,1/1/1971 12:00:00 AM,1971-01-01,IN,55.0
M475,MAINBG,T,PAKENHAM RES NO.2 INLET MAIN,MS,11.92,600,CRK,11/25/1997 12:00:00 AM,1997-11-25,IN,29.0
M273,MAINBG,T,CARDINIA BYPASS,MS,1166.25,1700,CRK,1/1/1971 12:00:00 AM,1971-01-01,IN,55.0
M281,CROSS,S,CARDINIA-DAND'G-NOTTING HILL M,MSCL,1.44,150,SAND,1/1/1974 12:00:00 AM,1988-01-01,IN,38.0
M280,CROSS,S,GREENVALE RESERVOIR OUTLET,MSCL,0.95,225,CLAY,1/1/1971 12:00:00 AM,1971-01-01,IN,55.0
M273,MAINBG,T,CARDINIA BYPASS,MS,406.15,1700,CRK,1/1/1971 12:00:00 AM,1971-01-01,IN,55.0
M190,MAINBG,T,YAN YEAN-EPPING MAIN,MS,577.02,1350,CLAY,1/1/1960 12:00:00 AM,1960-01-01,IN,66.0
M131,MAINBG,T,MT VIEW-DANDENONG MAIN,MS,0.82,825,CRK,1/1/1958 12:00:00 AM,1958-01-01,IN,68.0
M232,MAINBG,T,HARRIS GULLY MAIN,MS,6.29,900,MS,1/1/1965 12:00:00 AM,1965-01-01,IN,61.0
M195,MAINBG,T,MT WAVERLY OUTLET MAIN,MS,2.7,1150,SNC,1/1/1962 12:00:00 AM,1962-01-01,IN,64.0
M475,OFTAKE,S,PAKENHAM RES NO.2 INLET MAIN,MSCL,5.25,150,CRK,11/25/1997 12:00:00 AM,1997-11-25,IN,29.0
M021,MAINBG,T,BLACKBURN RD - NOTTING HILL,MS,7.43,825,SS&C,1/1/1983 12:00:00 AM,1984-01-01,IN,42.0
M333,OFTAKE,S,GREENVALE-YUROKE-SYDENHAM,DICL,2.02,150,CRK,1/1/1978 12:00:00 AM,1987-01-30,IN,39.0
M056,OFTAKE,S,OLINDA-MITCHAM NO.3,MSCL,1.96,150,CLAY,1/1/1981 12:00:00 AM,1936-01-01,IN,90.0
M195,OUTLET,S,MT WAVERLY OUTLET MAIN,MS,2.82,1700,SNC,1/1/1962 12:00:00 AM,1962-01-01,IN,64.0
M441,MAINBG,T,LANGWARRIN - BITTERN NO 2 MAIN,MS,81.71,825,CLAY,1/1/1959 12:00:00 AM,1959-01-01,IN,67.0
M198,BRANCH,S,SOMERTON HIGH LEVEL MAIN,MSCL,3.0,300,CRK,1/1/1962 12:00:00 AM,1962-01-01,IN,64.0
M021,MAINBG,T,BLACKBURN RD - NOTTING HILL,MS,29.04,825,SS&C,1/1/1983 12:00:00 AM,1974-01-01,IN,52.0
M160,MAINAG,S,PRESTON - FOOTSCRAY MAIN,MSCL,1.61,1150,CLAY,1/1/1958 12:00:00 AM,1958-03-01,IN,68.0
M283,MAINBG,S,YARRA VALLEY CONDUIT MAIN,MSCL,13.25,300,SLCL,1/1/1973 12:00:00 AM,1976-01-01,IN,50.0
M348,BYPASS,S,MORANG BCH OF WINNEKE-PRESTON,MSCL,2.4,225,CRK,1/1/1980 12:00:00 AM,1980-01-01,IN,46.0
M333,BYPASS,S,GREENVALE-YUROKE-SYDENHAM,MSCL,0.99,600,CRK,1/1/1978 12:00:00 AM,2005-02-28,IN,21.0
M197,CROSS,S,SILVAN-PRESTON MAIN,MSCL,2.24,225,CLAY,1/1/1962 12:00:00 AM,1971-02-26,IN,55.0
M257,OFTAKE,S,ST ALBANS OUTLET MAIN,MSCL,1.04,150,CRK,1/1/1970 12:00:00 AM,1970-01-01,IN,56.0
M132,CROSS,S,SILVA-MT WAVERLY MAIN,MS,0.59,225,CLAY,1/1/1958 12:00:00 AM,1958-01-01,IN,68.0
M479,OFTAKE,S,BITTERN RES BYPASS MAIN,MSCL,0.59,100,SAND,1/1/1999 12:00:00 AM,1999-01-01,IN,27.0
M475,MAINBG,T,PAKENHAM RES NO.2 INLET MAIN,MS,1.07,600,CRK,11/25/1997 12:00:00 AM,1997-11-25,IN,29.0
M475,MAINBG,T,PAKENHAM RES NO.2 INLET MAIN,MS,21.19,600,CRK,11/25/1997 12:00:00 AM,1997-11-25,IN,29.0
M346,MAINBG,T,SYDENHAM OUTLET MAIN,MS,69.95,825,CRK,1/1/1978 12:00:00 AM,1977-01-01,IN,49.0
M348,CROSS,S,MORANG BCH OF WINNEKE-PRESTON,MS,2.67,1350,CRK,1/1/1980 12:00:00 AM,1980-01-01,IN,46.0
M467,MAINBG,T,CARDINIA DRAINAGE RISING MAIN,MS,0.91,600,SAND,1/1/1973 12:00:00 AM,1973-01-01,IN,53.0
M387,MAINBG,T,SILVAN SEVILLE MAIN,MS,0.97,450,CRK,1/1/1996 12:00:00 AM,1996-01-01,IN,30.0
M350,CROSS,S,WESTERN TRANSFER MAIN,MSCL,1.11,225,CLAY,1/1/1984 12:00:00 AM,1984-01-01,IN,42.0
M190,MAINBG,T,YAN YEAN-EPPING MAIN,MS,4.6,1700,CLAY,1/1/1960 12:00:00 AM,1960-01-01,IN,66.0
M273,MAINBG,T,CARDINIA BYPASS,MS,2.43,2100,CRK,1/1/1971 12:00:00 AM,1971-01-01,IN,55.0
M195,MAINBG,T,MT WAVERLY OUTLET MAIN,MS,1.08,1150,SNC,1/1/1962 12:00:00 AM,1962-01-01,IN,64.0
M160,MAINBG,T,PRESTON - FOOTSCRAY MAIN,MS,2.5,900,CLAY,1/1/1958 12:00:00 AM,1958-01-01,IN,68.0
M158,OFTAKE,S,SURREY HILLS - ROSANNA,MSCL,2.48,150,CLAY,1/1/1957 12:00:00 AM,1968-12-16,IN,58.0
M198,MAINBG,T,SOMERTON HIGH LEVEL MAIN,MS,53.89,450,CRK,1/1/1962 12:00:00 AM,1964-01-01,IN,62.0
M347,MAINBG,S,SUGARLOAF RES WASTE DISPL MAIN,MSCL,1.57,300,CRK,1/1/1980 12:00:00 AM,1980-01-01,IN,46.0
M467,MAINBG,T,CARDINIA DRAINAGE RISING MAIN,MS,1.04,600,SAND,1/1/1973 12:00:00 AM,1973-01-01,IN,53.0
M194,MAINBG,T,EPPING-PRESTON MAIN,MS,325.07,1150,CLAY,1/1/1960 12:00:00 AM,1960-07-04,IN,66.0
M046,MAINBG,T,MITCHAM-SURREY HILLS MAIN,MSR,46.51,900,CLAY,1/1/1912 12:00:00 AM,1912-01-01,IN,114.0
M055,MAINBG,T,NO 1 OLINDA-MITCHAM MAIN,MSLB,66.84,900,CLAY,1/1/1963 12:00:00 AM,1914-01-01,IN,112.0
M289,MAINBG,T,HALLAM NTH. INLET MAIN,MS,3.55,1150,CRK,1/1/1976 12:00:00 AM,1976-01-01,IN,50.0
M258,MAINBG,T,MAROONDAH AQUADUCT REPLACEMENT,MS,7.09,2100,SAND,1/1/1975 12:00:00 AM,1975-01-17,IN,51.0
M258,MAINBG,T,MAROONDAH AQUADUCT REPLACEMENT,MS,100.5,2100,SAND,1/1/1980 12:00:00 AM,1980-01-01,IN,46.0
M054,OFTAKE,S,OLINDA-MITCHAM NO.2,MSCL,0.88,300,CLAY,1/1/1984 12:00:00 AM,1926-01-01,IN,100.0
M182,OFTAKE,S,BROOKLYN-GALVIN-LAVERTON MAIN,MSCL,0.55,150,CLAY,1/1/1961 12:00:00 AM,1961-01-01,IN,65.0
M190,OFTAKE,S,YAN YEAN-EPPING MAIN,MSCL,2.43,300,CLAY,1/1/1960 12:00:00 AM,1980-12-19,IN,46.0
M478,MAINBG,T,CARDINIA - PEARCEDALE DUP,MS,1321.65,1150,CRK,1/1/2001 12:00:00 AM,2001-01-01,IN,25.0
M418,MAINBG,T,BEACONSFIELD - LANGWARRIN MAIN,MS,5.48,1050,CLAY,1/1/1959 12:00:00 AM,1959-01-01,IN,67.0
M350,MAINBG,T,WESTERN TRANSFER MAIN,MS,1.88,1350,CLAY,1/1/1983 12:00:00 AM,1984-01-01,IN,42.0
B171,MAINBG,T,LANGWARRIN BIPIT PRV,MS,4.79,900,CLAY,1/1/1959 12:00:00 AM,1959-01-01,IN,67.0
M273,MAINBG,T,CARDINIA BYPASS,MS,3.49,1350,CRK,1/1/1971 12:00:00 AM,1971-01-01,IN,55.0
M258,MAINBG,T,MAROONDAH AQUADUCT REPLACEMENT,MS,30.03,2100,SAND,1/1/1980 12:00:00 AM,1980-01-01,IN,46.0
M346,MAINBG,T,SYDENHAM OUTLET MAIN,MS,315.35,1350,CRK,1/1/1977 12:00:00 AM,1977-01-01,IN,49.0
M160,MAINBG,T,PRESTON - FOOTSCRAY MAIN,MS,5.48,1150,CLAY,1/1/1958 12:00:00 AM,1958-01-01,IN,68.0
M375,MAINBG,T,CARDINIA - HALLAM NO 2 MAIN,MS,2.29,1350,UNKN,1/1/1988 12:00:00 AM,1988-01-01,IN,38.0
M192,MAINBG,T,EPPING-GREENVALE MAIN,MS,126.57,1350,CLAY,1/1/1960 12:00:00 AM,2005-12-08,IN,21.0
M132,MAINBG,T,SILVA-MT WAVERLY MAIN,MS,66.91,1700,CLAY,1/1/1957 12:00:00 AM,1981-01-01,IN,45.0
M022,MAINBG,T,MITCHAM-NOTTING HILL MAIN,MS,1.51,1150,CLAY,1/1/1966 12:00:00 AM,1927-01-01,IN,99.0
M132,BRANCH,T,SILVA-MT WAVERLY MAIN,MS,3.43,750,CLAY,1/1/1957 12:00:00 AM,1957-01-01,IN,69.0
M257,MAINBG,T,ST ALBANS OUTLET MAIN,MS,806.14,1150,CRK,1/1/1966 12:00:00 AM,1966-01-01,IN,60.0
M258,MAINBG,T,MAROONDAH AQUADUCT REPLACEMENT,MS,14.97,2100,SAND,1/1/1978 12:00:00 AM,1978-01-01,IN,48.0
M257,MAINBG,T,ST ALBANS OUTLET MAIN,MS,56.1,1150,CRK,1/1/1974 12:00:00 AM,1974-01-01,IN,52.0
M333,MAINBG,T,GREENVALE-YUROKE-SYDENHAM,MS,76.82,1700,CRK,1/1/1978 12:00:00 AM,1978-01-01,IN,48.0
M354,INLET,S,SILVAN - MT WAVERLY NO 2 MAIN,MSCL,3.28,450,CLAY,1/1/1983 12:00:00 AM,1983-01-01,IN,43.0
M420,MAINBG,T,TARAGO - WESTERN PORT MAIN,MS,8.55,1050,SAND,1/1/1979 12:00:00 AM,1975-08-01,IN,51.0
M131,CONN,S,MT VIEW-DANDENONG MAIN,MSCL,0.87,375,CRK,1/1/1958 12:00:00 AM,1958-01-01,IN,68.0
M197,CROSS,S,SILVAN-PRESTON MAIN,MSCL,1.39,225,CLAY,1/1/1962 12:00:00 AM,1971-02-26,IN,55.0
M160,MAINBG,T,PRESTON - FOOTSCRAY MAIN,MS,94.96,1350,CLAY,1/1/1958 12:00:00 AM,1958-03-01,IN,68.0
M274,BYPASS,S,STARVATION CRK DIVERSION MAIN,MSCL,6.41,150,CRK,1/1/1968 12:00:00 AM,1968-01-01,IN,58.0
M132,BYPASS,S,SILVA-MT WAVERLY MAIN,GWI,2.7,150,SAND,1/1/1983 12:00:00 AM,1983-01-01,IN,43.0
M113,MAINBG,T,MITCHAM - SURREY HILLS DUP.,MS,53.4,1150,CLAY,1/1/1984 12:00:00 AM,1939-01-01,IN,87.0
M159,BYPASS,S,MT WAVERLY-NOTTING HILL MAIN,MSCL,1.07,225,SAND,1/1/1955 12:00:00 AM,1955-01-01,IN,71.0
M158,CONN,S,SURREY HILLS - ROSANNA,MSCL,1.53,225,CLAY,1/1/1957 12:00:00 AM,1957-01-01,IN,69.0
M347,CROSS,S,SUGARLOAF RES WASTE DISPL MAIN,MSCL,0.62,150,CRK,1/1/1980 12:00:00 AM,1980-01-01,IN,46.0
M475,MAINBG,T,PAKENHAM RES NO.2 INLET MAIN,MS,217.09,600,CRK,11/25/1997 12:00:00 AM,1997-11-25,IN,29.0
M350,CROSS,S,WESTERN TRANSFER MAIN,MSCL,1.72,225,CLAY,1/1/1983 12:00:00 AM,1984-01-01,IN,42.0
M350,CROSS,S,WESTERN TRANSFER MAIN,MSCL,21.06,1150,CLAY,1/1/1983 12:00:00 AM,1984-01-01,IN,42.0
M132,CROSS,S,SILVA-MT WAVERLY MAIN,MS,0.96,150,CLAY,1/1/1958 12:00:00 AM,1958-01-01,IN,68.0
M022,MAINBG,T,MITCHAM-NOTTING HILL MAIN,MSLB,4.7,750,CLAY,1/1/1975 12:00:00 AM,1927-01-01,IN,99.0
M273,MAINBG,T,CARDINIA BYPASS,MS,98.62,1700,CONC,1/1/1971 12:00:00 AM,1971-01-01,IN,55.0
M131,MAINBG,T,MT VIEW-DANDENONG MAIN,MS,1.9,825,CRK,1/1/1958 12:00:00 AM,1958-01-01,IN,68.0
M258,MAINBG,T,MAROONDAH AQUADUCT REPLACEMENT,MS,3.15,2100,SAND,1/1/1979 12:00:00 AM,2010-02-01,IN,16.0
M022,OFTAKE,S,MITCHAM-NOTTING HILL MAIN,MSCL,1.61,375,CLAY,1/1/1968 12:00:00 AM,1927-01-01,IN,99.0
M103,OFTAKE,S,CORANDERRK WEIR TO DICKS BASIN,MS,3.01,450,CLAY,1/1/1931 12:00:00 AM,1930-09-05,IN,96.0
M419,MAINBG,T,LANGWARRIN - BITTERN NO 3 MAIN,MS,3.71,900,CLAY,1/1/1971 12:00:00 AM,1972-01-01,IN,54.0
M346,BRANCH,S,SYDENHAM OUTLET MAIN,MSCL,4.12,1150,CRK,1/1/1977 12:00:00 AM,1983-01-01,IN,43.0
M194,MAINBG,T,EPPING-PRESTON MAIN,MS,19.56,1150,CLAY,1/1/1960 12:00:00 AM,1960-01-01,IN,66.0
M197,BYPASS,S,SILVAN-PRESTON MAIN,MSCL,2.25,225,CLAY,1/1/1962 12:00:00 AM,1962-01-01,IN,64.0
M375,BYPASS,S,CARDINIA - HALLAM NO 2 MAIN,MSCL,1.25,225,SAND,1/1/1974 12:00:00 AM,1988-01-01,IN,38.0
M291,MAINBG,S,SILVAN - OLINDA MAIN,MSEL,0.91,1050,CLAY,1/1/1971 12:00:00 AM,1971-01-01,IN,55.0
M275,BYPASS,S,MCMAHONS CK DIVERSION MAIN,MSCL,0.8,225,CRK,1/1/1968 12:00:00 AM,1969-01-01,IN,57.0
M197,BYPASS,S,SILVAN-PRESTON MAIN,MSCL,0.7,225,TOPS,1/1/1962 12:00:00 AM,1962-01-01,IN,64.0
M160,BYPASS,S,PRESTON - FOOTSCRAY MAIN,MSCL,4.17,225,CLAY,1/1/1958 12:00:00 AM,1958-03-01,IN,68.0
SL08,MAINBG,T,CARDINIA BYPASS SURGE VESSEL,MS,0.89,600,UNKN,1/1/1971 12:00:00 AM,2011-08-26,IN,15.0
M274,MAINBG,T,STARVATION CRK DIVERSION MAIN,MS,0.89,900,CRK,1/1/1968 12:00:00 AM,1968-01-01,IN,58.0
M283,MAINBG,T,YARRA VALLEY CONDUIT MAIN,MS,727.14,2100,SNC,1/1/1973 12:00:00 AM,1976-01-01,IN,50.0
M194,MAINBG,T,EPPING-PRESTON MAIN,MS,819.05,1150,CLAY,1/1/1960 12:00:00 AM,1960-07-04,IN,66.0
M198,OUTLET,T,SOMERTON HIGH LEVEL MAIN,MS,2.13,600,CRK,1/1/1962 12:00:00 AM,1962-01-01,IN,64.0
M418,MAINBG,T,BEACONSFIELD - LANGWARRIN MAIN,MS,1.37,1125,CLAY,1/1/1982 12:00:00 AM,2010-10-18,IN,16.0
M078,BRANCH,S,ROSANNA - PRESTON MAIN,MSCL,23.36,900,CRK,1/1/1976 12:00:00 AM,1976-01-01,IN,50.0
M478,BRANCH,T,CARDINIA - PEARCEDALE DUP,MS,1.89,600,CRK,1/1/2001 12:00:00 AM,2001-01-01,IN,25.0
M478,BYPASS,S,CARDINIA - PEARCEDALE DUP,MSCL,0.79,150,CRK,1/1/2001 12:00:00 AM,2001-01-01,IN,25.0
M195,BYPASS,S,MT WAVERLY OUTLET MAIN,MS,1.49,225,SNC,1/1/1962 12:00:00 AM,1962-01-01,IN,64.0
M041,BYPASS,S,MERRI CK - NORTHCOTE-PUNT RD,MSCL,4.86,450,CLAY,1/1/1928 12:00:00 AM,1927-06-21,IN,99.0
M131,BYPASS,S,MT VIEW-DANDENONG MAIN,MSCL,0.5,150,CRK,1/1/1958 12:00:00 AM,1958-01-01,IN,68.0
M197,MAINBG,S,SILVAN-PRESTON MAIN,MSCL,5.35,825,CLAY,1/1/1962 12:00:00 AM,1962-01-01,IN,64.0
M237,MAINBG,T,NTH ESSENDON BCH GREENVALE MAI,MS,360.93,900,SAND,1/1/1965 12:00:00 AM,1965-01-01,IN,61.0
M479,OFTAKE,S,BITTERN RES BYPASS MAIN,MSCL,0.97,300,SAND,1/1/1999 12:00:00 AM,1999-01-01,IN,27.0
M420,OFTAKE,S,TARAGO - WESTERN PORT MAIN,MSCL,4.31,100,SAND,1/1/1979 12:00:00 AM,1975-08-01,IN,51.0
M194,OFTAKE,S,EPPING-PRESTON MAIN,MSCL,3.25,225,CLAY,1/1/1960 12:00:00 AM,1960-01-01,IN,66.0
M057,OFTAKE,S,MORANG-PRESTON NO 1&3 MAIN,MSCL,1.11,300,CRK,10/30/2006 12:00:00 AM,2006-10-30,IN,20.0
M423,MAINBG,T,DEVILBEND RISING MAIN,MS,2.39,600,CLAY,1/1/1964 12:00:00 AM,1965-01-01,IN,61.0
M257,MAINBG,T,ST ALBANS OUTLET MAIN,MS,315.46,1150,CRK,1/1/1970 12:00:00 AM,1970-01-01,IN,56.0
M273,MAINBG,T,CARDINIA BYPASS,MS,1.32,1700,S&C,1/1/1971 12:00:00 AM,1971-01-01,IN,55.0
M333,OFTAKE,S,GREENVALE-YUROKE-SYDENHAM,DICL,1.78,300,CRK,1/1/1978 12:00:00 AM,1994-12-12,IN,32.0
M351,OFTAKE,S,WERRIBEE RES INLET MAIN,MSCL,3.21,150,CRK,1/1/1985 12:00:00 AM,1985-01-01,IN,41.0
M420,OFTAKE,S,TARAGO - WESTERN PORT MAIN,MSCL,4.19,150,SAND,1/1/1979 12:00:00 AM,1975-08-01,IN,51.0
M195,OFTAKE,S,MT WAVERLY OUTLET MAIN,MSCL,9.9,100,SNC,1/1/1962 12:00:00 AM,1963-01-11,IN,63.0
M420,CONN,S,TARAGO - WESTERN PORT MAIN,MSCL,1.97,100,SAND,1/1/1979 12:00:00 AM,1975-08-01,IN,51.0
M055,CROSS,S,NO 1 OLINDA-MITCHAM MAIN,MSCL,1.0,450,CLAY,1/1/1927 12:00:00 AM,1983-02-01,IN,43.0
M193,MAINBG,T,KENNY ST-BROADMEADOWS MAIN,MS,50.47,900,CRK,1/1/1994 12:00:00 AM,1994-01-01,IN,32.0
M478,CROSS,S,CARDINIA - PEARCEDALE DUP,MSCL,3.33,600,CRK,1/1/2001 12:00:00 AM,2001-01-01,IN,25.0
M182,CROSS,S,BROOKLYN-GALVIN-LAVERTON MAIN,UPVC,1.91,200,CLAY,1/1/1961 12:00:00 AM,1998-11-19,IN,28.0
M348,MAINBG,T,MORANG BCH OF WINNEKE-PRESTON,MS,11.16,2100,CRK,1/1/1980 12:00:00 AM,1980-01-01,IN,46.0
M193,MAINBG,T,KENNY ST-BROADMEADOWS MAIN,MS,4.32,900,CRK,1/1/1965 12:00:00 AM,1965-01-01,IN,61.0
M280,MAINBG,T,GREENVALE RESERVOIR OUTLET,MS,11.745,1350,CRK,1/1/1971 12:00:00 AM,1971-01-01,IN,55.0
M055,CROSS,S,NO 1 OLINDA-MITCHAM MAIN,MSCL,4.21,600,CLAY,1/1/1963 12:00:00 AM,1914-01-01,IN,112.0
M046,BYPASS,S,MITCHAM-SURREY HILLS MAIN,MSCL,7.18,300,CLAY,1/1/1912 12:00:00 AM,1955-01-01,IN,71.0
M197,MAINBG,T,SILVAN-PRESTON MAIN,MS,2.03,1700,SAND,1/1/1962 12:00:00 AM,2010-02-01,IN,16.0
M257,MAINBG,T,ST ALBANS OUTLET MAIN,MS,308.69,1150,CRK,1/1/1966 12:00:00 AM,1966-01-01,IN,60.0
M268,MAINBG,T,MT VIEW OUTLET MAIN,MS,357.23,1150,S&C,1/1/1965 12:00:00 AM,1968-01-01,IN,58.0
M257,MAINBG,T,ST ALBANS OUTLET MAIN,MS,39.23,1150,CRK,1/1/1974 12:00:00 AM,1974-01-01,IN,52.0
M420,OFTAKE,S,TARAGO - WESTERN PORT MAIN,MSCL,2.54,150,SAND,1/1/1979 12:00:00 AM,1975-08-01,IN,51.0
M333,MAINBG,T,GREENVALE-YUROKE-SYDENHAM,MS,1.24,1150,CRK,1/1/1978 12:00:00 AM,1978-01-01,IN,48.0
M055,OFTAKE,S,NO 1 OLINDA-MITCHAM MAIN,MSCL,0.94,150,CLAY,1/1/1978 12:00:00 AM,1914-01-01,IN,112.0
M054,OFTAKE,S,OLINDA-MITCHAM NO.2,MSCL,4.21,600,CLAY,1/1/1984 12:00:00 AM,1926-01-01,IN,100.0
M046,OFTAKE,S,MITCHAM-SURREY HILLS MAIN,MSCL,1.29,300,CLAY,1/1/1912 12:00:00 AM,1912-01-01,IN,114.0
M230,MAINAG,T,O'SHANNASSY-U/YARRA CONDUIT MA,MS,14.08,900,SAND,1/1/1964 12:00:00 AM,1964-01-01,IN,62.0
M056,MAINBG,T,OLINDA-MITCHAM NO.3,MS,99.43,1350,CLAY,1/1/1981 12:00:00 AM,1936-01-01,IN,90.0
M350,CROSS,S,WESTERN TRANSFER MAIN,MSCL,6.17,450,CLAY,1/1/1984 12:00:00 AM,1984-01-01,IN,42.0
M132,MAINBG,T,SILVA-MT WAVERLY MAIN,MS,507.28,1700,CLAY,1/1/1957 12:00:00 AM,1957-01-01,IN,69.0
M104,CROSS,S,MORANG OUTLET,MSCL,0.94,300,CRK,1/1/1989 12:00:00 AM,2005-05-02,IN,21.0
M479,MAINBG,S,BITTERN RES BYPASS MAIN,MS,0.48,900,SAND,1/1/1999 12:00:00 AM,1999-01-01,IN,27.0
M372,MAINBG,T,LUSATIA PARK MAIN,DI,5.57,300,SAND,1/1/1985 12:00:00 AM,1984-09-01,IN,42.0
M022,MAINBG,T,MITCHAM-NOTTING HILL MAIN,MSLB,3.72,750,SAND,1/1/1975 12:00:00 AM,1927-01-01,IN,99.0
M055,OFTAKE,S,NO 1 OLINDA-MITCHAM MAIN,MSCL,2.16,150,CLAY,1/1/1963 12:00:00 AM,1914-01-01,IN,112.0
M046,OFTAKE,S,MITCHAM-SURREY HILLS MAIN,CICL,1.32,150,CLAY,1/1/1912 12:00:00 AM,1912-01-01,IN,114.0
M474,BYPASS,S,ST GEORGES RD REPLACEMENT MAIN,MSCL,0.93,225,SAND,1/1/1995 12:00:00 AM,1996-07-25,IN,30.0
M281,BYPASS,S,CARDINIA-DAND'G-NOTTING HILL M,MSCL,1.5,225,SAND,1/1/1974 12:00:00 AM,1981-01-01,IN,45.0
M197,CROSS,S,SILVAN-PRESTON MAIN,MSCL,5.419,1150,SAND,1/1/1962 12:00:00 AM,2005-07-30,IN,21.0
M197,MAINBG,T,SILVAN-PRESTON MAIN,MS,1.4,1350,SAND,1/1/1962 12:00:00 AM,1962-01-01,IN,64.0
M022,MAINBG,T,MITCHAM-NOTTING HILL MAIN,MS,2.44,900,CLAY,1/1/1927 12:00:00 AM,1914-01-01,IN,112.0
M160,MAINAG,S,PRESTON - FOOTSCRAY MAIN,MSCL,1.5,1150,CLAY,1/1/1958 12:00:00 AM,1958-03-01,IN,68.0
M333,MAINBG,T,GREENVALE-YUROKE-SYDENHAM,MS,0.73,1150,CRK,1/1/1978 12:00:00 AM,1978-01-01,IN,48.0
M387,OFTAKE,S,SILVAN SEVILLE MAIN,UPVC,0.51,25,CRK,1/1/1996 12:00:00 AM,1996-01-01,IN,30.0
M420,OFTAKE,S,TARAGO - WESTERN PORT MAIN,MSCL,8.74,225,SAND,1/1/1979 12:00:00 AM,1975-08-01,IN,51.0
M346,MAINBG,T,SYDENHAM OUTLET MAIN,MS,2.27,900,CRK,1/1/1978 12:00:00 AM,1977-01-01,IN,49.0
M022,MAINBG,T,MITCHAM-NOTTING HILL MAIN,MSLB,144.35,750,CLAY,1/1/1975 12:00:00 AM,1927-01-01,IN,99.0
M478,BYPASS,S,CARDINIA - PEARCEDALE DUP,MSCL,1.89,225,CRK,1/1/2001 12:00:00 AM,2001-01-01,IN,25.0
M479,BYPASS,S,BITTERN RES BYPASS MAIN,MSCL,1.51,225,SAND,1/1/1999 12:00:00 AM,1999-01-01,IN,27.0
M055,MAINBG,T,NO 1 OLINDA-MITCHAM MAIN,MSLB,979.91,900,CLAY,1/1/1978 12:00:00 AM,1914-01-01,IN,112.0
M193,CONN,S,KENNY ST-BROADMEADOWS MAIN,MSCL,1.03,100,CLAY,1/1/1965 12:00:00 AM,1965-01-01,IN,61.0
M113,CROSS,S,MITCHAM - SURREY HILLS DUP.,CICL,1.64,300,CLAY,1/1/1984 12:00:00 AM,1939-01-01,IN,87.0
M281,CROSS,S,CARDINIA-DAND'G-NOTTING HILL M,MSCL,0.9,225,CLAY,1/1/1958 12:00:00 AM,1982-08-01,IN,44.0
M475,MAINBG,T,PAKENHAM RES NO.2 INLET MAIN,MS,73.91,600,CRK,11/25/1997 12:00:00 AM,1997-11-25,IN,29.0
M375,CROSS,S,CARDINIA - HALLAM NO 2 MAIN,MSCL,1.25,300,UNKN,1/1/1988 12:00:00 AM,1988-01-01,IN,38.0
M350,CROSS,S,WESTERN TRANSFER MAIN,MSCL,1.74,1150,CLAY,1/1/1983 12:00:00 AM,1984-01-01,IN,42.0
M419,MAINBG,T,LANGWARRIN - BITTERN NO 3 MAIN,MS,0.74,900,CLAY,1/1/1971 12:00:00 AM,1971-01-01,IN,55.0
M480,MAINBG,T,POWELL ST CROSS CONNECTION,MS,0.99,900,SAND,7/27/2002 12:00:00 AM,2002-07-27,IN,24.0
M333,MAINBG,T,GREENVALE-YUROKE-SYDENHAM,MS,1291.13,1150,CRK,1/1/1978 12:00:00 AM,1978-01-01,IN,48.0
M113,MAINBG,T,MITCHAM - SURREY HILLS DUP.,MS,2.57,1150,CLAY,1/1/1988 12:00:00 AM,1939-01-01,IN,87.0
M193,MAINBG,T,KENNY ST-BROADMEADOWS MAIN,MS,252.2,1150,CRK,1/1/1965 12:00:00 AM,1965-01-01,IN,61.0
M046,MAINBG,T,MITCHAM-SURREY HILLS MAIN,MSR,558.28,900,CLAY,1/1/1912 12:00:00 AM,1912-01-01,IN,114.0
M418,MAINBG,T,BEACONSFIELD - LANGWARRIN MAIN,MS,2.04,1125,CLAY,1/1/1982 12:00:00 AM,2010-10-18,IN,16.0
M078,MAINBG,S,ROSANNA - PRESTON MAIN,MS,2.23,1150,CLAY,1/1/1940 12:00:00 AM,1940-01-01,IN,86.0
M002,OFTAKE,S,SURREY HILLS RES,MSCL,1.48,225,CLAY,1/1/1939 12:00:00 AM,1939-01-01,IN,87.0
M475,MAINBG,T,PAKENHAM RES NO.2 INLET MAIN,MS,1.67,750,CRK,11/25/1997 12:00:00 AM,1997-11-25,IN,29.0
M474,MAINBG,T,ST GEORGES RD REPLACEMENT MAIN,MS,1.96,825,SAND,1/1/1995 12:00:00 AM,1996-07-25,IN,30.0
M055,MAINBG,T,NO 1 OLINDA-MITCHAM MAIN,MS,15.71,825,CRK,1/1/1992 12:00:00 AM,1992-01-01,IN,34.0
M190,MAINBG,T,YAN YEAN-EPPING MAIN,MS,0.9,1700,CLAY,1/1/1960 12:00:00 AM,1960-01-01,IN,66.0
M193,MAINBG,T,KENNY ST-BROADMEADOWS MAIN,MS,521.36,900,CLAY,1/1/1965 12:00:00 AM,1965-01-01,IN,61.0
M104,MAINBG,T,MORANG OUTLET,MS,245.56,900,CRK,1/1/1987 12:00:00 AM,1988-12-19,IN,38.0
M132,MAINBG,T,SILVA-MT WAVERLY MAIN,MS,1797.81,1150,CLAY,1/1/1958 12:00:00 AM,1958-01-01,IN,68.0
M190,CONN,S,YAN YEAN-EPPING MAIN,MSCL,1.35,600,CLAY,1/1/1960 12:00:00 AM,1994-02-01,IN,32.0
M350,CROSS,S,WESTERN TRANSFER MAIN,MSCL,21.14,300,CLAY,1/1/1983 12:00:00 AM,1984-01-01,IN,42.0
M197,MAINBG,T,SILVAN-PRESTON MAIN,MS,310.71,1700,SAND,1/1/1962 12:00:00 AM,1962-01-01,IN,64.0
M475,MAINBG,T,PAKENHAM RES NO.2 INLET MAIN,MS,1.94,750,CRK,11/25/1997 12:00:00 AM,1997-11-25,IN,29.0
M474,CROSS,S,ST GEORGES RD REPLACEMENT MAIN,MSCL,2.75,600,SAND,1/1/1995 12:00:00 AM,1996-08-01,IN,30.0
M268,CROSS,S,MT VIEW OUTLET MAIN,MSCL,1.67,600,SLCL,1/1/1983 12:00:00 AM,1968-01-01,IN,58.0
M193,MAINBG,T,KENNY ST-BROADMEADOWS MAIN,MS,876.16,900,CRK,1/1/1965 12:00:00 AM,1965-01-01,IN,61.0
M333,OFTAKE,S,GREENVALE-YUROKE-SYDENHAM,MSCL,1.63,150,CRK,1/1/1978 12:00:00 AM,1977-11-14,IN,49.0
M237,MAINBG,T,NTH ESSENDON BCH GREENVALE MAI,MS,9.25,900,SAND,1/1/1965 12:00:00 AM,1965-01-01,IN,61.0
M055,MAINBG,T,NO 1 OLINDA-MITCHAM MAIN,MSLB,679.42,900,CLAY,1/1/1963 12:00:00 AM,1914-01-01,IN,112.0
M195,MAINBG,T,MT WAVERLY OUTLET MAIN,MS,11.01,1150,SNC,1/1/1962 12:00:00 AM,1962-01-01,IN,64.0
M420,MAINBG,T,TARAGO - WESTERN PORT MAIN,MS,0.31,1050,SAND,1/1/1979 12:00:00 AM,1975-08-01,IN,51.0
M420,MAINBG,T,TARAGO - WESTERN PORT MAIN,MS,4.5,1050,SAND,1/1/1979 12:00:00 AM,1975-08-01,IN,51.0
M055,MAINBG,T,NO 1 OLINDA-MITCHAM MAIN,MSLB,259.92,900,CLAY,1/1/1978 12:00:00 AM,1914-01-01,IN,112.0
M192,MAINBG,T,EPPING-GREENVALE MAIN,MS,130.26,1350,CLAY,1/1/1960 12:00:00 AM,1960-01-01,IN,66.0
M478,MAINBG,T,CARDINIA - PEARCEDALE DUP,MS,4.01,1350,CRK,1/1/2001 12:00:00 AM,2001-01-01,IN,25.0
M197,MAINBG,T,SILVAN-PRESTON MAIN,MS,24.28,1350,SAND,1/1/1962 12:00:00 AM,1962-01-01,IN,64.0
M348,MAINBG,T,MORANG BCH OF WINNEKE-PRESTON,MS,278.71,2100,CRK,1/1/1980 12:00:00 AM,1980-01-01,IN,46.0
M159,MAINBG,T,MT WAVERLY-NOTTING HILL MAIN,MS,12.86,900,SAND,1/1/1955 12:00:00 AM,1955-01-01,IN,71.0
M375,BYPASS,S,CARDINIA - HALLAM NO 2 MAIN,MSCL,1.35,225,SAND,1/1/1974 12:00:00 AM,1988-01-01,IN,38.0
M473,MAINBG,T,SILVAN RESERVOIR BY-PASS MAIN,MS,175.73,2100,SAND,1/1/1962 12:00:00 AM,1962-01-01,IN,64.0
M021,BYPASS,S,BLACKBURN RD - NOTTING HILL,MSCL,0.87,225,SS&C,1/1/1983 12:00:00 AM,1974-01-01,IN,52.0
M046,MAINBG,T,MITCHAM-SURREY HILLS MAIN,WI,6.94,900,CLAY,1/1/1912 12:00:00 AM,1912-01-01,IN,114.0
M076,MAINBG,T,"HIGH ST RD, MT WAVERLY MAIN",MSLB,14.19,750,CLAY,1/1/1979 12:00:00 AM,1928-01-01,IN,98.0
M192,MAINBG,T,EPPING-GREENVALE MAIN,MS,42.53,1350,CLAY,1/1/1960 12:00:00 AM,1960-01-01,IN,66.0
M160,MAINBG,T,PRESTON - FOOTSCRAY MAIN,MS,3.59,1150,CLAY,1/1/1958 12:00:00 AM,1958-03-01,IN,68.0
M333,MAINBG,T,GREENVALE-YUROKE-SYDENHAM,MS,10.52,825,CRK,1/1/1978 12:00:00 AM,1978-01-01,IN,48.0
M257,MAINBG,T,ST ALBANS OUTLET MAIN,MS,7.9,1150,CRK,1/1/1966 12:00:00 AM,1966-01-01,IN,60.0
M258,MAINBG,T,MAROONDAH AQUADUCT REPLACEMENT,MS,52.05,2100,SAND,1/1/1975 12:00:00 AM,1974-12-13,IN,52.0
M258,MAINBG,T,MAROONDAH AQUADUCT REPLACEMENT,MS,2.49,2100,SAND,1/1/1968 12:00:00 AM,1968-08-26,IN,58.0
M039,MAINBG,T,NORTHCOTE - PUNT RD,MS,22.53,600,SAND,1/1/1967 12:00:00 AM,1971-07-20,IN,55.0
M055,MAINBG,T,NO 1 OLINDA-MITCHAM MAIN,MSLB,13.87,900,CLAY,1/1/1978 12:00:00 AM,1914-01-01,IN,112.0
M055,OFTAKE,S,NO 1 OLINDA-MITCHAM MAIN,MSCL,0.78,100,CLAY,1/1/1978 12:00:00 AM,1914-01-01,IN,112.0
M022,OFTAKE,S,MITCHAM-NOTTING HILL MAIN,MSCL,2.04,100,CLAY,1/1/1974 12:00:00 AM,1944-08-10,IN,82.0
M182,BRANCH,S,BROOKLYN-GALVIN-LAVERTON MAIN,MSCL,4.0,225,CLAY,1/1/1961 12:00:00 AM,1961-01-01,IN,65.0
M291,MAINBG,S,SILVAN - OLINDA MAIN,MSEL,2.22,1050,CLAY,1/1/1971 12:00:00 AM,1971-01-01,IN,55.0
M257,OFTAKE,S,ST ALBANS OUTLET MAIN,MSCL,1.21,300,CRK,1/1/1974 12:00:00 AM,1993-12-06,IN,33.0
M478,OFTAKE,S,CARDINIA - PEARCEDALE DUP,MSCL,1.5,450,CRK,1/1/2001 12:00:00 AM,2001-01-01,IN,25.0
M350,MAINBG,T,WESTERN TRANSFER MAIN,MS,0.75,1350,CLAY,1/1/1984 12:00:00 AM,1984-01-01,IN,42.0
M468,MAINBG,T,JOHNS HILL INLET MAIN,MS,0.3,600,UNKN,1/1/1994 12:00:00 AM,1998-06-01,IN,28.0
M402,MAINBG,T,GREENVALE - OUTLET NO 2 MAIN,MS,3.36,1150,CRK,1/1/1989 12:00:00 AM,1989-01-01,IN,37.0
M046,MAINBG,T,MITCHAM-SURREY HILLS MAIN,MSR,129.36,900,CLAY,1/1/1912 12:00:00 AM,1912-01-01,IN,114.0
M195,MAINBG,T,MT WAVERLY OUTLET MAIN,MS,289.66,1150,SNC,1/1/1962 12:00:00 AM,1962-01-01,IN,64.0
M160,MAINBG,T,PRESTON - FOOTSCRAY MAIN,MS,2.49,900,CLAY,1/1/1958 12:00:00 AM,1958-03-01,IN,68.0
M046,MAINBG,T,MITCHAM-SURREY HILLS MAIN,MSR,6.23,900,CLAY,1/1/1912 12:00:00 AM,1912-01-01,IN,114.0
M194,BYPASS,T,EPPING-PRESTON MAIN,MS,0.72,225,CLAY,1/1/1960 12:00:00 AM,2010-01-21,IN,16.0
M197,CONN,S,SILVAN-PRESTON MAIN,CICL,1.28,150,TOPS,1/1/1962 12:00:00 AM,1962-01-01,IN,64.0
M022,MAINBG,T,MITCHAM-NOTTING HILL MAIN,MS,135.99,1150,CLAY,1/1/1966 12:00:00 AM,1927-01-01,IN,99.0
M475,MAINBG,T,PAKENHAM RES NO.2 INLET MAIN,MS,3.12,600,CRK,11/25/1997 12:00:00 AM,1997-11-25,IN,29.0
M194,CROSS,S,EPPING-PRESTON MAIN,MSCL,0.55,225,CLAY,1/1/1960 12:00:00 AM,1960-01-01,IN,66.0
M283,MAINBG,T,YARRA VALLEY CONDUIT MAIN,MS,38.2,2100,SS,1/1/1973 12:00:00 AM,1976-01-01,IN,50.0
M197,MAINBG,T,SILVAN-PRESTON MAIN,MS,1086.97,1700,SAND,1/1/1962 12:00:00 AM,1962-01-01,IN,64.0
M161,MAINAG,T,YARRA-SILVAN CONDUIT NO 1,MS,23.28,1700,SS&C,1/1/1946 12:00:00 AM,1946-01-01,IN,80.0
M161,MAINAG,T,YARRA-SILVAN CONDUIT NO 1,MS,38.53,1700,SS&C,1/1/1946 12:00:00 AM,1946-01-01,IN,80.0
M192,MAINBG,T,EPPING-GREENVALE MAIN,MS,21.02,1350,CLAY,1/1/1960 12:00:00 AM,1989-01-01,IN,37.0
M113,MAINBG,T,MITCHAM - SURREY HILLS DUP.,MS,16.1,1150,CLAY,1/1/1984 12:00:00 AM,1939-01-01,IN,87.0
M158,MAINBG,T,SURREY HILLS - ROSANNA,MS,2.06,1150,CLAY,1/1/1957 12:00:00 AM,1957-01-01,IN,69.0
M022,OFTAKE,S,MITCHAM-NOTTING HILL MAIN,MSCL,3.06,150,CLAY,1/1/1968 12:00:00 AM,1959-12-21,IN,67.0
M054,OFTAKE,S,OLINDA-MITCHAM NO.2,MSCL,1.98,225,CLAY,1/1/1984 12:00:00 AM,1926-01-01,IN,100.0
M158,OFTAKE,S,SURREY HILLS - ROSANNA,MSCL,3.97,225,CLAY,1/1/1957 12:00:00 AM,1941-01-01,IN,85.0
M076,BRANCH,S,"HIGH ST RD, MT WAVERLY MAIN",MSLBCL,0.76,900,CLAY,1/1/1994 12:00:00 AM,1928-01-01,IN,98.0
M054,OFTAKE,S,OLINDA-MITCHAM NO.2,MSCL,0.9,150,CLAY,1/1/1984 12:00:00 AM,1926-01-01,IN,100.0
M078,BRANCH,S,ROSANNA - PRESTON MAIN,MS,3.85,900,CRK,1/1/1976 12:00:00 AM,1976-01-01,IN,50.0
M104,BYPASS,S,MORANG OUTLET,MSCL,4.34,150,CRK,10/30/2006 12:00:00 AM,2006-10-30,IN,20.0
M333,BYPASS,S,GREENVALE-YUROKE-SYDENHAM,MSCL,11.09,600,CRK,1/1/1978 12:00:00 AM,2005-02-28,IN,21.0
M478,BYPASS,S,CARDINIA - PEARCEDALE DUP,MSCL,2.1,225,CRK,1/1/2001 12:00:00 AM,2001-01-01,IN,25.0
M422,BYPASS,S,BITTERN - DROMANA NO 2 MAIN,MSCL,3.33,150,CLAY,1/1/1964 12:00:00 AM,1964-01-01,IN,62.0
M195,BYPASS,S,MT WAVERLY OUTLET MAIN,MSCL,9.44,150,SNC,1/1/1962 12:00:00 AM,1962-01-01,IN,64.0
M422,BYPASS,S,BITTERN - DROMANA NO 2 MAIN,MSCL,3.3,450,CLAY,1/1/1964 12:00:00 AM,1964-01-01,IN,62.0
M190,BYPASS,S,YAN YEAN-EPPING MAIN,MSCL,6.36,300,CLAY,1/1/1960 12:00:00 AM,1994-02-01,IN,32.0
M022,MAINBG,T,MITCHAM-NOTTING HILL MAIN,MS,306.81,750,CLAY,1/1/1975 12:00:00 AM,1927-01-01,IN,99.0
M273,MAINBG,T,CARDINIA BYPASS,MS,1084.95,1700,CRK,1/1/1971 12:00:00 AM,1971-01-01,IN,55.0
M283,MAINAG,T,YARRA VALLEY CONDUIT MAIN,MS,152.24,2100,CST,1/1/1973 12:00:00 AM,1976-01-01,IN,50.0
M159,MAINBG,T,MT WAVERLY-NOTTING HILL MAIN,MS,8.58,1150,SAND,1/1/1955 12:00:00 AM,1976-01-01,IN,50.0
M104,MAINBG,T,MORANG OUTLET,MS,30.99,825,CRK,1/1/1977 12:00:00 AM,1977-01-01,IN,49.0
M078,MAINBG,T,ROSANNA - PRESTON MAIN,MS,425.8,1150,CLAY,1/1/1940 12:00:00 AM,1940-01-01,IN,86.0
M078,MAINBG,T,ROSANNA - PRESTON MAIN,MS,795.84,1150,CLAY,1/1/1940 12:00:00 AM,1940-01-01,IN,86.0
M078,MAINBG,T,ROSANNA - PRESTON MAIN,MS,179.22,1150,CLAY,1/1/1940 12:00:00 AM,1940-01-01,IN,86.0
M078,MAINBG,T,ROSANNA - PRESTON MAIN,MS,369.22,1150,CLAY,1/1/1940 12:00:00 AM,1940-01-01,IN,86.0
M078,MAINBG,T,ROSANNA - PRESTON MAIN,MS,521.85,1150,CLAY,1/1/1940 12:00:00 AM,1940-01-01,IN,86.0
M078,MAINBG,T,ROSANNA - PRESTON MAIN,MS,315.83,1150,CLAY,1/1/1940 12:00:00 AM,1940-01-01,IN,86.0
M078,MAINBG,T,ROSANNA - PRESTON MAIN,MS,206.11,1150,CLAY,1/1/1940 12:00:00 AM,1940-01-01,IN,86.0
M078,MAINBG,T,ROSANNA - PRESTON MAIN,MS,2.89,1150,CLAY,1/1/1940 12:00:00 AM,1940-01-01,IN,86.0
M078,MAINBG,T,ROSANNA - PRESTON MAIN,MS,513.41,1150,CLAY,1/1/1940 12:00:00 AM,1940-01-01,IN,86.0
M046,CROSS,S,MITCHAM-SURREY HILLS MAIN,CICL,4.83,150,CLAY,1/1/1912 12:00:00 AM,1912-01-01,IN,114.0
M102,MAINBG,T,NORTH ESSENDON-FOOTSCRAY MAIN,MSLB,4.36,1150,CLAY,3/20/2008 12:00:00 AM,2008-03-20,IN,18.0
M420,MAINBG,T,TARAGO - WESTERN PORT MAIN,MS,0.91,1050,SAND,1/1/1979 12:00:00 AM,1979-01-01,IN,47.0
M420,BYPASS,S,TARAGO - WESTERN PORT MAIN,MSCL,1.55,150,SAND,1/1/1979 12:00:00 AM,1975-08-01,IN,51.0
M420,BYPASS,S,TARAGO - WESTERN PORT MAIN,MSCL,1.53,150,SAND,1/1/1979 12:00:00 AM,1975-08-01,IN,51.0
M420,MAINBG,T,TARAGO - WESTERN PORT MAIN,MS,0.91,1050,SAND,1/1/1979 12:00:00 AM,1975-08-01,IN,51.0
M420,OUTLET,S,TARAGO - WESTERN PORT MAIN,MSCL,1.03,300,SAND,1/1/1979 12:00:00 AM,1975-08-01,IN,51.0
M420,MAINBG,T,TARAGO - WESTERN PORT MAIN,MS,6.07,1050,SAND,1/1/1979 12:00:00 AM,1975-08-01,IN,51.0
M420,MAINBG,T,TARAGO - WESTERN PORT MAIN,MS,379.72,1050,SAND,1/1/1979 12:00:00 AM,1975-08-01,IN,51.0
M420,OUTLET,S,TARAGO - WESTERN PORT MAIN,MSCL,3.48,300,SAND,1/1/1979 12:00:00 AM,1975-08-01,IN,51.0
M420,OUTLET,S,TARAGO - WESTERN PORT MAIN,MSCL,0.31,300,SAND,1/1/1979 12:00:00 AM,1975-08-01,IN,51.0
M420,OUTLET,S,TARAGO - WESTERN PORT MAIN,MSCL,0.32,100,SAND,1/1/1979 12:00:00 AM,1975-08-01,IN,51.0
M420,BYPASS,S,TARAGO - WESTERN PORT MAIN,MSCL,0.93,150,SAND,1/1/1979 12:00:00 AM,1975-08-01,IN,51.0
M420,BYPASS,S,TARAGO - WESTERN PORT MAIN,MSCL,1.56,150,SAND,1/1/1979 12:00:00 AM,1975-08-01,IN,51.0
M420,MAINBG,T,TARAGO - WESTERN PORT MAIN,MS,1.21,1050,SAND,1/1/1979 12:00:00 AM,1975-08-01,IN,51.0
M420,OUTLET,S,TARAGO - WESTERN PORT MAIN,MSCL,0.77,300,SAND,1/1/1979 12:00:00 AM,1975-08-01,IN,51.0
M132,MAINBG,T,SILVA-MT WAVERLY MAIN,MS,719.31,1350,CLAY,1/1/1954 12:00:00 AM,1954-01-01,IN,72.0
M258,OFTAKE,S,MAROONDAH AQUADUCT REPLACEMENT,MSCL,3.09,150,SAND,1/1/1968 12:00:00 AM,1968-08-26,IN,58.0
M258,OFTAKE,S,MAROONDAH AQUADUCT REPLACEMENT,MS,1.66,225,SAND,1/1/1975 12:00:00 AM,1975-01-01,IN,51.0
M258,BYPASS,S,MAROONDAH AQUADUCT REPLACEMENT,MS,1.6,225,SAND,1/1/1975 12:00:00 AM,1980-07-02,IN,46.0
M258,OFTAKE,S,MAROONDAH AQUADUCT REPLACEMENT,MSCL,1.74,225,SAND,1/1/1977 12:00:00 AM,1970-07-13,IN,56.0
M258,BYPASS,S,MAROONDAH AQUADUCT REPLACEMENT,MS,4.8,225,SAND,1/1/1975 12:00:00 AM,1980-07-02,IN,46.0
M258,BYPASS,S,MAROONDAH AQUADUCT REPLACEMENT,MS,1.5,225,SAND,1/1/1975 12:00:00 AM,1980-07-02,IN,46.0
M258,OFTAKE,S,MAROONDAH AQUADUCT REPLACEMENT,MSCL,1.94,300,SAND,1/1/1968 12:00:00 AM,1968-08-26,IN,58.0
M258,MAINBG,S,MAROONDAH AQUADUCT REPLACEMENT,MS,7.02,2100,SAND,1/1/1980 12:00:00 AM,1980-01-01,IN,46.0
M258,OFTAKE,S,MAROONDAH AQUADUCT REPLACEMENT,MS,2.71,375,SAND,1/1/1975 12:00:00 AM,1975-01-17,IN,51.0
M478,MAINBG,T,CARDINIA - PEARCEDALE DUP,MS,2046.798,1350,CRK,1/1/2001 12:00:00 AM,2001-01-01,IN,25.0
M478,OFTAKE,S,CARDINIA - PEARCEDALE DUP,DICL,0.825,375,CRK,10/7/2009 12:00:00 AM,2009-10-07,IN,17.0
M478,OFTAKE,S,CARDINIA - PEARCEDALE DUP,DICL,0.364,375,CRK,10/7/2009 12:00:00 AM,2009-10-07,IN,17.0
M478,BYPASS,S,CARDINIA - PEARCEDALE DUP,DICL,0.558,100,CRK,10/7/2009 12:00:00 AM,2009-10-07,IN,17.0
M293,MAINBG,T,MONBULK NO2 DELIVERY MAIN,MS,609.36,375,CLAY,1/1/1977 12:00:00 AM,1977-01-01,IN,49.0
M197,MAINBG,T,SILVAN-PRESTON MAIN,MS,14.25,1700,SAND,1/1/1962 12:00:00 AM,1962-01-01,IN,64.0
M195,MAINBG,T,MT WAVERLY OUTLET MAIN,MS,112.07,1150,SNC,1/1/1962 12:00:00 AM,1962-01-01,IN,64.0
M291,MAINBG,S,SILVAN - OLINDA MAIN,MSEL,1.43,1050,CLAY,1/1/1971 12:00:00 AM,1971-01-01,IN,55.0
M283,MAINBG,S,YARRA VALLEY CONDUIT MAIN,MSEL,1.68,1700,SLCL,1/1/1973 12:00:00 AM,1976-01-01,IN,50.0
M420,OFTAKE,S,TARAGO - WESTERN PORT MAIN,MSCL,3.9,375,SAND,1/1/1979 12:00:00 AM,1975-08-01,IN,51.0
M197,OFTAKE,S,SILVAN-PRESTON MAIN,MSCL,0.62,225,TOPS,1/1/1962 12:00:00 AM,1963-01-01,IN,63.0
M462,MAINBG,T,LANGWARRIN-FRANKSTON NO 2 MAIN,MS,5.3,900,SAND,1/1/1967 12:00:00 AM,1967-01-01,IN,59.0
M078,BYPASS,S,ROSANNA - PRESTON MAIN,MSCL,0.91,225,CLAY,1/1/1940 12:00:00 AM,2007-08-29,IN,19.0
M420,OUTLET,S,TARAGO - WESTERN PORT MAIN,MSCL,0.32,300,SAND,1/1/1979 12:00:00 AM,1975-08-01,IN,51.0
M420,BYPASS,S,TARAGO - WESTERN PORT MAIN,MSCL,1.53,150,SAND,1/1/1979 12:00:00 AM,1975-08-01,IN,51.0
M420,BYPASS,S,TARAGO - WESTERN PORT MAIN,MSCL,0.97,150,SAND,1/1/1979 12:00:00 AM,1975-08-01,IN,51.0
M420,OUTLET,S,TARAGO - WESTERN PORT MAIN,MSCL,0.32,300,SAND,1/1/1979 12:00:00 AM,1975-08-01,IN,51.0
M420,MAINBG,T,TARAGO - WESTERN PORT MAIN,MS,3.14,1050,SAND,1/1/1979 12:00:00 AM,1979-01-01,IN,47.0
M420,MAINBG,T,TARAGO - WESTERN PORT MAIN,MS,0.91,1050,SAND,1/1/1979 12:00:00 AM,1975-08-01,IN,51.0
M420,MAINBG,T,TARAGO - WESTERN PORT MAIN,MS,0.91,1050,SAND,1/1/1979 12:00:00 AM,1975-08-01,IN,51.0
M420,MAINBG,T,TARAGO - WESTERN PORT MAIN,MS,3.99,1050,SAND,1/1/1979 12:00:00 AM,1979-01-01,IN,47.0
M420,MAINBG,T,TARAGO - WESTERN PORT MAIN,MS,0.5,1050,SAND,1/1/1979 12:00:00 AM,1979-01-01,IN,47.0
M420,MAINBG,T,TARAGO - WESTERN PORT MAIN,MS,0.9,1050,SAND,1/1/1979 12:00:00 AM,1975-08-01,IN,51.0
M420,MAINBG,T,TARAGO - WESTERN PORT MAIN,MS,0.5,1050,SAND,1/1/1979 12:00:00 AM,1975-08-01,IN,51.0
M420,CROSS,S,TARAGO - WESTERN PORT MAIN,MSCL,1.0,300,SAND,1/1/1979 12:00:00 AM,1975-08-01,IN,51.0
M420,MAINBG,T,TARAGO - WESTERN PORT MAIN,MS,0.5,1050,SAND,1/1/1979 12:00:00 AM,1979-01-01,IN,47.0
M420,MAINBG,T,TARAGO - WESTERN PORT MAIN,MS,0.9,1050,SAND,1/1/1979 12:00:00 AM,1975-08-01,IN,51.0
M258,CONN,S,MAROONDAH AQUADUCT REPLACEMENT,MSCL,1.36,450,SAND,1/1/1968 12:00:00 AM,1968-01-01,IN,58.0
M258,OFTAKE,S,MAROONDAH AQUADUCT REPLACEMENT,MSCL,2.18,300,SAND,1/1/1968 12:00:00 AM,1968-08-26,IN,58.0
M258,BYPASS,S,MAROONDAH AQUADUCT REPLACEMENT,MS,2.58,225,SAND,1/1/1979 12:00:00 AM,1979-01-01,IN,47.0
M258,MAINBG,S,MAROONDAH AQUADUCT REPLACEMENT,MS,1.35,2100,SAND,1/1/1980 12:00:00 AM,1980-01-01,IN,46.0
M258,CROSS,S,MAROONDAH AQUADUCT REPLACEMENT,MS,3.31,300,SAND,1/1/1968 12:00:00 AM,1968-01-01,IN,58.0
M258,BYPASS,S,MAROONDAH AQUADUCT REPLACEMENT,MS,5.6,225,SAND,1/1/1975 12:00:00 AM,1980-07-02,IN,46.0
M056,OFTAKE,S,OLINDA-MITCHAM NO.3,DICL,0.66,150,CLAY,1/1/1981 12:00:00 AM,1936-01-01,IN,90.0
M056,MAINBG,T,OLINDA-MITCHAM NO.3,MS,201.5,1150,CLAY,1/1/1984 12:00:00 AM,1936-01-01,IN,90.0
M193,MAINBG,T,KENNY ST-BROADMEADOWS MAIN,MS,3.41,1150,CLAY,1/1/1965 12:00:00 AM,1965-01-01,IN,61.0
M158,MAINBG,S,SURREY HILLS - ROSANNA,MSCL,0.44,150,CLAY,1/1/1957 12:00:00 AM,2005-06-02,IN,21.0
M113,MAINBG,T,MITCHAM - SURREY HILLS DUP.,MS,606.08,1150,CLAY,1/1/1984 12:00:00 AM,1939-01-01,IN,87.0
M474,MAINBG,T,ST GEORGES RD REPLACEMENT MAIN,MS,102.0,1350,SAND,1/1/1995 12:00:00 AM,1992-02-21,IN,34.0
M474,MAINBG,S,ST GEORGES RD REPLACEMENT MAIN,MSCL,35.88,1350,SAND,1/1/1995 12:00:00 AM,1995-01-01,IN,31.0
M474,MAINBG,T,ST GEORGES RD REPLACEMENT MAIN,MS,6.17,1350,SAND,1/1/1995 12:00:00 AM,1996-07-28,IN,30.0
M474,MAINBG,T,ST GEORGES RD REPLACEMENT MAIN,MS,3.68,1700,SAND,1/1/1995 12:00:00 AM,1995-01-01,IN,31.0
M474,MAINBG,T,ST GEORGES RD REPLACEMENT MAIN,MS,0.53,1350,SAND,1/1/1995 12:00:00 AM,1995-01-01,IN,31.0
M474,MAINBG,T,ST GEORGES RD REPLACEMENT MAIN,MS,10.96,1700,SAND,1/1/1995 12:00:00 AM,1995-01-01,IN,31.0
M474,MAINBG,T,ST GEORGES RD REPLACEMENT MAIN,MS,2.68,1350,SAND,1/1/1995 12:00:00 AM,1995-01-01,IN,31.0
M474,MAINBG,T,ST GEORGES RD REPLACEMENT MAIN,MS,7.95,1700,SAND,1/1/1995 12:00:00 AM,1995-01-01,IN,31.0
M474,MAINBG,T,ST GEORGES RD REPLACEMENT MAIN,MSCL,45.04,1700,UNKN,8/1/2002 12:00:00 AM,2002-08-01,IN,24.0
M474,BYPASS,S,ST GEORGES RD REPLACEMENT MAIN,MSCL,6.09,225,UNKN,8/1/2002 12:00:00 AM,2002-09-18,IN,24.0
M022,BRANCH,S,MITCHAM-NOTTING HILL MAIN,MSCL,0.71,150,CLAY,1/1/1974 12:00:00 AM,1927-01-01,IN,99.0
M268,BYPASS,S,MT VIEW OUTLET MAIN,MSCL,5.53,225,SLCL,1/1/1983 12:00:00 AM,1968-01-01,IN,58.0
M281,BYPASS,S,CARDINIA-DAND'G-NOTTING HILL M,MSCL,1.19,225,SAND,1/1/1974 12:00:00 AM,1974-01-01,IN,52.0
M054,MAINBG,T,OLINDA-MITCHAM NO.2,MS,1.26,1150,CLAY,1/1/1926 12:00:00 AM,1926-01-01,IN,100.0
M054,MAINBG,T,OLINDA-MITCHAM NO.2,MS,8.44,1150,CLAY,1/1/1926 12:00:00 AM,1926-01-01,IN,100.0
M054,MAINBG,T,OLINDA-MITCHAM NO.2,MS,10.0,1150,CLAY,1/1/1926 12:00:00 AM,1926-01-01,IN,100.0
M132,MAINBG,T,SILVA-MT WAVERLY MAIN,MSEL,3420.58,1700,CLAY,1/1/1957 12:00:00 AM,1957-01-01,IN,69.0
M132,MAINBG,T,SILVA-MT WAVERLY MAIN,MSEL,474.9,1700,CLAY,1/1/1957 12:00:00 AM,1957-01-01,IN,69.0
M420,BYPASS,S,TARAGO - WESTERN PORT MAIN,MSCL,1.5,150,SAND,1/1/1979 12:00:00 AM,1975-08-01,IN,51.0
M420,MAINBG,T,TARAGO - WESTERN PORT MAIN,MS,0.5,1050,SAND,1/1/1979 12:00:00 AM,1975-08-01,IN,51.0
M420,OUTLET,S,TARAGO - WESTERN PORT MAIN,MSCL,5.44,600,SAND,1/1/1979 12:00:00 AM,1975-08-01,IN,51.0
M420,BYPASS,S,TARAGO - WESTERN PORT MAIN,MSCL,1.5,150,SAND,1/1/1979 12:00:00 AM,1975-08-01,IN,51.0
M420,OUTLET,S,TARAGO - WESTERN PORT MAIN,MSCL,1.0,300,SAND,1/1/1979 12:00:00 AM,1975-08-01,IN,51.0
M420,BYPASS,S,TARAGO - WESTERN PORT MAIN,MSCL,1.5,150,SAND,1/1/1979 12:00:00 AM,1975-08-01,IN,51.0
M420,BYPASS,S,TARAGO - WESTERN PORT MAIN,MSCL,1.5,150,SAND,1/1/1979 12:00:00 AM,1975-08-01,IN,51.0
M420,MAINBG,T,TARAGO - WESTERN PORT MAIN,MS,3384.21,1050,SAND,1/1/1979 12:00:00 AM,1975-08-01,IN,51.0
M474,MAINBG,T,ST GEORGES RD REPLACEMENT MAIN,MS,156.62,1700,SAND,1/1/1995 12:00:00 AM,1995-01-01,IN,31.0
M474,MAINBG,T,ST GEORGES RD REPLACEMENT MAIN,MS,253.44,1700,SAND,1/1/1995 12:00:00 AM,1995-01-01,IN,31.0
M474,CROSS,S,ST GEORGES RD REPLACEMENT MAIN,MSCL,2.48,150,SAND,1/1/1995 12:00:00 AM,1990-05-23,IN,36.0
M474,CROSS,S,ST GEORGES RD REPLACEMENT MAIN,MSCL,1.41,600,SAND,1/1/1995 12:00:00 AM,1995-01-01,IN,31.0
M474,MAINBG,T,ST GEORGES RD REPLACEMENT MAIN,MS,28.08,1700,SAND,1/1/1995 12:00:00 AM,1995-01-01,IN,31.0
M474,MAINBG,T,ST GEORGES RD REPLACEMENT MAIN,MS,146.38,1700,SAND,1/1/1995 12:00:00 AM,1995-01-01,IN,31.0
M474,OFTAKE,S,ST GEORGES RD REPLACEMENT MAIN,MSCL,2.86,150,SAND,1/1/1995 12:00:00 AM,1995-01-01,IN,31.0
M474,CROSS,S,ST GEORGES RD REPLACEMENT MAIN,MSCL,1.3,500,SAND,1/1/1995 12:00:00 AM,1995-01-01,IN,31.0
M474,MAINBG,S,ST GEORGES RD REPLACEMENT MAIN,MSCL,10.58,1350,SAND,1/1/1995 12:00:00 AM,1990-05-23,IN,36.0
M474,BYPASS,S,ST GEORGES RD REPLACEMENT MAIN,MSCL,1.73,225,SAND,1/1/1995 12:00:00 AM,1996-07-28,IN,30.0
M474,MAINBG,T,ST GEORGES RD REPLACEMENT MAIN,MS,0.64,1700,SAND,1/1/1995 12:00:00 AM,1995-01-01,IN,31.0
M474,BYPASS,S,ST GEORGES RD REPLACEMENT MAIN,MSCL,0.68,225,UNKN,8/1/2002 12:00:00 AM,2002-09-18,IN,24.0
M474,MAINBG,T,ST GEORGES RD REPLACEMENT MAIN,MS,13.27,1350,SAND,1/1/1995 12:00:00 AM,1996-08-01,IN,30.0
M474,MAINBG,T,ST GEORGES RD REPLACEMENT MAIN,MS,5.48,1350,SAND,1/1/1995 12:00:00 AM,1996-07-28,IN,30.0
M160,BYPASS,S,PRESTON - FOOTSCRAY MAIN,MSCL,0.86,225,CLAY,1/1/1958 12:00:00 AM,1958-03-01,IN,68.0
M113,CONN,S,MITCHAM - SURREY HILLS DUP.,MSCL,11.46,225,CLAY,1/1/1984 12:00:00 AM,1963-01-01,IN,63.0
M046,CROSS,S,MITCHAM-SURREY HILLS MAIN,MSCL,0.75,225,SAND,1/1/1964 12:00:00 AM,1964-01-01,IN,62.0
M387,CROSS,S,SILVAN SEVILLE MAIN,MSCL,3.92,375,CRK,1/1/1996 12:00:00 AM,1996-01-01,IN,30.0
M475,MAINBG,T,PAKENHAM RES NO.2 INLET MAIN,MS,122.82,600,CRK,11/25/1997 12:00:00 AM,1997-11-25,IN,29.0
M350,CROSS,S,WESTERN TRANSFER MAIN,MSCL,2.06,1350,CLAY,1/1/1983 12:00:00 AM,1984-01-01,IN,42.0
M132,CROSS,S,SILVA-MT WAVERLY MAIN,MSCL,1.71,450,CLAY,1/1/1957 12:00:00 AM,1985-01-01,IN,41.0
M054,MAINBG,T,OLINDA-MITCHAM NO.2,MS,4.51,1150,CLAY,1/1/1926 12:00:00 AM,1926-01-01,IN,100.0
M055,MAINBG,T,NO 1 OLINDA-MITCHAM MAIN,MSLB,4.6,600,CLAY,1/1/1963 12:00:00 AM,1914-01-01,IN,112.0
M420,MAINBG,T,TARAGO - WESTERN PORT MAIN,MS,1201.36,1050,SAND,1/1/1979 12:00:00 AM,1975-08-01,IN,51.0
M474,BYPASS,S,ST GEORGES RD REPLACEMENT MAIN,MSCL,1.1,225,SAND,1/1/1995 12:00:00 AM,1996-07-25,IN,30.0
M474,BYPASS,S,ST GEORGES RD REPLACEMENT MAIN,MSCL,3.84,225,UNKN,8/1/2002 12:00:00 AM,2002-09-18,IN,24.0
M474,MAINBG,T,ST GEORGES RD REPLACEMENT MAIN,MS,2.24,1350,CRK,1/1/1978 12:00:00 AM,1996-07-28,IN,30.0
M474,MAINBG,T,ST GEORGES RD REPLACEMENT MAIN,MS,216.95,1700,SAND,1/1/1995 12:00:00 AM,1995-01-01,IN,31.0
M474,CROSS,S,ST GEORGES RD REPLACEMENT MAIN,MSCL,0.96,825,SAND,1/1/1995 12:00:00 AM,1995-01-01,IN,31.0
M474,CROSS,S,ST GEORGES RD REPLACEMENT MAIN,MSCL,1.08,225,SAND,1/1/1995 12:00:00 AM,1995-01-01,IN,31.0
M474,MAINBG,T,ST GEORGES RD REPLACEMENT MAIN,MS,1.75,1350,SAND,1/1/1995 12:00:00 AM,1996-07-25,IN,30.0
M474,CROSS,S,ST GEORGES RD REPLACEMENT MAIN,MSCL,0.92,825,UNKN,8/1/2002 12:00:00 AM,2002-09-18,IN,24.0
M474,BYPASS,S,ST GEORGES RD REPLACEMENT MAIN,MSCL,1.1,225,SAND,1/1/1995 12:00:00 AM,1996-07-25,IN,30.0
M474,BYPASS,S,ST GEORGES RD REPLACEMENT MAIN,MSCL,1.6,225,SAND,1/1/1995 12:00:00 AM,1996-07-28,IN,30.0
M474,CROSS,S,ST GEORGES RD REPLACEMENT MAIN,MSCL,1.69,150,SAND,1/1/1995 12:00:00 AM,1995-01-01,IN,31.0
M281,MAINBG,T,CARDINIA-DAND'G-NOTTING HILL M,MS,1226.72,1700,SAND,1/1/1974 12:00:00 AM,1974-01-01,IN,52.0
M002,CROSS,S,SURREY HILLS RES,MSCL,0.92,300,CLAY,1/1/1939 12:00:00 AM,1990-01-01,IN,36.0
M230,MAINBG,T,O'SHANNASSY-U/YARRA CONDUIT MA,MS,1.02,900,SAND,1/1/1964 12:00:00 AM,1964-01-01,IN,62.0
M113,MAINAG,T,MITCHAM - SURREY HILLS DUP.,MS,21.25,1150,CLAY,1/1/1984 12:00:00 AM,1939-01-01,IN,87.0
M230,MAINAG,T,O'SHANNASSY-U/YARRA CONDUIT MA,MS,2.59,900,SAND,1/1/1964 12:00:00 AM,1964-01-01,IN,62.0
M102,MAINBG,T,NORTH ESSENDON-FOOTSCRAY MAIN,MS,46.84,1150,CLAY,1/1/1964 12:00:00 AM,1928-01-01,IN,98.0
M102,MAINBG,T,NORTH ESSENDON-FOOTSCRAY MAIN,MS,174.6,1150,CRK,1/1/1964 12:00:00 AM,2002-12-01,IN,24.0
M160,MAINAG,T,PRESTON - FOOTSCRAY MAIN,MS,116.47,600,CLAY,1/1/1958 12:00:00 AM,1958-03-01,IN,68.0
M319,MAINBG,T,QUARRY HILL RISING MAIN,MS,1.2,1150,C&BS,1/1/1977 12:00:00 AM,2009-08-05,IN,17.0
M055,OFTAKE,S,NO 1 OLINDA-MITCHAM MAIN,MSCL,1.33,225,CLAY,1/1/1976 12:00:00 AM,1914-01-01,IN,112.0
M281,MAINBG,S,CARDINIA-DAND'G-NOTTING HILL M,MSEL,2.5,2100,SAND,1/1/1974 12:00:00 AM,1981-01-01,IN,45.0
M102,MAINBG,T,NORTH ESSENDON-FOOTSCRAY MAIN,MSLB,34.8,1150,CLAY,1/1/1964 12:00:00 AM,1928-01-01,IN,98.0
M102,MAINBG,T,NORTH ESSENDON-FOOTSCRAY MAIN,MS,30.05,1150,CLAY,1/1/1964 12:00:00 AM,1928-01-01,IN,98.0
M230,MAINBG,T,O'SHANNASSY-U/YARRA CONDUIT MA,MS,2770.04,1150,SAND,1/1/1964 12:00:00 AM,1964-01-01,IN,62.0
A007,SIPHBG,T,O'SHANNASSY,MS,330.9,1725,CLAY,1/1/1931 12:00:00 AM,1931-01-01,IN,95.0
M422,MAINAG,T,BITTERN - DROMANA NO 2 MAIN,MS,259.05,900,CLAY,1/1/1964 12:00:00 AM,1964-01-01,IN,62.0
M102,MAINBG,T,NORTH ESSENDON-FOOTSCRAY MAIN,MS,501.6,1150,CLAY,1/1/1997 12:00:00 AM,1997-01-01,IN,29.0
M258,OFTAKE,S,MAROONDAH AQUADUCT REPLACEMENT,MS,6.13,225,SAND,1/1/1975 12:00:00 AM,1974-12-03,IN,52.0
M258,BYPASS,S,MAROONDAH AQUADUCT REPLACEMENT,MS,4.2,150,SAND,1/1/1968 12:00:00 AM,1968-01-01,IN,58.0
M258,OFTAKE,S,MAROONDAH AQUADUCT REPLACEMENT,MS,2.01,300,SAND,1/1/1978 12:00:00 AM,1977-09-01,IN,49.0
M420,MAINBG,T,TARAGO - WESTERN PORT MAIN,MS,2.84,1050,SAND,1/1/1979 12:00:00 AM,1975-08-01,IN,51.0
M102,MAINBG,T,NORTH ESSENDON-FOOTSCRAY MAIN,MSLB,153.49,750,CLAY,1/1/1928 12:00:00 AM,1928-01-01,IN,98.0
M102,CONN,S,NORTH ESSENDON-FOOTSCRAY MAIN,MSCL,2.37,150,CLAY,1/1/1928 12:00:00 AM,1928-01-01,IN,98.0
M102,MAINBG,T,NORTH ESSENDON-FOOTSCRAY MAIN,MSLB,48.53,750,CLAY,1/1/1928 12:00:00 AM,1928-01-01,IN,98.0
M102,BRANCH,S,NORTH ESSENDON-FOOTSCRAY MAIN,MSCL,2.55,375,CLAY,1/1/1928 12:00:00 AM,1928-01-01,IN,98.0
M102,BRANCH,S,NORTH ESSENDON-FOOTSCRAY MAIN,MSCL,3.06,375,CLAY,1/1/1928 12:00:00 AM,1928-01-01,IN,98.0
M102,BYPASS,S,NORTH ESSENDON-FOOTSCRAY MAIN,MSCL,4.2,150,CLAY,1/1/1928 12:00:00 AM,1928-01-01,IN,98.0
M102,MAINBG,T,NORTH ESSENDON-FOOTSCRAY MAIN,MSLB,79.04,750,CLAY,1/1/1928 12:00:00 AM,1928-01-01,IN,98.0
M102,CONN,S,NORTH ESSENDON-FOOTSCRAY MAIN,MSCL,3.21,225,CLAY,1/1/1928 12:00:00 AM,1928-01-01,IN,98.0
M102,MAINBG,T,NORTH ESSENDON-FOOTSCRAY MAIN,MSLB,4.16,750,CLAY,1/1/1928 12:00:00 AM,1928-01-01,IN,98.0
M102,BYPASS,S,NORTH ESSENDON-FOOTSCRAY MAIN,MSCL,1.34,225,CLAY,1/1/1928 12:00:00 AM,1928-01-01,IN,98.0
M102,BYPASS,S,NORTH ESSENDON-FOOTSCRAY MAIN,MSCL,11.24,225,CLAY,1/1/1928 12:00:00 AM,1928-01-01,IN,98.0
M102,MAINBG,T,NORTH ESSENDON-FOOTSCRAY MAIN,MS,4.51,750,CLAY,1/1/1928 12:00:00 AM,1928-01-01,IN,98.0
M102,MAINBG,T,NORTH ESSENDON-FOOTSCRAY MAIN,MSLB,73.33,750,CLAY,1/1/1928 12:00:00 AM,1928-01-01,IN,98.0
M102,BYPASS,S,NORTH ESSENDON-FOOTSCRAY MAIN,MSCL,1.15,225,CLAY,1/1/1928 12:00:00 AM,1928-01-01,IN,98.0
M102,MAINBG,T,NORTH ESSENDON-FOOTSCRAY MAIN,MSLB,371.74,750,CLAY,1/1/1928 12:00:00 AM,1928-01-01,IN,98.0
M102,CONN,S,NORTH ESSENDON-FOOTSCRAY MAIN,MSCL,2.8,150,CLAY,1/1/1928 12:00:00 AM,1928-01-01,IN,98.0
M102,MAINBG,T,NORTH ESSENDON-FOOTSCRAY MAIN,MSLB,372.47,750,CLAY,1/1/1928 12:00:00 AM,1928-01-01,IN,98.0
M102,OFTAKE,S,NORTH ESSENDON-FOOTSCRAY MAIN,MSCL,1.72,150,CLAY,1/1/1928 12:00:00 AM,1928-01-01,IN,98.0
M102,MAINBG,T,NORTH ESSENDON-FOOTSCRAY MAIN,MSLB,197.97,750,CLAY,1/1/1928 12:00:00 AM,1928-01-01,IN,98.0
M102,BRANCH,S,NORTH ESSENDON-FOOTSCRAY MAIN,MSCL,8.99,825,CLAY,1/1/1928 12:00:00 AM,1928-01-01,IN,98.0
M102,BRANCH,S,NORTH ESSENDON-FOOTSCRAY MAIN,MSCL,3.76,750,CLAY,1/1/1928 12:00:00 AM,1928-01-01,IN,98.0
M102,BYPASS,S,NORTH ESSENDON-FOOTSCRAY MAIN,MSCL,7.09,225,CLAY,1/1/1928 12:00:00 AM,1928-01-01,IN,98.0
M102,MAINBG,T,NORTH ESSENDON-FOOTSCRAY MAIN,MS,64.33,750,CLAY,1/1/1928 12:00:00 AM,1928-01-01,IN,98.0
M102,MAINBG,T,NORTH ESSENDON-FOOTSCRAY MAIN,MSLB,16.03,750,CLAY,1/1/1928 12:00:00 AM,1928-01-01,IN,98.0
M102,BRANCH,S,NORTH ESSENDON-FOOTSCRAY MAIN,MSCL,1.63,300,CLAY,1/1/1928 12:00:00 AM,1928-01-01,IN,98.0
M102,BRANCH,S,NORTH ESSENDON-FOOTSCRAY MAIN,MSCL,6.93,300,CLAY,1/1/1928 12:00:00 AM,1928-01-01,IN,98.0
M102,MAINBG,T,NORTH ESSENDON-FOOTSCRAY MAIN,MSLB,2.0,750,CLAY,1/1/1928 12:00:00 AM,1928-01-01,IN,98.0
M102,BRANCH,S,NORTH ESSENDON-FOOTSCRAY MAIN,MSCL,0.75,300,CLAY,1/1/1928 12:00:00 AM,1928-01-01,IN,98.0
M102,BRANCH,S,NORTH ESSENDON-FOOTSCRAY MAIN,MSCL,7.52,300,CLAY,1/1/1928 12:00:00 AM,1928-01-01,IN,98.0
M102,MAINBG,T,NORTH ESSENDON-FOOTSCRAY MAIN,MSLB,5.26,750,CLAY,1/1/1928 12:00:00 AM,1928-01-01,IN,98.0
M102,MAINBG,T,NORTH ESSENDON-FOOTSCRAY MAIN,MSLB,2.06,1150,CLAY,3/20/2008 12:00:00 AM,2008-03-20,IN,18.0
M102,MAINBG,T,NORTH ESSENDON-FOOTSCRAY MAIN,MS,4.46,1150,CLAY,3/20/2008 12:00:00 AM,2008-03-20,IN,18.0
M102,MAINBG,T,NORTH ESSENDON-FOOTSCRAY MAIN,MSLB,2.08,1150,CLAY,1/1/1964 12:00:00 AM,1928-01-01,IN,98.0
M102,MAINBG,T,NORTH ESSENDON-FOOTSCRAY MAIN,MSLB,20.21,1150,CLAY,1/1/1964 12:00:00 AM,1928-01-01,IN,98.0
M078,MAINBG,T,ROSANNA - PRESTON MAIN,MS,1011.33,1150,CLAY,1/1/1940 12:00:00 AM,1940-01-01,IN,86.0
M078,MAINBG,T,ROSANNA - PRESTON MAIN,MS,155.97,1150,CLAY,1/1/1940 12:00:00 AM,1940-01-01,IN,86.0
M078,MAINBG,T,ROSANNA - PRESTON MAIN,MS,461.04,1150,CLAY,1/1/1940 12:00:00 AM,1940-01-01,IN,86.0
M078,MAINBG,T,ROSANNA - PRESTON MAIN,MS,540.35,1150,CLAY,1/1/1940 12:00:00 AM,1940-01-01,IN,86.0
M078,MAINBG,T,ROSANNA - PRESTON MAIN,MS,95.7,1150,CLAY,1/1/1940 12:00:00 AM,1940-01-01,IN,86.0
M078,MAINBG,T,ROSANNA - PRESTON MAIN,MS,313.93,1150,CLAY,1/1/1940 12:00:00 AM,1940-01-01,IN,86.0
M420,MAINBG,T,TARAGO - WESTERN PORT MAIN,MS,2522.21,1050,SAND,1/1/1979 12:00:00 AM,1975-08-01,IN,51.0
M420,MAINBG,T,TARAGO - WESTERN PORT MAIN,MS,12.7,1050,SAND,1/1/1979 12:00:00 AM,1975-08-01,IN,51.0
M420,OFTAKE,S,TARAGO - WESTERN PORT MAIN,MSCL,3.88,150,SAND,1/1/1979 12:00:00 AM,1975-08-01,IN,51.0
M420,OFTAKE,S,TARAGO - WESTERN PORT MAIN,MSCL,7.09,225,SAND,1/1/1979 12:00:00 AM,1975-08-01,IN,51.0
M420,OFTAKE,S,TARAGO - WESTERN PORT MAIN,MSCL,3.35,100,SAND,1/1/1979 12:00:00 AM,1975-08-01,IN,51.0
M420,MAINBG,T,TARAGO - WESTERN PORT MAIN,MS,2955.32,1050,SAND,1/1/1979 12:00:00 AM,1975-08-01,IN,51.0
M420,MAINBG,T,TARAGO - WESTERN PORT MAIN,MS,5.04,1050,SAND,1/1/1979 12:00:00 AM,1975-08-01,IN,51.0
M420,OFTAKE,S,TARAGO - WESTERN PORT MAIN,MSCL,6.68,100,SAND,1/1/1979 12:00:00 AM,1975-08-01,IN,51.0
M420,MAINBG,T,TARAGO - WESTERN PORT MAIN,MS,1687.26,1050,SAND,1/1/1979 12:00:00 AM,1975-08-01,IN,51.0
M420,MAINBG,T,TARAGO - WESTERN PORT MAIN,MS,3536.17,1050,SAND,1/1/1979 12:00:00 AM,1979-01-01,IN,47.0
M420,MAINBG,T,TARAGO - WESTERN PORT MAIN,MS,5.41,1050,SAND,1/1/1979 12:00:00 AM,1975-08-01,IN,51.0
M420,OFTAKE,S,TARAGO - WESTERN PORT MAIN,MSCL,3.35,225,SAND,1/1/1979 12:00:00 AM,1975-08-01,IN,51.0
M420,OFTAKE,S,TARAGO - WESTERN PORT MAIN,MSCL,6.69,100,SAND,1/1/1979 12:00:00 AM,1975-08-01,IN,51.0
M420,OFTAKE,S,TARAGO - WESTERN PORT MAIN,MSCL,6.69,150,SAND,1/1/1979 12:00:00 AM,1975-08-01,IN,51.0
M420,OFTAKE,S,TARAGO - WESTERN PORT MAIN,MSCL,3.35,100,SAND,1/1/1979 12:00:00 AM,1975-08-01,IN,51.0
M420,MAINBG,S,TARAGO - WESTERN PORT MAIN,MS,0.83,1050,SAND,1/1/1979 12:00:00 AM,1975-08-01,IN,51.0
M132,MAINBG,T,SILVA-MT WAVERLY MAIN,MS,1984.21,1700,CLAY,1/1/1957 12:00:00 AM,1957-01-01,IN,69.0
M132,CROSS,S,SILVA-MT WAVERLY MAIN,MSCL,2.34,150,CLAY,1/1/1957 12:00:00 AM,1957-01-01,IN,69.0
M419,OFTAKE,S,LANGWARRIN - BITTERN NO 3 MAIN,MSCL,1.86,200,CLAY,1/1/1971 12:00:00 AM,1972-01-01,IN,54.0
M419,OFTAKE,S,LANGWARRIN - BITTERN NO 3 MAIN,MSCL,1.49,200,CLAY,1/1/1971 12:00:00 AM,1972-01-01,IN,54.0
M419,MAINBG,T,LANGWARRIN - BITTERN NO 3 MAIN,MS,7.9,900,CLAY,1/1/1971 12:00:00 AM,1972-01-01,IN,54.0
M419,BYPASS,S,LANGWARRIN - BITTERN NO 3 MAIN,MSCL,2.06,150,CLAY,1/1/1971 12:00:00 AM,1972-01-01,IN,54.0
M419,BYPASS,S,LANGWARRIN - BITTERN NO 3 MAIN,MSCL,2.36,150,CLAY,1/1/1971 12:00:00 AM,1972-01-01,IN,54.0
M419,MAINBG,T,LANGWARRIN - BITTERN NO 3 MAIN,MS,1.04,900,CLAY,1/1/1971 12:00:00 AM,1972-01-01,IN,54.0
M419,MAINBG,T,LANGWARRIN - BITTERN NO 3 MAIN,MS,241.8,900,CLAY,1/1/1971 12:00:00 AM,1971-01-01,IN,55.0
M419,MAINBG,T,LANGWARRIN - BITTERN NO 3 MAIN,MS,2.36,900,CLAY,1/1/1971 12:00:00 AM,1972-01-01,IN,54.0
M419,MAINBG,T,LANGWARRIN - BITTERN NO 3 MAIN,MS,1.36,900,CLAY,1/1/1971 12:00:00 AM,1971-01-01,IN,55.0
M419,MAINBG,T,LANGWARRIN - BITTERN NO 3 MAIN,MS,983.62,900,CLAY,1/1/1971 12:00:00 AM,1971-01-01,IN,55.0
M440,MAINBG,T,TYABB MORNINGTON MAIN,MS,594.8,1050,CLAY,1/1/1979 12:00:00 AM,1979-01-01,IN,47.0
M420,MAINBG,T,TARAGO - WESTERN PORT MAIN,MS,2925.81,1050,SAND,1/1/1979 12:00:00 AM,1975-08-01,IN,51.0
M420,MAINBG,T,TARAGO - WESTERN PORT MAIN,MS,3.62,1050,SAND,1/1/1979 12:00:00 AM,1975-08-01,IN,51.0
M420,MAINBG,T,TARAGO - WESTERN PORT MAIN,MS,1496.68,1050,SAND,1/1/1979 12:00:00 AM,1979-01-01,IN,47.0
M420,OFTAKE,S,TARAGO - WESTERN PORT MAIN,MSCL,2.76,225,SAND,1/1/1979 12:00:00 AM,1975-08-01,IN,51.0
M420,MAINBG,S,TARAGO - WESTERN PORT MAIN,MSCL,2.76,225,SAND,1/1/1979 12:00:00 AM,1975-08-01,IN,51.0
M420,MAINBG,T,TARAGO - WESTERN PORT MAIN,MS,3194.03,1050,SAND,1/1/1979 12:00:00 AM,1975-08-01,IN,51.0
M420,MAINBG,T,TARAGO - WESTERN PORT MAIN,MS,4.78,1050,SAND,1/1/1979 12:00:00 AM,1975-08-01,IN,51.0
M420,OFTAKE,S,TARAGO - WESTERN PORT MAIN,MSCL,6.68,225,SAND,1/1/1979 12:00:00 AM,1975-08-01,IN,51.0
M420,MAINBG,T,TARAGO - WESTERN PORT MAIN,MS,2657.83,1050,SAND,1/1/1979 12:00:00 AM,1975-08-01,IN,51.0
M420,OFTAKE,S,TARAGO - WESTERN PORT MAIN,MSCL,7.09,100,SAND,1/1/1979 12:00:00 AM,1975-08-01,IN,51.0
M420,OFTAKE,S,TARAGO - WESTERN PORT MAIN,MSCL,6.69,100,SAND,1/1/1979 12:00:00 AM,1975-08-01,IN,51.0
M420,MAINBG,T,TARAGO - WESTERN PORT MAIN,MS,3362.45,1050,SAND,1/1/1979 12:00:00 AM,1975-08-01,IN,51.0
M420,MAINBG,T,TARAGO - WESTERN PORT MAIN,MS,1045.53,1050,SAND,1/1/1979 12:00:00 AM,1975-08-01,IN,51.0
M420,MAINBG,T,TARAGO - WESTERN PORT MAIN,MS,2615.82,1050,SAND,1/1/1979 12:00:00 AM,1975-08-01,IN,51.0
M420,MAINBG,T,TARAGO - WESTERN PORT MAIN,MSCL,2922.65,1050,SAND,1/1/1979 12:00:00 AM,1979-01-01,IN,47.0
M420,OFTAKE,S,TARAGO - WESTERN PORT MAIN,MSCL,3.35,225,SAND,1/1/1979 12:00:00 AM,1975-08-01,IN,51.0
M420,MAINBG,T,TARAGO - WESTERN PORT MAIN,MS,1811.05,1050,SAND,1/1/1979 12:00:00 AM,1975-08-01,IN,51.0
M420,MAINBG,T,TARAGO - WESTERN PORT MAIN,MS,1166.61,1050,SAND,1/1/1979 12:00:00 AM,1979-01-01,IN,47.0
M420,OFTAKE,S,TARAGO - WESTERN PORT MAIN,MSCL,4.16,100,SAND,1/1/1979 12:00:00 AM,1975-08-01,IN,51.0
M474,CROSS,S,ST GEORGES RD REPLACEMENT MAIN,MSCL,0.3,825,UNKN,8/1/2002 12:00:00 AM,2002-09-18,IN,24.0
M474,MAINBG,T,ST GEORGES RD REPLACEMENT MAIN,MS,244.47,1700,UNKN,8/1/2002 12:00:00 AM,2002-08-01,IN,24.0
M474,MAINBG,T,ST GEORGES RD REPLACEMENT MAIN,MS,0.97,1150,UNKN,8/1/2002 12:00:00 AM,2002-09-18,IN,24.0
M420,MAINBG,T,TARAGO - WESTERN PORT MAIN,MS,0.62,1050,SAND,1/1/1979 12:00:00 AM,1975-08-01,IN,51.0
M420,MAINBG,T,TARAGO - WESTERN PORT MAIN,MS,2574.08,1050,SAND,1/1/1979 12:00:00 AM,1975-08-01,IN,51.0
M420,OFTAKE,S,TARAGO - WESTERN PORT MAIN,MSCL,7.09,225,SAND,1/1/1979 12:00:00 AM,1975-08-01,IN,51.0
M420,OFTAKE,S,TARAGO - WESTERN PORT MAIN,MSCL,7.09,100,SAND,1/1/1979 12:00:00 AM,1975-08-01,IN,51.0
M420,OFTAKE,S,TARAGO - WESTERN PORT MAIN,MSCL,6.69,150,SAND,1/1/1979 12:00:00 AM,1975-08-01,IN,51.0
M420,OFTAKE,S,TARAGO - WESTERN PORT MAIN,MSCL,6.68,225,SAND,1/1/1979 12:00:00 AM,1975-08-01,IN,51.0
M420,MAINBG,T,TARAGO - WESTERN PORT MAIN,MS,2800.5,1050,SAND,1/1/1979 12:00:00 AM,1979-01-01,IN,47.0
M420,OFTAKE,S,TARAGO - WESTERN PORT MAIN,MSCL,3.88,150,SAND,1/1/1979 12:00:00 AM,1975-08-01,IN,51.0
M420,MAINBG,T,TARAGO - WESTERN PORT MAIN,MS,5.91,1050,SAND,1/1/1979 12:00:00 AM,1975-08-01,IN,51.0
M420,MAINBG,T,TARAGO - WESTERN PORT MAIN,MS,11.88,1050,SAND,1/1/1979 12:00:00 AM,1975-08-01,IN,51.0
M474,MAINBG,T,ST GEORGES RD REPLACEMENT MAIN,MS,386.54,1700,UNKN,8/1/2002 12:00:00 AM,2002-08-01,IN,24.0
M474,MAINBG,T,ST GEORGES RD REPLACEMENT MAIN,MS,0.88,1150,UNKN,8/1/2002 12:00:00 AM,2002-08-01,IN,24.0
M474,MAINBG,T,ST GEORGES RD REPLACEMENT MAIN,MS,170.86,1700,UNKN,8/1/2002 12:00:00 AM,2002-08-01,IN,24.0
M198,MAINBG,T,SOMERTON HIGH LEVEL MAIN,MS,2.17,600,CRK,1/1/1962 12:00:00 AM,1962-01-01,IN,64.0
M195,MAINBG,T,MT WAVERLY OUTLET MAIN,MS,168.78,1150,SNC,1/1/1962 12:00:00 AM,1962-01-01,IN,64.0
M291,MAINBG,S,SILVAN - OLINDA MAIN,MSEL,1.56,600,CLAY,1/1/1971 12:00:00 AM,1971-01-01,IN,55.0
M289,MAINBG,S,HALLAM NTH. INLET MAIN,MSCL,2.29,225,S&C,1/1/1976 12:00:00 AM,1977-01-01,IN,49.0
M420,OFTAKE,S,TARAGO - WESTERN PORT MAIN,MSCL,2.49,150,SAND,1/1/1979 12:00:00 AM,1975-08-01,IN,51.0
M197,OFTAKE,S,SILVAN-PRESTON MAIN,MSCL,0.91,300,TOPS,1/1/1962 12:00:00 AM,1962-01-01,IN,64.0
M462,MAINBG,T,LANGWARRIN-FRANKSTON NO 2 MAIN,MS,2.2,600,SAND,1/1/1967 12:00:00 AM,1967-01-01,IN,59.0
M258,MAINBG,T,MAROONDAH AQUADUCT REPLACEMENT,MS,1101.54,2100,SAND,1/1/1975 12:00:00 AM,1975-01-01,IN,51.0
M258,MAINBG,T,MAROONDAH AQUADUCT REPLACEMENT,MS,3202.6,2100,SAND,1/1/1967 12:00:00 AM,1978-01-01,IN,48.0
M258,MAINBG,T,MAROONDAH AQUADUCT REPLACEMENT,MS,910.46,2100,SAND,1/1/1967 12:00:00 AM,1967-01-01,IN,59.0
M258,MAINBG,T,MAROONDAH AQUADUCT REPLACEMENT,MS,863.03,2100,SAND,1/1/1977 12:00:00 AM,1980-01-01,IN,46.0
M258,MAINBG,T,MAROONDAH AQUADUCT REPLACEMENT,MS,1497.13,2100,SAND,1/1/1976 12:00:00 AM,1976-01-01,IN,50.0
M258,MAINBG,T,MAROONDAH AQUADUCT REPLACEMENT,MS,461.35,2100,SAND,1/1/1967 12:00:00 AM,1967-01-01,IN,59.0
M258,MAINBG,T,MAROONDAH AQUADUCT REPLACEMENT,MS,1798.68,2100,SAND,1/1/1968 12:00:00 AM,1968-08-26,IN,58.0
M420,MAINBG,T,TARAGO - WESTERN PORT MAIN,MS,134.68,1150,SAND,1/1/1979 12:00:00 AM,1973-08-01,IN,53.0
M474,MAINBG,T,ST GEORGES RD REPLACEMENT MAIN,MS,1172.79,1700,UNKN,11/19/1999 12:00:00 AM,2000-03-15,IN,26.0
M474,MAINBG,T,ST GEORGES RD REPLACEMENT MAIN,MS,98.73,1700,UNKN,8/1/2002 12:00:00 AM,2002-09-18,IN,24.0
M474,BYPASS,S,ST GEORGES RD REPLACEMENT MAIN,MSCL,0.9,225,UNKN,8/1/2002 12:00:00 AM,2002-09-18,IN,24.0
M197,MAINBG,T,SILVAN-PRESTON MAIN,MS,16.96,1700,SAND,1/1/1962 12:00:00 AM,1962-01-01,IN,64.0
M257,MAINBG,T,ST ALBANS OUTLET MAIN,MS,276.54,1150,CRK,1/1/1974 12:00:00 AM,1974-01-01,IN,52.0
M332,MAINBG,T,WINNEKE-PRESTON (SLOAF RES.MN),MS,4.79,2100,SAND,1/1/1980 12:00:00 AM,2006-11-01,IN,20.0
M420,OFTAKE,S,TARAGO - WESTERN PORT MAIN,MSCL,2.16,100,SAND,1/1/1979 12:00:00 AM,1975-08-01,IN,51.0
M333,MAINBG,T,GREENVALE-YUROKE-SYDENHAM,MS,1.98,1150,CRK,1/1/1978 12:00:00 AM,1978-01-01,IN,48.0
M474,BYPASS,S,ST GEORGES RD REPLACEMENT MAIN,MSCL,0.7,150,SAND,1/1/1995 12:00:00 AM,1996-08-01,IN,30.0
M281,BYPASS,S,CARDINIA-DAND'G-NOTTING HILL M,MSCL,1.76,300,CLAY,1/1/1974 12:00:00 AM,1974-01-01,IN,52.0
M273,BYPASS,S,CARDINIA BYPASS,MSEL,1.61,225,S&C,1/1/1971 12:00:00 AM,1971-01-01,IN,55.0
M103,CONN,T,CORANDERRK WEIR TO DICKS BASIN,MS,4.31,1150,CLAY,1/1/1931 12:00:00 AM,1930-09-05,IN,96.0
M055,CROSS,S,NO 1 OLINDA-MITCHAM MAIN,CI,1.8,300,CLAY,1/1/1927 12:00:00 AM,1912-01-01,IN,114.0
M197,CROSS,S,SILVAN-PRESTON MAIN,MSCL,1.17,300,CLAY,1/1/1962 12:00:00 AM,1975-01-01,IN,51.0
M440,MAINBG,T,TYABB MORNINGTON MAIN,MS,170.24,1050,CLAY,1/1/1979 12:00:00 AM,1979-01-01,IN,47.0
M440,MAINBG,T,TYABB MORNINGTON MAIN,MS,1.0,1050,CLAY,1/1/1979 12:00:00 AM,1979-01-01,IN,47.0
M462,OFTAKE,T,LANGWARRIN-FRANKSTON NO 2 MAIN,MS,1.12,450,SAND,1/1/1967 12:00:00 AM,1967-01-01,IN,59.0
M160,MAINBG,T,PRESTON - FOOTSCRAY MAIN,MS,162.41,1350,CLAY,1/1/1958 12:00:00 AM,1958-02-01,IN,68.0
M192,MAINBG,T,EPPING-GREENVALE MAIN,MS,236.21,825,SAND,1/1/1971 12:00:00 AM,1971-01-01,IN,55.0
M132,CROSS,S,SILVA-MT WAVERLY MAIN,MSCL,1.52,600,SAND,1/1/1983 12:00:00 AM,1983-01-01,IN,43.0
M350,CROSS,S,WESTERN TRANSFER MAIN,MSCL,18.34,1150,CLAY,1/1/1983 12:00:00 AM,1984-01-01,IN,42.0
M132,CROSS,S,SILVA-MT WAVERLY MAIN,MSCL,0.48,150,CLAY,1/1/1957 12:00:00 AM,1957-01-01,IN,69.0
M478,MAINBG,T,CARDINIA - PEARCEDALE DUP,MS,2.7,600,CRK,1/1/2001 12:00:00 AM,2001-01-01,IN,25.0
M258,MAINBG,T,MAROONDAH AQUADUCT REPLACEMENT,MS,1765.66,2100,SAND,1/1/1977 12:00:00 AM,1978-01-01,IN,48.0
M281,MAINBG,T,CARDINIA-DAND'G-NOTTING HILL M,MS,46.59,1700,SAND,1/1/1974 12:00:00 AM,1974-01-01,IN,52.0
M078,BYPASS,S,ROSANNA - PRESTON MAIN,MSCL,5.01,225,CRK,1/1/1976 12:00:00 AM,1976-01-01,IN,50.0
M387,BYPASS,S,SILVAN SEVILLE MAIN,MSCL,0.39,150,CRK,1/1/1996 12:00:00 AM,1996-01-01,IN,30.0
M275,BYPASS,S,MCMAHONS CK DIVERSION MAIN,MSCL,8.1,225,CRK,1/1/1968 12:00:00 AM,1969-01-01,IN,57.0
M132,BYPASS,S,SILVA-MT WAVERLY MAIN,MSCL,0.94,225,CRK,1/1/1975 12:00:00 AM,1981-01-01,IN,45.0
M474,BYPASS,S,ST GEORGES RD REPLACEMENT MAIN,MSCL,0.96,225,SAND,1/1/1995 12:00:00 AM,1996-07-25,IN,30.0
M158,MAINBG,S,SURREY HILLS - ROSANNA,MSCL,20.32,225,CLAY,1/1/1957 12:00:00 AM,1959-01-01,IN,67.0
M104,CONN,S,MORANG OUTLET,MSCL,0.88,225,CRK,1/1/1989 12:00:00 AM,2005-05-02,IN,21.0
M113,CROSS,S,MITCHAM - SURREY HILLS DUP.,CICL,0.96,150,CLAY,1/1/1984 12:00:00 AM,1939-01-01,IN,87.0
M440,MAINAG,T,TYABB MORNINGTON MAIN,MS,0.45,1000,CLAY,1/1/1979 12:00:00 AM,1979-01-01,IN,47.0
M054,OFTAKE,S,OLINDA-MITCHAM NO.2,MSCL,2.72,600,CLAY,1/1/1984 12:00:00 AM,1926-01-01,IN,100.0
M231,MAINBG,T,YARRA-SILVAN CONDUIT NO.2 MAIN,MS,3992.03,1700,SS&C,1/1/1964 12:00:00 AM,1964-01-01,IN,62.0
M462,MAINBG,T,LANGWARRIN-FRANKSTON NO 2 MAIN,MS,0.89,900,SAND,1/1/1967 12:00:00 AM,1967-01-01,IN,59.0
M055,MAINBG,T,NO 1 OLINDA-MITCHAM MAIN,MSLB,24.31,900,CLAY,1/1/1978 12:00:00 AM,1914-01-01,IN,112.0
M350,CROSS,S,WESTERN TRANSFER MAIN,MSCL,1.29,1150,CLAY,1/1/1983 12:00:00 AM,1984-01-01,IN,42.0
M132,CROSS,S,SILVA-MT WAVERLY MAIN,MSCL,0.75,300,CLAY,1/1/1954 12:00:00 AM,1957-01-01,IN,69.0
M132,CROSS,S,SILVA-MT WAVERLY MAIN,MSCL,1.7,150,CLAY,1/1/1957 12:00:00 AM,1966-08-02,IN,60.0
M281,MAINBG,T,CARDINIA-DAND'G-NOTTING HILL M,MS,16.06,1700,SNC,1/1/1974 12:00:00 AM,1976-01-01,IN,50.0
M055,MAINBG,T,NO 1 OLINDA-MITCHAM MAIN,MSLB,14.07,900,CLAY,1/1/1914 12:00:00 AM,1914-01-01,IN,112.0
A007,INLET,T,O'SHANNASSY,MS,403.55,1350,CLAY,1/1/1931 12:00:00 AM,1931-01-01,IN,95.0
M190,MAINBG,S,YAN YEAN-EPPING MAIN,MS,3.98,1150,CLAY,1/1/1960 12:00:00 AM,1960-01-01,IN,66.0
M055,OFTAKE,S,NO 1 OLINDA-MITCHAM MAIN,MSCL,1.18,100,CLAY,1/1/1976 12:00:00 AM,1914-01-01,IN,112.0
M022,MAINBG,T,MITCHAM-NOTTING HILL MAIN,MSLB,2.21,600,CLAY,1/1/1975 12:00:00 AM,1927-01-01,IN,99.0
M056,MAINBG,T,OLINDA-MITCHAM NO.3,MS,595.33,1150,CLAY,1/1/1984 12:00:00 AM,1936-01-01,IN,90.0
M193,MAINBG,T,KENNY ST-BROADMEADOWS MAIN,MS,90.65,1150,CLAY,1/1/1965 12:00:00 AM,1971-01-01,IN,55.0
M158,MAINBG,S,SURREY HILLS - ROSANNA,MSCL,0.5,150,CLAY,1/1/1957 12:00:00 AM,2005-06-02,IN,21.0
M113,MAINBG,T,MITCHAM - SURREY HILLS DUP.,MS,105.32,1150,CLAY,1/1/1984 12:00:00 AM,1939-01-01,IN,87.0
M022,BRANCH,S,MITCHAM-NOTTING HILL MAIN,MSCL,3.51,375,CLAY,1/1/1974 12:00:00 AM,1985-01-01,IN,41.0
M192,MAINBG,T,EPPING-GREENVALE MAIN,MS,303.21,1350,UNKN,5/8/2007 12:00:00 AM,2007-05-08,IN,19.0
M268,BYPASS,S,MT VIEW OUTLET MAIN,MSCL,0.82,225,SLCL,1/1/1983 12:00:00 AM,1968-01-01,IN,58.0
M281,BYPASS,S,CARDINIA-DAND'G-NOTTING HILL M,MSCL,1.03,300,SAND,1/1/1974 12:00:00 AM,1984-01-01,IN,42.0
M268,BYPASS,S,MT VIEW OUTLET MAIN,MSCL,1.39,225,S&C,1/1/1965 12:00:00 AM,1968-01-01,IN,58.0
M158,BYPASS,S,SURREY HILLS - ROSANNA,MSCL,1.02,225,CLAY,1/1/1957 12:00:00 AM,1957-01-01,IN,69.0
M158,CONN,S,SURREY HILLS - ROSANNA,MSCL,1.13,225,CLAY,1/1/1957 12:00:00 AM,1957-01-01,IN,69.0
M354,CROSS,S,SILVAN - MT WAVERLY NO 2 MAIN,MSEL,0.6,1150,CLAY,1/1/1978 12:00:00 AM,1978-01-01,IN,48.0
M475,MAINBG,T,PAKENHAM RES NO.2 INLET MAIN,MS,421.99,600,CRK,11/25/1997 12:00:00 AM,1997-07-25,IN,29.0
M420,MAINBG,T,TARAGO - WESTERN PORT MAIN,MS,0.54,1050,SAND,1/1/1979 12:00:00 AM,1975-08-01,IN,51.0
M350,CROSS,S,WESTERN TRANSFER MAIN,MSCL,1.23,225,CLAY,1/1/1983 12:00:00 AM,1984-01-01,IN,42.0
M350,CROSS,S,WESTERN TRANSFER MAIN,MSCL,0.86,1150,CLAY,1/1/1983 12:00:00 AM,1984-01-01,IN,42.0
M132,CROSS,S,SILVA-MT WAVERLY MAIN,MSCL,1.42,450,CLAY,1/1/1957 12:00:00 AM,1985-01-01,IN,41.0
M281,MAINBG,T,CARDINIA-DAND'G-NOTTING HILL M,MS,21.0,1700,SAND,1/1/1974 12:00:00 AM,1974-01-01,IN,52.0
M104,MAINBG,T,MORANG OUTLET,WI,1.11,800,CRK,1/1/1989 12:00:00 AM,1989-01-01,IN,37.0
M478,CROSS,S,CARDINIA - PEARCEDALE DUP,MSCL,1.646,600,CRK,1/1/2001 12:00:00 AM,2001-01-01,IN,25.0
M195,MAINBG,T,MT WAVERLY OUTLET MAIN,MS,6.67,1150,CLAY,1/1/1962 12:00:00 AM,1962-01-01,IN,64.0
M041,MAINAG,T,MERRI CK - NORTHCOTE-PUNT RD,MS,23.18,1280,CLAY,1/1/1928 12:00:00 AM,1928-01-01,IN,98.0
M076,MAINAG,T,"HIGH ST RD, MT WAVERLY MAIN",MSLB,34.92,750,CLAY,1/1/1979 12:00:00 AM,1928-01-01,IN,98.0
M194,MAINBG,T,EPPING-PRESTON MAIN,MS,1.48,1150,CLAY,1/1/1960 12:00:00 AM,1960-01-01,IN,66.0
M078,MAINBG,S,ROSANNA - PRESTON MAIN,MS,1.269,600,CLAY,1/1/1940 12:00:00 AM,1940-01-01,IN,86.0
M002,MAINBG,S,SURREY HILLS RES,MS,12.93,1150,CLAY,1/1/1939 12:00:00 AM,1939-01-01,IN,87.0
M283,MAINBG,S,YARRA VALLEY CONDUIT MAIN,MSEL,1.97,1150,SLCL,1/1/1973 12:00:00 AM,1976-01-01,IN,50.0
M076,MAINBG,T,"HIGH ST RD, MT WAVERLY MAIN",MSLB,3.85,900,CLAY,1/1/1979 12:00:00 AM,1928-01-01,IN,98.0
M197,MAINBG,T,SILVAN-PRESTON MAIN,MS,4.2,825,CLAY,1/1/1962 12:00:00 AM,1962-01-01,IN,64.0
M420,MAINBG,T,TARAGO - WESTERN PORT MAIN,MS,54.92,1050,SAND,1/1/1979 12:00:00 AM,1975-08-01,IN,51.0
M420,MAINBG,T,TARAGO - WESTERN PORT MAIN,MS,2669.69,1050,SAND,1/1/1979 12:00:00 AM,1975-08-01,IN,51.0
M420,OFTAKE,S,TARAGO - WESTERN PORT MAIN,MSCL,2.76,100,SAND,1/1/1979 12:00:00 AM,1975-08-01,IN,51.0
M420,OFTAKE,S,TARAGO - WESTERN PORT MAIN,MSCL,2.76,100,SAND,1/1/1979 12:00:00 AM,1975-08-01,IN,51.0
M420,MAINBG,T,TARAGO - WESTERN PORT MAIN,MS,14.63,1050,SAND,1/1/1979 12:00:00 AM,1979-01-01,IN,47.0
M420,MAINBG,T,TARAGO - WESTERN PORT MAIN,MS,2737.57,1050,SAND,1/1/1979 12:00:00 AM,1975-08-01,IN,51.0
M420,OFTAKE,S,TARAGO - WESTERN PORT MAIN,MSCL,3.88,100,SAND,1/1/1979 12:00:00 AM,1975-08-01,IN,51.0
M420,OFTAKE,S,TARAGO - WESTERN PORT MAIN,MSCL,6.68,100,SAND,1/1/1979 12:00:00 AM,1975-08-01,IN,51.0
M420,MAINBG,T,TARAGO - WESTERN PORT MAIN,MS,2208.65,1050,SAND,1/1/1979 12:00:00 AM,1975-08-01,IN,51.0
M420,MAINBG,T,TARAGO - WESTERN PORT MAIN,MS,1944.08,1050,SAND,1/1/1979 12:00:00 AM,1975-08-01,IN,51.0
M182,MAINBG,T,BROOKLYN-GALVIN-LAVERTON MAIN,MSEL,12.67,900,CLAY,1/1/1961 12:00:00 AM,1961-01-01,IN,65.0
M182,MAINBG,T,BROOKLYN-GALVIN-LAVERTON MAIN,MSEL,43.33,900,CLAY,1/1/1961 12:00:00 AM,1961-01-01,IN,65.0
M182,MAINBG,T,BROOKLYN-GALVIN-LAVERTON MAIN,MSCL,224.38,600,CLAY,1/1/1961 12:00:00 AM,1961-01-01,IN,65.0
M182,MAINBG,T,BROOKLYN-GALVIN-LAVERTON MAIN,MSCL,51.91,600,CLAY,1/1/1961 12:00:00 AM,1961-01-01,IN,65.0
M182,MAINBG,T,BROOKLYN-GALVIN-LAVERTON MAIN,MSCL,11.96,600,CLAY,1/1/1974 12:00:00 AM,1974-01-01,IN,52.0
M182,MAINBG,T,BROOKLYN-GALVIN-LAVERTON MAIN,MSCL,66.41,600,CLAY,1/1/1974 12:00:00 AM,1974-01-01,IN,52.0
M182,MAINBG,T,BROOKLYN-GALVIN-LAVERTON MAIN,MSCL,7.07,600,CLAY,1/1/1969 12:00:00 AM,1969-01-01,IN,57.0
M182,MAINBG,T,BROOKLYN-GALVIN-LAVERTON MAIN,MSCL,69.41,600,CLAY,1/1/1961 12:00:00 AM,1961-01-01,IN,65.0
M182,MAINBG,T,BROOKLYN-GALVIN-LAVERTON MAIN,MSEL,641.09,900,CLAY,1/1/1961 12:00:00 AM,1961-01-01,IN,65.0
M182,MAINBG,T,BROOKLYN-GALVIN-LAVERTON MAIN,MSCL,1.83,600,CLAY,1/1/1961 12:00:00 AM,1961-01-01,IN,65.0
M182,MAINBG,S,BROOKLYN-GALVIN-LAVERTON MAIN,MSCL,2.0,375,CLAY,1/1/1961 12:00:00 AM,1961-01-01,IN,65.0
M182,MAINBG,T,BROOKLYN-GALVIN-LAVERTON MAIN,MSCL,255.56,600,CLAY,1/1/1961 12:00:00 AM,1961-01-01,IN,65.0
M102,MAINBG,T,NORTH ESSENDON-FOOTSCRAY MAIN,MSLBCL,618.94,750,CLAY,1/1/1928 12:00:00 AM,1928-01-01,IN,98.0
M182,MAINBG,T,BROOKLYN-GALVIN-LAVERTON MAIN,MSEL,3.99,900,CLAY,1/1/1961 12:00:00 AM,1961-01-01,IN,65.0
M182,MAINBG,T,BROOKLYN-GALVIN-LAVERTON MAIN,MSCL,2.18,600,CLAY,1/1/1961 12:00:00 AM,1961-01-01,IN,65.0
M182,MAINBG,T,BROOKLYN-GALVIN-LAVERTON MAIN,MSCL,48.58,600,CLAY,1/1/1978 12:00:00 AM,1978-01-01,IN,48.0
M182,MAINBG,T,BROOKLYN-GALVIN-LAVERTON MAIN,MSEL,607.27,900,CLAY,1/1/1961 12:00:00 AM,1961-01-01,IN,65.0
M182,MAINBG,T,BROOKLYN-GALVIN-LAVERTON MAIN,MSCL,1.23,825,CLAY,1/1/1966 12:00:00 AM,1966-01-01,IN,60.0
M182,MAINBG,T,BROOKLYN-GALVIN-LAVERTON MAIN,MSEL,10.99,900,CLAY,1/1/1961 12:00:00 AM,1961-01-01,IN,65.0
M182,MAINBG,T,BROOKLYN-GALVIN-LAVERTON MAIN,MSCL,252.49,600,CLAY,1/1/1968 12:00:00 AM,1968-01-01,IN,58.0
M182,MAINBG,T,BROOKLYN-GALVIN-LAVERTON MAIN,MSEL,530.01,900,CLAY,1/1/1961 12:00:00 AM,1961-01-01,IN,65.0
M182,MAINBG,T,BROOKLYN-GALVIN-LAVERTON MAIN,MSCL,72.86,600,CLAY,1/1/1961 12:00:00 AM,1961-01-01,IN,65.0
M478,CROSS,S,CARDINIA - PEARCEDALE DUP,MSCL,25.553,300,CRK,1/1/2001 12:00:00 AM,2001-01-01,IN,25.0
M478,MAINBG,T,CARDINIA - PEARCEDALE DUP,MS,16.72,1150,CRK,1/1/2001 12:00:00 AM,2001-01-01,IN,25.0
M478,CROSS,S,CARDINIA - PEARCEDALE DUP,MSCL,0.974,225,CRK,1/1/2001 12:00:00 AM,2001-01-01,IN,25.0
M478,CROSS,S,CARDINIA - PEARCEDALE DUP,MSCL,0.974,225,CRK,2/24/2015 12:00:00 AM,2015-02-24,IN,11.0
M478,CROSS,S,CARDINIA - PEARCEDALE DUP,MSCL,25.553,300,CRK,1/1/2001 12:00:00 AM,2001-01-01,IN,25.0
M478,CROSS,S,CARDINIA - PEARCEDALE DUP,MSCL,0.974,225,CRK,2/24/2015 12:00:00 AM,2015-02-24,IN,11.0
M478,MAINBG,T,CARDINIA - PEARCEDALE DUP,MS,2.9,1150,CRK,1/1/2001 12:00:00 AM,2001-01-01,IN,25.0
M478,CROSS,S,CARDINIA - PEARCEDALE DUP,MSCL,1.0,225,CRK,1/1/2001 12:00:00 AM,2001-01-01,IN,25.0
M039,MAINBG,T,NORTHCOTE - PUNT RD,MS,11.03,600,CLAY,1/1/1894 12:00:00 AM,1907-01-01,IN,119.0
M161,MAINBG,T,YARRA-SILVAN CONDUIT NO 1,MS,106.65,1700,CST,1/1/1946 12:00:00 AM,1946-01-01,IN,80.0
M161,MAINBG,T,YARRA-SILVAN CONDUIT NO 1,MS,3784.88,1700,CLAY,1/1/1946 12:00:00 AM,1946-01-01,IN,80.0
M161,MAINBG,T,YARRA-SILVAN CONDUIT NO 1,MS,3557.79,1700,SS&C,1/1/1946 12:00:00 AM,1946-01-01,IN,80.0
M231,MAINBG,T,YARRA-SILVAN CONDUIT NO.2 MAIN,MS,3891.76,1700,CLAY,1/1/1964 12:00:00 AM,1964-01-01,IN,62.0
M231,MAINBG,T,YARRA-SILVAN CONDUIT NO.2 MAIN,MS,4484.82,1700,SS&C,1/1/1964 12:00:00 AM,1964-01-01,IN,62.0
M372,MAINBG,T,LUSATIA PARK MAIN,MS,1.75,300,SAND,1/1/1986 12:00:00 AM,1984-09-01,IN,42.0
M103,CONN,T,CORANDERRK WEIR TO DICKS BASIN,MS,1.46,600,CLAY,1/1/1931 12:00:00 AM,1930-09-05,IN,96.0
M046,CROSS,S,MITCHAM-SURREY HILLS MAIN,CICL,1.09,150,CLAY,1/1/1912 12:00:00 AM,1912-01-01,IN,114.0
M231,MAINBG,T,YARRA-SILVAN CONDUIT NO.2 MAIN,MS,2100.25,1700,CLAY,1/1/1964 12:00:00 AM,1964-01-01,IN,62.0
M055,MAINBG,T,NO 1 OLINDA-MITCHAM MAIN,MS,2.19,825,CRK,1/1/1992 12:00:00 AM,1992-01-01,IN,34.0
M350,CROSS,S,WESTERN TRANSFER MAIN,MSCL,3.32,1150,CLAY,1/1/1983 12:00:00 AM,1984-01-01,IN,42.0
M131,CROSS,S,MT VIEW-DANDENONG MAIN,MSCL,1.1,375,CRK,1/1/1958 12:00:00 AM,1958-01-01,IN,68.0
M132,CROSS,S,SILVA-MT WAVERLY MAIN,MSCL,1.0,225,CLAY,1/1/1957 12:00:00 AM,1957-01-01,IN,69.0
M281,MAINBG,T,CARDINIA-DAND'G-NOTTING HILL M,MS,489.18,1700,SAND,1/1/1974 12:00:00 AM,1974-01-01,IN,52.0
M420,OFTAKE,S,TARAGO - WESTERN PORT MAIN,MSCL,3.18,150,SAND,1/1/1979 12:00:00 AM,1975-08-01,IN,51.0
M420,OFTAKE,S,TARAGO - WESTERN PORT MAIN,MSCL,3.31,150,SAND,1/1/1979 12:00:00 AM,1975-08-01,IN,51.0
M420,OFTAKE,S,TARAGO - WESTERN PORT MAIN,MSCL,3.18,150,SAND,1/1/1979 12:00:00 AM,1975-08-01,IN,51.0
M420,MAINBG,T,TARAGO - WESTERN PORT MAIN,MS,4.73,1050,SAND,1/1/1979 12:00:00 AM,1975-08-01,IN,51.0
M420,MAINBG,T,TARAGO - WESTERN PORT MAIN,MS,0.91,1050,SAND,1/1/1979 12:00:00 AM,1975-08-01,IN,51.0
M420,OFTAKE,S,TARAGO - WESTERN PORT MAIN,MSCL,3.31,150,SAND,1/1/1979 12:00:00 AM,1975-08-01,IN,51.0
M420,OFTAKE,S,TARAGO - WESTERN PORT MAIN,MSCL,3.18,100,SAND,1/1/1979 12:00:00 AM,1975-08-01,IN,51.0
M420,OFTAKE,S,TARAGO - WESTERN PORT MAIN,MSCL,3.18,100,SAND,1/1/1979 12:00:00 AM,1975-08-01,IN,51.0
M022,MAINBG,T,MITCHAM-NOTTING HILL MAIN,MS,0.7,600,CLAY,1/1/1974 12:00:00 AM,1927-01-01,IN,99.0
M192,MAINBG,T,EPPING-GREENVALE MAIN,MS,9.447,800,CRK,1/1/1989 12:00:00 AM,1989-01-01,IN,37.0
M420,CONN,S,TARAGO - WESTERN PORT MAIN,MSCL,1.22,225,SAND,1/1/1979 12:00:00 AM,1975-08-01,IN,51.0
M420,OFTAKE,S,TARAGO - WESTERN PORT MAIN,MSCL,1.16,100,SAND,1/1/1979 12:00:00 AM,1975-08-01,IN,51.0
M420,OFTAKE,S,TARAGO - WESTERN PORT MAIN,MSCL,0.92,100,SAND,1/1/1979 12:00:00 AM,1975-08-01,IN,51.0
M420,MAINBG,T,TARAGO - WESTERN PORT MAIN,MS,3.41,1050,SAND,1/1/1979 12:00:00 AM,1975-08-01,IN,51.0
M276,MAINBG,T,ARMSTRONG CRK DIVERSION MAIN,MS,212.01,900,CRK,1/1/1969 12:00:00 AM,1969-01-01,IN,57.0
M276,MAINBG,T,ARMSTRONG CRK DIVERSION MAIN,MS,10.31,1150,CRK,1/1/1969 12:00:00 AM,1969-01-01,IN,57.0
M276,MAINBG,T,ARMSTRONG CRK DIVERSION MAIN,MS,396.98,600,CRK,1/1/1969 12:00:00 AM,1969-01-01,IN,57.0
M276,MAINBG,T,ARMSTRONG CRK DIVERSION MAIN,MS,7.27,900,CRK,1/1/1969 12:00:00 AM,1969-01-01,IN,57.0
M372,MAINBG,T,LUSATIA PARK MAIN,MS,1468.43,375,SAND,1/1/1986 12:00:00 AM,1984-09-01,IN,42.0
M372,BYPASS,S,LUSATIA PARK MAIN,MSCL,2.48,300,CRK,1/1/1986 12:00:00 AM,1984-09-01,IN,42.0
M372,BYPASS,S,LUSATIA PARK MAIN,MSCL,1.99,300,CRK,1/1/1986 12:00:00 AM,1984-09-01,IN,42.0
M372,BYPASS,S,LUSATIA PARK MAIN,MSCL,2.59,300,CRK,1/1/1986 12:00:00 AM,1984-09-01,IN,42.0
M372,CONN,T,LUSATIA PARK MAIN,MS,1.41,300,CRK,1/1/1986 12:00:00 AM,1984-09-01,IN,42.0
M372,CONN,T,LUSATIA PARK MAIN,MS,1.98,300,CRK,1/1/1986 12:00:00 AM,1984-09-01,IN,42.0
M372,CONN,T,LUSATIA PARK MAIN,MS,1.54,300,CRK,1/1/1986 12:00:00 AM,1984-09-01,IN,42.0
M372,CONN,S,LUSATIA PARK MAIN,MSCL,28.31,300,CRK,1/1/1986 12:00:00 AM,1984-09-01,IN,42.0
M372,CONN,S,LUSATIA PARK MAIN,MSCL,1.69,300,SAND,1/1/1964 12:00:00 AM,1984-09-01,IN,42.0
M372,CONN,S,LUSATIA PARK MAIN,MSCL,1.14,300,SAND,1/1/1964 12:00:00 AM,1984-09-01,IN,42.0
M372,CONN,S,LUSATIA PARK MAIN,MSCL,1.14,300,SAND,1/1/1964 12:00:00 AM,1984-09-01,IN,42.0
M372,CROSS,S,LUSATIA PARK MAIN,MS,1.57,300,SAND,1/1/1964 12:00:00 AM,1964-01-01,IN,62.0
M372,CONN,S,LUSATIA PARK MAIN,MSCL,1.69,300,CRK,1/1/1986 12:00:00 AM,1984-09-01,IN,42.0
M372,CONN,S,LUSATIA PARK MAIN,MSCL,1.14,300,CRK,1/1/1986 12:00:00 AM,1984-09-01,IN,42.0
M281,MAINBG,T,CARDINIA-DAND'G-NOTTING HILL M,MS,430.24,1700,SNC,1/1/1974 12:00:00 AM,1976-01-01,IN,50.0
M258,MAINBG,T,MAROONDAH AQUADUCT REPLACEMENT,MS,7.17,2100,SAND,1/1/1979 12:00:00 AM,1979-01-01,IN,47.0
M348,MAINBG,T,MORANG BCH OF WINNEKE-PRESTON,MS,2552.37,2100,CRK,1/1/1980 12:00:00 AM,1980-01-01,IN,46.0
M281,MAINBG,T,CARDINIA-DAND'G-NOTTING HILL M,MS,184.21,1700,SAND,1/1/1974 12:00:00 AM,1974-01-01,IN,52.0
M055,OFTAKE,S,NO 1 OLINDA-MITCHAM MAIN,MSCL,0.59,150,CLAY,1/1/1963 12:00:00 AM,1914-01-01,IN,112.0
M041,OFTAKE,S,MERRI CK - NORTHCOTE-PUNT RD,MSCL,1.59,300,CLAY,1/1/1928 12:00:00 AM,1928-01-01,IN,98.0
M160,MAINBG,T,PRESTON - FOOTSCRAY MAIN,MS,52.55,1350,CLAY,1/1/1958 12:00:00 AM,1958-02-01,IN,68.0
M192,MAINBG,T,EPPING-GREENVALE MAIN,MS,13.23,825,SAND,1/1/1971 12:00:00 AM,1971-01-01,IN,55.0
M280,MAINBG,T,GREENVALE RESERVOIR OUTLET,MS,169.58,1350,CRK,1/1/1971 12:00:00 AM,1971-01-01,IN,55.0
M194,MAINBG,S,EPPING-PRESTON MAIN,MS,4.11,1150,CLAY,1/1/1960 12:00:00 AM,1960-01-01,IN,66.0
M194,MAINBG,T,EPPING-PRESTON MAIN,MS,523.05,1150,CLAY,1/1/1960 12:00:00 AM,1960-01-01,IN,66.0
M194,MAINBG,T,EPPING-PRESTON MAIN,MS,542.4,1150,CLAY,1/1/1960 12:00:00 AM,1960-01-01,IN,66.0
M478,MAINBG,T,CARDINIA - PEARCEDALE DUP,MS,1809.8,1350,CRK,1/1/2001 12:00:00 AM,2001-01-01,IN,25.0
M022,MAINBG,T,MITCHAM-NOTTING HILL MAIN,MSLB,0.65,600,CLAY,1/1/1975 12:00:00 AM,1955-01-01,IN,71.0
M232,MAINBG,T,HARRIS GULLY MAIN,MS,1.55,1150,CLAY,1/1/1965 12:00:00 AM,1965-01-01,IN,61.0
M232,MAINBG,S,HARRIS GULLY MAIN,MS,0.32,150,CLAY,1/1/1965 12:00:00 AM,1965-01-01,IN,61.0
M232,MAINBG,T,HARRIS GULLY MAIN,MS,2.14,1150,CLAY,1/1/1965 12:00:00 AM,1965-01-01,IN,61.0
M232,MAINBG,S,HARRIS GULLY MAIN,MS,3.04,150,CLAY,1/1/1965 12:00:00 AM,1965-01-01,IN,61.0
M372,CONN,S,LUSATIA PARK MAIN,MSCL,1.14,300,CRK,1/1/1986 12:00:00 AM,1984-09-01,IN,42.0
M372,CONN,S,LUSATIA PARK MAIN,MSCL,1.57,300,CRK,1/1/1986 12:00:00 AM,1984-09-01,IN,42.0
M372,MAINBG,T,LUSATIA PARK MAIN,MS,153.66,300,SAND,1/1/1985 12:00:00 AM,1984-09-01,IN,42.0
M372,MAINBG,T,LUSATIA PARK MAIN,MS,0.5,300,SAND,1/1/1985 12:00:00 AM,1984-09-01,IN,42.0
M372,MAINBG,T,LUSATIA PARK MAIN,MS,0.51,300,SAND,1/1/1985 12:00:00 AM,1984-09-01,IN,42.0
M372,MAINBG,T,LUSATIA PARK MAIN,MS,23.45,300,CRK,1/1/1986 12:00:00 AM,1986-01-01,IN,40.0
M372,MAINBG,T,LUSATIA PARK MAIN,DI,15.53,300,SAND,1/1/1985 12:00:00 AM,1984-09-01,IN,42.0
M113,MAINBG,T,MITCHAM - SURREY HILLS DUP.,MS,736.05,1150,CLAY,1/1/1984 12:00:00 AM,1939-01-01,IN,87.0
M182,BRANCH,S,BROOKLYN-GALVIN-LAVERTON MAIN,MSCL,2.51,150,CLAY,1/1/1961 12:00:00 AM,1961-01-01,IN,65.0
M078,BYPASS,S,ROSANNA - PRESTON MAIN,MSCL,0.89,225,CRK,1/1/1976 12:00:00 AM,1976-01-01,IN,50.0
M402,BYPASS,S,GREENVALE - OUTLET NO 2 MAIN,MSCL,7.67,225,CRK,1/1/1971 12:00:00 AM,1989-01-01,IN,37.0
M275,BYPASS,S,MCMAHONS CK DIVERSION MAIN,MSCL,0.79,225,CLAY,1/1/1968 12:00:00 AM,1969-01-01,IN,57.0
M281,BYPASS,S,CARDINIA-DAND'G-NOTTING HILL M,MSCL,1.15,300,SAND,1/1/1974 12:00:00 AM,1984-01-01,IN,42.0
M197,MAINBG,T,SILVAN-PRESTON MAIN,MS,16.94,1700,SAND,1/1/1962 12:00:00 AM,1962-01-01,IN,64.0
M293,MAINBG,T,MONBULK NO2 DELIVERY MAIN,MS,1.96,375,CLAY,1/1/1977 12:00:00 AM,1977-01-01,IN,49.0
M420,OFTAKE,S,TARAGO - WESTERN PORT MAIN,MSCL,3.51,375,SAND,1/1/1979 12:00:00 AM,1975-08-01,IN,51.0
M319,OFTAKE,S,QUARRY HILL RISING MAIN,MSCL,1.32,600,C&BS,1/1/1977 12:00:00 AM,2007-04-11,IN,19.0
M195,OFTAKE,S,MT WAVERLY OUTLET MAIN,MSCL,1.63,150,SNC,1/1/1962 12:00:00 AM,1988-06-10,IN,38.0
M333,MAINBG,T,GREENVALE-YUROKE-SYDENHAM,MS,375.99,1150,CRK,1/1/1978 12:00:00 AM,1978-01-01,IN,48.0
M420,MAINBG,T,TARAGO - WESTERN PORT MAIN,MS,4.19,1050,SAND,1/1/1979 12:00:00 AM,1975-08-01,IN,51.0
M420,OFTAKE,S,TARAGO - WESTERN PORT MAIN,MSCL,3.31,100,SAND,1/1/1979 12:00:00 AM,1975-08-01,IN,51.0
M420,BYPASS,S,TARAGO - WESTERN PORT MAIN,MSCL,1.55,150,SAND,1/1/1979 12:00:00 AM,1975-08-01,IN,51.0
M420,BYPASS,S,TARAGO - WESTERN PORT MAIN,MSCL,1.54,150,SAND,1/1/1979 12:00:00 AM,1975-08-01,IN,51.0
M420,MAINBG,T,TARAGO - WESTERN PORT MAIN,MS,4.09,1050,SAND,1/1/1979 12:00:00 AM,1975-08-01,IN,51.0
M420,OFTAKE,S,TARAGO - WESTERN PORT MAIN,MSCL,3.31,100,SAND,1/1/1979 12:00:00 AM,1975-08-01,IN,51.0
M420,MAINBG,T,TARAGO - WESTERN PORT MAIN,MS,0.9,1050,SAND,1/1/1979 12:00:00 AM,1979-01-01,IN,47.0
M420,MAINBG,T,TARAGO - WESTERN PORT MAIN,MS,2067.16,1050,SAND,1/1/1979 12:00:00 AM,1975-08-01,IN,51.0
M192,MAINBG,T,EPPING-GREENVALE MAIN,MS,10.726,825,SAND,1/1/1971 12:00:00 AM,1971-01-01,IN,55.0
M419,OFTAKE,S,LANGWARRIN - BITTERN NO 3 MAIN,MSCL,8.74,80,CLAY,1/1/1971 12:00:00 AM,1972-01-01,IN,54.0
M419,BYPASS,S,LANGWARRIN - BITTERN NO 3 MAIN,MSCL,7.26,150,CLAY,1/1/1971 12:00:00 AM,1972-01-01,IN,54.0
B190,BYPASS,S,AQUEDUCT RD LANGWARRIN PRV,MSCL,2.33,100,CLAY,1/1/1971 12:00:00 AM,1972-01-01,IN,54.0
M419,BYPASS,S,LANGWARRIN - BITTERN NO 3 MAIN,MSCL,7.41,150,CLAY,1/1/1971 12:00:00 AM,1972-01-01,IN,54.0
M419,BYPASS,S,LANGWARRIN - BITTERN NO 3 MAIN,MSCL,2.91,375,CLAY,1/1/1971 12:00:00 AM,1972-01-01,IN,54.0
M419,OFTAKE,S,LANGWARRIN - BITTERN NO 3 MAIN,MSCL,8.86,225,CLAY,1/1/1971 12:00:00 AM,1972-01-01,IN,54.0
M419,BYPASS,S,LANGWARRIN - BITTERN NO 3 MAIN,CICL,2.49,150,SAND,1/1/1979 12:00:00 AM,1972-01-01,IN,54.0
M419,BYPASS,S,LANGWARRIN - BITTERN NO 3 MAIN,CICL,2.58,150,SAND,1/1/1979 12:00:00 AM,1972-01-01,IN,54.0
M158,MAINBG,T,SURREY HILLS - ROSANNA,MS,2.0,800,CLAY,1/1/1957 12:00:00 AM,1957-01-01,IN,69.0
M104,CONN,S,MORANG OUTLET,CICL,1.37,150,CLAY,1/1/1987 12:00:00 AM,1966-06-30,IN,60.0
M022,CROSS,S,MITCHAM-NOTTING HILL MAIN,MSCL,11.41,600,CLAY,1/1/1968 12:00:00 AM,1984-01-01,IN,42.0
M132,CROSS,S,SILVA-MT WAVERLY MAIN,MS,1.04,450,CLAY,1/1/1957 12:00:00 AM,1957-01-01,IN,69.0
M467,MAINBG,T,CARDINIA DRAINAGE RISING MAIN,MS,846.4,600,SAND,1/1/1973 12:00:00 AM,1973-01-01,IN,53.0
M056,MAINBG,T,OLINDA-MITCHAM NO.3,MS,1106.52,1150,CLAY,1/1/1981 12:00:00 AM,1936-01-01,IN,90.0
M132,CROSS,S,SILVA-MT WAVERLY MAIN,MSCL,1.02,225,CLAY,1/1/1957 12:00:00 AM,1957-01-01,IN,69.0
M350,CROSS,S,WESTERN TRANSFER MAIN,MSCL,8.44,1150,CLAY,1/1/1983 12:00:00 AM,1984-01-01,IN,42.0
M193,MAINBG,T,KENNY ST-BROADMEADOWS MAIN,MS,168.03,900,CLAY,1/1/1994 12:00:00 AM,1965-01-01,IN,61.0
M158,MAINBG,T,SURREY HILLS - ROSANNA,MS,1.91,1150,CLAY,1/1/1957 12:00:00 AM,2005-06-02,IN,21.0
M113,MAINBG,T,MITCHAM - SURREY HILLS DUP.,MS,27.26,1150,CLAY,1/1/1984 12:00:00 AM,1939-01-01,IN,87.0
M420,MAINBG,T,TARAGO - WESTERN PORT MAIN,MS,4321.63,1050,SAND,1/1/1979 12:00:00 AM,1975-08-01,IN,51.0
M420,MAINBG,T,TARAGO - WESTERN PORT MAIN,MS,189.09,1050,SAND,1/1/1979 12:00:00 AM,1975-08-01,IN,51.0
M420,MAINBG,T,TARAGO - WESTERN PORT MAIN,MS,1671.25,1050,SAND,1/1/1979 12:00:00 AM,1975-08-01,IN,51.0
M419,CONN,S,LANGWARRIN - BITTERN NO 3 MAIN,MSCL,1.2,600,CLAY,1/1/1971 12:00:00 AM,1972-01-01,IN,54.0
M419,OFTAKE,S,LANGWARRIN - BITTERN NO 3 MAIN,MSCL,2.21,150,CLAY,1/1/1971 12:00:00 AM,1972-01-01,IN,54.0
M419,OFTAKE,S,LANGWARRIN - BITTERN NO 3 MAIN,CICL,6.57,300,CLAY,1/1/1971 12:00:00 AM,1972-01-01,IN,54.0
M419,OFTAKE,S,LANGWARRIN - BITTERN NO 3 MAIN,MSCL,8.75,225,CLAY,1/1/1971 12:00:00 AM,1972-01-01,IN,54.0
M419,CONN,S,LANGWARRIN - BITTERN NO 3 MAIN,MSCL,2.2,375,CLAY,1/1/1971 12:00:00 AM,1972-01-01,IN,54.0
M419,OFTAKE,S,LANGWARRIN - BITTERN NO 3 MAIN,MSCL,1.54,150,CLAY,1/1/1971 12:00:00 AM,1972-01-01,IN,54.0
M419,OFTAKE,S,LANGWARRIN - BITTERN NO 3 MAIN,MSCL,8.74,80,CLAY,1/1/1971 12:00:00 AM,1972-01-01,IN,54.0
M419,OFTAKE,S,LANGWARRIN - BITTERN NO 3 MAIN,MSCL,8.74,225,CLAY,1/1/1971 12:00:00 AM,1972-01-01,IN,54.0
M419,OFTAKE,S,LANGWARRIN - BITTERN NO 3 MAIN,MSCL,8.75,80,CLAY,1/1/1971 12:00:00 AM,1972-01-01,IN,54.0
M419,OFTAKE,S,LANGWARRIN - BITTERN NO 3 MAIN,MSCL,8.86,225,CLAY,1/1/1971 12:00:00 AM,1972-01-01,IN,54.0
M419,OFTAKE,S,LANGWARRIN - BITTERN NO 3 MAIN,MSCL,8.74,80,CLAY,1/1/1971 12:00:00 AM,1972-01-01,IN,54.0
M419,CONN,S,LANGWARRIN - BITTERN NO 3 MAIN,AC,20.01,300,CLAY,1/1/1971 12:00:00 AM,1972-01-01,IN,54.0
M132,CROSS,S,SILVA-MT WAVERLY MAIN,MS,2.2,300,CLAY,1/1/1957 12:00:00 AM,1965-01-01,IN,61.0
M055,MAINBG,T,NO 1 OLINDA-MITCHAM MAIN,MSLB,1.53,900,CLAY,1/1/1914 12:00:00 AM,1914-01-01,IN,112.0
M281,MAINBG,S,CARDINIA-DAND'G-NOTTING HILL M,MS,80.98,1700,SAND,1/1/1974 12:00:00 AM,1974-01-01,IN,52.0
M350,MAINBG,T,WESTERN TRANSFER MAIN,MS,4.16,1350,CLAY,1/1/1984 12:00:00 AM,1984-01-01,IN,42.0
M113,INLET,S,MITCHAM - SURREY HILLS DUP.,MS,35.29,900,CRK,1/1/1995 12:00:00 AM,1995-01-01,IN,31.0
M078,MAINBG,T,ROSANNA - PRESTON MAIN,MS,1.4,1150,CLAY,1/1/1940 12:00:00 AM,1940-01-01,IN,86.0
M477,MAINBG,T,HEALESVILLE MAROONDAH MAIN,DI,6.84,225,UNKN,12/1/1997 12:00:00 AM,1997-12-01,IN,29.0
M477,MAINBG,T,HEALESVILLE MAROONDAH MAIN,DI,1.71,150,UNKN,12/1/1997 12:00:00 AM,1997-12-01,IN,29.0
M182,BRANCH,S,BROOKLYN-GALVIN-LAVERTON MAIN,MSCL,2.85,600,CLAY,1/1/1961 12:00:00 AM,1961-01-01,IN,65.0
M192,MAINBG,T,EPPING-GREENVALE MAIN,MS,1.79,813,UNKN,7/1/2005 12:00:00 AM,2005-07-01,IN,21.0
M078,BYPASS,S,ROSANNA - PRESTON MAIN,MSCL,6.07,225,CLAY,1/1/1940 12:00:00 AM,2007-08-29,IN,19.0
M378,BYPASS,S,CARDINIA - BERWICK MAIN,MSCL,5.85,300,SAND,1/1/1981 12:00:00 AM,1981-01-01,IN,45.0
M281,BYPASS,S,CARDINIA-DAND'G-NOTTING HILL M,MSCL,6.49,225,SAND,1/1/1974 12:00:00 AM,1974-01-01,IN,52.0
M274,BYPASS,S,STARVATION CRK DIVERSION MAIN,MSCL,0.55,150,CRK,1/1/1946 12:00:00 AM,1968-01-01,IN,58.0
M160,BYPASS,S,PRESTON - FOOTSCRAY MAIN,MSCL,3.27,225,CLAY,1/1/1958 12:00:00 AM,1958-03-01,IN,68.0
M055,OFTAKE,S,NO 1 OLINDA-MITCHAM MAIN,MSCL,2.16,300,CLAY,1/1/1976 12:00:00 AM,1914-01-01,IN,112.0
M479,OFTAKE,S,BITTERN RES BYPASS MAIN,MSCL,3.0,450,SAND,1/1/1999 12:00:00 AM,1999-01-01,IN,27.0
M477,MAINBG,T,HEALESVILLE MAROONDAH MAIN,DI,0.73,150,CLAY,12/1/1997 12:00:00 AM,1998-04-17,IN,28.0
M477,MAINBG,T,HEALESVILLE MAROONDAH MAIN,UPVC,936.1,225,CLAY,12/1/1997 12:00:00 AM,1998-04-17,IN,28.0
M104,CONN,S,MORANG OUTLET,CICL,24.04,150,CLAY,1/1/1987 12:00:00 AM,1966-06-30,IN,60.0
M054,CROSS,S,OLINDA-MITCHAM NO.2,MSCL,0.7,225,SAND,1/1/1992 12:00:00 AM,1926-01-01,IN,100.0
M375,CROSS,T,CARDINIA - HALLAM NO 2 MAIN,MS,2.21,900,UNKN,1/1/1988 12:00:00 AM,1988-01-01,IN,38.0
M350,CROSS,S,WESTERN TRANSFER MAIN,MSCL,1.72,1150,CLAY,1/1/1983 12:00:00 AM,1984-01-01,IN,42.0
M350,CROSS,S,WESTERN TRANSFER MAIN,MSCL,1.0,225,CLAY,1/1/1983 12:00:00 AM,1984-01-01,IN,42.0
M132,CROSS,S,SILVA-MT WAVERLY MAIN,MSCL,1.04,225,CLAY,1/1/1957 12:00:00 AM,1957-01-01,IN,69.0
P055,CROSS,S,(NOT OP) MONTROSE RES INLET PS,MS,1.6,600,CLAY,1/1/1957 12:00:00 AM,1957-01-01,IN,69.0
M281,MAINBG,T,CARDINIA-DAND'G-NOTTING HILL M,MS,1.8,1700,SNC,1/1/1974 12:00:00 AM,1996-01-01,IN,30.0
M478,MAINBG,T,CARDINIA - PEARCEDALE DUP,MS,2.33,1050,CRK,1/1/2001 12:00:00 AM,2001-01-01,IN,25.0
M478,MAINBG,T,CARDINIA - PEARCEDALE DUP,MS,4.94,1150,CRK,1/1/2001 12:00:00 AM,2001-01-01,IN,25.0
M195,MAINBG,T,MT WAVERLY OUTLET MAIN,MS,2.34,825,CLAY,1/1/1962 12:00:00 AM,1962-01-01,IN,64.0
M193,MAINBG,T,KENNY ST-BROADMEADOWS MAIN,MS,4.38,1150,CLAY,1/1/1965 12:00:00 AM,1965-01-01,IN,61.0
M055,OFTAKE,S,NO 1 OLINDA-MITCHAM MAIN,MSCL,1.98,225,CLAY,1/1/1963 12:00:00 AM,1914-01-01,IN,112.0
M291,MAINBG,S,SILVAN - OLINDA MAIN,MSEL,0.28,600,CLAY,1/1/1971 12:00:00 AM,1971-01-01,IN,55.0
M197,MAINBG,S,SILVAN-PRESTON MAIN,MSEL,10.77,1350,SAND,1/1/1962 12:00:00 AM,1962-01-01,IN,64.0
M335,MAINBG,T,BORONIA INLET MAIN,MSEL,2.41,1150,CLAY,1/1/1978 12:00:00 AM,1978-01-01,IN,48.0
M160,MAINBG,T,PRESTON - FOOTSCRAY MAIN,MS,794.42,1350,CLAY,1/1/1958 12:00:00 AM,1958-01-01,IN,68.0
M335,MAINBG,T,BORONIA INLET MAIN,MSEL,2.55,1150,CRK,1/1/1978 12:00:00 AM,1978-01-01,IN,48.0
M354,MAINBG,T,SILVAN - MT WAVERLY NO 2 MAIN,MSEL,27.57,1700,CLAY,1/1/1983 12:00:00 AM,1983-01-01,IN,43.0
M335,MAINBG,T,BORONIA INLET MAIN,MSEL,3767.47,1150,CRK,1/1/1978 12:00:00 AM,1978-01-01,IN,48.0
M354,MAINBG,S,SILVAN - MT WAVERLY NO 2 MAIN,MSEL,30.1,1150,CRK,1/1/1978 12:00:00 AM,1978-01-01,IN,48.0
M160,MAINBG,T,PRESTON - FOOTSCRAY MAIN,MS,7.9,1350,CLAY,1/1/1958 12:00:00 AM,1958-02-01,IN,68.0
M335,MAINBG,T,BORONIA INLET MAIN,MSEL,9.56,1150,CLAY,1/1/1978 12:00:00 AM,1978-01-01,IN,48.0
M354,MAINBG,T,SILVAN - MT WAVERLY NO 2 MAIN,MSEL,1880.19,1700,CLAY,1/1/1983 12:00:00 AM,1983-01-01,IN,43.0
M335,MAINBG,T,BORONIA INLET MAIN,MSEL,63.58,1150,CRK,1/1/1978 12:00:00 AM,1978-01-01,IN,48.0
M280,MAINBG,T,GREENVALE RESERVOIR OUTLET,MS,5.86,1350,CLAY,1/1/1971 12:00:00 AM,1971-01-01,IN,55.0
M039,MAINBG,T,NORTHCOTE - PUNT RD,WIR,40.25,600,CLAY,1/1/1894 12:00:00 AM,1894-01-01,IN,132.0
M039,MAINBG,T,NORTHCOTE - PUNT RD,MS,102.4,600,SAND,1/1/1967 12:00:00 AM,1967-01-01,IN,59.0
M195,MAINBG,T,MT WAVERLY OUTLET MAIN,MS,1.57,375,SNC,1/1/1962 12:00:00 AM,1962-01-01,IN,64.0
M195,BYPASS,S,MT WAVERLY OUTLET MAIN,MSCL,2.44,225,SNC,1/1/1962 12:00:00 AM,1962-01-01,IN,64.0
M195,MAINBG,T,MT WAVERLY OUTLET MAIN,MS,8.56,375,SNC,1/1/1962 12:00:00 AM,1962-01-01,IN,64.0
M195,MAINBG,T,MT WAVERLY OUTLET MAIN,MS,624.42,900,SNC,1/1/1962 12:00:00 AM,1962-01-01,IN,64.0
M274,BYPASS,S,STARVATION CRK DIVERSION MAIN,MSCL,1.17,150,CRK,1/1/1968 12:00:00 AM,1968-01-01,IN,58.0
M274,BYPASS,S,STARVATION CRK DIVERSION MAIN,MSCL,0.64,150,CRK,1/1/1968 12:00:00 AM,1968-01-01,IN,58.0
M274,MAINBG,T,STARVATION CRK DIVERSION MAIN,MS,4177.26,900,CRK,1/1/1968 12:00:00 AM,1968-01-01,IN,58.0
M274,BYPASS,S,STARVATION CRK DIVERSION MAIN,MSCL,1.17,100,CRK,1/1/1968 12:00:00 AM,1968-01-01,IN,58.0
M280,MAINBG,T,GREENVALE RESERVOIR OUTLET,MS,2605.43,1350,CLAY,1/1/1971 12:00:00 AM,1971-01-01,IN,55.0
M041,OFTAKE,S,MERRI CK - NORTHCOTE-PUNT RD,MSCL,1.08,300,CRK,1/1/2004 12:00:00 AM,2004-05-10,IN,22.0
M283,MAINBG,T,YARRA VALLEY CONDUIT MAIN,MS,2.46,2100,CRK,1/1/1973 12:00:00 AM,1973-01-01,IN,53.0
M283,MAINBG,T,YARRA VALLEY CONDUIT MAIN,MS,262.71,2100,CRK,1/1/1973 12:00:00 AM,1973-01-01,IN,53.0
M195,BYPASS,S,MT WAVERLY OUTLET MAIN,MSCL,2.36,225,SNC,1/1/1962 12:00:00 AM,1962-01-01,IN,64.0
M195,MAINBG,T,MT WAVERLY OUTLET MAIN,MS,1.47,375,SNC,1/1/1962 12:00:00 AM,1962-01-01,IN,64.0
M195,BYPASS,S,MT WAVERLY OUTLET MAIN,MSCL,2.29,225,SNC,1/1/1962 12:00:00 AM,1962-01-01,IN,64.0
M195,MAINBG,T,MT WAVERLY OUTLET MAIN,MS,4.37,900,CLAY,1/1/1962 12:00:00 AM,1962-01-01,IN,64.0
M195,OFTAKE,S,MT WAVERLY OUTLET MAIN,MSCL,0.82,100,SNC,1/1/1962 12:00:00 AM,1962-01-01,IN,64.0
M195,MAINBG,T,MT WAVERLY OUTLET MAIN,MS,335.68,900,SNC,1/1/1962 12:00:00 AM,1962-01-01,IN,64.0
M055,OFTAKE,S,NO 1 OLINDA-MITCHAM MAIN,MSCL,16.66,150,CLAY,1/1/1963 12:00:00 AM,1914-01-01,IN,112.0
M280,MAINBG,S,GREENVALE RESERVOIR OUTLET,MS,34.83,1350,CRK,1/1/1971 12:00:00 AM,1971-01-01,IN,55.0
M280,MAINBG,T,GREENVALE RESERVOIR OUTLET,MS,17.71,1350,CRK,1/1/1971 12:00:00 AM,1971-01-01,IN,55.0
M280,MAINBG,T,GREENVALE RESERVOIR OUTLET,MS,0.38,1350,CRK,1/1/1971 12:00:00 AM,1971-01-01,IN,55.0
M274,MAINBG,T,STARVATION CRK DIVERSION MAIN,MS,615.5,900,CRK,1/1/1968 12:00:00 AM,1968-01-01,IN,58.0
M274,BYPASS,S,STARVATION CRK DIVERSION MAIN,MSCL,0.64,150,CRK,1/1/1968 12:00:00 AM,1968-01-01,IN,58.0
M274,MAINBG,T,STARVATION CRK DIVERSION MAIN,MS,0.69,900,CRK,1/1/1968 12:00:00 AM,1968-01-01,IN,58.0
M274,MAINBG,T,STARVATION CRK DIVERSION MAIN,MS,0.69,900,CRK,1/1/1968 12:00:00 AM,1968-01-01,IN,58.0
M197,MAINBG,S,SILVAN-PRESTON MAIN,MSEL,3.89,1350,SAND,1/1/1962 12:00:00 AM,1962-01-01,IN,64.0
M195,MAINBG,T,MT WAVERLY OUTLET MAIN,MS,789.41,900,SNC,1/1/1962 12:00:00 AM,1962-01-01,IN,64.0
M283,MAINBG,T,YARRA VALLEY CONDUIT MAIN,MS,1271.22,2100,MS,1/1/1973 12:00:00 AM,1976-01-01,IN,50.0
M198,OUTLET,T,SOMERTON HIGH LEVEL MAIN,MS,8.6,600,CRK,1/1/1962 12:00:00 AM,1962-01-01,IN,64.0
M333,MAINBG,T,GREENVALE-YUROKE-SYDENHAM,MS,19.39,1150,CRK,1/1/1978 12:00:00 AM,1978-01-01,IN,48.0
M195,BRANCH,S,MT WAVERLY OUTLET MAIN,MSCL,1.17,600,SNC,1/1/1962 12:00:00 AM,1962-01-01,IN,64.0
M195,MAINBG,T,MT WAVERLY OUTLET MAIN,MS,6.34,900,SNC,1/1/1962 12:00:00 AM,1962-01-01,IN,64.0
M195,BRANCH,S,MT WAVERLY OUTLET MAIN,MSCL,2.33,600,SNC,1/1/1962 12:00:00 AM,1962-01-01,IN,64.0
M195,MAINBG,T,MT WAVERLY OUTLET MAIN,MS,9.02,900,SNC,1/1/1962 12:00:00 AM,1962-01-01,IN,64.0
M195,MAINBG,T,MT WAVERLY OUTLET MAIN,MS,1.32,375,SNC,1/1/1962 12:00:00 AM,1962-01-01,IN,64.0
M195,OFTAKE,S,MT WAVERLY OUTLET MAIN,MSCL,1.61,225,SNC,1/1/1962 12:00:00 AM,1962-01-01,IN,64.0
M195,MAINBG,T,MT WAVERLY OUTLET MAIN,MS,634.69,900,SNC,1/1/1962 12:00:00 AM,1962-01-01,IN,64.0
M056,MAINBG,T,OLINDA-MITCHAM NO.3,MS,2.3,1150,CLAY,1/1/1984 12:00:00 AM,1936-01-01,IN,90.0
M193,MAINBG,T,KENNY ST-BROADMEADOWS MAIN,MS,89.07,1150,CLAY,1/1/1965 12:00:00 AM,1962-07-23,IN,64.0
M158,MAINBG,T,SURREY HILLS - ROSANNA,MS,0.98,1150,CLAY,1/1/1957 12:00:00 AM,2005-06-02,IN,21.0
M113,MAINBG,T,MITCHAM - SURREY HILLS DUP.,MS,106.42,1150,CLAY,1/1/1984 12:00:00 AM,1939-01-01,IN,87.0
M197,MAINBG,T,SILVAN-PRESTON MAIN,MS,2.66,1700,SAND,1/1/1962 12:00:00 AM,1962-01-01,IN,64.0
M293,MAINBG,T,MONBULK NO2 DELIVERY MAIN,MS,1.15,300,CLAY,1/1/1973 12:00:00 AM,1977-01-01,IN,49.0
M283,MAINBG,S,YARRA VALLEY CONDUIT MAIN,MSCL,2.24,300,SLCL,1/1/1973 12:00:00 AM,1976-01-01,IN,50.0
M420,OFTAKE,S,TARAGO - WESTERN PORT MAIN,MSCL,4.09,100,SAND,1/1/1979 12:00:00 AM,1975-08-01,IN,51.0
M319,OFTAKE,S,QUARRY HILL RISING MAIN,MSCL,1.59,300,C&BS,1/1/1977 12:00:00 AM,1978-01-01,IN,48.0
M197,OFTAKE,S,SILVAN-PRESTON MAIN,MSCL,0.46,225,TOPS,1/1/1962 12:00:00 AM,1962-01-01,IN,64.0
M283,MAINBG,T,YARRA VALLEY CONDUIT MAIN,MS,2237.2,2100,SS,1/1/1973 12:00:00 AM,1976-01-01,IN,50.0
M283,MAINBG,T,YARRA VALLEY CONDUIT MAIN,MS,2617.32,2100,SS,1/1/1973 12:00:00 AM,1976-01-01,IN,50.0
M333,MAINBG,T,GREENVALE-YUROKE-SYDENHAM,MS,1220.76,1150,CRK,1/1/1978 12:00:00 AM,1978-01-01,IN,48.0
M375,MAINBG,T,CARDINIA - HALLAM NO 2 MAIN,MS,15.51,1700,UNKN,1/1/1988 12:00:00 AM,1988-01-01,IN,38.0
M182,BRANCH,S,BROOKLYN-GALVIN-LAVERTON MAIN,MSCL,1.58,375,CLAY,1/1/1966 12:00:00 AM,1974-01-01,IN,52.0
M192,MAINBG,T,EPPING-GREENVALE MAIN,MS,0.7,813,UNKN,7/1/2005 12:00:00 AM,2005-07-01,IN,21.0
M402,BYPASS,S,GREENVALE - OUTLET NO 2 MAIN,MSCL,1.05,225,CRK,1/1/1989 12:00:00 AM,1989-01-01,IN,37.0
M281,BYPASS,S,CARDINIA-DAND'G-NOTTING HILL M,MSCL,4.28,225,SAND,1/1/1974 12:00:00 AM,1974-01-01,IN,52.0
B082,MAINBG,S,YARRA JUNJCTION (LOWES RD) PRV,MS,1.72,2100,CRK,1/1/1973 12:00:00 AM,1973-01-01,IN,53.0
M193,MAINBG,T,KENNY ST-BROADMEADOWS MAIN,MS,2.7,600,CLAY,1/1/1965 12:00:00 AM,1965-01-01,IN,61.0
M158,MAINBG,S,SURREY HILLS - ROSANNA,MSCL,0.98,450,CLAY,1/1/1957 12:00:00 AM,2005-06-02,IN,21.0
M113,MAINBG,T,MITCHAM - SURREY HILLS DUP.,MS,151.23,1150,CLAY,1/1/1984 12:00:00 AM,1939-01-01,IN,87.0
M193,MAINBG,T,KENNY ST-BROADMEADOWS MAIN,MS,260.86,1150,CLAY,1/1/1965 12:00:00 AM,1962-07-23,IN,64.0
M158,MAINBG,S,SURREY HILLS - ROSANNA,MSCL,1.0,450,CLAY,1/1/1957 12:00:00 AM,2005-06-02,IN,21.0
M113,MAINBG,T,MITCHAM - SURREY HILLS DUP.,MS,33.36,1150,CLAY,1/1/1984 12:00:00 AM,1939-01-01,IN,87.0
M182,BRANCH,S,BROOKLYN-GALVIN-LAVERTON MAIN,MSCL,1.16,375,CLAY,1/1/1966 12:00:00 AM,1974-01-01,IN,52.0
M192,MAINBG,T,EPPING-GREENVALE MAIN,MS,14.86,813,UNKN,7/1/2005 12:00:00 AM,2005-07-01,IN,21.0
M402,BYPASS,S,GREENVALE - OUTLET NO 2 MAIN,MSCL,1.12,225,CRK,1/1/1971 12:00:00 AM,1989-01-01,IN,37.0
M280,BYPASS,S,GREENVALE RESERVOIR OUTLET,MSCL,6.86,225,CLAY,1/1/1971 12:00:00 AM,1990-01-01,IN,36.0
M257,BYPASS,S,ST ALBANS OUTLET MAIN,MSCL,1.1,225,CRK,1/1/1974 12:00:00 AM,1986-01-01,IN,40.0
M160,BYPASS,S,PRESTON - FOOTSCRAY MAIN,MSCL,1.1,225,CLAY,1/1/1958 12:00:00 AM,1958-03-01,IN,68.0
M273,MAINBG,T,CARDINIA BYPASS,MS,134.24,1700,CRK,1/1/1971 12:00:00 AM,1971-01-01,IN,55.0
M160,MAINBG,T,PRESTON - FOOTSCRAY MAIN,MS,323.41,1350,CLAY,1/1/1958 12:00:00 AM,1958-02-01,IN,68.0
M192,BRANCH,S,EPPING-GREENVALE MAIN,MSCL,9.47,450,UNKN,7/1/2005 12:00:00 AM,2005-07-01,IN,21.0
M078,BYPASS,S,ROSANNA - PRESTON MAIN,MSCL,0.89,225,CLAY,1/1/1940 12:00:00 AM,2007-08-29,IN,19.0
M387,BYPASS,S,SILVAN SEVILLE MAIN,COPPER,2.4,25,CRK,1/1/1996 12:00:00 AM,1996-01-01,IN,30.0
M281,BYPASS,S,CARDINIA-DAND'G-NOTTING HILL M,MSCL,4.3,225,SAND,1/1/1974 12:00:00 AM,1974-01-01,IN,52.0
M275,BYPASS,S,MCMAHONS CK DIVERSION MAIN,MSCL,0.79,225,CLAY,1/1/1968 12:00:00 AM,1969-01-01,IN,57.0
M257,BYPASS,S,ST ALBANS OUTLET MAIN,MSCL,1.85,150,CRK,1/1/1970 12:00:00 AM,1971-01-01,IN,55.0
M054,MAINBG,T,OLINDA-MITCHAM NO.2,MS,839.27,1150,CLAY,1/1/1984 12:00:00 AM,1926-01-01,IN,100.0
M375,CROSS,S,CARDINIA - HALLAM NO 2 MAIN,MSCL,3.99,150,UNKN,1/1/1988 12:00:00 AM,1988-01-01,IN,38.0
M054,CROSS,S,OLINDA-MITCHAM NO.2,MSCL,0.7,225,SAND,1/1/1992 12:00:00 AM,1926-01-01,IN,100.0
M375,CROSS,S,CARDINIA - HALLAM NO 2 MAIN,MSCL,19.3,225,UNKN,1/1/1988 12:00:00 AM,1988-01-01,IN,38.0
M350,CROSS,S,WESTERN TRANSFER MAIN,MSCL,1.65,1150,CLAY,1/1/1983 12:00:00 AM,1984-01-01,IN,42.0
M350,CROSS,S,WESTERN TRANSFER MAIN,MSCL,1.08,225,CLAY,1/1/1983 12:00:00 AM,1984-01-01,IN,42.0
M132,CROSS,S,SILVA-MT WAVERLY MAIN,MSCL,1.94,150,CLAY,1/1/1957 12:00:00 AM,1957-01-01,IN,69.0
M132,CROSS,S,SILVA-MT WAVERLY MAIN,MS,1.17,225,CLAY,1/1/1958 12:00:00 AM,1958-01-01,IN,68.0
M281,MAINBG,T,CARDINIA-DAND'G-NOTTING HILL M,MS,801.11,1700,SAND,1/1/1974 12:00:00 AM,1974-01-01,IN,52.0
M281,MAINBG,S,CARDINIA-DAND'G-NOTTING HILL M,MS,2.57,1700,SAND,1/1/1974 12:00:00 AM,1974-01-01,IN,52.0
M160,BYPASS,S,PRESTON - FOOTSCRAY MAIN,MSCL,1.04,225,CLAY,1/1/1958 12:00:00 AM,1958-03-01,IN,68.0
M113,CONN,S,MITCHAM - SURREY HILLS DUP.,MSCL,0.91,150,CLAY,1/1/1984 12:00:00 AM,1939-01-01,IN,87.0
M375,CROSS,S,CARDINIA - HALLAM NO 2 MAIN,MSCL,1.06,375,UNKN,1/1/1988 12:00:00 AM,2006-09-19,IN,20.0
M103,MAINBG,T,CORANDERRK WEIR TO DICKS BASIN,MS,4386.98,1150,CLAY,1/1/1931 12:00:00 AM,1931-01-01,IN,95.0
M350,CROSS,S,WESTERN TRANSFER MAIN,MSCL,3.11,1150,CLAY,1/1/1983 12:00:00 AM,1984-01-01,IN,42.0
M132,CROSS,S,SILVA-MT WAVERLY MAIN,MSCL,0.62,150,CLAY,1/1/1957 12:00:00 AM,1977-01-18,IN,49.0
M281,MAINBG,T,CARDINIA-DAND'G-NOTTING HILL M,MS,25.27,1700,SAND,1/1/1974 12:00:00 AM,1974-01-01,IN,52.0
M420,MAINBG,T,TARAGO - WESTERN PORT MAIN,MS,17.66,1050,SAND,1/1/1979 12:00:00 AM,1979-01-01,IN,47.0
M132,CROSS,S,SILVA-MT WAVERLY MAIN,MSCL,1.99,225,CLAY,1/1/1957 12:00:00 AM,1957-01-01,IN,69.0
M350,CROSS,S,WESTERN TRANSFER MAIN,MSCL,1.7,1150,CLAY,1/1/1983 12:00:00 AM,1984-01-01,IN,42.0
M132,CROSS,S,SILVA-MT WAVERLY MAIN,MSCL,2.46,300,CLAY,1/1/1958 12:00:00 AM,1958-01-01,IN,68.0
M346,MAINBG,T,SYDENHAM OUTLET MAIN,MS,2.7,825,UNKN,1/1/1978 12:00:00 AM,1977-01-01,IN,49.0
M194,MAINBG,S,EPPING-PRESTON MAIN,MS,0.66,1150,CLAY,1/1/1960 12:00:00 AM,1960-01-01,IN,66.0
M194,MAINBG,S,EPPING-PRESTON MAIN,MS,19.95,1150,CLAY,1/1/1960 12:00:00 AM,1960-01-01,IN,66.0
M350,MAINBG,T,WESTERN TRANSFER MAIN,MS,741.87,1350,CLAY,1/1/1984 12:00:00 AM,1984-01-01,IN,42.0
M207,INLET,T,(A007) SILVAN INLET TUNNEL,MS,124.72,800,CLAY,1/1/1931 12:00:00 AM,1931-01-01,IN,95.0
M350,MAINAG,T,WESTERN TRANSFER MAIN,MS,21.79,1350,CLAY,1/1/1984 12:00:00 AM,1984-01-01,IN,42.0
M193,MAINBG,T,KENNY ST-BROADMEADOWS MAIN,MS,1.92,1150,CLAY,1/1/1965 12:00:00 AM,1965-01-01,IN,61.0
M195,MAINBG,T,MT WAVERLY OUTLET MAIN,MS,3.27,900,CLAY,1/1/1962 12:00:00 AM,1962-01-01,IN,64.0
M350,MAINBG,T,WESTERN TRANSFER MAIN,MS,2540.25,1350,CLAY,1/1/1984 12:00:00 AM,1984-01-01,IN,42.0
M289,MAINBG,T,HALLAM NTH. INLET MAIN,MS,3.41,1150,CRK,1/1/1976 12:00:00 AM,1976-01-01,IN,50.0
M055,OFTAKE,S,NO 1 OLINDA-MITCHAM MAIN,MSCL,1.06,225,CLAY,1/1/1976 12:00:00 AM,1914-01-01,IN,112.0
M280,MAINBG,T,GREENVALE RESERVOIR OUTLET,MS,14.85,825,CLAY,1/1/1971 12:00:00 AM,1971-01-01,IN,55.0
M055,OFTAKE,S,NO 1 OLINDA-MITCHAM MAIN,MSCL,1.18,150,CLAY,1/1/1963 12:00:00 AM,1914-01-01,IN,112.0
M197,MAINBG,S,SILVAN-PRESTON MAIN,MSEL,10.71,1350,SAND,1/1/1962 12:00:00 AM,1962-01-01,IN,64.0
M455,MAINBG,T,PAKENHAM INLET MAIN,DI,2.46,450,SAND,1/1/1985 12:00:00 AM,1985-01-01,IN,41.0
M455,BYPASS,T,PAKENHAM INLET MAIN,AC,3.18,300,SAND,1/1/1985 12:00:00 AM,1978-02-25,IN,48.0
M455,CROSS,S,PAKENHAM INLET MAIN,AC,1.16,300,SAND,1/1/1985 12:00:00 AM,1980-02-25,IN,46.0
M420,MAINBG,S,TARAGO - WESTERN PORT MAIN,MSCL,0.99,150,SAND,1/1/1979 12:00:00 AM,1973-08-01,IN,53.0
M420,MAINBG,S,TARAGO - WESTERN PORT MAIN,MSCL,0.96,150,SAND,1/1/1979 12:00:00 AM,1973-08-01,IN,53.0
M418,MAINBG,T,BEACONSFIELD - LANGWARRIN MAIN,MS,2363.45,1050,CLAY,1/1/1959 12:00:00 AM,1959-01-01,IN,67.0
M418,MAINBG,T,BEACONSFIELD - LANGWARRIN MAIN,MS,731.14,1050,CLAY,1/1/1959 12:00:00 AM,1959-01-01,IN,67.0
M418,MAINBG,T,BEACONSFIELD - LANGWARRIN MAIN,MS,649.05,1050,CLAY,1/1/1959 12:00:00 AM,1959-01-01,IN,67.0
M418,MAINBG,T,BEACONSFIELD - LANGWARRIN MAIN,MS,582.37,1050,CLAY,1/1/1959 12:00:00 AM,1959-01-01,IN,67.0
M455,MAINBG,T,PAKENHAM INLET MAIN,DI,343.65,450,SAND,1/1/1985 12:00:00 AM,1985-01-01,IN,41.0
M455,BYPASS,T,PAKENHAM INLET MAIN,AC,113.28,300,SAND,1/1/1985 12:00:00 AM,1978-02-25,IN,48.0
M455,BYPASS,T,PAKENHAM INLET MAIN,AC,1.71,300,SAND,1/1/1985 12:00:00 AM,1978-02-25,IN,48.0
M455,MAINBG,T,PAKENHAM INLET MAIN,DI,3.35,450,SAND,1/1/1985 12:00:00 AM,1976-01-01,IN,50.0
M455,BYPASS,T,PAKENHAM INLET MAIN,AC,2.46,300,SAND,1/1/1985 12:00:00 AM,1978-02-25,IN,48.0
M455,BYPASS,T,PAKENHAM INLET MAIN,AC,1.42,300,SAND,1/1/1985 12:00:00 AM,1978-02-25,IN,48.0
M455,MAINBG,T,PAKENHAM INLET MAIN,DI,1.83,300,SAND,1/1/1985 12:00:00 AM,1985-01-01,IN,41.0
M455,BYPASS,T,PAKENHAM INLET MAIN,AC,1.3,300,SAND,1/1/1985 12:00:00 AM,1978-02-25,IN,48.0
M455,MAINBG,T,PAKENHAM INLET MAIN,DI,24.54,1050,SAND,1/1/1985 12:00:00 AM,1976-01-01,IN,50.0
M455,MAINBG,T,PAKENHAM INLET MAIN,DI,37.44,450,SAND,1/1/1985 12:00:00 AM,1985-01-01,IN,41.0
M455,MAINBG,T,PAKENHAM INLET MAIN,DI,2.12,300,SAND,1/1/1985 12:00:00 AM,1985-01-01,IN,41.0
A008,SIPHBG,T,CORANDERRK,MS,117.43,900,CLAY,1/1/1931 12:00:00 AM,1931-01-01,IN,95.0
A008,SIPHBG,T,CORANDERRK,MS,126.18,900,CLAY,1/1/1931 12:00:00 AM,1931-01-01,IN,95.0
A008,SIPHBG,T,CORANDERRK,MS,728.12,1150,CLAY,1/1/1931 12:00:00 AM,1931-01-01,IN,95.0
M420,MAINBG,S,TARAGO - WESTERN PORT MAIN,MSCL,0.46,150,SAND,1/1/1979 12:00:00 AM,1973-08-01,IN,53.0
M420,MAINBG,S,TARAGO - WESTERN PORT MAIN,MSCL,0.3,150,SAND,1/1/1979 12:00:00 AM,1973-08-01,IN,53.0
M009,MAINBG,T,PRESTON-NORTH ESSENDON MAIN,MS,5.36,900,CLAY,1/1/1928 12:00:00 AM,2011-12-16,IN,15.0
M009,MAINBG,T,PRESTON-NORTH ESSENDON MAIN,MS,13.48,1150,CLAY,1/1/1928 12:00:00 AM,2011-12-16,IN,15.0
M103,MAINBG,T,CORANDERRK WEIR TO DICKS BASIN,MS,14.44,1150,CLAY,1/1/1931 12:00:00 AM,1931-01-21,IN,95.0
M273,MAINBG,T,CARDINIA BYPASS,MS,4126.12,2100,MS&C,1/1/1971 12:00:00 AM,1971-01-01,IN,55.0
M420,MAINBG,S,TARAGO - WESTERN PORT MAIN,MSCL,0.46,150,SAND,1/1/1979 12:00:00 AM,1973-08-01,IN,53.0
M420,MAINBG,S,TARAGO - WESTERN PORT MAIN,MSCL,0.47,150,SAND,1/1/1979 12:00:00 AM,1973-08-01,IN,53.0
M346,MAINBG,T,SYDENHAM OUTLET MAIN,MS,533.81,825,UNKN,1/1/1978 12:00:00 AM,1977-01-01,IN,49.0
M231,MAINBG,T,YARRA-SILVAN CONDUIT NO.2 MAIN,MS,1482.32,1700,SS&C,1/1/1964 12:00:00 AM,1964-01-01,IN,62.0
M102,MAINBG,T,NORTH ESSENDON-FOOTSCRAY MAIN,MS,2.7,1150,CLAY,1/1/1964 12:00:00 AM,1928-01-01,IN,98.0
M231,MAINBG,T,YARRA-SILVAN CONDUIT NO.2 MAIN,MS,4898.26,1700,SS&C,1/1/1964 12:00:00 AM,1964-01-01,IN,62.0
M191,MAINBG,T,MORANG BRCH YAN YEAN-EPPING M,MS,547.38,1350,CLAY,1/1/1960 12:00:00 AM,1960-08-11,IN,66.0
M191,MAINBG,T,MORANG BRCH YAN YEAN-EPPING M,MS,23.09,900,CLAY,1/1/1960 12:00:00 AM,1960-08-11,IN,66.0
M191,MAINBG,T,MORANG BRCH YAN YEAN-EPPING M,MS,339.5,1350,CLAY,1/1/1960 12:00:00 AM,1960-08-11,IN,66.0
M418,MAINBG,T,BEACONSFIELD - LANGWARRIN MAIN,MS,11.67,1050,CLAY,1/1/1959 12:00:00 AM,1959-01-01,IN,67.0
M161,MAINBG,T,YARRA-SILVAN CONDUIT NO 1,MS,140.09,1700,SS&C,1/1/1946 12:00:00 AM,1946-01-01,IN,80.0
M420,MAINBG,T,TARAGO - WESTERN PORT MAIN,MS,1320.67,1050,SAND,1/1/1979 12:00:00 AM,1975-08-01,IN,51.0
M057,BYPASS,S,MORANG-PRESTON NO 1&3 MAIN,MSCL,0.96,150,CRK,10/30/2006 12:00:00 AM,2006-10-30,IN,20.0
M057,CROSS,S,MORANG-PRESTON NO 1&3 MAIN,MSCL,0.45,225,SAND,1/1/1982 12:00:00 AM,1989-08-03,IN,37.0
M009,MAINBG,T,PRESTON-NORTH ESSENDON MAIN,MSCL,63.12,900,CLAY,1/1/1928 12:00:00 AM,2011-12-16,IN,15.0
M190,MAINBG,T,YAN YEAN-EPPING MAIN,MS,792.09,1350,CLAY,1/1/1960 12:00:00 AM,1960-01-01,IN,66.0
M190,MAINBG,T,YAN YEAN-EPPING MAIN,MS,135.34,1350,CLAY,1/1/1960 12:00:00 AM,1960-01-01,IN,66.0
M190,MAINBG,T,YAN YEAN-EPPING MAIN,MS,2.39,1700,CLAY,1/1/1960 12:00:00 AM,1960-01-01,IN,66.0
M193,BYPASS,S,KENNY ST-BROADMEADOWS MAIN,MSCL,1.56,825,CLAY,1/1/1965 12:00:00 AM,1962-07-23,IN,64.0
M193,BYPASS,S,KENNY ST-BROADMEADOWS MAIN,MSCL,1.44,300,CLAY,1/1/1965 12:00:00 AM,1962-07-23,IN,64.0
M193,BYPASS,S,KENNY ST-BROADMEADOWS MAIN,MSCL,6.58,825,CLAY,1/1/1965 12:00:00 AM,1962-07-23,IN,64.0
M193,BYPASS,S,KENNY ST-BROADMEADOWS MAIN,MSCL,1.32,300,CLAY,1/1/1965 12:00:00 AM,1962-07-23,IN,64.0
M193,MAINBG,T,KENNY ST-BROADMEADOWS MAIN,MSEL,1079.58,1150,CLAY,1/1/1965 12:00:00 AM,1965-01-01,IN,61.0
M193,BYPASS,S,KENNY ST-BROADMEADOWS MAIN,MSCL,1.06,225,CLAY,1/1/1965 12:00:00 AM,1962-07-23,IN,64.0
M418,MAINBG,T,BEACONSFIELD - LANGWARRIN MAIN,MS,405.55,1050,CLAY,1/1/1959 12:00:00 AM,1959-01-01,IN,67.0
M351,MAINBG,T,WERRIBEE RES INLET MAIN,MS,87.0,1150,CRK,1/1/1985 12:00:00 AM,1985-01-01,IN,41.0
M351,MAINBG,T,WERRIBEE RES INLET MAIN,MS,2.76,1150,CRK,1/1/1985 12:00:00 AM,1985-01-01,IN,41.0
M351,MAINBG,T,WERRIBEE RES INLET MAIN,MS,92.79,1150,CRK,1/1/1985 12:00:00 AM,1986-01-01,IN,40.0
M351,MAINBG,T,WERRIBEE RES INLET MAIN,MS,92.49,1150,CRK,1/1/1985 12:00:00 AM,1986-01-01,IN,40.0
M351,MAINBG,T,WERRIBEE RES INLET MAIN,MSCL,1654.83,1150,CRK,1/1/1985 12:00:00 AM,1986-01-01,IN,40.0
M351,MAINBG,T,WERRIBEE RES INLET MAIN,MS,59.82,1150,CRK,1/1/1985 12:00:00 AM,1986-01-01,IN,40.0
M351,MAINBG,T,WERRIBEE RES INLET MAIN,MS,4.25,1150,CRK,1/1/1985 12:00:00 AM,1986-01-01,IN,40.0
M351,MAINBG,T,WERRIBEE RES INLET MAIN,MS,28.14,1150,CRK,1/1/1985 12:00:00 AM,1986-01-01,IN,40.0
M418,MAINBG,T,BEACONSFIELD - LANGWARRIN MAIN,MS,125.15,1050,CLAY,1/1/1959 12:00:00 AM,1959-01-01,IN,67.0
M418,MAINBG,T,BEACONSFIELD - LANGWARRIN MAIN,MS,383.3,1050,CLAY,1/1/1959 12:00:00 AM,1959-01-01,IN,67.0
M418,MAINBG,T,BEACONSFIELD - LANGWARRIN MAIN,MS,6.0,1050,CLAY,1/1/1959 12:00:00 AM,1959-01-01,IN,67.0
M478,CROSS,S,CARDINIA - PEARCEDALE DUP,MSCL,16.22,600,CRK,1/1/2001 12:00:00 AM,2001-01-01,IN,25.0
M418,MAINBG,T,BEACONSFIELD - LANGWARRIN MAIN,MS,1.9,1050,CLAY,1/1/1959 12:00:00 AM,1959-01-01,IN,67.0
M418,MAINBG,T,BEACONSFIELD - LANGWARRIN MAIN,MS,292.37,1050,CLAY,1/1/1959 12:00:00 AM,1957-01-01,IN,69.0
M466,MAINBG,S,YARRA GLEN INLET MAIN,AC,1.23,225,SAND,1/1/1975 12:00:00 AM,1975-01-01,IN,51.0
M276,MAINBG,T,ARMSTRONG CRK DIVERSION MAIN,MS,2.7,900,CRK,1/1/1969 12:00:00 AM,1969-01-01,IN,57.0
M276,MAINBG,T,ARMSTRONG CRK DIVERSION MAIN,MS,3582.95,1150,CRK,1/1/1969 12:00:00 AM,1969-01-01,IN,57.0
M276,MAINBG,T,ARMSTRONG CRK DIVERSION MAIN,MS,2.37,900,CRK,1/1/1969 12:00:00 AM,1969-01-01,IN,57.0
M276,MAINBG,T,ARMSTRONG CRK DIVERSION MAIN,MS,1196.41,1150,CRK,1/1/1969 12:00:00 AM,1969-01-01,IN,57.0
M276,MAINBG,T,ARMSTRONG CRK DIVERSION MAIN,MS,0.88,900,CRK,1/1/1969 12:00:00 AM,1969-01-01,IN,57.0
M276,BYPASS,S,ARMSTRONG CRK DIVERSION MAIN,MSCL,2.0,100,CRK,1/1/1969 12:00:00 AM,1969-01-01,IN,57.0
M276,BYPASS,S,ARMSTRONG CRK DIVERSION MAIN,MSEL,2.01,100,CRK,1/1/1969 12:00:00 AM,1969-01-01,IN,57.0
M351,OFTAKE,S,WERRIBEE RES INLET MAIN,MSCL,2.97,150,CRK,1/1/1985 12:00:00 AM,1986-01-01,IN,40.0
M351,CROSS,S,WERRIBEE RES INLET MAIN,MSCL,2.35,225,CRK,1/1/1985 12:00:00 AM,2000-10-18,IN,26.0
M351,MAINBG,T,WERRIBEE RES INLET MAIN,MS,153.42,1350,CRK,1/1/1985 12:00:00 AM,1985-01-01,IN,41.0
M418,MAINBG,T,BEACONSFIELD - LANGWARRIN MAIN,MS,92.35,1050,CLAY,1/1/1988 12:00:00 AM,1991-08-01,IN,35.0
M418,MAINBG,T,BEACONSFIELD - LANGWARRIN MAIN,MS,581.81,1050,CLAY,1/1/1959 12:00:00 AM,1959-01-01,IN,67.0
M418,MAINBG,T,BEACONSFIELD - LANGWARRIN MAIN,MS,0.6,1050,CLAY,1/1/1959 12:00:00 AM,1959-01-01,IN,67.0
M478,OFTAKE,S,CARDINIA - PEARCEDALE DUP,MSCL,6.02,450,CRK,1/1/2001 12:00:00 AM,2001-01-01,IN,25.0
M478,MAINBG,T,CARDINIA - PEARCEDALE DUP,MS,6776.0,1150,CRK,1/1/2001 12:00:00 AM,2001-01-01,IN,25.0
M478,MAINBG,T,CARDINIA - PEARCEDALE DUP,MS,1305.16,1150,CRK,1/1/2001 12:00:00 AM,2001-01-01,IN,25.0
M351,MAINBG,T,WERRIBEE RES INLET MAIN,MS,267.1,1150,CRK,1/1/1985 12:00:00 AM,1986-01-01,IN,40.0
M351,MAINBG,T,WERRIBEE RES INLET MAIN,MS,10.69,900,CRK,1/1/1985 12:00:00 AM,1985-01-01,IN,41.0
M283,OFTAKE,S,YARRA VALLEY CONDUIT MAIN,MSCL,1.52,150,MS,1/1/1973 12:00:00 AM,1991-01-01,IN,35.0
M478,CROSS,S,CARDINIA - PEARCEDALE DUP,MSCL,0.84,600,CRK,1/1/2001 12:00:00 AM,2001-01-01,IN,25.0
M418,MAINBG,T,BEACONSFIELD - LANGWARRIN MAIN,MS,779.51,1050,CLAY,1/1/1959 12:00:00 AM,1959-01-01,IN,67.0
M420,MAINAG,T,TARAGO - WESTERN PORT MAIN,MS,121.03,1050,SAND,1/1/1979 12:00:00 AM,1979-01-01,IN,47.0
M420,MAINBG,T,TARAGO - WESTERN PORT MAIN,MS,103.56,1050,SAND,1/1/1979 12:00:00 AM,1979-01-01,IN,47.0
M420,MAINBG,T,TARAGO - WESTERN PORT MAIN,MS,1949.33,1050,SAND,1/1/1979 12:00:00 AM,1979-01-01,IN,47.0
M420,MAINBG,T,TARAGO - WESTERN PORT MAIN,MS,23.06,1050,SAND,1/1/1979 12:00:00 AM,1975-08-01,IN,51.0
M420,MAINBG,T,TARAGO - WESTERN PORT MAIN,MS,19.78,1050,SAND,1/1/1979 12:00:00 AM,1975-08-01,IN,51.0
M420,MAINBG,T,TARAGO - WESTERN PORT MAIN,MS,48.5,1050,SAND,1/1/1979 12:00:00 AM,1975-08-01,IN,51.0
M283,MAINBG,T,YARRA VALLEY CONDUIT MAIN,MS,251.29,2100,MS,1/1/1973 12:00:00 AM,1976-01-01,IN,50.0
M283,MAINBG,T,YARRA VALLEY CONDUIT MAIN,MS,28.95,2100,MS,1/1/1973 12:00:00 AM,1976-01-01,IN,50.0
M420,MAINBG,T,TARAGO - WESTERN PORT MAIN,MS,12.51,1050,SAND,1/1/1979 12:00:00 AM,1979-01-01,IN,47.0
M420,MAINBG,T,TARAGO - WESTERN PORT MAIN,MS,4.06,1050,SAND,1/1/1979 12:00:00 AM,1975-08-01,IN,51.0
M420,MAINBG,T,TARAGO - WESTERN PORT MAIN,MS,10.12,1050,SAND,1/1/1979 12:00:00 AM,1975-08-01,IN,51.0
M420,MAINBG,T,TARAGO - WESTERN PORT MAIN,MS,87.7,1050,SAND,1/1/1979 12:00:00 AM,1975-08-01,IN,51.0
M420,MAINBG,T,TARAGO - WESTERN PORT MAIN,MS,2017.36,1050,SAND,1/1/1979 12:00:00 AM,1975-08-01,IN,51.0
M420,MAINBG,T,TARAGO - WESTERN PORT MAIN,MS,363.87,1050,SAND,1/1/1979 12:00:00 AM,1975-08-01,IN,51.0
M420,MAINBG,T,TARAGO - WESTERN PORT MAIN,MS,9.52,1050,SAND,1/1/1979 12:00:00 AM,1975-08-01,IN,51.0
M420,MAINBG,T,TARAGO - WESTERN PORT MAIN,MS,6.71,1050,SAND,1/1/1979 12:00:00 AM,1975-08-01,IN,51.0
M420,MAINBG,T,TARAGO - WESTERN PORT MAIN,MS,4.6,1050,SAND,1/1/1979 12:00:00 AM,1975-08-01,IN,51.0
M420,MAINBG,T,TARAGO - WESTERN PORT MAIN,MS,32.53,1050,SAND,1/1/1979 12:00:00 AM,1979-01-01,IN,47.0
M420,MAINBG,T,TARAGO - WESTERN PORT MAIN,MS,4.83,1050,SAND,1/1/1979 12:00:00 AM,1975-08-01,IN,51.0
M420,MAINBG,T,TARAGO - WESTERN PORT MAIN,MS,18.67,1050,SAND,1/1/1979 12:00:00 AM,1975-08-01,IN,51.0
M420,MAINAG,T,TARAGO - WESTERN PORT MAIN,MS,160.01,1050,SAND,1/1/1979 12:00:00 AM,1979-01-01,IN,47.0
M420,MAINBG,T,TARAGO - WESTERN PORT MAIN,MS,4.78,1050,SAND,1/1/1979 12:00:00 AM,1975-08-01,IN,51.0
M420,MAINBG,T,TARAGO - WESTERN PORT MAIN,MS,1026.74,1050,SAND,1/1/1979 12:00:00 AM,1975-08-01,IN,51.0
M420,MAINBG,T,TARAGO - WESTERN PORT MAIN,MS,4.83,1050,SAND,1/1/1979 12:00:00 AM,1975-08-01,IN,51.0
M420,MAINBG,T,TARAGO - WESTERN PORT MAIN,MS,6.96,1050,SAND,1/1/1979 12:00:00 AM,1975-08-01,IN,51.0
M190,MAINBG,T,YAN YEAN-EPPING MAIN,MS,3.35,1350,CLAY,1/1/1960 12:00:00 AM,1960-01-01,IN,66.0
M190,MAINBG,T,YAN YEAN-EPPING MAIN,MS,1851.76,1350,CLAY,1/1/1960 12:00:00 AM,1960-01-01,IN,66.0
M420,MAINBG,T,TARAGO - WESTERN PORT MAIN,MS,3979.64,1050,SAND,1/1/1979 12:00:00 AM,1979-01-01,IN,47.0
M420,MAINBG,T,TARAGO - WESTERN PORT MAIN,MS,4.04,1050,SAND,1/1/1979 12:00:00 AM,1979-01-01,IN,47.0
M420,MAINBG,T,TARAGO - WESTERN PORT MAIN,MS,1484.94,1050,SAND,1/1/1979 12:00:00 AM,1979-01-01,IN,47.0
M420,MAINAG,T,TARAGO - WESTERN PORT MAIN,MS,25.05,1050,SAND,1/1/1979 12:00:00 AM,1979-01-01,IN,47.0
M420,MAINBG,T,TARAGO - WESTERN PORT MAIN,MS,5.01,1050,SAND,1/1/1979 12:00:00 AM,1975-08-01,IN,51.0
M420,MAINAG,T,TARAGO - WESTERN PORT MAIN,MS,27.22,1050,SAND,1/1/1979 12:00:00 AM,1979-01-01,IN,47.0
M420,CONN,S,TARAGO - WESTERN PORT MAIN,MSCL,3.63,100,SAND,1/1/1979 12:00:00 AM,1975-08-01,IN,51.0
M420,CONN,S,TARAGO - WESTERN PORT MAIN,MSCL,3.63,300,SAND,1/1/1979 12:00:00 AM,1975-08-01,IN,51.0
M420,MAINBG,T,TARAGO - WESTERN PORT MAIN,MS,1839.51,1050,SAND,1/1/1979 12:00:00 AM,1975-08-01,IN,51.0
M420,MAINBG,T,TARAGO - WESTERN PORT MAIN,MS,2484.36,1050,SAND,1/1/1979 12:00:00 AM,1975-08-01,IN,51.0
M420,MAINBG,T,TARAGO - WESTERN PORT MAIN,MS,57.27,1050,SAND,1/1/1979 12:00:00 AM,1979-01-01,IN,47.0
M420,OFTAKE,S,TARAGO - WESTERN PORT MAIN,MSCL,2.58,100,SAND,1/1/1979 12:00:00 AM,1975-08-01,IN,51.0
M161,MAINBG,T,YARRA-SILVAN CONDUIT NO 1,MS,76.0,1700,SS&C,1/1/1946 12:00:00 AM,1946-01-01,IN,80.0
M161,MAINBG,T,YARRA-SILVAN CONDUIT NO 1,MS,534.96,1700,SS&C,1/1/1946 12:00:00 AM,1946-01-01,IN,80.0
M161,MAINBG,T,YARRA-SILVAN CONDUIT NO 1,MS,2.0,1700,SS&C,1/1/1946 12:00:00 AM,1946-01-01,IN,80.0
M283,MAINBG,T,YARRA VALLEY CONDUIT MAIN,MS,1.0,2100,SS,1/1/1973 12:00:00 AM,1976-01-01,IN,50.0
M078,MAINBG,T,ROSANNA - PRESTON MAIN,MS,39.32,1150,CLAY,1/1/1940 12:00:00 AM,1940-01-01,IN,86.0
M078,MAINBG,T,ROSANNA - PRESTON MAIN,MS,14.52,1150,CLAY,1/1/1940 12:00:00 AM,1940-01-01,IN,86.0
M420,MAINBG,T,TARAGO - WESTERN PORT MAIN,MS,1539.09,1050,SAND,1/1/1979 12:00:00 AM,1975-08-01,IN,51.0
M420,MAINBG,T,TARAGO - WESTERN PORT MAIN,MS,2866.8,1050,SAND,1/1/1979 12:00:00 AM,1975-08-01,IN,51.0
M420,MAINAG,T,TARAGO - WESTERN PORT MAIN,MS,27.47,1050,SAND,1/1/1979 12:00:00 AM,1979-01-01,IN,47.0
M420,MAINBG,T,TARAGO - WESTERN PORT MAIN,MS,4.51,1050,SAND,1/1/1979 12:00:00 AM,1975-08-01,IN,51.0
M160,MAINBG,T,PRESTON - FOOTSCRAY MAIN,MS,9.16,1350,CLAY,1/1/1958 12:00:00 AM,1958-03-01,IN,68.0
M160,MAINBG,T,PRESTON - FOOTSCRAY MAIN,MS,9.0,1350,CLAY,1/1/1958 12:00:00 AM,1958-03-01,IN,68.0
M160,MAINBG,T,PRESTON - FOOTSCRAY MAIN,MS,8.77,1150,CLAY,1/1/1958 12:00:00 AM,1958-03-01,IN,68.0
M160,MAINBG,T,PRESTON - FOOTSCRAY MAIN,MS,13.24,1150,CLAY,1/1/1958 12:00:00 AM,1958-03-01,IN,68.0
M160,MAINBG,T,PRESTON - FOOTSCRAY MAIN,MS,23.84,900,CLAY,1/1/1958 12:00:00 AM,1958-01-01,IN,68.0
M420,MAINBG,T,TARAGO - WESTERN PORT MAIN,MS,2631.32,1050,SAND,1/1/1979 12:00:00 AM,1975-08-01,IN,51.0
M420,OFTAKE,S,TARAGO - WESTERN PORT MAIN,MSCL,2.58,300,SAND,1/1/1979 12:00:00 AM,1975-08-01,IN,51.0
M420,MAINBG,T,TARAGO - WESTERN PORT MAIN,MS,2572.63,1050,SAND,1/1/1979 12:00:00 AM,1979-01-01,IN,47.0
M160,MAINBG,T,PRESTON - FOOTSCRAY MAIN,MS,18.6,1150,CLAY,1/1/1958 12:00:00 AM,1958-03-01,IN,68.0
M160,MAINBG,T,PRESTON - FOOTSCRAY MAIN,MS,37.66,900,CLAY,1/1/1958 12:00:00 AM,1958-01-01,IN,68.0
M160,MAINBG,T,PRESTON - FOOTSCRAY MAIN,MS,11.17,900,CLAY,1/1/1958 12:00:00 AM,1958-01-01,IN,68.0
M190,MAINBG,T,YAN YEAN-EPPING MAIN,MS,77.17,1700,CLAY,1/1/1960 12:00:00 AM,1960-01-01,IN,66.0
M190,MAINBG,T,YAN YEAN-EPPING MAIN,MS,8.99,1350,CLAY,1/1/1960 12:00:00 AM,1960-01-01,IN,66.0
M190,MAINBG,T,YAN YEAN-EPPING MAIN,MS,185.1,1700,CLAY,1/1/1960 12:00:00 AM,1960-01-01,IN,66.0
M190,MAINBG,T,YAN YEAN-EPPING MAIN,MS,107.18,1700,CLAY,1/1/1960 12:00:00 AM,1960-01-01,IN,66.0
M190,MAINBG,T,YAN YEAN-EPPING MAIN,MS,413.78,1700,CLAY,1/1/1960 12:00:00 AM,1960-01-01,IN,66.0
M190,MAINBG,T,YAN YEAN-EPPING MAIN,MS,73.83,1830,CLAY,1/1/1960 12:00:00 AM,1960-01-01,IN,66.0
M190,MAINBG,T,YAN YEAN-EPPING MAIN,MS,561.47,1700,CLAY,1/1/1960 12:00:00 AM,1960-01-01,IN,66.0
M190,MAINBG,T,YAN YEAN-EPPING MAIN,MS,96.62,1700,CLAY,1/1/1960 12:00:00 AM,1960-01-01,IN,66.0
M192,MAINBG,T,EPPING-GREENVALE MAIN,MS,48.32,1350,UNKN,5/8/2007 12:00:00 AM,2007-05-08,IN,19.0
M193,MAINBG,T,KENNY ST-BROADMEADOWS MAIN,MS,66.96,1150,CRK,1/1/1994 12:00:00 AM,1994-01-01,IN,32.0
M193,MAINBG,T,KENNY ST-BROADMEADOWS MAIN,MS,82.83,900,CRK,1/1/1994 12:00:00 AM,1994-01-01,IN,32.0
M230,MAINBG,T,O'SHANNASSY-U/YARRA CONDUIT MA,MS,1.54,900,C&GR,1/1/1964 12:00:00 AM,1964-01-01,IN,62.0
M230,BYPASS,T,O'SHANNASSY-U/YARRA CONDUIT MA,MS,8.66,600,C&GR,1/1/1964 12:00:00 AM,1990-01-01,IN,36.0
M230,MAINBG,T,O'SHANNASSY-U/YARRA CONDUIT MA,MS,926.01,1150,C&GR,1/1/1964 12:00:00 AM,1964-01-01,IN,62.0
M348,MAINBG,T,MORANG BCH OF WINNEKE-PRESTON,MS,14.08,2100,CRK,1/1/1980 12:00:00 AM,1980-01-01,IN,46.0
M350,MAINBG,T,WESTERN TRANSFER MAIN,MS,13.0,1350,CLAY,1/1/1984 12:00:00 AM,1984-01-01,IN,42.0
M350,MAINBG,T,WESTERN TRANSFER MAIN,MS,22.77,1350,CLAY,1/1/1984 12:00:00 AM,1984-01-01,IN,42.0
M378,MAINBG,T,CARDINIA - BERWICK MAIN,MS,57.55,1350,SAND,1/1/1981 12:00:00 AM,1981-01-01,IN,45.0
M378,MAINBG,T,CARDINIA - BERWICK MAIN,MS,12.39,1350,SAND,1/1/1981 12:00:00 AM,1981-01-01,IN,45.0
M378,MAINBG,T,CARDINIA - BERWICK MAIN,MS,57.33,1350,SAND,1/1/1981 12:00:00 AM,1981-01-01,IN,45.0
M419,MAINBG,T,LANGWARRIN - BITTERN NO 3 MAIN,MS,9.73,900,CLAY,1/1/1971 12:00:00 AM,1971-01-01,IN,55.0
M420,MAINBG,T,TARAGO - WESTERN PORT MAIN,MS,14.63,1050,SAND,1/1/1979 12:00:00 AM,1979-01-01,IN,47.0
M420,MAINBG,T,TARAGO - WESTERN PORT MAIN,MS,51.82,1050,SAND,1/1/1979 12:00:00 AM,1979-01-01,IN,47.0
M420,MAINBG,T,TARAGO - WESTERN PORT MAIN,MS,19.52,1050,SAND,1/1/1979 12:00:00 AM,1979-01-01,IN,47.0
M420,MAINBG,T,TARAGO - WESTERN PORT MAIN,MS,21.95,1050,SAND,1/1/1979 12:00:00 AM,1979-01-01,IN,47.0
M440,MAINBG,T,TYABB MORNINGTON MAIN,MS,9.99,1000,CLAY,1/1/1979 12:00:00 AM,1979-01-01,IN,47.0
M190,MAINBG,T,YAN YEAN-EPPING MAIN,MS,111.91,1700,CLAY,1/1/1960 12:00:00 AM,1960-01-01,IN,66.0
M230,MAINBG,T,O'SHANNASSY-U/YARRA CONDUIT MA,MS,5.46,1150,C&GR,1/1/1964 12:00:00 AM,1964-01-01,IN,62.0
M230,MAINBG,T,O'SHANNASSY-U/YARRA CONDUIT MA,MS,5.86,1150,SAND,1/1/2005 12:00:00 AM,2005-11-25,IN,21.0
M230,BYPASS,T,O'SHANNASSY-U/YARRA CONDUIT MA,MS,0.9,225,C&GR,1/1/1964 12:00:00 AM,1964-01-01,IN,62.0
M301,MAINBG,T,U/YARRA-O'SHANNASSY SIPHON MAI,MS,882.12,1150,C&GR,1/1/1938 12:00:00 AM,1938-01-01,IN,88.0
M230,MAINBG,T,O'SHANNASSY-U/YARRA CONDUIT MA,MS,1.73,900,C&GR,1/1/1964 12:00:00 AM,1964-01-01,IN,62.0
M230,MAINBG,T,O'SHANNASSY-U/YARRA CONDUIT MA,MS,10.47,1150,C&GR,1/1/1964 12:00:00 AM,1964-01-01,IN,62.0
M230,BYPASS,T,O'SHANNASSY-U/YARRA CONDUIT MA,MS,13.63,600,C&GR,1/1/1964 12:00:00 AM,1990-01-01,IN,36.0
M230,MAINBG,T,O'SHANNASSY-U/YARRA CONDUIT MA,MS,2.58,900,C&GR,1/1/1964 12:00:00 AM,1964-01-01,IN,62.0
M230,MAINBG,T,O'SHANNASSY-U/YARRA CONDUIT MA,MS,13.98,1150,CLAY,1/1/1938 12:00:00 AM,1938-01-01,IN,88.0
M230,MAINBG,T,O'SHANNASSY-U/YARRA CONDUIT MA,MS,8.78,1150,SAND,1/1/1964 12:00:00 AM,1964-01-01,IN,62.0
M190,MAINBG,T,YAN YEAN-EPPING MAIN,MS,69.85,700,CLAY,1/1/1960 12:00:00 AM,1960-01-01,IN,66.0
M190,MAINBG,T,YAN YEAN-EPPING MAIN,MS,903.2,1700,CLAY,1/1/1960 12:00:00 AM,1960-01-01,IN,66.0
M190,MAINBG,T,YAN YEAN-EPPING MAIN,MS,2.6,1700,CLAY,1/1/1960 12:00:00 AM,1960-01-01,IN,66.0
M230,MAINBG,T,O'SHANNASSY-U/YARRA CONDUIT MA,MS,2.5,900,C&GR,1/1/1964 12:00:00 AM,1964-01-01,IN,62.0
M230,BYPASS,T,O'SHANNASSY-U/YARRA CONDUIT MA,MS,6.32,225,C&GR,1/1/1964 12:00:00 AM,1964-01-01,IN,62.0
M230,BYPASS,T,O'SHANNASSY-U/YARRA CONDUIT MA,MS,5.86,900,C&GR,1/1/1964 12:00:00 AM,1990-01-01,IN,36.0
M230,BYPASS,T,O'SHANNASSY-U/YARRA CONDUIT MA,MS,0.9,225,C&GR,1/1/1964 12:00:00 AM,1964-01-01,IN,62.0
M420,MAINBG,T,TARAGO - WESTERN PORT MAIN,MS,2.84,1050,SAND,1/1/1979 12:00:00 AM,1975-08-01,IN,51.0
