model,rouge1,rouge2,rougeL,bleu,bertscore_precision,bertscore_recall,bertscore_f1,meteor,length_ratio,exact_match_rate,avg_ref_len,avg_pred_len,avg_generation_time,p90_generation_time,tokens_per_second
llama2-13b-baseline,0.37505731881531507,0.11413883420810478,0.19046134449899768,0.04665919198450439,0.8559300303459167,0.8776764869689941,0.8666044473648071,0.328252617424483,1.6711452335252717,0.0,156.3,261.2,36.05502719879151,43.035213994979856,7.244482123390409
llama2-13b-finetuned,0.36538575380130023,0.10850146602779784,0.18452299662587662,0.040441651747015396,0.8524459004402161,0.8770395517349243,0.8644617199897766,0.3231953906563264,1.7421625079974408,0.0,156.3,272.3,39.43438699245453,44.396952390670776,6.905140938341518
