asset_id,asset_key,dataset,link,source,publisher,themes,used_by,datatype,size,variable_count,variables
ASSET-0018,MOP:2018-aerial-imagery-true-ortho,2018 Aerial Imagery (True Ortho),https://data.melbourne.vic.gov.au/explore/dataset/2018-aerial-imagery-true-ortho/,City of Melbourne Open Data,data.melbourne.vic.gov.au,Property,,Tabular,0,Not stated,Not stated
ASSET-0019,MOP:2018-building-footprints,2018 Building Footprints,https://data.melbourne.vic.gov.au/explore/dataset/2018-building-footprints/,City of Melbourne Open Data,data.melbourne.vic.gov.au,Property,,Geospatial,37872,13,geo_point_2d | geo_shape | footprint_type | tier | structure_max_elevation | footprint_max_elevation | structure_min_elevation | property_id | structure_id | footprint_extrusion | footprint_min_elevation | structure_extrusion | roof_type
ASSET-0020,MOP:2019-aerial-imagery,2019 Aerial Imagery,https://data.melbourne.vic.gov.au/explore/dataset/2019-aerial-imagery/,City of Melbourne Open Data,data.melbourne.vic.gov.au,Environment,,Tabular,0,Not stated,Not stated
ASSET-0021,MOP:2019-false-colour-composite-aerial-imagery,2019 False Colour Composite Aerial Imagery,https://data.melbourne.vic.gov.au/explore/dataset/2019-false-colour-composite-aerial-imagery/,City of Melbourne Open Data,data.melbourne.vic.gov.au,Environment,,Tabular,0,Not stated,Not stated
ASSET-0022,MOP:2020-aerial-imagery-true-ortho,2020 Aerial Imagery,https://data.melbourne.vic.gov.au/explore/dataset/2020-aerial-imagery-true-ortho/,City of Melbourne Open Data,data.melbourne.vic.gov.au,Environment,,Tabular,0,Not stated,Not stated
ASSET-0023,MOP:2020-building-footprints,2020 Building Footprints,https://data.melbourne.vic.gov.au/explore/dataset/2020-building-footprints/,City of Melbourne Open Data,data.melbourne.vic.gov.au,Property,,Geospatial,37750,13,geo_point_2d | geo_shape | footprint_type | tier | structure_max_elevation | footprint_max_elevation | structure_min_elevation | property_id | structure_id | footprint_extrusion | footprint_min_elevation | structure_extrusion | roof_type
ASSET-0024,MOP:2023-building-footprints,2023 Building Footprints,https://data.melbourne.vic.gov.au/explore/dataset/2023-building-footprints/,City of Melbourne Open Data,data.melbourne.vic.gov.au,Property,,Geospatial,41701,13,geo_point_2d | geo_shape | objectid | structure_id | footprint_type | roof_type | footprint_max_elevation | footprint_min_elevation | structure_max_elevation | structure_min_elevation | footprint_extrusion | structure_extrusion | date_captured
ASSET-0025,MOP:annual-bike-counts-super-tuesday,Annual Bike Counts (Super Tuesday),https://data.melbourne.vic.gov.au/explore/dataset/annual-bike-counts-super-tuesday/,City of Melbourne Open Data,data.melbourne.vic.gov.au,Transport,,Geospatial,352,82,state | electorate | site_id | latitude | longitude | legs | description | layout_1 | layout_1_enter | layout_2 | layout_2_enter | layout_3 | layout_3_enter | layout_4 | layout_4_enter | layout_5 | layout_5_enter | layout_6 | layout_6_enter | leg1_2 | leg1_3 | leg1_4 | leg1_5 | leg1_6 | leg2_1 | leg2_3 | leg2_4 | leg2_5 | leg2_6 | leg3_1 | leg3_2 | leg3_4 | leg3_5 | leg3_6 | leg4_1 | leg4_2 | leg4_3 | leg4_5 | leg4_6 | leg5_1 | leg5_2 | leg5_3 | leg5_4 | leg5_6 | leg6_1 | leg6_2 | leg6_3 | leg6_4 | leg6_5 | leg1_enter | leg1_exit | leg1_total | leg2_enter | leg2_exit | leg2_total | leg3_enter | leg3_exit | leg3_total | leg4_enter | leg4_exit | leg4_total | leg5_enter | leg5_exit | leg5_total | leg6_enter | leg6_exit | leg6_total | female | male | not_known | total | year | 7_00_am | 7_15_am | 7_30_am | 7_45_am | 8_00_am | 8_15_am | 8_30_am | 8_45_am | location | geolocation
ASSET-0026,MOP:argyle-square-air-quality,Argyle Square Air Quality (Historical),https://data.melbourne.vic.gov.au/explore/dataset/argyle-square-air-quality/,City of Melbourne Open Data,City of Melbourne,Environment,,Geospatial,142507,19,time | dev_id | sensor_name | lat_long | averagespl | carbonmonoxide | humidity | ibatt | nitrogendioxide | ozone | particulateserr | particulatesvsn | peakspl | pm1 | pm10 | pm25 | temperature | vbatt | vpanel
ASSET-0103,MOP:guppy,Argyle Square Benches usage data,https://data.melbourne.vic.gov.au/explore/dataset/guppy/,City of Melbourne Open Data,City of Melbourne,People,,Geospatial,155764,13,device_id | time | sensor_location | sensor_name | azimuthdeg | lat_long | batv | intrip | inclinationdeg | mandown | temp | type | xyz
ASSET-0010,MOP:meshed-sensor-type-2,Argyle Square Microclimate sensors,https://data.melbourne.vic.gov.au/explore/dataset/meshed-sensor-type-2/,City of Melbourne Open Data,City of Melbourne,Environment,,Geospatial,105097,8,device_id | time | sensor_name | temperature | humidity | battery | lat_long | location_picture_hyperlink
ASSET-0123,MOP:meshed-sensor-type-3,Argyle Square sound stage activity,https://data.melbourne.vic.gov.au/explore/dataset/meshed-sensor-type-3/,City of Melbourne Open Data,City of Melbourne,People,,Geospatial,633992,10,dev_id | sensor_name | time | temperature | humidity | light | motion | visit | vdd | lat_long
ASSET-0027,MOP:argyle-square-sound-stage-activity-copy,Argyle Square sound stage activity - copy,https://data.melbourne.vic.gov.au/explore/dataset/argyle-square-sound-stage-activity-copy/,City of Melbourne Open Data,City of Melbourne,"Spatial planning, Assets Management & Monitoring",,Geospatial,0,10,dev_id | sensor_name | time | temperature | humidity | light | motion | visit | vdd | lat_long
ASSET-0122,MOP:meshed-sensor-type-1,Argyle Square weather stations (historical data),https://data.melbourne.vic.gov.au/explore/dataset/meshed-sensor-type-1/,City of Melbourne Open Data,City of Melbourne,Environment,,Geospatial,117897,18,device_id | time | rtc | battery | solarpanel | command | solar | precipitation | strikes | windspeed | winddirection | gustspeed | vapourpressure | atmosphericpressure | relativehumidity | airtemp | lat_long | sensor_name
ASSET-0028,MOP:assets-for-environmental-reporting,Assets for environmental reporting,https://data.melbourne.vic.gov.au/explore/dataset/assets-for-environmental-reporting/,City of Melbourne Open Data,data.melbourne.vic.gov.au,Environment,,Geospatial,447,11,branch | asset_type | asset_name | address | suburb | postcode | category | nger_entity | latitude | longitude | geocode
ASSET-0029,MOP:bars-and-pubs-with-patron-capacity,"Bar, tavern, pub patron capacity",https://data.melbourne.vic.gov.au/explore/dataset/bars-and-pubs-with-patron-capacity/,City of Melbourne Open Data,data.melbourne.vic.gov.au,Business,,Geospatial,5304,12,census_year | block_id | property_id | base_property_id | building_address | clue_small_area | trading_name | business_address | number_of_patrons | longitude | latitude | location
ASSET-0030,MOP:bat-records-in-fitzroy-gardens-and-royal-botanic-gardens-2010,Bat Records in Fitzroy Gardens and Royal Botanic Gardens 2010,https://data.melbourne.vic.gov.au/explore/dataset/bat-records-in-fitzroy-gardens-and-royal-botanic-gardens-2010/,City of Melbourne Open Data,data.melbourne.vic.gov.au,Environment,,Geospatial,10,11,taxa | kingdom | phylum | class | order | family | genus | species | common_name | park_name | location
ASSET-0031,MOP:bicycle-network,Bicycle Network,https://data.melbourne.vic.gov.au/explore/dataset/bicycle-network/,City of Melbourne Open Data,data.melbourne.vic.gov.au,Transport,,Geospatial,130048,10,geo_point_2d | geo_shape | objectid | roadclass | width | oneway | management | direction | shape_length | description
ASSET-0032,MOP:bicycle-routes-including-informal-on-road-and-off-road-routes,"Bicycle routes, including informal, on-road and off-road routes.",https://data.melbourne.vic.gov.au/explore/dataset/bicycle-routes-including-informal-on-road-and-off-road-routes/,City of Melbourne Open Data,data.melbourne.vic.gov.au,Transport,,Geospatial,5517,23,assetid | class | type | area | assetmanager | company | contract | description | ownership | primaryservicemanager | objectid | active | lanetype | roadclass | surfacetreatment | protection | tenure | length | width | clueregion | segmentdescription | json_geometry | geo_point_2d
ASSET-0033,MOP:bike-share-dock-locations,Bike Share Dock Locations,https://data.melbourne.vic.gov.au/explore/dataset/bike-share-dock-locations/,City of Melbourne Open Data,data.melbourne.vic.gov.au,Transport,,Geospatial,50,7,station_id | name | rental_method | capacity | lat | lon | location
ASSET-0034,MOP:bioblitz-2016,BioBlitz 2016,https://data.melbourne.vic.gov.au/explore/dataset/bioblitz-2016/,City of Melbourne Open Data,data.melbourne.vic.gov.au,Environment,,Geospatial,1356,16,taxa | kingdom | phylum | class | order | family | genus | species | common_name | identification_notes | data_resource_name | sighting_date | latitude | longitude | location | geopoint
ASSET-0035,MOP:bird-survey-results-for-areas-in-the-city-of-melbourne-february-and-march-2018,"Bird Survey Results for Areas in the City of Melbourne, February and March 2018",https://data.melbourne.vic.gov.au/explore/dataset/bird-survey-results-for-areas-in-the-city-of-melbourne-february-and-march-2018/,City of Melbourne Open Data,data.melbourne.vic.gov.au,Environment,,Geospatial,498,14,sighting_date | common_name | scientific_name | sighting_count | victorian_biodiversity_atlas_code | lat | lon | loc1_desc | lat2 | lon2 | loc2_desc | site_name | location_2 | location_1
ASSET-0036,MOP:block-level-energy-consumption-modelled-on-building-attributes-2011-baseline,Block level energy consumption (modelled on building attributes) - 2011 baseline,https://data.melbourne.vic.gov.au/explore/dataset/block-level-energy-consumption-modelled-on-building-attributes-2011-baseline/,City of Melbourne Open Data,data.melbourne.vic.gov.au,Environment,,Geospatial,686,6,geo_point_2d | geo_shape | comm | num_b_prop | resi | total
ASSET-0037,MOP:block-level-energy-consumption-modelled-on-building-attributes-2016-projection-b,Block level energy consumption (modelled on building attributes) - 2016 projection - business-as-usual scenario,https://data.melbourne.vic.gov.au/explore/dataset/block-level-energy-consumption-modelled-on-building-attributes-2016-projection-b/,City of Melbourne Open Data,data.melbourne.vic.gov.au,Environment,,Geospatial,662,6,geo_point_2d | geo_shape | comm | num_b_prop | resi | total
ASSET-0038,MOP:block-level-energy-consumption-modelled-on-building-attributes-2016-projection-r,Block level energy consumption (modelled on building attributes) - 2016 projection - retrofit scenario,https://data.melbourne.vic.gov.au/explore/dataset/block-level-energy-consumption-modelled-on-building-attributes-2016-projection-r/,City of Melbourne Open Data,data.melbourne.vic.gov.au,Environment,,Geospatial,662,3,geo_point_2d | geo_shape | total
ASSET-0039,MOP:block-level-energy-consumption-modelled-on-building-attributes-2021-projection-b,Block level energy consumption (modelled on building attributes) - 2021 projection - business-as-usual scenario,https://data.melbourne.vic.gov.au/explore/dataset/block-level-energy-consumption-modelled-on-building-attributes-2021-projection-b/,City of Melbourne Open Data,data.melbourne.vic.gov.au,Environment,,Geospatial,640,6,geo_point_2d | geo_shape | comm | num_b_prop | resi | total
ASSET-0040,MOP:block-level-energy-consumption-modelled-on-building-attributes-2021-projection-r,Block level energy consumption (modelled on building attributes) - 2021 projection - retrofit scenario,https://data.melbourne.vic.gov.au/explore/dataset/block-level-energy-consumption-modelled-on-building-attributes-2021-projection-r/,City of Melbourne Open Data,data.melbourne.vic.gov.au,Environment,,Geospatial,640,3,geo_point_2d | geo_shape | total
ASSET-0001,MOP:block-level-energy-consumption-modelled-on-building-attributes-2026-projection-b,Block level energy consumption (modelled on building attributes) - 2026 projection - business-as-usual scenario,https://data.melbourne.vic.gov.au/explore/dataset/block-level-energy-consumption-modelled-on-building-attributes-2026-projection-b/,City of Melbourne Open Data,data.melbourne.vic.gov.au,Environment,,Geospatial,628,6,geo_point_2d | geo_shape | comm | num_b_prop | resi | total
ASSET-0041,MOP:block-level-energy-consumption-modelled-on-building-attributes-2026-projection-r,Block level energy consumption (modelled on building attributes) - 2026 projection - retrofit scenario,https://data.melbourne.vic.gov.au/explore/dataset/block-level-energy-consumption-modelled-on-building-attributes-2026-projection-r/,City of Melbourne Open Data,data.melbourne.vic.gov.au,Environment,,Geospatial,628,3,geo_point_2d | geo_shape | total
ASSET-0042,MOP:blocks-for-census-of-land-use-and-employment-clue,Blocks for Census of Land Use and Employment (CLUE),https://data.melbourne.vic.gov.au/explore/dataset/blocks-for-census-of-land-use-and-employment-clue/,City of Melbourne Open Data,data.melbourne.vic.gov.au,Business,,Geospatial,603,5,geo_point_2d | geo_shape | block_id | region_name | area_name
ASSET-0043,MOP:bom-weather-at-olympic-park,BOM Weather at Olympic Park,https://data.melbourne.vic.gov.au/explore/dataset/bom-weather-at-olympic-park/,City of Melbourne Open Data,Bureau of Meteorology,Environment,,Geospatial,11359,43,local_date_time_full | refresh_message | id | main_id | name | state_time_zone | time_zone | product_name | state | sort_order | wmo | history_product | local_date_time | aifstime_utc | lat | lon | apparent_t | cloud | cloud_base_m | cloud_oktas | cloud_type_id | cloud_type | delta_t | gust_kmh | gust_kt | air_temp | dewpt | press | press_qnh | press_msl | press_tend | rain_trace | rel_hum | sea_state | swell_dir_worded | swell_height | swell_period | vis_km | weather | wind_dir | wind_spd_kmh | wind_spd_kt | latlong
ASSET-0044,MOP:bookable-banner-poles,Bookable Banner Poles,https://data.melbourne.vic.gov.au/explore/dataset/bookable-banner-poles/,City of Melbourne Open Data,data.melbourne.vic.gov.au,City Council,,Geospatial,417,21,description | class | type | subtype | company | contract | assetmanager | primaryservicemanager | ownership | conditionrating | evaluationdate | installationdate | modelno | modeldescription | bookinggroup | venuenumber | isactive | locationdescription | roadsegmentdescription | location | geo_point_2d
ASSET-0048,MOP:buildings-with-name-age-size-accessibility-and-bicycle-facilities,Building information,https://data.melbourne.vic.gov.au/explore/dataset/buildings-with-name-age-size-accessibility-and-bicycle-facilities/,City of Melbourne Open Data,data.melbourne.vic.gov.au,Property,,Geospatial,305557,19,census_year | block_id | property_id | base_property_id | building_name | street_address | clue_small_area | construction_year | refurbished_year | number_of_floors_above_ground | predominant_space_use | accessibility_type | accessibility_type_description | accessibility_rating | bicycle_spaces | has_showers | longitude | latitude | location
ASSET-0045,MOP:building-outlines-20140,Building outlines 2014,https://data.melbourne.vic.gov.au/explore/dataset/building-outlines-20140/,City of Melbourne Open Data,data.melbourne.vic.gov.au,Property,,Geospatial,21982,12,geo_point_2d | geo_shape | fmtaddress | mccid_str | easting | height | northing | build_year | zmin | floors | mccid_int | zmax
ASSET-0046,MOP:building-outlines-2015,Building outlines 2015,https://data.melbourne.vic.gov.au/explore/dataset/building-outlines-2015/,City of Melbourne Open Data,data.melbourne.vic.gov.au,Property,,Geospatial,20861,7,geo_point_2d | geo_shape | geom_type | ovlhgt_ahd | suburb | struct_id | base_ahd
ASSET-0047,MOP:building-permits,Building Permits,https://data.melbourne.vic.gov.au/explore/dataset/building-permits/,City of Melbourne Open Data,data.melbourne.vic.gov.au,Property,,Tabular,184174,10,council_ref | permit_number | issue_date | address | desc_of_works | estimated_cost_of_works | rbs_number | commence_by_date | completed_by_date | permit_certificate_type
ASSET-0002,MOP:bus-stops,Bus stops,https://data.melbourne.vic.gov.au/explore/dataset/bus-stops/,City of Melbourne Open Data,data.melbourne.vic.gov.au,Transport,UC00088 | UC00157,Geospatial,309,16,geo_point_2d | geo_shape | prop_id | addresspt1 | addressp_1 | asset_clas | asset_type | objectid | str_id | addresspt | asset_subt | model_desc | mcc_id | roadseg_id | descriptio | model_no
ASSET-0049,MOP:bus-stops-for-melbourne-visitor-shuttle,Bus stops for Melbourne Visitor Shuttle,https://data.melbourne.vic.gov.au/explore/dataset/bus-stops-for-melbourne-visitor-shuttle/,City of Melbourne Open Data,data.melbourne.vic.gov.au,Transport,,Geospatial,13,4,stop_number | name | address | co_ordinates
ASSET-0051,MOP:business-establishments-and-jobs-data-by-business-size-and-anzsic-in-municipality,Business establishments and jobs data by business size and ANZSIC in municipality,https://data.melbourne.vic.gov.au/explore/dataset/business-establishments-and-jobs-data-by-business-size-and-anzsic-in-municipality/,City of Melbourne Open Data,data.melbourne.vic.gov.au,"Economy, Business, SME, Economic development, Employment | Business | Property",,Tabular,1686,6,census_year | clue_small_area | anzsic_indusrty | business_size | total_establishments | total_jobs
ASSET-0050,MOP:business-establishments-and-jobs-data-by-business-size-and-anzsic,Business establishments and jobs data by business size and ANZSIC in small areas,https://data.melbourne.vic.gov.au/explore/dataset/business-establishments-and-jobs-data-by-business-size-and-anzsic/,City of Melbourne Open Data,data.melbourne.vic.gov.au,"Economy, Business, SME, Economic development, Employment | Business | Property",,Tabular,13353,6,census_year | clue_small_area | anzsic_indusrty | business_size | total_establishments | total_jobs
ASSET-0053,MOP:business-establishments-and-jobs-data-by-business-size-and-clue-industry-in-municipality,Business establishments and jobs data by business size and CLUE industry in municipality,https://data.melbourne.vic.gov.au/explore/dataset/business-establishments-and-jobs-data-by-business-size-and-clue-industry-in-municipality/,City of Melbourne Open Data,data.melbourne.vic.gov.au,"Economy, Business, SME, Economic development, Employment | Business | Property",,Tabular,1802,6,census_year | clue_small_area | clue_industry | business_size | total_establishments | total_jobs
ASSET-0052,MOP:business-establishments-and-jobs-data-by-business-size-and-clue-industry,Business establishments and jobs data by business size and CLUE industry in small areas,https://data.melbourne.vic.gov.au/explore/dataset/business-establishments-and-jobs-data-by-business-size-and-clue-industry/,City of Melbourne Open Data,data.melbourne.vic.gov.au,"Economy, Business, SME, Economic development, Employment | Property | Business",,Tabular,14107,6,census_year | clue_small_area | clue_industry | business_size | total_establishments | total_jobs
ASSET-0003,MOP:business-establishments-with-address-and-industry-classification,Business establishments location and industry classification,https://data.melbourne.vic.gov.au/explore/dataset/business-establishments-with-address-and-industry-classification/,City of Melbourne Open Data,data.melbourne.vic.gov.au,Business,,Geospatial,413550,12,census_year | block_id | property_id | base_property_id | clue_small_area | trading_name | business_address | industry_anzsic4_code | industry_anzsic4_description | longitude | latitude | point
ASSET-0055,MOP:business-establishments-per-block-by-anzsic,Business establishments per ANZSIC for blocks,https://data.melbourne.vic.gov.au/explore/dataset/business-establishments-per-block-by-anzsic/,City of Melbourne Open Data,data.melbourne.vic.gov.au,Business,,Tabular,13519,23,census_year | block_id | clue_small_area | accommodation_and_food_services | administrative_and_support_services | agriculture_forestry_and_fishing | arts_and_recreation_services | construction | education_and_training | electricity_gas_water_and_waste_services | financial_and_insurance_services | health_care_and_social_assistance | information_media_and_telecommunications | manufacturing | mining | other_services | professional_scientific_and_technical_services | public_administration_and_safety | rental_hiring_and_real_estate_services | retail_trade | transport_postal_and_warehousing | wholesale_trade | total_establishments_in_block
ASSET-0054,MOP:business-establishments-per-anzsic-in-municipality,Business establishments per ANZSIC in municipality,https://data.melbourne.vic.gov.au/explore/dataset/business-establishments-per-anzsic-in-municipality/,City of Melbourne Open Data,data.melbourne.vic.gov.au,Business,,Tabular,23,22,census_year | clue_small_area | accommodation_and_food_services | administrative_and_support_services | agriculture_forestry_and_fishing | arts_and_recreation_services | construction | education_and_training | electricity_gas_water_and_waste_services | financial_and_insurance_services | health_care_and_social_assistance | information_media_and_telecommunications | manufacturing | mining | other_services | professional_scientific_and_technical_services | public_administration_and_safety | rental_hiring_and_real_estate_services | retail_trade | transport_postal_and_warehousing | wholesale_trade | total_establishments_in_block
ASSET-0056,MOP:business-establishments-per-block-by-clue-industry,Business establishments per CLUE industry for blocks,https://data.melbourne.vic.gov.au/explore/dataset/business-establishments-per-block-by-clue-industry/,City of Melbourne Open Data,data.melbourne.vic.gov.au,Business,,Tabular,13519,24,census_year | block_id | clue_small_area | accommodation | admin_and_support_services | agriculture_and_mining | arts_and_recreation_services | business_services | construction | education_and_training | electricity_gas_water_and_waste_services | finance_and_insurance | food_and_beverage_services | health_care_and_social_assistance | information_media_and_telecommunications | manufacturing | other_services | public_administration_and_safety | real_estate_services | rental_and_hiring_services | retail_trade | transport_postal_and_storage | wholesale_trade | total_establishments_in_block
ASSET-0132,MOP:new_clue_industry_establishments_for_com,Business establishments per CLUE industry in municipality,https://data.melbourne.vic.gov.au/explore/dataset/new_clue_industry_establishments_for_com/,City of Melbourne Open Data,data.melbourne.vic.gov.au,Business,,Tabular,23,23,census_year | clue_small_area | accommodation | admin_and_support_services | agriculture_and_mining | arts_and_recreation_services | business_services | construction | education_and_training | electricity_gas_water_and_waste_services | finance_and_insurance | food_and_beverage_services | health_care_and_social_assistance | information_media_and_telecommunications | manufacturing | other_services | public_administration_and_safety | real_estate_services | rental_and_hiring_services | retail_trade | transport_postal_and_storage | wholesale_trade | total_establishments_in_block
ASSET-0057,MOP:butterfly-biodiversity-survey-2017,Butterfly biodiversity survey 2017,https://data.melbourne.vic.gov.au/explore/dataset/butterfly-biodiversity-survey-2017/,City of Melbourne Open Data,data.melbourne.vic.gov.au,Environment,,Geospatial,4056,42,site | sloc | walk | date | time | vegwalktime | vegspecies | vegfamily | lat | lon | temp | hum | win1 | win2 | win3 | win4 | win | per | sur | prap | vker | vite | blue | dpet | dple | pana | pdem | hesp | esmi | cato | gaca | belo | tabe | brow | csem | aand | jvil | paur | ogyr | gmac | datetime | location
ASSET-0004,MOP:cafes-and-restaurants-with-seating-capacity,"Café, restaurant, bistro seats",https://data.melbourne.vic.gov.au/explore/dataset/cafes-and-restaurants-with-seating-capacity/,City of Melbourne Open Data,data.melbourne.vic.gov.au,Business,UC00010,Geospatial,66356,15,census_year | block_id | property_id | base_property_id | building_address | clue_small_area | trading_name | business_address | industry_anzsic4_code | industry_anzsic4_description | seating_type | number_of_seats | longitude | latitude | location
ASSET-0058,MOP:cardboard-bales-collected-at-degraves-st-recycling-facility-2016,Cardboard bales collected at Degraves St Recycling Facility 2016,https://data.melbourne.vic.gov.au/explore/dataset/cardboard-bales-collected-at-degraves-st-recycling-facility-2016/,City of Melbourne Open Data,data.melbourne.vic.gov.au,Environment,,Tabular,53,10,week_beginning_date | monday | tuesday | wednesday | thursday | friday | saturday | sunday | bales_collected | estimated_weight_of_cardboard_kg
ASSET-0059,MOP:childcare-centres,Childcare centres,https://data.melbourne.vic.gov.au/explore/dataset/childcare-centres/,City of Melbourne Open Data,data.melbourne.vic.gov.au,Business,,Geospatial,29,5,ref | name | contact_ph | url | coordinates
ASSET-0060,MOP:city-circle-tram-route,City Circle tram route,https://data.melbourne.vic.gov.au/explore/dataset/city-circle-tram-route/,City of Melbourne Open Data,data.melbourne.vic.gov.au,Transport,,Geospatial,1,9,geo_point_2d | geo_shape | name | xorg | mccid_str | xsource | xdate | mccid_int | route_no
ASSET-0061,MOP:city-circle-tram-stops,City Circle tram stops,https://data.melbourne.vic.gov.au/explore/dataset/city-circle-tram-stops/,City of Melbourne Open Data,data.melbourne.vic.gov.au,Transport,UC00157,Geospatial,28,9,geo_point_2d | geo_shape | name | xorg | stop_no | mccid_str | xsource | xdate | mccid_int
ASSET-0062,MOP:city-of-melbourne-3d-point-cloud-2018,City of Melbourne 3D Point Cloud 2018,https://data.melbourne.vic.gov.au/explore/dataset/city-of-melbourne-3d-point-cloud-2018/,City of Melbourne Open Data,data.melbourne.vic.gov.au,City Council,,Tabular,0,Not stated,Not stated
ASSET-0063,MOP:city-of-melbourne-3d-textured-mesh-photomesh-2018,City of Melbourne 3D Textured Mesh (Photomesh) 2018,https://data.melbourne.vic.gov.au/explore/dataset/city-of-melbourne-3d-textured-mesh-photomesh-2018/,City of Melbourne Open Data,data.melbourne.vic.gov.au,Property,,Tabular,0,Not stated,Not stated
ASSET-0064,MOP:city-of-melbourne-3d-textured-mesh-photomesh-2020,City of Melbourne 3D Textured Mesh (Photomesh) 2020,https://data.melbourne.vic.gov.au/explore/dataset/city-of-melbourne-3d-textured-mesh-photomesh-2020/,City of Melbourne Open Data,data.melbourne.vic.gov.au,Property,,Tabular,0,Not stated,Not stated
ASSET-0065,MOP:city-of-melbourne-dwellings-and-household-forecasts-by-small-area-2020-2040,City of Melbourne Dwellings and Household Forecasts by Small Area 2023-2043,https://data.melbourne.vic.gov.au/explore/dataset/city-of-melbourne-dwellings-and-household-forecasts-by-small-area-2020-2040/,City of Melbourne Open Data,data.melbourne.vic.gov.au,People,,Tabular,2646,5,geography | year | category | households | value
ASSET-0066,MOP:city-of-melbourne-floor-space-forecasts-by-small-area-2020-2040,City of Melbourne Floor Space Forecasts by Small Area 2023-2043,https://data.melbourne.vic.gov.au/explore/dataset/city-of-melbourne-floor-space-forecasts-by-small-area-2020-2040/,City of Melbourne Open Data,data.melbourne.vic.gov.au,People,,Tabular,9345,5,geography | year | category | industry_space_use | value
ASSET-0067,MOP:city-of-melbourne-jobs-forecasts-by-small-area-2020-2040,City of Melbourne Jobs Forecasts by Small Area 2023-2043,https://data.melbourne.vic.gov.au/explore/dataset/city-of-melbourne-jobs-forecasts-by-small-area-2020-2040/,City of Melbourne Open Data,data.melbourne.vic.gov.au,People,,Tabular,8505,5,geography | year | category | industry_space_use | value
ASSET-0068,MOP:city-of-melbourne-liveability-and-social-indicators,City of Melbourne Liveability and Social Indicators,https://data.melbourne.vic.gov.au/explore/dataset/city-of-melbourne-liveability-and-social-indicators/,City of Melbourne Open Data,data.melbourne.vic.gov.au,People,,Tabular,319,10,type | topic | id | indicator | period | numerator | denominator | value | value_type | sources
ASSET-0069,MOP:city-of-melbourne-municipal-greenhouse-gas-emissions-2013-2020,City of Melbourne Municipal Greenhouse Gas Emissions 2013-2020,https://data.melbourne.vic.gov.au/explore/dataset/city-of-melbourne-municipal-greenhouse-gas-emissions-2013-2020/,City of Melbourne Open Data,data.melbourne.vic.gov.au,Environment,,Tabular,8,60,year | population | area_km2 | gdp_m | residential_buildings_scope_1 | residential_buildings_scope_2 | residential_buildings_scope_3 | commercial_and_institutional_buildings_and_facilities_scope_1 | commercial_and_institutional_buildings_and_facilities_scope_2 | commercial_and_institutional_buildings_and_facilities_scope_3 | manufacturing_industries_and_construction_scope_1 | manufacturing_industries_and_construction_scope_2 | manufacturing_industries_and_construction_scope_3 | energy_industries_scope_1 | energy_industries_scope_2 | energy_industries_scope_3 | energy_generation_supplied_to_the_grid_scope_1 | agriculture_forestry_and_fishing_activities_scope_1 | agriculture_forestry_and_fishing_activities_scope_2 | agriculture_forestry_and_fishing_activities_scope_3 | non_specified_sources_scope_1 | non_specified_sources_scope_2 | non_specified_sources_scope_3 | fugitive_emissions_from_mining_processing_storage_and_transportation_of_coal_scope_1 | fugitive_emissions_from_oil_and_natural_gas_systems_scope_1 | on_road_transportation_scope_1 | on_road_transportation_scope_2 | on_road_transportation_scope_3 | railways_scope_1 | railways_scope_2 | railways_scope_3 | waterborne_navigation_scope_1 | waterborne_navigation_scope_2 | waterborne_navigation_scope_3 | aviation_scope_1 | aviation_scope_2 | aviation_scope_3 | off_road_transportation_scope_1 | off_road_transportation_scope_2 | off_road_transportation_scope_3 | solid_waste_generated_in_the_city_scope_1 | solid_waste_generated_in_the_city_scope_2 | solid_waste_generated_in_the_city_scope_3 | biological_waste_generated_in_the_city_scope_1 | biological_waste_generated_in_the_city_scope_2 | biological_waste_generated_in_the_city_scope_3 | incinerated_and_burned_waste_generated_in_the_city_scope_1 | incinerated_and_burned_waste_generated_in_the_city_scope_2 | incinerated_and_burned_waste_generated_in_the_city_scope_3 | wastewater_generated_in_the_city_scope_1 | wastewater_generated_in_the_city_scope_2 | wastewater_generated_in_the_city_scope_3 | emissions_from_industrial_processes_occurring_in_the_city_boundary_scope_1 | emissions_from_product_use_occurring_within_the_city_boundary_scope_2 | emissions_from_livestock_scope_3 | emissions_from_land_scope_1 | emissions_from_aggregate_sources_and_non_co2_emission_sources_on_land_scope_2 | other_scope_3_scope_3 | mrep1_and_mrep2_power_purchase_agreement_city_of_melbourne_scope_2 | yarra_trams_power_purchase_agreement_victorian_state_government_scope_2
ASSET-0005,MOP:city-of-melbourne-population-forecasts-by-small-area-2020-2040,City of Melbourne Population Forecasts by Small Area 2023-2043,https://data.melbourne.vic.gov.au/explore/dataset/city-of-melbourne-population-forecasts-by-small-area-2020-2040/,City of Melbourne Open Data,data.melbourne.vic.gov.au,People,,Tabular,10584,5,geography | year | gender | age | value
ASSET-0070,MOP:commingled-recycling-collected-at-centre-place-2016,Commingled recycling collected at Centre Place 2016,https://data.melbourne.vic.gov.au/explore/dataset/commingled-recycling-collected-at-centre-place-2016/,City of Melbourne Open Data,data.melbourne.vic.gov.au,Environment,,Tabular,366,6,date | total_1100_litre_bins_filled | time_bin_1_spot_weight_checked | time_bin_2_spot_weight_checked | time_bin_3_spot_weight_checked | daily_estimated_net_weight_kg
ASSET-0071,MOP:commingled-recycling-collected-at-degraves-st-hub-2016,Commingled recycling collected at Degraves St Hub 2016,https://data.melbourne.vic.gov.au/explore/dataset/commingled-recycling-collected-at-degraves-st-hub-2016/,City of Melbourne Open Data,data.melbourne.vic.gov.au,Environment,,Tabular,366,12,day | date | number_of_1100_litre_bins_filled | time_bin_1_spot_check_weight_recorded | time_bin_2_spot_check_weight_recorded | time_bin_3_spot_check_weight_recorded | time_bin_4_spot_check_weight_recorded | time_bin_5_spot_check_weight_recorded | daily_estimated_net_weight_kg | column_9 | column_10 | column_11
ASSET-0072,MOP:coworking-spaces,Coworking Spaces,https://data.melbourne.vic.gov.au/explore/dataset/coworking-spaces/,City of Melbourne Open Data,data.melbourne.vic.gov.au,Business,,Geospatial,64,6,organisation | address | website | latitude | longitude | geopoint
ASSET-0073,MOP:customer-service-requests-with-digital-channel-information,Customer Service Requests (with digital channel information),https://data.melbourne.vic.gov.au/explore/dataset/customer-service-requests-with-digital-channel-information/,City of Melbourne Open Data,data.melbourne.vic.gov.au,City Council,,Tabular,42221,6,service_type | date_opened | date_closed | status | case_origin | suburb
ASSET-0074,MOP:customer-service-requests-with-resolution-time,"Customer service requests, with resolution time",https://data.melbourne.vic.gov.au/explore/dataset/customer-service-requests-with-resolution-time/,City of Melbourne Open Data,data.melbourne.vic.gov.au,City Council,,Tabular,46479,7,request_status | date_received | date_completed | suburb | category | service_desc | days_to_complete
ASSET-0075,MOP:development-activity-model-footprints,Development Activity Model Footprints,https://data.melbourne.vic.gov.au/explore/dataset/development-activity-model-footprints/,City of Melbourne Open Data,data.melbourne.vic.gov.au,Property,,Geospatial,1274,14,dev_key | status | permit_num | bldhgt_ahd | base_ahd | address | num_floors | land_use_1 | land_use_2 | land_use_3 | shape_type | datadate | json_geometry | geo_point_2d
ASSET-0076,MOP:development-activity-model-sketchup-massing,Development Activity Model Sketchup Massing,https://data.melbourne.vic.gov.au/explore/dataset/development-activity-model-sketchup-massing/,City of Melbourne Open Data,data.melbourne.vic.gov.au,Property,,Tabular,0,Not stated,Not stated
ASSET-0077,MOP:development-activity-monitor,Development Activity Monitor,https://data.melbourne.vic.gov.au/explore/dataset/development-activity-monitor/,City of Melbourne Open Data,data.melbourne.vic.gov.au,Property,,Geospatial,1444,42,data_format | development_key | status | year_completed | clue_small_area | clue_block | street_address | property_id | property_id_2 | property_id_3 | property_id_4 | property_id_5 | floors_above | resi_dwellings | studio_dwe | one_bdrm_dwe | two_bdrm_dwe | three_bdrm_dwe | student_apartments | student_beds | student_accommodation_units | institutional_accom_beds | hotel_rooms | serviced_apartments | hotels_serviced_apartments | hostel_beds | childcare_places | office_flr | retail_flr | industrial_flr | storage_flr | education_flr | hospital_flr | recreation_flr | publicdispaly_flr | community_flr | car_spaces | bike_spaces | town_planning_application | longitude | latitude | geopoint
ASSET-0078,MOP:digital-surface-model,Digital Surface Model,https://data.melbourne.vic.gov.au/explore/dataset/digital-surface-model/,City of Melbourne Open Data,data.melbourne.vic.gov.au,Environment,,Tabular,0,Not stated,Not stated
ASSET-0079,MOP:drainpipes,Drainpipes,https://data.melbourne.vic.gov.au/explore/dataset/drainpipes/,City of Melbourne Open Data,data.melbourne.vic.gov.au,City Council,,Geospatial,17242,17,geo_point_2d | geo_shape | built | dnstr_pit | upstr_inv | upstr_pit | ref | width_mm | condition | carrying | operator | diameter | material | height_mm | form | mat_desc | dnstr_inv
ASSET-0080,MOP:drinking-fountains,Drinking fountains,https://data.melbourne.vic.gov.au/explore/dataset/drinking-fountains/,City of Melbourne Open Data,data.melbourne.vic.gov.au,City Council,,Geospatial,332,25,assetid | description | class | type | subtype | company | contract | assetmanager | primaryservicemanager | ownership | conditionrating | evaluationdate | installationdate | modelno | modeldescription | colourscheme | locationdescription | propertyname | roadsegmentdescription | easting | northing | latitude | longitude | json_geometry | geo_point_2d
ASSET-0084,MOP:environmental-resources-consumed-including-air-travel-chemicals-electricity-fuel,"Environmental resources consumed, including air travel, chemicals, electricity, fuel, gas, water, and waste generated 2013-14",https://data.melbourne.vic.gov.au/explore/dataset/environmental-resources-consumed-including-air-travel-chemicals-electricity-fuel/,City of Melbourne Open Data,data.melbourne.vic.gov.au,Environment,,Tabular,9474,12,branch | asset_name | resource_category | resource_type | amount | unit | total_greenhouse_gases_t_co2_e | billing_start_date | billing_end_date | com_or_supply_chain | peak_amount | off_peak_amount
ASSET-0085,MOP:estimated-greenhouse-gas-emissions-generated-by-degraves-st-recycling-facility-2,Estimated greenhouse gas emissions generated by Degraves St Recycling Facility 2016,https://data.melbourne.vic.gov.au/explore/dataset/estimated-greenhouse-gas-emissions-generated-by-degraves-st-recycling-facility-2/,City of Melbourne Open Data,data.melbourne.vic.gov.au,Environment,,Tabular,364,14,week_day | date_in | weight_in_kg | weight_out_kg | est_co2_e_produced_if_landfill_ton | est_energy_use_kwh | est_co2_e_produced_by_dehydrator_ton | reduction_co2_e_ton | reduction | cumulative_co2_e_produced_ton | cumulative_co2_e_reduction_ton | black_ballon_produced_per_cycle | cumulative_co2_e_produced_black_balloons | cumulative_co2_e_reduction_black_balloons
ASSET-0086,MOP:event-permits-2014-2018-including-film-shoots-photo-shoots-weddings-christmas-pa,"Event permits 2014-2018 including film shoots, photo shoots, weddings, Christmas parties, promotions, fun runs and public events.",https://data.melbourne.vic.gov.au/explore/dataset/event-permits-2014-2018-including-film-shoots-photo-shoots-weddings-christmas-pa/,City of Melbourne Open Data,data.melbourne.vic.gov.au,Events,,Tabular,2827,6,title | event_start | event_end | category_1 | category_2 | location
ASSET-0087,MOP:families-with-children-profile-2016-aged-0-12-years,Families with Children Profile 2016 (aged 0-12 years),https://data.melbourne.vic.gov.au/explore/dataset/families-with-children-profile-2016-aged-0-12-years/,City of Melbourne Open Data,data.melbourne.vic.gov.au,People,,Tabular,671,6,profile | census_year | category | sub_category | sub_order | value
ASSET-0006,MOP:feature-lighting-including-light-type-wattage-and-location,"Feature Lighting (including light type, wattage and location)",https://data.melbourne.vic.gov.au/explore/dataset/feature-lighting-including-light-type-wattage-and-location/,City of Melbourne Open Data,data.melbourne.vic.gov.au,City Council,UC00157,Geospatial,5836,20,assetid | description | class | type | company | contract | assetmanager | primaryservicemanager | ownership | conditionrating | evaluationdate | locationdescription | propertyname | roadsegmentdescription | featuredescription | lightmounting | lamptype | lamprating | json_geometry | geo_point_2d
ASSET-0088,MOP:fees-and-charges-2014-15,Fees and charges 2014-15,https://data.melbourne.vic.gov.au/explore/dataset/fees-and-charges-2014-15/,City of Melbourne Open Data,data.melbourne.vic.gov.au,City Council,,Tabular,1854,5,financial_year | branch | name_of_product_or_service | unit_of_measure | price_per_unit_including_gst
ASSET-0089,MOP:fire-hydrants,Fire Hydrants,https://data.melbourne.vic.gov.au/explore/dataset/fire-hydrants/,City of Melbourne Open Data,data.melbourne.vic.gov.au,City Council,,Geospatial,4006,15,assetid | description | class | company | ownership | evaluationdate | installationdate | firehydranttype | firehydrantmaintainer | locationdescription | roadsegmentdescription | easting | northing | json_geometry | geo_point_2d
ASSET-0090,MOP:floor-space-by-block-by-anzsic,Floor space per ANZSIC for blocks,https://data.melbourne.vic.gov.au/explore/dataset/floor-space-by-block-by-anzsic/,City of Melbourne Open Data,data.melbourne.vic.gov.au,Business,,Tabular,13519,23,census_year | block_id | clue_small_area | accommodation_and_food_services | administrative_and_support_services | agriculture_forestry_and_fishing | arts_and_recreation_services | construction | education_and_training | electricity_gas_water_and_waste_services | financial_and_insurance_services | health_care_and_social_assistance | information_media_and_telecommunications | manufacturing | mining | other_services | professional_scientific_and_technical_services | public_administration_and_safety | rental_hiring_and_real_estate_services | retail_trade | transport_postal_and_warehousing | wholesale_trade | total_floor_space_in_block
ASSET-0093,MOP:floor-space-per-anzsic-in-municipality,Floor space per ANZSIC in municipality,https://data.melbourne.vic.gov.au/explore/dataset/floor-space-per-anzsic-in-municipality/,City of Melbourne Open Data,data.melbourne.vic.gov.au,Business,,Tabular,23,22,census_year | clue_small_area | accommodation_and_food_services | administrative_and_support_services | agriculture_forestry_and_fishing | arts_and_recreation_services | construction | education_and_training | electricity_gas_water_and_waste_services | financial_and_insurance_services | health_care_and_social_assistance | information_media_and_telecommunications | manufacturing | mining | other_services | professional_scientific_and_technical_services | public_administration_and_safety | rental_hiring_and_real_estate_services | retail_trade | transport_postal_and_warehousing | wholesale_trade | total_floor_space_in_block
ASSET-0091,MOP:floor-space-by-block-by-clue-industry,Floor space per CLUE industry for blocks,https://data.melbourne.vic.gov.au/explore/dataset/floor-space-by-block-by-clue-industry/,City of Melbourne Open Data,data.melbourne.vic.gov.au,Business,,Tabular,13519,24,census_year | block_id | clue_small_area | accommodation | admin_and_support_services | agriculture_and_mining | arts_and_recreation_services | business_services | construction | education_and_training | electricity_gas_water_and_waste_services | finance_and_insurance | food_and_beverage_services | health_care_and_social_assistance | information_media_and_telecommunications | manufacturing | other_services | public_administration_and_safety | real_estate_services | rental_and_hiring_services | retail_trade | transport_postal_and_storage | wholesale_trade | total_floor_space_in_block
ASSET-0094,MOP:floor-space-per-clue-industry-in-municipality,Floor space per CLUE industry in municipality,https://data.melbourne.vic.gov.au/explore/dataset/floor-space-per-clue-industry-in-municipality/,City of Melbourne Open Data,data.melbourne.vic.gov.au,Business,,Tabular,23,23,census_year | clue_small_area | accommodation | admin_and_support_services | agriculture_and_mining | arts_and_recreation_services | business_services | construction | education_and_training | electricity_gas_water_and_waste_services | finance_and_insurance | food_and_beverage_services | health_care_and_social_assistance | information_media_and_telecommunications | manufacturing | other_services | public_administration_and_safety | real_estate_services | rental_and_hiring_services | retail_trade | transport_postal_and_storage | wholesale_trade | total_floor_space_in_block
ASSET-0092,MOP:floor-space-by-use-by-block,Floor space per space use for blocks,https://data.melbourne.vic.gov.au/explore/dataset/floor-space-by-use-by-block/,City of Melbourne Open Data,data.melbourne.vic.gov.au,Business,,Tabular,13519,41,census_year | block_id | clue_small_area | commercial_accommodation | common_area | community_use | educational_research | entertainment_recreation_indoor | equipment_installation | hospital_clinic | house_townhouse | institutional_accommodation | manufacturing | office | park_reserve | parking_commercial_covered | parking_commercial_uncovered | parking_private_covered | parking_private_uncovered | performances_conferences_ceremonies | private_outdoor_space | public_display_area | residential_apartment | retail_cars | retail_shop | retail_showroom | retail_stall | sports_and_recreation_outdoor | square_promenade | storage | student_accommodation | transport | transport_storage_uncovered | unoccupied_under_construction | unoccupied_under_demolition_condemned | unoccupied_under_renovation | unoccupied_undeveloped_site | unoccupied_unused | wholesale | workshop_studio | total_floor_space_in_block
ASSET-0095,MOP:floor-space-per-space-use-in-municipality,Floor space per space use in municipality,https://data.melbourne.vic.gov.au/explore/dataset/floor-space-per-space-use-in-municipality/,City of Melbourne Open Data,data.melbourne.vic.gov.au,Business,,Tabular,23,40,census_year | clue_small_area | commercial_accommodation | common_area | community_use | educational_research | entertainment_recreation_indoor | equipment_installation | hospital_clinic | house_townhouse | institutional_accommodation | manufacturing | office | park_reserve | parking_commercial_covered | parking_commercial_uncovered | parking_private_covered | parking_private_uncovered | performances_conferences_ceremonies | private_outdoor_space | public_display_area | residential_apartment | retail_cars | retail_shop | retail_showroom | retail_stall | sports_and_recreation_outdoor | square_promenade | storage | student_accommodation | transport | transport_storage_uncovered | unoccupied_under_construction | unoccupied_under_demolition_condemned | unoccupied_under_renovation | unoccupied_undeveloped_site | unoccupied_unused | wholesale | workshop_studio | total_floor_space_in_block
ASSET-0096,MOP:footpath-steepness,Footpath steepness,https://data.melbourne.vic.gov.au/explore/dataset/footpath-steepness/,City of Melbourne Open Data,data.melbourne.vic.gov.au,City Council,,Geospatial,33585,15,geo_point_2d | geo_shape | grade1in | gradepc | segside | statusid | asset_type | deltaz | streetid | mccid_int | mcc_id | address | rlmax | rlmin | distance
ASSET-0097,MOP:footpaths,Footpaths,https://data.melbourne.vic.gov.au/explore/dataset/footpaths/,City of Melbourne Open Data,data.melbourne.vic.gov.au,City Council,,Geospatial,12222,27,geo_point_2d | geo_shape | prop_id | name | shape_stle | addresspt1 | xorg | ext_id | asset_clas | label | asset_type | easting | last_edite | created_us | northing | created_da | str_id | addresspt | asset_subt | xsource | profile | last_edi_1 | xdate | xdrawing | mcc_id | shape_star | roadseg_id
ASSET-0098,MOP:former-creeks-in-melbourne-urban-forest,Former creeks in Melbourne (Urban Forest),https://data.melbourne.vic.gov.au/explore/dataset/former-creeks-in-melbourne-urban-forest/,City of Melbourne Open Data,data.melbourne.vic.gov.au,Environment,,Geospatial,14,4,geo_point_2d | geo_shape | id | source
ASSET-0099,MOP:former-lakes-and-wetlands-in-melbourne,Former lakes and wetlands in Melbourne,https://data.melbourne.vic.gov.au/explore/dataset/former-lakes-and-wetlands-in-melbourne/,City of Melbourne Open Data,data.melbourne.vic.gov.au,Environment,,Geospatial,35,5,geo_point_2d | geo_shape | id | source | type
ASSET-0100,MOP:free-and-cheap-support-services-with-opening-hours-public-transport-and-parking-,"Free and cheap support services, with opening hours, public transport and parking options (Helping Out)",https://data.melbourne.vic.gov.au/explore/dataset/free-and-cheap-support-services-with-opening-hours-public-transport-and-parking-/,City of Melbourne Open Data,data.melbourne.vic.gov.au,People,,Geospatial,119,34,name | what | who | address_1 | address_2 | suburb | phone | phone_2 | free_call | email | website | twitter | social_media | monday | tuesday | wednesday | thursday | friday | saturday | sunday | public_holidays | cost | tram_routes | bus_routes | nearest_train_station | category_1 | category_2 | category_3 | category_4 | category_5 | category_6 | longitude | latitude | geocoded_location
ASSET-0101,MOP:garbage-collection-zones,Garbage collection zones,https://data.melbourne.vic.gov.au/explore/dataset/garbage-collection-zones/,City of Melbourne Open Data,data.melbourne.vic.gov.au,City Council,,Geospatial,6,20,geo_point_2d | geo_shape | desc | name | rec_ok | rec_weeks | rub_start | rub_ok | rub_day | info_url | rub_notok | rec_url | rec_name | rec_notok | rub_name | rec_day | rub_weeks | rec_start | rub_url | missed_ph
ASSET-0102,MOP:greenhouse-gas-conversion-factors-for-environmental-reporting-with-sources,"Greenhouse gas conversion factors for environmental reporting, with sources",https://data.melbourne.vic.gov.au/explore/dataset/greenhouse-gas-conversion-factors-for-environmental-reporting-with-sources/,City of Melbourne Open Data,data.melbourne.vic.gov.au,Environment,,Tabular,27,9,resource_category | energy_content | unit | scope1 | scope2 | scope3 | source | website_link | notes
ASSET-0104,MOP:high-rise-residents-profile-2016,High Rise Residents Profile 2016,https://data.melbourne.vic.gov.au/explore/dataset/high-rise-residents-profile-2016/,City of Melbourne Open Data,data.melbourne.vic.gov.au,People,,Tabular,3389,6,profile | census_year | category | sub_category | sub_order | value
ASSET-0105,MOP:house-prices-by-small-area-sale-year,House Prices by Small Area - Sale Year,https://data.melbourne.vic.gov.au/explore/dataset/house-prices-by-small-area-sale-year/,City of Melbourne Open Data,data.melbourne.vic.gov.au,Property,,Tabular,347,5,sale_year | small_area | type | median_price | transaction_count
ASSET-0106,MOP:house-prices-by-small-area-transfer-year,House Prices by Small Area - Transfer Year,https://data.melbourne.vic.gov.au/explore/dataset/house-prices-by-small-area-transfer-year/,City of Melbourne Open Data,data.melbourne.vic.gov.au,Property,,Tabular,340,5,transfer_year | small_area | type | median_price | transaction_count
ASSET-0107,MOP:indicators-of-quality-of-life-and-city-services-by-year,Indicators of quality of life and city services by year,https://data.melbourne.vic.gov.au/explore/dataset/indicators-of-quality-of-life-and-city-services-by-year/,City of Melbourne Open Data,data.melbourne.vic.gov.au,People,,Tabular,100,11,number | indicator_theme | indicator_variable | indicator_descriptor | type | greater_melbourne_value | greater_melbourne_year | greater_melbourne_units | melbourne_municipality_value | melbourne_municipality_year | melbourne_municipality_units
ASSET-0108,MOP:indicators-of-wellbeing-by-year-future-melbourne,Indicators of wellbeing by year (Future Melbourne),https://data.melbourne.vic.gov.au/explore/dataset/indicators-of-wellbeing-by-year-future-melbourne/,City of Melbourne Open Data,data.melbourne.vic.gov.au,People,,Tabular,88,10,indicator_label | indicator_description | unit | 2012 | 2013 | 2014 | 2015 | 2016 | population | source
ASSET-0109,MOP:insect-records-in-the-city-of-melbourne-from-little-things-that-run-the-city,Insect Records in the City of Melbourne (from Little Things that Run the City),https://data.melbourne.vic.gov.au/explore/dataset/insect-records-in-the-city-of-melbourne-from-little-things-that-run-the-city/,City of Melbourne Open Data,data.melbourne.vic.gov.au,Environment,,Tabular,1295,11,taxa | kingdom | phylum | class | order | family | genus | species | identification_notes | location | sighting_date
ASSET-0081,MOP:employment-by-block-by-anzsic,Jobs per ANZSIC for blocks,https://data.melbourne.vic.gov.au/explore/dataset/employment-by-block-by-anzsic/,City of Melbourne Open Data,data.melbourne.vic.gov.au,Business,,Tabular,13519,23,census_year | block_id | clue_small_area | accommodation_and_food_services | administrative_and_support_services | agriculture_forestry_and_fishing | arts_and_recreation_services | construction | education_and_training | electricity_gas_water_and_waste_services | financial_and_insurance_services | health_care_and_social_assistance | information_media_and_telecommunications | manufacturing | mining | other_services | professional_scientific_and_technical_services | public_administration_and_safety | rental_hiring_and_real_estate_services | retail_trade | transport_postal_and_warehousing | wholesale_trade | total_jobs_in_block
ASSET-0007,MOP:jobs-per-anzsic-in-municipality,Jobs per ANZSIC in municipality,https://data.melbourne.vic.gov.au/explore/dataset/jobs-per-anzsic-in-municipality/,City of Melbourne Open Data,data.melbourne.vic.gov.au,Business,,Tabular,23,22,census_year | clue_small_area | accommodation_and_food_services | administrative_and_support_services | agriculture_forestry_and_fishing | arts_and_recreation_services | construction | education_and_training | electricity_gas_water_and_waste_services | financial_and_insurance_services | health_care_and_social_assistance | information_media_and_telecommunications | manufacturing | mining | other_services | professional_scientific_and_technical_services | public_administration_and_safety | rental_hiring_and_real_estate_services | retail_trade | transport_postal_and_warehousing | wholesale_trade | total_jobs_in_block
ASSET-0082,MOP:employment-by-block-by-clue-industry,Jobs per CLUE industry for blocks,https://data.melbourne.vic.gov.au/explore/dataset/employment-by-block-by-clue-industry/,City of Melbourne Open Data,data.melbourne.vic.gov.au,Business,,Tabular,13519,24,census_year | block_id | clue_small_area | accommodation | admin_and_support_services | agriculture_and_mining | arts_and_recreation_services | business_services | construction | education_and_training | electricity_gas_water_and_waste_services | finance_and_insurance | food_and_beverage_services | health_care_and_social_assistance | information_media_and_telecommunications | manufacturing | other_services | public_administration_and_safety | real_estate_services | rental_and_hiring_services | retail_trade | transport_postal_and_storage | wholesale_trade | total_jobs_in_block
ASSET-0110,MOP:jobs-per-clue-industry-in-municipality,Jobs per CLUE industry in municipality,https://data.melbourne.vic.gov.au/explore/dataset/jobs-per-clue-industry-in-municipality/,City of Melbourne Open Data,data.melbourne.vic.gov.au,Business,,Tabular,23,23,census_year | clue_small_area | accommodation | admin_and_support_services | agriculture_and_mining | arts_and_recreation_services | business_services | construction | education_and_training | electricity_gas_water_and_waste_services | finance_and_insurance | food_and_beverage_services | health_care_and_social_assistance | information_media_and_telecommunications | manufacturing | other_services | public_administration_and_safety | real_estate_services | rental_and_hiring_services | retail_trade | transport_postal_and_storage | wholesale_trade | total_jobs_in_block
ASSET-0083,MOP:employment-by-block-by-space-use,Jobs per space use for blocks,https://data.melbourne.vic.gov.au/explore/dataset/employment-by-block-by-space-use/,City of Melbourne Open Data,data.melbourne.vic.gov.au,Business,,Tabular,13519,41,census_year | block_id | clue_small_area | commercial_accommodation | common_area | community_use | educational_research | entertainment_recreation_indoor | equipment_installation | hospital_clinic | house_townhouse | institutional_accommodation | manufacturing | office | park_reserve | parking_commercial_covered | parking_commercial_uncovered | parking_private_covered | parking_private_uncovered | performances_conferences_ceremonies | private_outdoor_space | public_display_area | residential_apartment | retail_cars | retail_shop | retail_showroom | retail_stall | sports_and_recreation_outdoor | square_promenade | storage | student_accommodation | transport | transport_storage_uncovered | unoccupied_under_construction | unoccupied_under_demolition_condemned | unoccupied_under_renovation | unoccupied_undeveloped_site | unoccupied_unused | wholesale | workshop_studio | total_jobs_in_block
ASSET-0111,MOP:jobs-per-space-use-in-municipality,Jobs per space use in municipality,https://data.melbourne.vic.gov.au/explore/dataset/jobs-per-space-use-in-municipality/,City of Melbourne Open Data,data.melbourne.vic.gov.au,Business,,Tabular,23,40,census_year | clue_small_area | commercial_accommodation | common_area | community_use | educational_research | entertainment_recreation_indoor | equipment_installation | hospital_clinic | house_townhouse | institutional_accommodation | manufacturing | office | park_reserve | parking_commercial_covered | parking_commercial_uncovered | parking_private_covered | parking_private_uncovered | performances_conferences_ceremonies | private_outdoor_space | public_display_area | residential_apartment | retail_cars | retail_shop | retail_showroom | retail_stall | sports_and_recreation_outdoor | square_promenade | storage | student_accommodation | transport | transport_storage_uncovered | unoccupied_under_construction | unoccupied_under_demolition_condemned | unoccupied_under_renovation | unoccupied_undeveloped_site | unoccupied_unused | wholesale | workshop_studio | total_jobs_in_block
ASSET-0008,MOP:landmarks-and-places-of-interest-including-schools-theatres-health-services-spor,"Landmarks and places of interest, including schools, theatres, health services, sports facilities, places of worship, galleries and museums.",https://data.melbourne.vic.gov.au/explore/dataset/landmarks-and-places-of-interest-including-schools-theatres-health-services-spor/,City of Melbourne Open Data,data.melbourne.vic.gov.au,People,UC00010 | UC00157,Geospatial,242,4,theme | sub_theme | feature_name | co_ordinates
ASSET-0009,MOP:laneways-with-greening-potential,Laneways with greening potential,https://data.melbourne.vic.gov.au/explore/dataset/laneways-with-greening-potential/,City of Melbourne Open Data,data.melbourne.vic.gov.au,Environment,,Geospatial,246,23,geo_point_2d | geo_shape | segid_1 | mapbase_mc | insol_scor | verticalsu | segid | driveways | parklane | objectid | climate_ty | narrowing | closepart | farmlane | walls | farm_rank | vert_rank | fores_rank | forest | park_rank | binsperct | mapbase_1 | wsud
ASSET-0112,MOP:litter-traps,Litter Traps,https://data.melbourne.vic.gov.au/explore/dataset/litter-traps/,City of Melbourne Open Data,data.melbourne.vic.gov.au,City Council,,Geospatial,63,9,asset_number | asset_description | construct_material_lupvalue | inspection_frequency | maintained_by | object_type_lupvalue | lat | lon | location
ASSET-0113,MOP:live-music-venues,Live Music Venues,https://data.melbourne.vic.gov.au/explore/dataset/live-music-venues/,City of Melbourne Open Data,data.melbourne.vic.gov.au,Property,,Geospatial,227,9,property_number | venue_name | venue_address | space_type | website | lat | lon | location | geolocation
ASSET-0114,MOP:mahlstedts-fire-plans-of-melbourne-1888,Mahlstedt's fire plans of Melbourne 1888,https://data.melbourne.vic.gov.au/explore/dataset/mahlstedts-fire-plans-of-melbourne-1888/,City of Melbourne Open Data,data.melbourne.vic.gov.au,Property,,Tabular,0,Not stated,Not stated
ASSET-0115,MOP:marine-berths,Marine Berths,https://data.melbourne.vic.gov.au/explore/dataset/marine-berths/,City of Melbourne Open Data,data.melbourne.vic.gov.au,Property,,Geospatial,213,4,geo_point_2d | geo_shape | berth_type | ref
ASSET-0117,MOP:median-house-prices-by-type-and-sale-year,Median House Prices - By Type and Sale Year,https://data.melbourne.vic.gov.au/explore/dataset/median-house-prices-by-type-and-sale-year/,City of Melbourne Open Data,data.melbourne.vic.gov.au,Property,,Tabular,34,4,sale_year | type | median_price | transaction_count
ASSET-0116,MOP:median-house-prices-by-transfer-year-from-2000-2016,Median House Prices by Transfer Year from 2000 - 2016,https://data.melbourne.vic.gov.au/explore/dataset/median-house-prices-by-transfer-year-from-2000-2016/,City of Melbourne Open Data,data.melbourne.vic.gov.au,Property,,Tabular,34,4,transfer_year | type | median_price | transaction_count
ASSET-0118,MOP:melbourne-bike-share-station-readings-2011-2017,Melbourne Bike Share Station Readings 2011-2017,https://data.melbourne.vic.gov.au/explore/dataset/melbourne-bike-share-station-readings-2011-2017/,City of Melbourne Open Data,data.melbourne.vic.gov.au,Transport,,Tabular,0,Not stated,Not stated
ASSET-0119,MOP:melbourne-conversations-past-events-2001-2017,Melbourne Conversations past events 2001-2017,https://data.melbourne.vic.gov.au/explore/dataset/melbourne-conversations-past-events-2001-2017/,City of Melbourne Open Data,data.melbourne.vic.gov.au,People,,Tabular,296,7,title | date_venue | venue | attendance_est | speakers | partners_sponsors | overview
ASSET-0120,MOP:melbourne-testbed-devices-reference-list,Melbourne Testbed Devices Reference List,https://data.melbourne.vic.gov.au/explore/dataset/melbourne-testbed-devices-reference-list/,City of Melbourne Open Data,City of Melbourne,Sensors,,Tabular,56,8,sensor_name | sensor_id | sensor_type | type_measure | sensor_location | location_name | location_picture_hyperlink | location_picture
ASSET-0121,MOP:melbourne-visitor-contact-stats,Melbourne Visitor Contact Stats,https://data.melbourne.vic.gov.au/explore/dataset/melbourne-visitor-contact-stats/,City of Melbourne Open Data,data.melbourne.vic.gov.au,City Council,,Tabular,476,5,date | number_of_contacts | source | year | month
ASSET-0124,MOP:microclimate-sensor-locations,Microclimate Sensor Locations - Historical,https://data.melbourne.vic.gov.au/explore/dataset/microclimate-sensor-locations/,City of Melbourne Open Data,data.melbourne.vic.gov.au,Environment,,Geospatial,16,9,site_id | gatewayhub_id | site_status | last_data_local | start_reading | end_reading | latitude | longitude | location
ASSET-0125,MOP:microclimate-sensor-readings,Microclimate Sensor Readings-Historical,https://data.melbourne.vic.gov.au/explore/dataset/microclimate-sensor-readings/,City of Melbourne Open Data,data.melbourne.vic.gov.au,Environment,,Tabular,56,9,local_time | id | site_id | sensor_id | value | type | units | gatewayhub_id | site_status
ASSET-0126,MOP:microclimate-sensors-data,Microclimate sensors data,https://data.melbourne.vic.gov.au/explore/dataset/microclimate-sensors-data/,City of Melbourne Open Data,data.melbourne.vic.gov.au,Sensors | Environment,,Geospatial,988198,16,device_id | received_at | sensorlocation | latlong | minimumwinddirection | averagewinddirection | maximumwinddirection | minimumwindspeed | averagewindspeed | gustwindspeed | airtemperature | relativehumidity | atmosphericpressure | pm25 | pm10 | noise
ASSET-0127,MOP:microlabs-accelerometer-sensor-data,Microlabs Accelerometer Sensor Data,https://data.melbourne.vic.gov.au/explore/dataset/microlabs-accelerometer-sensor-data/,City of Melbourne Open Data,City of Melbourne,Sensors,,Geospatial,3687,14,time | sensor_location | dev_id | sensor_name | lat_long | batv | intrip | mandown | type | speedkmph | latitudedeg | fixfailed | headingdeg | longitudedeg
ASSET-0128,MOP:microlabs-co2-sensor-data,Microlabs CO2 Sensor Data,https://data.melbourne.vic.gov.au/explore/dataset/microlabs-co2-sensor-data/,City of Melbourne Open Data,City of Melbourne,Environment,,Geospatial,341292,11,dev_id | sensor_name | time | temperature | humidity | light | motion | visit | vdd | lat_long | co2
ASSET-0129,MOP:microlabs-sound-sensor-data,Microlabs Sound Sensor Data,https://data.melbourne.vic.gov.au/explore/dataset/microlabs-sound-sensor-data/,City of Melbourne Open Data,City of Melbourne,Sensors,,Geospatial,313336,12,dev_id | sensor_name | time | temperature | humidity | light | motion | visit | vdd | soundpeak | soundavg | lat_long
ASSET-0130,MOP:multicultural-community-profile-2016,Multicultural Community Profile 2016,https://data.melbourne.vic.gov.au/explore/dataset/multicultural-community-profile-2016/,City of Melbourne Open Data,data.melbourne.vic.gov.au,People,,Tabular,2374,6,profile | census_year | category | sub_category | sub_order | value
ASSET-0131,MOP:municipal-boundary,Municipal boundary,https://data.melbourne.vic.gov.au/explore/dataset/municipal-boundary/,City of Melbourne Open Data,data.melbourne.vic.gov.au,Property,,Geospatial,1,10,geo_point_2d | geo_shape | mccid_gis | maplabel | name | xorg | mccid_str | xsource | xdate | mccid_int
ASSET-0133,MOP:off-street-car-parks-with-capacity-and-type,Off-street car parks with capacity and type,https://data.melbourne.vic.gov.au/explore/dataset/off-street-car-parks-with-capacity-and-type/,City of Melbourne Open Data,data.melbourne.vic.gov.au,Transport,,Geospatial,151199,11,census_year | block_id | property_id | base_property_id | building_address | clue_small_area | parking_type | parking_spaces | longitude | latitude | location
ASSET-0134,MOP:older-people-profile-2016-60-years-and-over,Older People Profile 2016 (60 years and over),https://data.melbourne.vic.gov.au/explore/dataset/older-people-profile-2016-60-years-and-over/,City of Melbourne Open Data,data.melbourne.vic.gov.au,People,,Tabular,548,6,profile | census_year | category | sub_category | sub_order | value
ASSET-0135,MOP:on-street-car-park-bay-restrictions,On-street Car Park Bay Restrictions,https://data.melbourne.vic.gov.au/explore/dataset/on-street-car-park-bay-restrictions/,City of Melbourne Open Data,data.melbourne.vic.gov.au,Transport,,Tabular,4263,62,bayid | deviceid | description1 | description2 | description3 | description4 | description5 | description6 | disabilityext1 | disabilityext2 | disabilityext3 | disabilityext4 | disabilityext5 | disabilityext6 | duration1 | duration2 | duration3 | duration4 | duration5 | duration6 | effectiveonph1 | effectiveonph2 | effectiveonph3 | effectiveonph4 | effectiveonph5 | effectiveonph6 | endtime1 | endtime2 | endtime3 | endtime4 | endtime5 | endtime6 | exemption1 | exemption2 | exemption3 | exemption4 | exemption5 | exemption6 | fromday1 | fromday2 | fromday3 | fromday4 | fromday5 | fromday6 | starttime1 | starttime2 | starttime3 | starttime4 | starttime5 | starttime6 | today1 | today2 | today3 | today4 | today5 | today6 | typedesc1 | typedesc2 | typedesc3 | typedesc4 | typedesc5 | typedesc6
ASSET-0136,MOP:on-street-car-parking-meters-with-location,On-street Car Parking Meters with Location,https://data.melbourne.vic.gov.au/explore/dataset/on-street-car-parking-meters-with-location/,City of Melbourne Open Data,data.melbourne.vic.gov.au,Transport,,Geospatial,1386,9,barcode | creditcard | tapandgo | asset_id | meter_id | location_description | latitude | longitude | location
ASSET-0137,MOP:on-street-car-parking-sensor-data-2011,On-street Car Parking Sensor Data - 2011,https://data.melbourne.vic.gov.au/explore/dataset/on-street-car-parking-sensor-data-2011/,City of Melbourne Open Data,data.melbourne.vic.gov.au,Transport,,Tabular,0,Not stated,Not stated
ASSET-0138,MOP:on-street-car-parking-sensor-data-2012,On-street Car Parking Sensor Data - 2012,https://data.melbourne.vic.gov.au/explore/dataset/on-street-car-parking-sensor-data-2012/,City of Melbourne Open Data,data.melbourne.vic.gov.au,Transport,,Tabular,0,Not stated,Not stated
ASSET-0139,MOP:on-street-car-parking-sensor-data-2013,On-street Car Parking Sensor Data - 2013,https://data.melbourne.vic.gov.au/explore/dataset/on-street-car-parking-sensor-data-2013/,City of Melbourne Open Data,data.melbourne.vic.gov.au,Transport,,Tabular,0,Not stated,Not stated
ASSET-0140,MOP:on-street-car-parking-sensor-data-2014,On-street Car Parking Sensor Data - 2014,https://data.melbourne.vic.gov.au/explore/dataset/on-street-car-parking-sensor-data-2014/,City of Melbourne Open Data,data.melbourne.vic.gov.au,Transport,,Tabular,0,Not stated,Not stated
ASSET-0141,MOP:on-street-car-parking-sensor-data-2015,On-street Car Parking Sensor Data - 2015,https://data.melbourne.vic.gov.au/explore/dataset/on-street-car-parking-sensor-data-2015/,City of Melbourne Open Data,data.melbourne.vic.gov.au,Transport,,Tabular,0,Not stated,Not stated
ASSET-0142,MOP:on-street-car-parking-sensor-data-2016,On-street Car Parking Sensor Data - 2016,https://data.melbourne.vic.gov.au/explore/dataset/on-street-car-parking-sensor-data-2016/,City of Melbourne Open Data,data.melbourne.vic.gov.au,Transport,,Tabular,0,Not stated,Not stated
ASSET-0143,MOP:on-street-car-parking-sensor-data-2017,On-street Car Parking Sensor Data - 2017,https://data.melbourne.vic.gov.au/explore/dataset/on-street-car-parking-sensor-data-2017/,City of Melbourne Open Data,data.melbourne.vic.gov.au,Transport,,Tabular,0,Not stated,Not stated
ASSET-0144,MOP:on-street-car-parking-sensor-data-2018,On-street Car Parking Sensor Data - 2018,https://data.melbourne.vic.gov.au/explore/dataset/on-street-car-parking-sensor-data-2018/,City of Melbourne Open Data,data.melbourne.vic.gov.au,Transport,,Tabular,0,Not stated,Not stated
ASSET-0145,MOP:on-street-car-parking-sensor-data-2019,On-street Car Parking Sensor Data - 2019,https://data.melbourne.vic.gov.au/explore/dataset/on-street-car-parking-sensor-data-2019/,City of Melbourne Open Data,data.melbourne.vic.gov.au,Transport,,Tabular,0,Not stated,Not stated
ASSET-0146,MOP:on-street-car-parking-sensor-data-2020-jan-may,On-street Car Parking Sensor Data - 2020 (Jan - May),https://data.melbourne.vic.gov.au/explore/dataset/on-street-car-parking-sensor-data-2020-jan-may/,City of Melbourne Open Data,data.melbourne.vic.gov.au,Transport,,Tabular,0,Not stated,Not stated
ASSET-0147,MOP:on-street-parking-bay-sensors,On-street Parking Bay Sensors,https://data.melbourne.vic.gov.au/explore/dataset/on-street-parking-bay-sensors/,City of Melbourne Open Data,data.melbourne.vic.gov.au,Transport,,Geospatial,6324,6,lastupdated | status_timestamp | zone_number | status_description | kerbsideid | location
ASSET-0148,MOP:on-street-parking-bays,On-street Parking Bays,https://data.melbourne.vic.gov.au/explore/dataset/on-street-parking-bays/,City of Melbourne Open Data,data.melbourne.vic.gov.au,Transport,,Geospatial,29053,7,roadsegmentid | kerbsideid | roadsegmentdescription | latitude | longitude | lastupdated | location
ASSET-0149,MOP:organic-waste-collected-at-degraves-st-recycling-facility-2016,Organic waste collected at Degraves St Recycling Facility 2016,https://data.melbourne.vic.gov.au/explore/dataset/organic-waste-collected-at-degraves-st-recycling-facility-2016/,City of Melbourne Open Data,data.melbourne.vic.gov.au,Environment,,Tabular,366,7,day | date | gross_weight_bin_1_kg | gross_weight_bin_2_kg | gross_weight_bin_3_kg | gross_weight_bin_4_kg | daily_estimated_net_weight_kg
ASSET-0150,MOP:outdoor-artworks,Outdoor artworks,https://data.melbourne.vic.gov.au/explore/dataset/outdoor-artworks/,City of Melbourne Open Data,data.melbourne.vic.gov.au,People,,Geospatial,202,19,geo_point_2d | geo_shape | road_segment | location | latitude | asset_id | history | owner_type | description | object_type | art_date | inscription | longitude | company | service_manager | makers | property | classification | title
ASSET-0151,MOP:outdoor-non-smoking-zones,Outdoor non-smoking zones,https://data.melbourne.vic.gov.au/explore/dataset/outdoor-non-smoking-zones/,City of Melbourne Open Data,data.melbourne.vic.gov.au,Property,,Geospatial,12,19,geo_point_2d | geo_shape | name | shape_stle | location | property_i | xorg | mccid_str | last_edite | created_us | created_da | xsource | last_edi_1 | xdate | mccid_int | shape_star | legislatio | roadseg_id | venue_type
ASSET-0152,MOP:parking-bay-arrivals-and-departures-2014,Parking bay arrivals and departures 2014,https://data.melbourne.vic.gov.au/explore/dataset/parking-bay-arrivals-and-departures-2014/,City of Melbourne Open Data,data.melbourne.vic.gov.au,Transport,,Tabular,0,Not stated,Not stated
ASSET-0153,MOP:parking-restrictions-southeast-cbd-only-2014,Parking restrictions (southeast CBD only) 2014,https://data.melbourne.vic.gov.au/explore/dataset/parking-restrictions-southeast-cbd-only-2014/,City of Melbourne Open Data,data.melbourne.vic.gov.au,Transport,,Geospatial,2188,50,geo_point_2d | geo_shape | period4st | lable | period1et | period3des | a_code | period6des | period2des | refline_id | period5et | limitation | period4ed | period5sd | exceptions | period3et | moddes | code0 | period1ed | period4des | period1des | period2st | period6sd | period6et | period5st | fromasseti | code | period5ed | code1 | type_code | period3sd | period5des | comment | period2et | park | period1st | period2sd | period6st | notes | period4sd | period2ed | period6ed | period3st | type | descript0 | period4et | period3ed | toassetid | period1sd | descriptio
ASSET-0154,MOP:parking-zones-linked-to-street-segments,Parking zones linked to street segments,https://data.melbourne.vic.gov.au/explore/dataset/parking-zones-linked-to-street-segments/,City of Melbourne Open Data,data.melbourne.vic.gov.au,Transport,,Tabular,926,5,parkingzone | onstreet | streetfrom | streetto | segment_id
ASSET-0155,MOP:patents-2010-14-with-per-capita-count-standard-and-innovation-only,Patents 2010-14 with per-capita count (Standard and Innovation only),https://data.melbourne.vic.gov.au/explore/dataset/patents-2010-14-with-per-capita-count-standard-and-innovation-only/,City of Melbourne Open Data,data.melbourne.vic.gov.au,Business,,Tabular,5,3,year | total_patents_granted | patents_granted_per_100_000_residents
ASSET-0156,MOP:patents-by-postcode-2010-14-standard-and-innovation-only,Patents by postcode 2010-14 (Standard and Innovation only),https://data.melbourne.vic.gov.au/explore/dataset/patents-by-postcode-2010-14-standard-and-innovation-only/,City of Melbourne Open Data,data.melbourne.vic.gov.au,Business,,Tabular,16,6,postcode | 2010 | 2011 | 2012 | 2013 | 2014
ASSET-0157,MOP:pay-stay-parking-restrictions,Pay Stay parking restrictions,https://data.melbourne.vic.gov.au/explore/dataset/pay-stay-parking-restrictions/,City of Melbourne Open Data,data.melbourne.vic.gov.au,Transport,,Tabular,6270,8,pay_stay_zone | day_of_week | start_time | end_time | minimum_stay | maximum_stay | cost_per_hour | day_of_week_name
ASSET-0158,MOP:pay-stay-zones-linked-to-street-segments,Pay Stay zones linked to street segments,https://data.melbourne.vic.gov.au/explore/dataset/pay-stay-zones-linked-to-street-segments/,City of Melbourne Open Data,data.melbourne.vic.gov.au,Transport,,Tabular,935,5,pay_stay_zone | street | between_street_1 | between_street_2 | street_segment_id
ASSET-0011,MOP:pedestrian-counting-system-monthly-counts-per-hour,Pedestrian Counting System (counts per hour),https://data.melbourne.vic.gov.au/explore/dataset/pedestrian-counting-system-monthly-counts-per-hour/,City of Melbourne Open Data,data.melbourne.vic.gov.au,Transport,UC00088 | UC00157,Geospatial,1619253,9,id | location_id | sensing_date | hourday | direction_1 | direction_2 | pedestriancount | sensor_name | location
ASSET-0159,MOP:pedestrian-counting-system-past-hour-counts-per-minute,Pedestrian Counting System - Past Hour (counts per minute),https://data.melbourne.vic.gov.au/explore/dataset/pedestrian-counting-system-past-hour-counts-per-minute/,City of Melbourne Open Data,data.melbourne.vic.gov.au,Transport,,Tabular,1095492,7,location_id | sensing_datetime | sensing_date | sensing_time | direction_1 | direction_2 | total_of_directions
ASSET-0160,MOP:pedestrian-counting-system-sensor-locations,Pedestrian Counting System - Sensor Locations,https://data.melbourne.vic.gov.au/explore/dataset/pedestrian-counting-system-sensor-locations/,City of Melbourne Open Data,data.melbourne.vic.gov.au,Transport,,Geospatial,134,12,location_id | sensor_description | sensor_name | installation_date | note | location_type | status | direction_1 | direction_2 | latitude | longitude | location
ASSET-0012,MOP:pedestrian-network,Pedestrian Network,https://data.melbourne.vic.gov.au/explore/dataset/pedestrian-network/,City of Melbourne Open Data,data.melbourne.vic.gov.au,Transport,UC00010,Geospatial,85326,4,geo_point_2d | geo_shape | objectid | neworkid
ASSET-0161,MOP:planned-capital-works-and-maintenance-2014-15-with-funding-sources,"Planned capital works and maintenance 2014-15, with funding sources",https://data.melbourne.vic.gov.au/explore/dataset/planned-capital-works-and-maintenance-2014-15-with-funding-sources/,City of Melbourne Open Data,data.melbourne.vic.gov.au,City Council,,Tabular,133,14,financial_year | program | category | sub_category | expenditure_type | program_code | description | cash_000 | grants_000 | parking_levy_000 | external_000 | public_open_space_000 | proceeds_from_sale_of_assets_000 | total_funding_000
ASSET-0162,MOP:plaques-located-at-the-shrine-of-remembrance,Plaques located at the Shrine of Remembrance,https://data.melbourne.vic.gov.au/explore/dataset/plaques-located-at-the-shrine-of-remembrance/,City of Melbourne Open Data,data.melbourne.vic.gov.au,City Council,,Geospatial,310,9,asset_number | title_of_plaque | description_of_plaque | tree_common_name | tree_scientific_name | date_of_tree_planted | lon | lat | location
ASSET-0163,MOP:playgrounds,Playgrounds,https://data.melbourne.vic.gov.au/explore/dataset/playgrounds/,City of Melbourne Open Data,data.melbourne.vic.gov.au,People,,Geospatial,45,6,geo_point_2d | geo_shape | council_re | features | location_d | name
ASSET-0164,MOP:polystyrene-collected-at-degraves-st-recycling-facility-2016,Polystyrene collected at Degraves St Recycling Facility 2016,https://data.melbourne.vic.gov.au/explore/dataset/polystyrene-collected-at-degraves-st-recycling-facility-2016/,City of Melbourne Open Data,data.melbourne.vic.gov.au,Environment,,Tabular,53,10,week_beginning_date | monday | tuesday | wednesday | thursday | friday | saturday | sunday | weekly_total_bags | weekly_estimated_total_kg
ASSET-0165,MOP:postcodes,Postcodes,https://data.melbourne.vic.gov.au/explore/dataset/postcodes/,City of Melbourne Open Data,data.melbourne.vic.gov.au,Property,,Geospatial,17,10,geo_point_2d | geo_shape | mccid_gis | maplabel | name | xorg | mccid_str | xsource | xdate | mccid_int
ASSET-0166,MOP:pre-colonial-plant-list,Pre-colonial plant list,https://data.melbourne.vic.gov.au/explore/dataset/pre-colonial-plant-list/,City of Melbourne Open Data,data.melbourne.vic.gov.au,Environment,,Tabular,1067,19,species | common_name_s | certain | beach_and_dunes | saltmarsh | coastal_marshlands_and_brackish_flats | swamp_scrub | woodlands_and_heathlands_on_sand | woodlands_and_forests_on_sedimentary_hills_valleys_and_ridges | grasslands_and_woodlands_on_fertile_plains | cliffs_and_escarpments | river_banks_and_creeklines | wet_heathland | freshwater_wetland | saltwater_wetland | most_likely_occurrence | epbc_category_of_threat | ffg_extinction_risk | ffg_category_of_threat
ASSET-0167,MOP:properties-leased-by-city-of-melbourne,Properties leased by City of Melbourne,https://data.melbourne.vic.gov.au/explore/dataset/properties-leased-by-city-of-melbourne/,City of Melbourne Open Data,data.melbourne.vic.gov.au,Property,,Tabular,275,5,financial_year | address | lease_start_date | lease_end_date | rent_pa
ASSET-0168,MOP:properties-owned-by-city-of-melbourne-2014-values-over-25-million-only,Properties owned by City of Melbourne 2014 (values over $2.5 million only),https://data.melbourne.vic.gov.au/explore/dataset/properties-owned-by-city-of-melbourne-2014-values-over-25-million-only/,City of Melbourne Open Data,data.melbourne.vic.gov.au,Property,,Geospatial,74,4,consolidated_value_2014_million | ownership_or_control | location | address
ASSET-0169,MOP:property-boundaries,Property boundaries,https://data.melbourne.vic.gov.au/explore/dataset/property-boundaries/,City of Melbourne Open Data,data.melbourne.vic.gov.au,Property,,Geospatial,15341,8,gis_id | polyarea | address | property_id | property_name | date_updated | json_geometry | geo_point_2d
ASSET-0170,MOP:property-level-energy-consumption-modelled-on-building-attributes-baseline-2011-,Property level energy consumption (modelled on building attributes) - baseline 2011 and business as usual projections 2016-2026,https://data.melbourne.vic.gov.au/explore/dataset/property-level-energy-consumption-modelled-on-building-attributes-baseline-2011-/,City of Melbourne Open Data,data.melbourne.vic.gov.au,Environment,,Geospatial,13587,16,geo_point_2d | geo_shape | total_2011 | p_com_2011 | p_res_2026 | p_com_2026 | total_2026 | p_com_2021 | property_id | p_res_2011 | total_2016 | total_2021 | p_res_2021 | floor_area | p_res_2016 | p_com_2016
ASSET-0171,MOP:public-artworks-fountains-and-monuments,"Public artworks, fountains and monuments",https://data.melbourne.vic.gov.au/explore/dataset/public-artworks-fountains-and-monuments/,City of Melbourne Open Data,data.melbourne.vic.gov.au,City Council,,Geospatial,261,14,asset_type | name | xorg | xsource | address_point | artist | alternate_name | art_date | mel_way_ref | respective_author | structure | co_ordinates | easting | northing
ASSET-0172,MOP:public-barbecues,Public barbecues,https://data.melbourne.vic.gov.au/explore/dataset/public-barbecues/,City of Melbourne Open Data,data.melbourne.vic.gov.au,City Council,,Geospatial,65,23,assetid | description | class | type | company | contract | assetmanager | primaryservicemanager | ownership | conditionrating | evaluationdate | installationdate | modelno | modeldescription | colourscheme | locationdescription | propertyname | easting | northing | latitude | longitude | json_geometry | geo_point_2d
ASSET-0173,MOP:public-memorials-and-sculptures,Public memorials and sculptures,https://data.melbourne.vic.gov.au/explore/dataset/public-memorials-and-sculptures/,City of Melbourne Open Data,data.melbourne.vic.gov.au,City Council,,Geospatial,163,3,description | title | co_ordinates
ASSET-0174,MOP:public-open-space-contribution-register,Public Open Space Contribution Register,https://data.melbourne.vic.gov.au/explore/dataset/public-open-space-contribution-register/,City of Melbourne Open Data,data.melbourne.vic.gov.au,Property,,Geospatial,648,11,reference_id | status | development_address | prior_use | proposed_use | date_paid | contribution_percentage | contribution_amount | polygon | json_geometry | geo_point_2d
ASSET-0013,MOP:public-toilets,Public toilets,https://data.melbourne.vic.gov.au/explore/dataset/public-toilets/,City of Melbourne Open Data,data.melbourne.vic.gov.au,City Council,,Geospatial,74,9,name | female | male | wheelchair | operator | baby_facil | lat | lon | location
ASSET-0175,MOP:pumping-station-locations,Pumping Station Locations,https://data.melbourne.vic.gov.au/explore/dataset/pumping-station-locations/,City of Melbourne Open Data,data.melbourne.vic.gov.au,City Council,,Geospatial,9,8,asset_number | asset_description | number_of_penstocks | number_of_pumps | service_frequency | lat | lon | location
ASSET-0176,MOP:renewals-for-nature-city-of-melbourne-garden-bed-inventory-2024,Renewals for Nature: City of Melbourne garden bed inventory 2024,https://data.melbourne.vic.gov.au/explore/dataset/renewals-for-nature-city-of-melbourne-garden-bed-inventory-2024/,City of Melbourne Open Data,data.melbourne.vic.gov.au,Environment,,Tabular,17721,39,objectid | asset_id_no_fill | asset_id | asessment_date_current | assessed_bed_type | bed_type_origin | spatial_dimensions_match | botanical_name | common_name | origin | form | level_of_certainty | dominant_species_only_above_25 | logs_present_absent | logs_cover_lineal_m | rocks_present_absent | rocks_percentage_cover | plant_cover_ground_layer | plant_cover_score | plant_condition | plant_condition_score | mulch_condition | mulch_score | weed_percentage_number | weed_cover_score | infrastructure_condition | infrastructure_score | total_score_26_beds_15_mulch | overall_condition_rating | condition_rating_score | neighbourhood | area_m2 | site_type | site | irrigation | previous_condition | corridor | x_coord | y_coord
ASSET-0014,MOP:residential-dwellings,Residential dwellings,https://data.melbourne.vic.gov.au/explore/dataset/residential-dwellings/,City of Melbourne Open Data,data.melbourne.vic.gov.au,Property,UC00010,Geospatial,219680,11,census_year | block_id | property_id | base_property_id | building_address | clue_small_area | dwelling_type | dwelling_number | longitude | latitude | location
ASSET-0177,MOP:residents-profiles-by-clue-small-area,Residents Profiles by CLUE Small Area,https://data.melbourne.vic.gov.au/explore/dataset/residents-profiles-by-clue-small-area/,City of Melbourne Open Data,data.melbourne.vic.gov.au,People,,Tabular,10776,7,geography | year | topic | category | sub_category | value_description | value
ASSET-0178,MOP:road-corridors,Road corridors,https://data.melbourne.vic.gov.au/explore/dataset/road-corridors/,City of Melbourne Open Data,data.melbourne.vic.gov.au,Transport,,Geospatial,4177,11,geo_point_2d | geo_shape | seg_id | str_type | dtupdate | status_id | seg_descr | poly_area | gisid | street_id | seg_part
ASSET-0179,MOP:road-segment,Road Segment,https://data.melbourne.vic.gov.au/explore/dataset/road-segment/,City of Melbourne Open Data,data.melbourne.vic.gov.au,Not stated,,Geospatial,3974,23,geo_point_2d | geo_shape | treeplantingschedule | streetcleaningarea | latitude | seg_length | streetcleaningcategory | easting | segid | northing | parkingofficersectionid | objectid | streetfrom | longitude | streetto | streetname | parkingofficerareaid | responsibleauthoritycommonname | asset_number | segdescr | parkingofficersection | segtype | inspectfrequency
ASSET-0180,MOP:road-segments-with-surface-type,"Road segments, with surface type",https://data.melbourne.vic.gov.au/explore/dataset/road-segments-with-surface-type/,City of Melbourne Open Data,data.melbourne.vic.gov.au,Transport,,Geospatial,56519,10,geo_point_2d | geo_shape | assetno | condition | material | length | instaldate | type | area_sqm | width
ASSET-0181,MOP:rooftops-with-environmental-retrofitting-opportunities-rooftop-project,"Rooftops with environmental retrofitting opportunities (""Rooftop Project"")",https://data.melbourne.vic.gov.au/explore/dataset/rooftops-with-environmental-retrofitting-opportunities-rooftop-project/,City of Melbourne Open Data,data.melbourne.vic.gov.au,Environment,,Tabular,0,Not stated,Not stated
ASSET-0182,MOP:sdg-indicators,SDG Indicators,https://data.melbourne.vic.gov.au/explore/dataset/sdg-indicators/,City of Melbourne Open Data,City of Melbourne,City Council,,Tabular,1,3,column_1 | column_2 | column_3
ASSET-0183,MOP:self-guided-walks,Self Guided Walks,https://data.melbourne.vic.gov.au/explore/dataset/self-guided-walks/,City of Melbourne Open Data,data.melbourne.vic.gov.au,People,,Geospatial,34,4,geo_point_2d | geo_shape | name | distance
ASSET-0184,MOP:sensor-readings-with-temperature-light-humidity-every-5-minutes-at-8-locations-t,"Sensor readings, with temperature, light, humidity every 5 minutes at 8 locations (trial, 2014 to 2015)",https://data.melbourne.vic.gov.au/explore/dataset/sensor-readings-with-temperature-light-humidity-every-5-minutes-at-8-locations-t/,City of Melbourne Open Data,data.melbourne.vic.gov.au,Environment,,Geospatial,56570,21,timestamp | mac | boardtype | boardid | temp_max | temp_min | temp_avg | light_max | light_min | light_avg | humidity_min | humidity_max | humidity_avg | model | latitude | longitude | elevation | location | rowid | position | geolocation
ASSET-0185,MOP:sign-panels-non-parking,Sign Panels (Non Parking),https://data.melbourne.vic.gov.au/explore/dataset/sign-panels-non-parking/,City of Melbourne Open Data,data.melbourne.vic.gov.au,City Council,,Geospatial,26827,8,asset_description | model_descr_lupvalue | model_no_lupvalue | panel_text | parent_sign_id | lat | lon | location
ASSET-0186,MOP:sign-plates-located-in-each-parking-zone,Sign plates located in each Parking zone,https://data.melbourne.vic.gov.au/explore/dataset/sign-plates-located-in-each-parking-zone/,City of Melbourne Open Data,data.melbourne.vic.gov.au,Transport,,Tabular,1821,5,parkingzone | restriction_days | time_restrictions_start | time_restrictions_finish | restriction_display
ASSET-0187,MOP:sign-plates-located-in-each-pay-stay-zone,Sign plates located in each Pay Stay zone,https://data.melbourne.vic.gov.au/explore/dataset/sign-plates-located-in-each-pay-stay-zone/,City of Melbourne Open Data,data.melbourne.vic.gov.au,Transport,,Tabular,1495,6,pay_stay_zone | restriction_and_payment_display | sign_exemptions | days_of_restriction | time_restrictions_start | time_restrictions_finish
ASSET-0015,MOP:small-areas-for-census-of-land-use-and-employment-clue,Small Areas for Census of Land Use and Employment (CLUE),https://data.melbourne.vic.gov.au/explore/dataset/small-areas-for-census-of-land-use-and-employment-clue/,City of Melbourne Open Data,data.melbourne.vic.gov.au,Business,,Geospatial,13,5,geo_point_2d | geo_shape | featurenam | shape_area | shape_len
ASSET-0188,MOP:social-indicators-for-city-of-melbourne-residents-2018,Social Indicators for City of Melbourne Residents 2018,https://data.melbourne.vic.gov.au/explore/dataset/social-indicators-for-city-of-melbourne-residents-2018/,City of Melbourne Open Data,data.melbourne.vic.gov.au,People,,Tabular,666,10,indicator | type | topic | description | response | year | respondent_group | sample_size | result | format
ASSET-0189,MOP:social-indicators-for-city-of-melbourne-residents-2019,Social Indicators for City of Melbourne Residents 2019,https://data.melbourne.vic.gov.au/explore/dataset/social-indicators-for-city-of-melbourne-residents-2019/,City of Melbourne Open Data,data.melbourne.vic.gov.au,People,,Tabular,664,10,indicator | type | topic | description | response | year | respondent_group | sample_size | result | format
ASSET-0190,MOP:social-indicators-for-city-of-melbourne-residents-2020,Social Indicators for City of Melbourne Residents 2020,https://data.melbourne.vic.gov.au/explore/dataset/social-indicators-for-city-of-melbourne-residents-2020/,City of Melbourne Open Data,data.melbourne.vic.gov.au,People,,Tabular,664,10,indicator | type | topic | description | response | year | respondent_group | sample_size | result | format
ASSET-0191,MOP:social-indicators-for-city-of-melbourne-residents-2021,Social Indicators for City of Melbourne Residents 2021,https://data.melbourne.vic.gov.au/explore/dataset/social-indicators-for-city-of-melbourne-residents-2021/,City of Melbourne Open Data,City of Melbourne,People,,Tabular,664,10,indicator | type | topic | description | response | year | respondent_group0 | sample_size | result | format
ASSET-0192,MOP:social-indicators-for-city-of-melbourne-residents-2022,Social Indicators for City of Melbourne Residents 2022,https://data.melbourne.vic.gov.au/explore/dataset/social-indicators-for-city-of-melbourne-residents-2022/,City of Melbourne Open Data,data.melbourne.vic.gov.au,People,,Tabular,666,10,indicator | type | topic | description | response | year | respondent_group | sample_size | result | format
ASSET-0193,MOP:social-indicators-for-city-of-melbourne-residents-2023,Social Indicators for City of Melbourne Residents 2023,https://data.melbourne.vic.gov.au/explore/dataset/social-indicators-for-city-of-melbourne-residents-2023/,City of Melbourne Open Data,City of Melbourne,People,,Tabular,594,10,indicator | type | topic | description | response | respondent_group | year | sample_size | result | format
ASSET-0194,MOP:soil-sensor-locations,Soil Sensor Locations,https://data.melbourne.vic.gov.au/explore/dataset/soil-sensor-locations/,City of Melbourne Open Data,data.melbourne.vic.gov.au,Environment,,Geospatial,84,6,site_id | site_name | property_name | latitude | longitude | location
ASSET-0195,MOP:soil-sensor-readings-historical-data,Soil Sensor Readings - Historical data,https://data.melbourne.vic.gov.au/explore/dataset/soil-sensor-readings-historical-data/,City of Melbourne Open Data,data.melbourne.vic.gov.au,Environment,,Tabular,1483301,10,local_time | site_name | site_id | id | probe_id | probe_measure | soil_value | unit | json_featuretype | year
ASSET-0196,MOP:soil-sensor-readings-historical-data-2022,Soil Sensor Readings - Historical data (2022),https://data.melbourne.vic.gov.au/explore/dataset/soil-sensor-readings-historical-data-2022/,City of Melbourne Open Data,data.melbourne.vic.gov.au,Environment,,Tabular,0,Not stated,Not stated
ASSET-0197,MOP:soil-textures-at-various-depths,Soil textures at various depths,https://data.melbourne.vic.gov.au/explore/dataset/soil-textures-at-various-depths/,City of Melbourne Open Data,data.melbourne.vic.gov.au,Environment,,Geospatial,124,8,geo_point_2d | geo_shape | location | _0_400 | _400_700 | id | _700_1000 | id_text
ASSET-0198,MOP:soil-types-by-area-urban-forest,Soil types by area (Urban Forest),https://data.melbourne.vic.gov.au/explore/dataset/soil-types-by-area-urban-forest/,City of Melbourne Open Data,data.melbourne.vic.gov.au,Environment,,Geospatial,27,7,geo_point_2d | geo_shape | source | shape_area | soil | sub_base | shape_len
ASSET-0200,MOP:sources-of-funding-works,Sources of Funding - Works,https://data.melbourne.vic.gov.au/explore/dataset/sources-of-funding-works/,City of Melbourne Open Data,data.melbourne.vic.gov.au,Business,,Tabular,9,6,actual_budget_plan | category | sub_category | description | year | value_000
ASSET-0199,MOP:sources-of-funding-operating-2014-15,Sources of Funding – Operating 2014-15,https://data.melbourne.vic.gov.au/explore/dataset/sources-of-funding-operating-2014-15/,City of Melbourne Open Data,data.melbourne.vic.gov.au,Business,,Tabular,20,6,year | actual_budget_plan | category | sub_category | description | value_000
ASSET-0201,MOP:staff-counts-2014-15,Staff counts 2014-15,https://data.melbourne.vic.gov.au/explore/dataset/staff-counts-2014-15/,City of Melbourne Open Data,data.melbourne.vic.gov.au,City Council,,Tabular,52,6,as_at_date | actual_budget_plan | category | description | year | value_fte
ASSET-0202,MOP:staff-salary-and-wages-budget-2014-15,Staff salary and wages budget 2014-15,https://data.melbourne.vic.gov.au/explore/dataset/staff-salary-and-wages-budget-2014-15/,City of Melbourne Open Data,data.melbourne.vic.gov.au,City Council,,Tabular,52,6,as_at_date | year | actual_budget_plan | category | description | value_000
ASSET-0203,MOP:standard-balance-sheet-2013-14,Standard Balance Sheet 2013-14,https://data.melbourne.vic.gov.au/explore/dataset/standard-balance-sheet-2013-14/,City of Melbourne Open Data,data.melbourne.vic.gov.au,Business,,Tabular,72,7,as_at_date | year | actual_budget_plan | category | sub_category | type | value_000
ASSET-0204,MOP:standard-income-statement-2014-15,Standard Income Statement 2014-15,https://data.melbourne.vic.gov.au/explore/dataset/standard-income-statement-2014-15/,City of Melbourne Open Data,data.melbourne.vic.gov.au,Business,,Tabular,128,7,as_at_date | year | actual_budget_plan | category | sub_category | description | value_000
ASSET-0205,MOP:standard-statement-of-cash-flows-2014-15,Standard Statement of Cash Flows 2014-15,https://data.melbourne.vic.gov.au/explore/dataset/standard-statement-of-cash-flows-2014-15/,City of Melbourne Open Data,data.melbourne.vic.gov.au,Business,,Tabular,74,7,as_at_date | actual_budget_plan | category | sub_category | type | year | value_000
ASSET-0206,MOP:statement-of-capital-works-program-2014-15,Statement of capital works program 2014-15,https://data.melbourne.vic.gov.au/explore/dataset/statement-of-capital-works-program-2014-15/,City of Melbourne Open Data,data.melbourne.vic.gov.au,Business,,Tabular,76,7,as_at_date | financial_year | actual_budget_plan | category | sub_category | title | total_funding_000
ASSET-0207,MOP:statement-of-changes-in-equity-2015-2018,Statement of changes in equity 2015-2018,https://data.melbourne.vic.gov.au/explore/dataset/statement-of-changes-in-equity-2015-2018/,City of Melbourne Open Data,data.melbourne.vic.gov.au,Business,,Tabular,32,6,as_at_date | description | year | accumulated_surplus_000 | revaluation_reserve_000 | other_reserves_000
ASSET-0208,MOP:stormwater-pits,Stormwater Pits,https://data.melbourne.vic.gov.au/explore/dataset/stormwater-pits/,City of Melbourne Open Data,data.melbourne.vic.gov.au,City Council,,Geospatial,21113,13,asset_number | asset_description | construction_material_lupvalue | grate_length | grate_material_lupvalue | grate_width | model_descr_lupvalue | model_no_lupvalue | object_type_lupvalue | overflow_kerb_lupvalue | lat | lon | location
ASSET-0209,MOP:street-addresses,Street addresses,https://data.melbourne.vic.gov.au/explore/dataset/street-addresses/,City of Melbourne Open Data,data.melbourne.vic.gov.au,Property,,Geospatial,63721,14,geo_point_2d | geo_shape | suburb_id | latitude | street_no | str_name | address_pnt | easting | northing | gisid | longitude | suburb | street_id | add_comp
ASSET-0210,MOP:street-furniture-including-bollards-bicycle-rails-bins-drinking-fountains-horse-,"Street furniture including bollards, bicycle rails, bins, drinking fountains, horse troughs, planter boxes, seats, barbecues",https://data.melbourne.vic.gov.au/explore/dataset/street-furniture-including-bollards-bicycle-rails-bins-drinking-fountains-horse-/,City of Melbourne Open Data,data.melbourne.vic.gov.au,City Council,,Geospatial,23426,15,gis_id | description | asset_class | asset_type | model_no | model_descr | division | company | location_desc | condition_rating | evaluation_date | easting | northing | uploaddate | coordinatelocation
ASSET-0016,MOP:street-lights-with-emitted-lux-level-council-owned-lights-only,Street lights with emitted lux level (council-owned lights only),https://data.melbourne.vic.gov.au/explore/dataset/street-lights-with-emitted-lux-level-council-owned-lights-only/,City of Melbourne Open Data,data.melbourne.vic.gov.au,City Council,UC00157,Geospatial,106037,21,geo_point_2d | geo_shape | prop_id | name | addresspt1 | xorg | ext_id | asset_clas | label | asset_type | easting | northing | str_id | addresspt | asset_subt | xsource | profile | xdate | xdrawing | mcc_id | roadseg_id
ASSET-0211,MOP:street-names,Street names,https://data.melbourne.vic.gov.au/explore/dataset/street-names/,City of Melbourne Open Data,data.melbourne.vic.gov.au,Transport,,Geospatial,2876,7,geo_point_2d | geo_shape | mccid_gis | maplabel | name | mccid_str | xdate
ASSET-0212,MOP:super-sunday-bike-count,Super Sunday Bike Count,https://data.melbourne.vic.gov.au/explore/dataset/super-sunday-bike-count/,City of Melbourne Open Data,data.melbourne.vic.gov.au,Transport,,Geospatial,59,80,state | electorate | site_id | latitude | longitude | legs | description | layout_1 | layout_1_enter | layout_2 | layout_2_enter | layout_3 | layout_3_enter | layout_4 | layout_4_enter | layout_5 | layout_5_enter | layout_6 | layout_6_enter | leg1_2 | leg1_3 | leg1_4 | leg1_5 | leg1_6 | leg2_1 | leg2_3 | leg2_4 | leg2_5 | leg2_6 | leg3_1 | leg3_2 | leg3_4 | leg3_5 | leg3_6 | leg4_1 | leg4_2 | leg4_3 | leg4_5 | leg4_6 | leg5_1 | leg5_2 | leg5_3 | leg5_4 | leg5_6 | leg6_1 | leg6_2 | leg6_3 | leg6_4 | leg6_5 | leg1_enter | leg1_exit | leg1_total | leg2_enter | leg2_exit | leg2_total | leg3_enter | leg3_exit | leg3_total | leg4_enter | leg4_exit | leg4_total | leg5_enter | leg5_exit | leg5_total | leg6_enter | leg6_exit | leg6_total | bicycle | walker | runner | dog | other | total | year | 9_00_00 | 10_00_00 | 11_00_00 | 12_00_00 | location | geolocation
ASSET-0213,MOP:syringe-bin-locations,Syringe bin locations,https://data.melbourne.vic.gov.au/explore/dataset/syringe-bin-locations/,City of Melbourne Open Data,data.melbourne.vic.gov.au,City Council,,Geospatial,442,15,geo_point_2d | geo_shape | prop_id | addresspt1 | addressp_1 | asset_clas | asset_type | str_id | addresspt | asset_subt | model_desc | mcc_id | roadseg_id | descriptio | model_no
ASSET-0017,MOP:tactile-ground-surface-indicator,Tactile Ground Surface Indicator,https://data.melbourne.vic.gov.au/explore/dataset/tactile-ground-surface-indicator/,City of Melbourne Open Data,data.melbourne.vic.gov.au,City Council,,Geospatial,357,6,asset_number | asset_description | road_segment | lat | lon | location
ASSET-0214,MOP:taxi-ranks,Taxi Ranks,https://data.melbourne.vic.gov.au/explore/dataset/taxi-ranks/,City of Melbourne Open Data,data.melbourne.vic.gov.au,Transport,,Geospatial,77,7,geo_point_2d | geo_shape | night_only | loc_desc | ref | num_spaces | safe_city
ASSET-0215,MOP:tertiary-students-profile-2019,Tertiary Students Profile 2019,https://data.melbourne.vic.gov.au/explore/dataset/tertiary-students-profile-2019/,City of Melbourne Open Data,data.melbourne.vic.gov.au,People,,Tabular,126,5,profile | year | category | sub_category | value
ASSET-0216,MOP:thermal-image-2012,Thermal image 2012,https://data.melbourne.vic.gov.au/explore/dataset/thermal-image-2012/,City of Melbourne Open Data,data.melbourne.vic.gov.au,Environment,,Tabular,0,Not stated,Not stated
ASSET-0217,MOP:threatened-plant-living-collection-plan,Threatened Plant Living Collection Plan,https://data.melbourne.vic.gov.au/explore/dataset/threatened-plant-living-collection-plan/,City of Melbourne Open Data,data.melbourne.vic.gov.au,Environment,,Tabular,200,22,species_name | common_name | habit | soil | sun | cultivation_protocols | propagation_protocols | propagation_methods | cultivation_requirements_subtotal | germplasm_source | conservation_status | germplasm_origin | provenance | additional_conservation_benefit | conservation_subtotal | additional_local_benefits_description_i_e_to_city_of_melbourne | additional_local_benefits_subtotal | total_score | horticultural_potential | total_score_including_hort_potential | weed_rating | priority_species
ASSET-0218,MOP:traffic-count-vehicle-classification-2014-2017,Traffic Count Vehicle Classification 2014-2017,https://data.melbourne.vic.gov.au/explore/dataset/traffic-count-vehicle-classification-2014-2017/,City of Melbourne Open Data,data.melbourne.vic.gov.au,Transport,,Tabular,60168,28,date | road_name | location | suburb | speed_limit | direction | time | vehicle_class_1 | vehicle_class_2 | vehicle_class_3 | vehicle_class_4 | vehicle_class_5 | vehicle_class_6 | vehicle_class_7 | vehicle_class_8 | vehicle_class_9 | vehicle_class_10 | vehicle_class_11 | vehicle_class_12 | vehicle_class_13 | motorcycle | bike | average_speed | 85th_percentile_speed | maximum_speed | road_segment | road_segment_1 | road_segment_2
ASSET-0219,MOP:tram-tracks,Tram tracks,https://data.melbourne.vic.gov.au/explore/dataset/tram-tracks/,City of Melbourne Open Data,data.melbourne.vic.gov.au,Transport,,Geospatial,645,4,geo_point_2d | geo_shape | descriptio | name
ASSET-0220,MOP:transport-activity-counts,Transport Activity Counts,https://data.melbourne.vic.gov.au/explore/dataset/transport-activity-counts/,City of Melbourne Open Data,City of Melbourne,Sensors | Transport | People | Technology,,Geospatial,0,13,countlineid | from | to | class | countin | countout | count | countlocationid | name | location | countlocationlat | countlocationlong | skip_record
ASSET-0221,MOP:tree-canopies-2008-urban-forest,Tree canopies 2008 (Urban Forest),https://data.melbourne.vic.gov.au/explore/dataset/tree-canopies-2008-urban-forest/,City of Melbourne Open Data,data.melbourne.vic.gov.au,Environment,,Geospatial,58790,7,geo_point_2d | geo_shape | updated_by | shape_area | data_linea | shape_leng | updated_da
ASSET-0222,MOP:tree-canopies-2011-urban-forest,Tree canopies 2011 (Urban Forest),https://data.melbourne.vic.gov.au/explore/dataset/tree-canopies-2011-urban-forest/,City of Melbourne Open Data,data.melbourne.vic.gov.au,Environment,,Geospatial,94699,51,geo_point_2d | geo_shape | tree_area | street_fro | data_lin_1 | yearplant | street_nam | updated_by | shape_area | park_stree | location | scientific | height_112 | admin_name | data_linea | ule | native | site | easting | ule_value | sub_site | northing | evergreen | gis_id | objectid | common_nam | age | str_id | shape_leng | condition | updated_da | height_111 | precinct | genus | assetid | street_id | mcc_id | address_po | dbh | admin_id | roadseg_id | street_to | family | ggis_id | overhead_c | date_plant | t11 | canopy_dia | height_11 | descriptio | roadseg_de
ASSET-0223,MOP:tree-canopies-2013,Tree canopies 2013,https://data.melbourne.vic.gov.au/explore/dataset/tree-canopies-2013/,City of Melbourne Open Data,data.melbourne.vic.gov.au,Environment,,Geospatial,99194,10,geo_point_2d | geo_shape | height_yes | shape_area | objectid | shape_leng | updated_da | z_mean | tree_area | ggis_id
ASSET-0224,MOP:tree-canopies-2014,Tree canopies 2014,https://data.melbourne.vic.gov.au/explore/dataset/tree-canopies-2014/,City of Melbourne Open Data,data.melbourne.vic.gov.au,Environment,,Geospatial,64877,8,geo_point_2d | geo_shape | shape_area | t | objectid | shape_leng | ggis_id | height_min
ASSET-0225,MOP:tree-canopies-2015-urban-forest,Tree canopies 2015 (Urban Forest),https://data.melbourne.vic.gov.au/explore/dataset/tree-canopies-2015-urban-forest/,City of Melbourne Open Data,data.melbourne.vic.gov.au,Environment,,Geospatial,60712,8,geo_point_2d | geo_shape | qa_id_1 | shape_area | area_2015 | change_cod | objectid | shape_leng
ASSET-0226,MOP:tree-canopies-2016-urban-forest,Tree Canopies 2016 (Urban Forest),https://data.melbourne.vic.gov.au/explore/dataset/tree-canopies-2016-urban-forest/,City of Melbourne Open Data,data.melbourne.vic.gov.au,Environment,,Geospatial,59885,3,geo_point_2d | geo_shape | area
ASSET-0227,MOP:tree-canopies-2018-entire-municipal-area-urban-forest,Tree canopies 2018 entire municipal area (Urban Forest),https://data.melbourne.vic.gov.au/explore/dataset/tree-canopies-2018-entire-municipal-area-urban-forest/,City of Melbourne Open Data,data.melbourne.vic.gov.au,Environment,,Geospatial,54680,5,geo_point_2d | geo_shape | objectid | shape_leng | shape_area
ASSET-0228,MOP:tree-canopies-2019,Tree canopies 2019,https://data.melbourne.vic.gov.au/explore/dataset/tree-canopies-2019/,City of Melbourne Open Data,data.melbourne.vic.gov.au,Environment,,Geospatial,114784,3,geo_point_2d | geo_shape | id
ASSET-0229,MOP:tree-canopies-2021-urban-forest,Tree Canopies 2021 (Urban Forest),https://data.melbourne.vic.gov.au/explore/dataset/tree-canopies-2021-urban-forest/,City of Melbourne Open Data,data.melbourne.vic.gov.au,Environment,,Geospatial,57980,2,geo_point_2d | geo_shape
ASSET-0230,MOP:tree-canopies-public-realm-2018-urban-forest,Tree canopies public realm 2018 (Urban Forest),https://data.melbourne.vic.gov.au/explore/dataset/tree-canopies-public-realm-2018-urban-forest/,City of Melbourne Open Data,data.melbourne.vic.gov.au,Environment,,Geospatial,32787,5,geo_point_2d | geo_shape | objectid | shape_leng | shape_area
ASSET-0231,MOP:tree-planting-zone-schedules-with-years-urban-forest,"Tree planting zone schedules, with years (Urban Forest)",https://data.melbourne.vic.gov.au/explore/dataset/tree-planting-zone-schedules-with-years-urban-forest/,City of Melbourne Open Data,data.melbourne.vic.gov.au,Environment,,Geospatial,839,12,geo_point_2d | geo_shape | str_from | segpart | statusid | segid | streetname | streetid | schedule | mapstatus | str_to | segdescr
ASSET-0232,MOP:trees-with-species-and-dimensions-urban-forest,"Trees, with species and dimensions (Urban Forest)",https://data.melbourne.vic.gov.au/explore/dataset/trees-with-species-and-dimensions-urban-forest/,City of Melbourne Open Data,data.melbourne.vic.gov.au,Environment,,Geospatial,82064,20,com_id | common_name | scientific_name | genus | family | diameter_breast_height | year_planted | date_planted | age_description | useful_life_expectency | useful_life_expectency_value | precinct | located_in | uploaddate | coordinatelocation | latitude | longitude | easting | northing | geolocation
ASSET-0233,MOP:venues-for-event-bookings,Venues for event bookings,https://data.melbourne.vic.gov.au/explore/dataset/venues-for-event-bookings/,City of Melbourne Open Data,data.melbourne.vic.gov.au,Events,,Geospatial,206,22,geo_point_2d | geo_shape | prop_id | no_smoking | level_1_na | addresspt1 | event | full_name | addressp_1 | training | dog_prohib | dog_off_le | venue_recn | addresspt | sport | promotion | bookable | level_3_na | wedding | roadseg_id | sustainabi | level_2_na
ASSET-0234,MOP:waste-collected-per-month,Waste collected per month,https://data.melbourne.vic.gov.au/explore/dataset/waste-collected-per-month/,City of Melbourne Open Data,data.melbourne.vic.gov.au,Environment,,Tabular,132,13,date | residential | public_litter_bins | dumped_rubbish | street_sweepings | mattresses | commingled_recycling | cardboard | hardwaste_to_landfill | hardwaste_recovered | hardwaste_total | green_waste | month
ASSET-0235,MOP:waste-processed-by-dehydrator-at-degraves-st-recycling-facility-2016,Waste processed by dehydrator at Degraves St Recycling Facility 2016,https://data.melbourne.vic.gov.au/explore/dataset/waste-processed-by-dehydrator-at-degraves-st-recycling-facility-2016/,City of Melbourne Open Data,data.melbourne.vic.gov.au,Environment,,Tabular,363,21,week_day | date_in | 120_ltr_bins | weight_in_kg | run_time_hr | date_ejected | weight_out_kg | weight_of_oversized_kg | volume_out_ltr | volume_of_oversized_ltr | volume_in_ltr | organics_density_kg_120_ltr | mass_reduction | volume_reduction | weekly_weight_in_kg | weight_collected_kg | est_co2_e_produced_if_landfill_ton | est_energy_use_kwh | est_co2_e_produced_by_dehydrator_ton | total_monthly_weight_in_kg | total_monthly_weight_out_kg
ASSET-0236,MOP:water-flow-routes-over-land-urban-forest,Water flow routes over land (Urban Forest),https://data.melbourne.vic.gov.au/explore/dataset/water-flow-routes-over-land-urban-forest/,City of Melbourne Open Data,data.melbourne.vic.gov.au,Environment,,Geospatial,7701,7,geo_point_2d | geo_shape | grid_code | source | to_node | arcid | from_node
ASSET-0237,MOP:wildlife-sightings-bioblitz-2014,Wildlife Sightings (BioBlitz 2014),https://data.melbourne.vic.gov.au/explore/dataset/wildlife-sightings-bioblitz-2014/,City of Melbourne Open Data,data.melbourne.vic.gov.au,Environment,,Geospatial,670,15,taxa | kingdom | phylum | class | order | family | genus | species | common_name | identification_notes | data_resource_name | sighting_date | latitude | longitude | location
ASSET-0238,MOP:workers-profile-2016,Workers Profile 2016,https://data.melbourne.vic.gov.au/explore/dataset/workers-profile-2016/,City of Melbourne Open Data,data.melbourne.vic.gov.au,People,,Tabular,2438,6,profile | census_year | category | sub_category | sub_order | value
ASSET-0239,MOP:younger-people-profile-2016-15-24-years,Younger People Profile 2016 (15-24 years),https://data.melbourne.vic.gov.au/explore/dataset/younger-people-profile-2016-15-24-years/,City of Melbourne Open Data,data.melbourne.vic.gov.au,People,,Tabular,436,6,profile | census_year | category | sub_category | sub_order | value
ASSET-0265,URL:https://www.abs.gov.au/statistics/standards/australian-statistical-geography-standard-asgs-edition-3/jul2021-jun2026/access-and-downloads/digital-boundary-files,ASGS Edition 3 digital boundary files — Australian Bureau of Statistics,https://www.abs.gov.au/statistics/standards/australian-statistical-geography-standard-asgs-edition-3/jul2021-jun2026/access-and-downloads/digital-boundary-files,External government open data — Australian Bureau of Statistics,Australian Bureau of Statistics,Not applicable,UC00010,Not stated,Not stated,Not stated,Not stated
ASSET-0264,URL:https://www.abs.gov.au/statistics/people/population/regional-population/2021-22,"Regional population, 2021–22 — Australian Bureau of Statistics",https://www.abs.gov.au/statistics/people/population/regional-population/2021-22,External government open data — Australian Bureau of Statistics,Australian Bureau of Statistics,Not applicable,UC00010,Not stated,Not stated,Not stated,Not stated
