zone,MAE,RMSE
0,5.577393948192328,7.138518492218867
1,4.614532148334342,6.272015433608693
2,3.5430203827334124,4.521749554211351
3,3.1106555562623788,4.150228279513656
4,5.7106664953097495,7.624970376459242
5,4.783144829978405,6.2934460684594224
6,3.7163165455133145,5.10307994716377
7,3.2622923918173345,4.200767182373368
8,3.5574865878467827,4.750814200074351
9,4.0559759005694325,5.147855552005846
