Metric,Value
MAE,4.193148478655748
RMSE,5.6433447222400455
