Metric,Value
MAE,4.2119119093451705
RMSE,5.698713341343721
