zone,MAE,RMSE
0,5.3680030930210165,7.174439454626403
1,4.731998228690993,6.421030701075753
2,3.509220418795733,4.531465879566762
3,3.1228716675664336,4.1192468345749536
4,5.769596744591082,7.6703614516139424
5,4.799837193018954,6.3884753260255405
6,3.7925110400562554,5.146755984213457
7,3.338473615512042,4.2829281769224234
8,3.5911353473931973,4.852222635455151
9,4.0954717448059945,5.1502471776235765
