zone,date_hour,demand,Quantity,Total_Price,delivery_duration_mins,Traffic_Level_Encoded
0,2025-06-01 10:00:00,39,127,11341.65,37.97435897435897,2.0
0,2025-06-01 11:00:00,31,88,8052.46,38.54838709677419,2.0
0,2025-06-01 12:00:00,29,85,7406.13,39.275862068965516,2.0
0,2025-06-01 13:00:00,26,80,6702.07,39.30769230769231,2.0
0,2025-06-01 14:00:00,30,107,9589.63,38.56666666666667,2.0
0,2025-06-01 15:00:00,36,126,10204.28,39.666666666666664,2.0
0,2025-06-01 16:00:00,33,108,10974.83,39.36363636363637,0.0
0,2025-06-01 17:00:00,40,114,10891.119999999999,37.125,0.0
0,2025-06-01 18:00:00,37,119,9957.1,36.972972972972975,0.0
0,2025-06-01 19:00:00,38,125,11227.13,37.10526315789474,0.0
0,2025-06-01 20:00:00,33,106,9480.51,37.63636363636363,1.0
0,2025-06-01 21:00:00,31,101,9416.7,38.96774193548387,1.0
0,2025-06-01 22:00:00,36,119,11907.14,38.94444444444444,1.0
0,2025-06-01 23:00:00,32,106,10165.43,39.53125,1.0
0,2025-06-02 00:00:00,35,92,7743.77,35.142857142857146,1.0
0,2025-06-02 01:00:00,33,106,9171.039999999999,40.93939393939394,1.0
0,2025-06-02 02:00:00,34,109,8752.44,37.73529411764706,1.0
0,2025-06-02 03:00:00,28,85,7996.17,37.642857142857146,1.0
0,2025-06-02 04:00:00,33,114,9735.13,39.72727272727273,1.0
0,2025-06-02 05:00:00,30,92,8649.7,37.63333333333333,1.0
0,2025-06-02 06:00:00,30,83,8341.06,34.2,1.0
0,2025-06-02 07:00:00,39,115,9956.47,38.43589743589744,0.0
0,2025-06-02 08:00:00,34,99,10335.53,37.61764705882353,0.0
0,2025-06-02 09:00:00,29,87,8228.369999999999,37.89655172413793,0.0
0,2025-06-02 10:00:00,34,105,9328.5,38.705882352941174,2.0
0,2025-06-02 11:00:00,30,98,9988.41,33.266666666666666,2.0
0,2025-06-02 12:00:00,30,92,7973.110000000001,39.166666666666664,2.0
0,2025-06-02 13:00:00,32,99,9134.99,41.21875,2.0
0,2025-06-02 14:00:00,38,110,9189.619999999999,37.44736842105263,2.0
0,2025-06-02 15:00:00,37,115,9777.45,35.62162162162162,2.0
0,2025-06-02 16:00:00,43,136,11849.82,37.93023255813954,0.0
0,2025-06-02 17:00:00,34,104,9014.699999999999,37.1764705882353,0.0
0,2025-06-02 18:00:00,37,116,10467.55,37.189189189189186,0.0
0,2025-06-02 19:00:00,41,120,9769.09,38.31707317073171,0.0
0,2025-06-02 20:00:00,38,103,9135.42,37.60526315789474,1.0
0,2025-06-02 21:00:00,33,109,9872.71,35.333333333333336,1.0
0,2025-06-02 22:00:00,37,103,8961.17,38.16216216216216,1.0
0,2025-06-02 23:00:00,50,158,15224.74,37.18,1.0
0,2025-06-03 00:00:00,32,94,8491.28,37.84375,1.0
0,2025-06-03 01:00:00,36,105,8615.41,37.583333333333336,1.0
0,2025-06-03 02:00:00,31,90,8563.880000000001,40.193548387096776,1.0
0,2025-06-03 03:00:00,43,129,11980.06,38.51162790697674,1.0
0,2025-06-03 04:00:00,38,89,8620.01,37.026315789473685,1.0
0,2025-06-03 05:00:00,35,115,9828.2,36.8,1.0
0,2025-06-03 06:00:00,38,104,8889.8,35.6578947368421,1.0
0,2025-06-03 07:00:00,55,156,14579.76,35.81818181818182,0.0
0,2025-06-03 08:00:00,35,115,8952.96,35.8,0.0
0,2025-06-03 09:00:00,41,128,11533.52,38.8780487804878,0.0
0,2025-06-03 10:00:00,41,116,10230.76,38.58536585365854,2.0
0,2025-06-03 11:00:00,38,113,10204.43,35.63157894736842,2.0
0,2025-06-03 12:00:00,30,95,9088.11,38.93333333333333,2.0
0,2025-06-03 13:00:00,36,113,9978.57,37.916666666666664,2.0
0,2025-06-03 14:00:00,39,114,10201.47,39.1025641025641,2.0
0,2025-06-03 15:00:00,33,100,9863.35,38.15151515151515,2.0
0,2025-06-03 16:00:00,24,67,6352.57,36.375,0.0
0,2025-06-03 17:00:00,26,83,7398.84,39.42307692307692,0.0
0,2025-06-03 18:00:00,35,104,9938.98,36.74285714285714,0.0
0,2025-06-03 19:00:00,40,121,9767.24,39.725,0.0
0,2025-06-03 20:00:00,32,96,9419.45,40.3125,1.0
0,2025-06-03 21:00:00,36,105,9951.68,36.25,1.0
0,2025-06-03 22:00:00,32,87,8356.48,35.40625,1.0
0,2025-06-03 23:00:00,45,144,14161.48,38.71111111111111,1.0
0,2025-06-04 00:00:00,32,100,8968.4,37.1875,1.0
0,2025-06-04 01:00:00,25,79,6767.14,41.48,1.0
0,2025-06-04 02:00:00,28,81,7445.92,38.75,1.0
0,2025-06-04 03:00:00,33,96,9351.28,37.75757575757576,1.0
0,2025-06-04 04:00:00,31,93,9540.35,36.064516129032256,1.0
0,2025-06-04 05:00:00,30,87,7354.0199999999995,39.666666666666664,1.0
0,2025-06-04 06:00:00,24,82,7260.51,39.041666666666664,1.0
0,2025-06-04 07:00:00,31,78,7267.29,39.645161290322584,0.0
0,2025-06-04 08:00:00,44,130,12442.02,38.27272727272727,0.0
0,2025-06-04 09:00:00,47,155,13747.46,34.765957446808514,0.0
0,2025-06-04 10:00:00,35,100,9702.34,37.05714285714286,2.0
0,2025-06-04 11:00:00,35,105,9582.61,39.114285714285714,2.0
0,2025-06-04 12:00:00,35,109,9141.47,37.114285714285714,2.0
0,2025-06-04 13:00:00,41,113,9241.53,35.53658536585366,2.0
0,2025-06-04 14:00:00,29,87,7989.85,39.6551724137931,2.0
0,2025-06-04 15:00:00,38,123,11317.14,35.473684210526315,2.0
0,2025-06-04 16:00:00,32,93,7597.61,40.4375,0.0
0,2025-06-04 17:00:00,36,101,9005.27,40.19444444444444,0.0
0,2025-06-04 18:00:00,22,63,5788.04,37.90909090909091,0.0
0,2025-06-04 19:00:00,37,109,10084.51,35.972972972972975,0.0
0,2025-06-04 20:00:00,33,99,8717.4,40.57575757575758,1.0
0,2025-06-04 21:00:00,36,109,8263.04,37.05555555555556,1.0
0,2025-06-04 22:00:00,28,88,9096.35,39.285714285714285,1.0
0,2025-06-04 23:00:00,34,106,9024.75,37.76470588235294,1.0
0,2025-06-05 00:00:00,36,118,10705.85,34.02777777777778,1.0
0,2025-06-05 01:00:00,44,129,10968.85,34.43181818181818,1.0
0,2025-06-05 02:00:00,43,128,11629.17,33.69767441860465,1.0
0,2025-06-05 03:00:00,35,108,9398.12,40.48571428571429,1.0
0,2025-06-05 04:00:00,29,81,6754.6,38.758620689655174,1.0
0,2025-06-05 05:00:00,27,86,8788.37,34.888888888888886,1.0
0,2025-06-05 06:00:00,33,89,7658.1,33.515151515151516,1.0
0,2025-06-05 07:00:00,36,93,8310.8,35.55555555555556,0.0
0,2025-06-05 08:00:00,40,129,11734.72,36.975,0.0
0,2025-06-05 09:00:00,30,97,9713.42,39.36666666666667,0.0
0,2025-06-05 10:00:00,28,96,10190.99,35.464285714285715,2.0
0,2025-06-05 11:00:00,40,114,10681.36,38.65,2.0
0,2025-06-05 12:00:00,25,81,6480.46,37.08,2.0
0,2025-06-05 13:00:00,39,127,12221.5,37.07692307692308,2.0
0,2025-06-05 14:00:00,37,107,9401.86,35.945945945945944,2.0
0,2025-06-05 15:00:00,27,80,6646.7,36.77777777777778,2.0
0,2025-06-05 16:00:00,40,128,10670.33,35.525,0.0
0,2025-06-05 17:00:00,31,89,8325.72,38.645161290322584,0.0
0,2025-06-05 18:00:00,35,102,9066.22,39.48571428571429,0.0
0,2025-06-05 19:00:00,34,102,7899.0599999999995,39.64705882352941,0.0
0,2025-06-05 20:00:00,38,131,11875.48,36.94736842105263,1.0
0,2025-06-05 21:00:00,34,89,7745.12,37.470588235294116,1.0
0,2025-06-05 22:00:00,36,99,8732.83,36.19444444444444,1.0
0,2025-06-05 23:00:00,32,101,9226.79,37.03125,1.0
0,2025-06-06 00:00:00,32,72,6794.16,39.25,1.0
0,2025-06-06 01:00:00,32,98,9228.48,39.71875,1.0
0,2025-06-06 02:00:00,26,68,6011.32,39.0,1.0
0,2025-06-06 03:00:00,40,119,10712.97,37.25,1.0
0,2025-06-06 04:00:00,40,116,9229.460000000001,36.35,1.0
0,2025-06-06 05:00:00,35,85,7175.79,37.74285714285714,1.0
0,2025-06-06 06:00:00,33,109,9710.59,41.0,1.0
0,2025-06-06 07:00:00,31,79,7475.22,35.903225806451616,0.0
0,2025-06-06 08:00:00,30,94,8073.0599999999995,35.833333333333336,0.0
0,2025-06-06 09:00:00,34,88,7488.12,39.3235294117647,0.0
0,2025-06-06 10:00:00,38,115,10708.28,41.73684210526316,2.0
0,2025-06-06 11:00:00,37,97,8614.97,36.37837837837838,2.0
0,2025-06-06 12:00:00,22,76,7672.93,39.45454545454545,2.0
0,2025-06-06 13:00:00,37,104,8245.86,37.108108108108105,2.0
0,2025-06-06 14:00:00,38,111,10458.11,36.6578947368421,2.0
0,2025-06-06 15:00:00,41,129,12109.25,37.36585365853659,2.0
0,2025-06-06 16:00:00,47,137,12038.26,40.06382978723404,0.0
0,2025-06-06 17:00:00,32,98,8650.01,37.0,0.0
0,2025-06-06 18:00:00,30,83,6703.11,37.0,0.0
0,2025-06-06 19:00:00,21,66,5814.85,36.04761904761905,0.0
0,2025-06-06 20:00:00,43,133,11985.35,38.674418604651166,1.0
0,2025-06-06 21:00:00,35,108,9466.6,35.714285714285715,1.0
0,2025-06-06 22:00:00,39,112,10933.39,35.41025641025641,1.0
0,2025-06-06 23:00:00,43,113,10524.1,39.395348837209305,1.0
0,2025-06-07 00:00:00,36,109,9567.69,35.416666666666664,1.0
0,2025-06-07 01:00:00,41,117,10386.699999999999,38.609756097560975,1.0
0,2025-06-07 02:00:00,38,116,10178.23,37.68421052631579,1.0
0,2025-06-07 03:00:00,29,94,7753.0,39.310344827586206,1.0
0,2025-06-07 04:00:00,28,88,8261.88,37.642857142857146,1.0
0,2025-06-07 05:00:00,35,107,9342.81,41.17142857142857,1.0
0,2025-06-07 06:00:00,35,117,10211.19,36.2,1.0
0,2025-06-07 07:00:00,38,111,9222.56,38.44736842105263,0.0
0,2025-06-07 08:00:00,35,103,9721.8,38.08571428571429,0.0
0,2025-06-07 09:00:00,52,146,12973.369999999999,37.57692307692308,0.0
0,2025-06-07 10:00:00,24,73,6313.01,36.875,2.0
0,2025-06-07 11:00:00,41,111,9589.43,39.02439024390244,2.0
0,2025-06-07 12:00:00,37,97,8451.65,36.24324324324324,2.0
0,2025-06-07 13:00:00,33,120,10794.79,36.24242424242424,2.0
0,2025-06-07 14:00:00,28,85,7740.99,42.214285714285715,2.0
0,2025-06-07 15:00:00,31,104,9341.4,37.516129032258064,2.0
0,2025-06-07 16:00:00,29,102,8616.21,35.13793103448276,0.0
0,2025-06-07 17:00:00,33,91,9134.79,39.63636363636363,0.0
0,2025-06-07 18:00:00,31,105,7329.09,39.064516129032256,0.0
0,2025-06-07 19:00:00,30,86,7700.0,40.1,0.0
0,2025-06-07 20:00:00,37,110,9459.58,39.810810810810814,1.0
0,2025-06-07 21:00:00,31,101,9818.62,35.903225806451616,1.0
0,2025-06-07 22:00:00,40,137,11494.2,39.05,1.0
0,2025-06-07 23:00:00,30,81,8462.81,36.666666666666664,1.0
0,2025-06-08 00:00:00,31,97,8913.85,40.774193548387096,1.0
0,2025-06-08 01:00:00,29,91,8317.76,35.10344827586207,1.0
0,2025-06-08 02:00:00,33,102,9455.68,36.484848484848484,1.0
0,2025-06-08 03:00:00,26,90,8779.53,34.88461538461539,1.0
0,2025-06-08 04:00:00,33,104,8821.41,35.42424242424242,1.0
0,2025-06-08 05:00:00,33,103,9443.57,38.84848484848485,1.0
0,2025-06-08 06:00:00,33,107,10776.73,38.0,1.0
0,2025-06-08 07:00:00,45,135,12574.69,37.86666666666667,0.0
0,2025-06-08 08:00:00,34,98,9484.12,36.85294117647059,0.0
0,2025-06-08 09:00:00,25,73,7162.91,35.28,0.0
0,2025-06-08 10:00:00,40,107,9826.7,38.025,2.0
0,2025-06-08 11:00:00,45,135,11191.89,35.15555555555556,2.0
0,2025-06-08 12:00:00,43,138,12930.02,37.41860465116279,2.0
0,2025-06-08 13:00:00,25,80,8260.36,36.52,2.0
0,2025-06-08 14:00:00,44,125,12173.63,36.81818181818182,2.0
0,2025-06-08 15:00:00,39,110,9048.6,34.82051282051282,2.0
0,2025-06-08 16:00:00,37,107,9895.16,36.432432432432435,0.0
0,2025-06-08 17:00:00,30,80,8086.3,37.03333333333333,0.0
0,2025-06-08 18:00:00,32,92,8055.23,39.125,0.0
0,2025-06-08 19:00:00,35,96,8659.54,40.48571428571429,0.0
0,2025-06-08 20:00:00,33,94,10186.880000000001,38.21212121212121,1.0
0,2025-06-08 21:00:00,30,89,7526.1,40.8,1.0
0,2025-06-08 22:00:00,45,137,13109.08,38.46666666666667,1.0
0,2025-06-08 23:00:00,26,83,6958.52,37.26923076923077,1.0
0,2025-06-09 00:00:00,44,129,11812.87,36.61363636363637,1.0
0,2025-06-09 01:00:00,27,79,7480.51,39.666666666666664,1.0
0,2025-06-09 02:00:00,30,90,8035.45,37.166666666666664,1.0
0,2025-06-09 03:00:00,36,96,7498.820000000001,34.97222222222222,1.0
0,2025-06-09 04:00:00,46,136,12611.86,37.82608695652174,1.0
0,2025-06-09 05:00:00,36,92,8148.76,37.02777777777778,1.0
0,2025-06-09 06:00:00,34,110,9575.01,40.11764705882353,1.0
0,2025-06-09 07:00:00,33,100,9218.1,35.333333333333336,0.0
0,2025-06-09 08:00:00,42,137,12132.65,36.80952380952381,0.0
0,2025-06-09 09:00:00,30,88,7545.53,38.43333333333333,0.0
0,2025-06-09 10:00:00,35,113,10367.67,35.2,2.0
0,2025-06-09 11:00:00,26,78,5763.67,37.15384615384615,2.0
0,2025-06-09 12:00:00,35,112,10074.01,38.57142857142857,2.0
0,2025-06-09 13:00:00,23,72,7034.74,37.56521739130435,2.0
0,2025-06-09 14:00:00,34,107,8579.23,37.64705882352941,2.0
0,2025-06-09 15:00:00,40,114,9868.91,36.225,2.0
0,2025-06-09 16:00:00,30,76,6836.04,38.166666666666664,0.0
0,2025-06-09 17:00:00,26,81,7239.88,34.53846153846154,0.0
0,2025-06-09 18:00:00,28,70,6233.91,35.785714285714285,0.0
0,2025-06-09 19:00:00,33,103,8560.65,38.36363636363637,0.0
0,2025-06-09 20:00:00,34,96,7293.29,37.794117647058826,1.0
0,2025-06-09 21:00:00,32,102,8763.6,37.125,1.0
0,2025-06-09 22:00:00,32,93,7692.79,38.21875,1.0
0,2025-06-09 23:00:00,32,105,8854.95,37.46875,1.0
0,2025-06-10 00:00:00,45,138,10598.74,38.044444444444444,1.0
0,2025-06-10 01:00:00,35,111,9503.51,38.48571428571429,1.0
0,2025-06-10 02:00:00,27,80,7981.46,36.96296296296296,1.0
0,2025-06-10 03:00:00,29,94,7580.88,36.93103448275862,1.0
0,2025-06-10 04:00:00,35,108,9623.07,36.97142857142857,1.0
0,2025-06-10 05:00:00,35,105,10228.07,38.57142857142857,1.0
0,2025-06-10 06:00:00,31,86,7119.43,36.806451612903224,1.0
0,2025-06-10 07:00:00,37,105,9241.68,37.67567567567568,0.0
0,2025-06-10 08:00:00,38,112,9389.95,38.81578947368421,0.0
0,2025-06-10 09:00:00,33,94,8576.89,37.303030303030305,0.0
0,2025-06-10 10:00:00,32,91,8828.66,41.34375,2.0
0,2025-06-10 11:00:00,32,97,8979.83,37.71875,2.0
0,2025-06-10 12:00:00,17,50,4205.360000000001,36.0,2.0
0,2025-06-10 13:00:00,35,99,9568.09,37.714285714285715,2.0
0,2025-06-10 14:00:00,35,112,9462.06,39.65714285714286,2.0
0,2025-06-10 15:00:00,37,118,10332.470000000001,38.486486486486484,2.0
0,2025-06-10 16:00:00,34,120,9910.35,39.64705882352941,0.0
0,2025-06-10 17:00:00,34,90,8332.67,37.61764705882353,0.0
0,2025-06-10 18:00:00,47,125,10557.0,37.53191489361702,0.0
0,2025-06-10 19:00:00,25,75,6049.71,38.16,0.0
0,2025-06-10 20:00:00,39,115,9527.45,42.30769230769231,1.0
0,2025-06-10 21:00:00,29,87,8506.67,38.37931034482759,1.0
0,2025-06-10 22:00:00,33,102,10012.53,37.27272727272727,1.0
0,2025-06-10 23:00:00,41,136,13838.32,39.19512195121951,1.0
0,2025-06-11 00:00:00,36,111,10650.03,37.05555555555556,1.0
0,2025-06-11 01:00:00,34,104,10178.26,38.1764705882353,1.0
0,2025-06-11 02:00:00,24,71,6004.09,39.916666666666664,1.0
0,2025-06-11 03:00:00,32,93,8046.79,38.21875,1.0
0,2025-06-11 04:00:00,42,125,10711.21,38.73809523809524,1.0
0,2025-06-11 05:00:00,28,85,7809.9,37.642857142857146,1.0
0,2025-06-11 06:00:00,27,86,8062.400000000001,37.22222222222222,1.0
0,2025-06-11 07:00:00,29,102,8095.66,35.206896551724135,0.0
0,2025-06-11 08:00:00,40,122,11252.49,39.525,0.0
0,2025-06-11 09:00:00,25,76,6139.24,37.08,0.0
0,2025-06-11 10:00:00,23,71,7142.16,38.608695652173914,2.0
0,2025-06-11 11:00:00,29,92,8409.55,34.48275862068966,2.0
0,2025-06-11 12:00:00,38,131,12088.869999999999,40.13157894736842,2.0
0,2025-06-11 13:00:00,25,78,6500.45,36.44,2.0
0,2025-06-11 14:00:00,30,81,6741.09,40.2,2.0
0,2025-06-11 15:00:00,27,89,9357.880000000001,40.48148148148148,2.0
0,2025-06-11 16:00:00,25,73,7051.09,36.64,0.0
0,2025-06-11 17:00:00,35,118,10590.14,38.57142857142857,0.0
0,2025-06-11 18:00:00,27,90,7335.02,37.851851851851855,0.0
0,2025-06-11 19:00:00,27,75,7209.43,38.48148148148148,0.0
0,2025-06-11 20:00:00,35,96,7667.18,37.31428571428572,1.0
0,2025-06-11 21:00:00,30,87,8166.62,37.8,1.0
0,2025-06-11 22:00:00,35,104,9190.41,35.2,1.0
0,2025-06-11 23:00:00,36,91,7783.72,39.69444444444444,1.0
0,2025-06-12 00:00:00,42,121,11690.21,36.57142857142857,1.0
0,2025-06-12 01:00:00,42,121,10341.32,37.785714285714285,1.0
0,2025-06-12 02:00:00,27,76,6204.41,33.629629629629626,1.0
0,2025-06-12 03:00:00,36,109,9780.75,35.333333333333336,1.0
0,2025-06-12 04:00:00,32,91,8922.79,37.5625,1.0
0,2025-06-12 05:00:00,23,61,5522.08,36.73913043478261,1.0
0,2025-06-12 06:00:00,37,113,10872.1,39.13513513513514,1.0
0,2025-06-12 07:00:00,32,101,8648.29,36.1875,0.0
0,2025-06-12 08:00:00,29,89,8196.01,42.44827586206897,0.0
0,2025-06-12 09:00:00,36,109,9398.75,36.583333333333336,0.0
0,2025-06-12 10:00:00,21,53,5735.14,37.523809523809526,2.0
0,2025-06-12 11:00:00,33,88,8274.41,36.121212121212125,2.0
0,2025-06-12 12:00:00,40,108,9170.15,37.375,2.0
0,2025-06-12 13:00:00,23,70,7168.7,38.391304347826086,2.0
0,2025-06-12 14:00:00,31,105,9110.81,38.225806451612904,2.0
0,2025-06-12 15:00:00,35,87,8005.19,38.457142857142856,2.0
0,2025-06-12 16:00:00,30,71,5459.29,37.53333333333333,0.0
0,2025-06-12 17:00:00,35,117,11062.56,40.65714285714286,0.0
0,2025-06-12 18:00:00,34,101,9695.6,39.1764705882353,0.0
0,2025-06-12 19:00:00,22,63,4830.77,39.63636363636363,0.0
0,2025-06-12 20:00:00,30,82,8266.73,37.03333333333333,1.0
0,2025-06-12 21:00:00,34,119,10221.39,39.6764705882353,1.0
0,2025-06-12 22:00:00,41,116,11500.31,38.609756097560975,1.0
0,2025-06-12 23:00:00,39,128,11962.55,37.38461538461539,1.0
0,2025-06-13 00:00:00,26,69,7415.77,36.38461538461539,1.0
0,2025-06-13 01:00:00,34,106,9602.89,40.38235294117647,1.0
0,2025-06-13 02:00:00,36,112,9510.59,39.22222222222222,1.0
0,2025-06-13 03:00:00,38,116,10269.04,37.10526315789474,1.0
0,2025-06-13 04:00:00,42,139,12434.25,36.833333333333336,1.0
0,2025-06-13 05:00:00,28,83,6678.47,38.0,1.0
0,2025-06-13 06:00:00,33,93,9710.3,35.42424242424242,1.0
0,2025-06-13 07:00:00,33,98,8516.0,39.63636363636363,0.0
0,2025-06-13 08:00:00,33,101,9402.88,35.24242424242424,0.0
0,2025-06-13 09:00:00,28,82,7532.7300000000005,33.964285714285715,0.0
0,2025-06-13 10:00:00,28,91,8816.55,39.357142857142854,2.0
0,2025-06-13 11:00:00,37,123,9792.7,36.567567567567565,2.0
0,2025-06-13 12:00:00,27,78,6418.42,39.592592592592595,2.0
0,2025-06-13 13:00:00,28,77,7516.41,37.285714285714285,2.0
0,2025-06-13 14:00:00,36,101,9870.56,37.02777777777778,2.0
0,2025-06-13 15:00:00,31,97,7782.4400000000005,38.0,2.0
0,2025-06-13 16:00:00,43,136,12243.03,36.93023255813954,0.0
0,2025-06-13 17:00:00,46,130,12053.17,36.76086956521739,0.0
0,2025-06-13 18:00:00,36,110,10133.98,36.27777777777778,0.0
0,2025-06-13 19:00:00,35,112,9940.41,36.885714285714286,0.0
0,2025-06-13 20:00:00,34,102,8910.41,38.411764705882355,1.0
0,2025-06-13 21:00:00,25,67,5793.28,38.6,1.0
0,2025-06-13 22:00:00,40,127,10116.59,37.325,1.0
0,2025-06-13 23:00:00,46,137,11965.4,34.891304347826086,1.0
0,2025-06-14 00:00:00,28,73,6695.6900000000005,37.67857142857143,1.0
0,2025-06-14 01:00:00,36,103,9124.87,35.69444444444444,1.0
0,2025-06-14 02:00:00,31,101,8132.93,36.45161290322581,1.0
0,2025-06-14 03:00:00,33,85,8269.55,35.878787878787875,1.0
0,2025-06-14 04:00:00,32,106,10203.3,39.90625,1.0
0,2025-06-14 05:00:00,29,81,6362.63,34.96551724137931,1.0
0,2025-06-14 06:00:00,27,77,7322.38,37.888888888888886,1.0
0,2025-06-14 07:00:00,35,110,9037.24,36.82857142857143,0.0
0,2025-06-14 08:00:00,34,81,6719.96,36.205882352941174,0.0
0,2025-06-14 09:00:00,24,76,6943.78,34.25,0.0
0,2025-06-14 10:00:00,35,111,9489.210000000001,37.22857142857143,2.0
0,2025-06-14 11:00:00,42,118,9553.45,35.54761904761905,2.0
0,2025-06-14 12:00:00,23,71,6631.82,34.21739130434783,2.0
0,2025-06-14 13:00:00,27,74,7866.64,36.77777777777778,2.0
0,2025-06-14 14:00:00,33,103,9651.54,40.333333333333336,2.0
0,2025-06-14 15:00:00,38,122,10306.4,36.44736842105263,2.0
0,2025-06-14 16:00:00,32,98,8352.4,38.15625,0.0
0,2025-06-14 17:00:00,34,91,7484.5,37.794117647058826,0.0
0,2025-06-14 18:00:00,41,128,11840.29,38.78048780487805,0.0
0,2025-06-14 19:00:00,35,118,11415.27,36.02857142857143,0.0
0,2025-06-14 20:00:00,38,131,11668.6,35.89473684210526,1.0
0,2025-06-14 21:00:00,30,96,7528.32,35.7,1.0
0,2025-06-14 22:00:00,41,132,12782.67,34.048780487804876,1.0
0,2025-06-14 23:00:00,37,105,8589.89,36.78378378378378,1.0
0,2025-06-15 00:00:00,39,96,8392.44,37.48717948717949,1.0
0,2025-06-15 01:00:00,37,120,11380.48,38.2972972972973,1.0
0,2025-06-15 02:00:00,44,126,10757.92,37.34090909090909,1.0
0,2025-06-15 03:00:00,36,115,10236.17,38.02777777777778,1.0
0,2025-06-15 04:00:00,39,113,10764.59,40.61538461538461,1.0
0,2025-06-15 05:00:00,29,82,7250.55,36.62068965517241,1.0
0,2025-06-15 06:00:00,45,145,12225.5,36.8,1.0
0,2025-06-15 07:00:00,39,124,10594.84,40.53846153846154,0.0
0,2025-06-15 08:00:00,34,81,6694.35,37.55882352941177,0.0
0,2025-06-15 09:00:00,33,101,9460.43,36.78787878787879,0.0
0,2025-06-15 10:00:00,36,101,9800.89,38.861111111111114,2.0
0,2025-06-15 11:00:00,23,68,6025.97,40.17391304347826,2.0
0,2025-06-15 12:00:00,34,90,7989.77,40.38235294117647,2.0
0,2025-06-15 13:00:00,42,132,11986.6,38.333333333333336,2.0
0,2025-06-15 14:00:00,41,130,12767.59,39.4390243902439,2.0
0,2025-06-15 15:00:00,33,96,8312.82,35.81818181818182,2.0
0,2025-06-15 16:00:00,36,105,8396.09,36.30555555555556,0.0
0,2025-06-15 17:00:00,25,81,6404.43,38.4,0.0
0,2025-06-15 18:00:00,32,114,9781.85,37.21875,0.0
0,2025-06-15 19:00:00,23,71,5129.84,37.43478260869565,0.0
0,2025-06-15 20:00:00,38,112,10641.35,36.026315789473685,1.0
0,2025-06-15 21:00:00,39,108,10025.39,37.743589743589745,1.0
0,2025-06-15 22:00:00,26,96,7434.83,38.76923076923077,1.0
0,2025-06-15 23:00:00,38,108,8732.33,39.6578947368421,1.0
0,2025-06-16 00:00:00,23,63,5976.95,36.130434782608695,1.0
0,2025-06-16 01:00:00,41,133,10615.7,36.58536585365854,1.0
0,2025-06-16 02:00:00,37,96,7876.88,37.78378378378378,1.0
0,2025-06-16 03:00:00,38,120,11423.24,37.36842105263158,1.0
0,2025-06-16 04:00:00,42,132,11628.77,38.642857142857146,1.0
0,2025-06-16 05:00:00,39,121,10790.64,34.0,1.0
0,2025-06-16 06:00:00,32,113,10360.94,35.875,1.0
0,2025-06-16 07:00:00,25,77,7131.93,35.36,0.0
0,2025-06-16 08:00:00,30,87,7480.53,34.7,0.0
0,2025-06-16 09:00:00,27,83,7579.71,34.888888888888886,0.0
0,2025-06-16 10:00:00,1,5,210.8,15.0,2.0
1,2025-06-01 10:00:00,18,59,5590.33,39.0,2.0
1,2025-06-01 11:00:00,22,57,4843.22,35.86363636363637,2.0
1,2025-06-01 12:00:00,19,60,4512.37,40.94736842105263,2.0
1,2025-06-01 13:00:00,15,50,3607.42,38.6,2.0
1,2025-06-01 14:00:00,25,72,7595.83,38.44,2.0
1,2025-06-01 15:00:00,16,46,3394.2400000000002,40.5,2.0
1,2025-06-01 16:00:00,20,64,5544.96,41.15,0.0
1,2025-06-01 17:00:00,18,60,4901.45,36.44444444444444,0.0
1,2025-06-01 18:00:00,17,60,6608.78,38.76470588235294,0.0
1,2025-06-01 19:00:00,20,60,4735.83,37.55,0.0
1,2025-06-01 20:00:00,21,53,4521.53,38.476190476190474,1.0
1,2025-06-01 21:00:00,16,41,3894.89,36.875,1.0
1,2025-06-01 22:00:00,11,33,3666.31,36.54545454545455,1.0
1,2025-06-01 23:00:00,22,67,6401.61,35.27272727272727,1.0
1,2025-06-02 00:00:00,12,34,3328.58,30.5,1.0
1,2025-06-02 01:00:00,22,64,5012.349999999999,35.18181818181818,1.0
1,2025-06-02 02:00:00,15,43,4231.29,36.46666666666667,1.0
1,2025-06-02 03:00:00,15,46,4135.21,39.8,1.0
1,2025-06-02 04:00:00,13,38,3105.71,42.38461538461539,1.0
1,2025-06-02 05:00:00,19,59,4982.92,40.73684210526316,1.0
1,2025-06-02 06:00:00,19,47,4801.62,36.1578947368421,1.0
1,2025-06-02 07:00:00,22,67,6932.07,34.13636363636363,0.0
1,2025-06-02 08:00:00,14,33,3219.43,38.0,0.0
1,2025-06-02 09:00:00,10,25,2205.9700000000003,40.1,0.0
1,2025-06-02 10:00:00,21,52,4572.81,36.857142857142854,2.0
1,2025-06-02 11:00:00,16,47,4575.280000000001,37.625,2.0
1,2025-06-02 12:00:00,20,65,5660.37,35.65,2.0
1,2025-06-02 13:00:00,21,58,5408.66,37.95238095238095,2.0
1,2025-06-02 14:00:00,25,71,6239.99,37.56,2.0
1,2025-06-02 15:00:00,25,82,6783.56,36.84,2.0
1,2025-06-02 16:00:00,23,64,5862.35,37.608695652173914,0.0
1,2025-06-02 17:00:00,10,24,2224.88,39.0,0.0
1,2025-06-02 18:00:00,20,67,5587.9,40.65,0.0
1,2025-06-02 19:00:00,21,62,5461.46,34.95238095238095,0.0
1,2025-06-02 20:00:00,9,32,2848.17,32.666666666666664,1.0
1,2025-06-02 21:00:00,15,63,5689.42,36.733333333333334,1.0
1,2025-06-02 22:00:00,18,55,4590.32,37.166666666666664,1.0
1,2025-06-02 23:00:00,20,69,6007.64,38.55,1.0
1,2025-06-03 00:00:00,17,38,3809.73,37.64705882352941,1.0
1,2025-06-03 01:00:00,15,48,5016.51,36.46666666666667,1.0
1,2025-06-03 02:00:00,17,44,4075.98,35.411764705882355,1.0
1,2025-06-03 03:00:00,11,36,3191.0,45.63636363636363,1.0
1,2025-06-03 04:00:00,18,57,5452.2699999999995,37.388888888888886,1.0
1,2025-06-03 05:00:00,16,58,5851.02,41.0,1.0
1,2025-06-03 06:00:00,13,45,3729.42,38.92307692307692,1.0
1,2025-06-03 07:00:00,14,32,2888.52,38.642857142857146,0.0
1,2025-06-03 08:00:00,10,24,2115.68,36.7,0.0
1,2025-06-03 09:00:00,20,48,3705.58,37.5,0.0
1,2025-06-03 10:00:00,15,42,4685.53,37.93333333333333,2.0
1,2025-06-03 11:00:00,20,55,4472.98,38.1,2.0
1,2025-06-03 12:00:00,20,65,6334.27,39.95,2.0
1,2025-06-03 13:00:00,16,61,6331.41,34.0,2.0
1,2025-06-03 14:00:00,20,57,5351.849999999999,36.85,2.0
1,2025-06-03 15:00:00,14,47,3872.65,41.0,2.0
1,2025-06-03 16:00:00,17,51,3894.98,35.11764705882353,0.0
1,2025-06-03 17:00:00,23,75,7843.58,37.65217391304348,0.0
1,2025-06-03 18:00:00,27,78,6841.16,37.48148148148148,0.0
1,2025-06-03 19:00:00,20,55,5214.42,38.65,0.0
1,2025-06-03 20:00:00,19,66,6784.1,42.473684210526315,1.0
1,2025-06-03 21:00:00,14,48,3745.29,32.92857142857143,1.0
1,2025-06-03 22:00:00,17,49,4368.97,37.94117647058823,1.0
1,2025-06-03 23:00:00,17,48,4079.0,32.23529411764706,1.0
1,2025-06-04 00:00:00,11,25,2298.15,32.27272727272727,1.0
1,2025-06-04 01:00:00,23,69,6780.58,34.78260869565217,1.0
1,2025-06-04 02:00:00,22,72,6591.28,36.95454545454545,1.0
1,2025-06-04 03:00:00,19,71,6891.18,36.473684210526315,1.0
1,2025-06-04 04:00:00,14,41,3603.96,38.214285714285715,1.0
1,2025-06-04 05:00:00,16,44,4247.1900000000005,37.125,1.0
1,2025-06-04 06:00:00,14,40,4325.67,31.642857142857142,1.0
1,2025-06-04 07:00:00,13,43,3479.3,37.23076923076923,0.0
1,2025-06-04 08:00:00,13,47,3817.52,38.38461538461539,0.0
1,2025-06-04 09:00:00,18,53,4204.1,38.333333333333336,0.0
1,2025-06-04 10:00:00,16,51,5045.62,42.0625,2.0
1,2025-06-04 11:00:00,15,34,3032.0,37.86666666666667,2.0
1,2025-06-04 12:00:00,16,54,4193.23,36.9375,2.0
1,2025-06-04 13:00:00,24,82,8995.02,38.875,2.0
1,2025-06-04 14:00:00,19,58,5056.77,36.526315789473685,2.0
1,2025-06-04 15:00:00,25,77,6114.84,36.0,2.0
1,2025-06-04 16:00:00,18,51,4649.8,37.44444444444444,0.0
1,2025-06-04 17:00:00,18,57,5563.83,39.55555555555556,0.0
1,2025-06-04 18:00:00,21,64,5820.84,37.333333333333336,0.0
1,2025-06-04 19:00:00,13,47,3922.36,34.15384615384615,0.0
1,2025-06-04 20:00:00,20,63,6250.5199999999995,33.45,1.0
1,2025-06-04 21:00:00,13,30,3280.1200000000003,38.15384615384615,1.0
1,2025-06-04 22:00:00,27,81,6804.41,39.77777777777778,1.0
1,2025-06-04 23:00:00,14,41,3435.08,38.57142857142857,1.0
1,2025-06-05 00:00:00,21,55,4772.16,41.61904761904762,1.0
1,2025-06-05 01:00:00,20,62,5390.26,36.15,1.0
1,2025-06-05 02:00:00,15,38,3090.13,34.86666666666667,1.0
1,2025-06-05 03:00:00,15,43,3726.04,34.266666666666666,1.0
1,2025-06-05 04:00:00,27,89,7900.98,40.370370370370374,1.0
1,2025-06-05 05:00:00,9,33,3539.35,41.44444444444444,1.0
1,2025-06-05 06:00:00,23,65,6066.21,38.43478260869565,1.0
1,2025-06-05 07:00:00,19,55,3743.26,39.63157894736842,0.0
1,2025-06-05 08:00:00,16,40,3590.46,37.6875,0.0
1,2025-06-05 09:00:00,16,46,4184.72,37.1875,0.0
1,2025-06-05 10:00:00,19,44,4068.5499999999997,35.578947368421055,2.0
1,2025-06-05 11:00:00,22,62,6032.52,33.5,2.0
1,2025-06-05 12:00:00,16,42,3704.4300000000003,38.0,2.0
1,2025-06-05 13:00:00,20,61,5378.22,36.5,2.0
1,2025-06-05 14:00:00,21,70,6281.4800000000005,35.61904761904762,2.0
1,2025-06-05 15:00:00,11,46,3634.85,38.90909090909091,2.0
1,2025-06-05 16:00:00,14,33,3615.43,38.642857142857146,0.0
1,2025-06-05 17:00:00,24,78,7392.99,37.583333333333336,0.0
1,2025-06-05 18:00:00,12,40,3554.66,39.75,0.0
1,2025-06-05 19:00:00,24,78,6987.150000000001,36.833333333333336,0.0
1,2025-06-05 20:00:00,16,47,4575.47,37.6875,1.0
1,2025-06-05 21:00:00,19,61,6610.42,38.1578947368421,1.0
1,2025-06-05 22:00:00,15,43,3908.99,35.93333333333333,1.0
1,2025-06-05 23:00:00,17,53,4581.17,34.64705882352941,1.0
1,2025-06-06 00:00:00,20,51,4608.69,37.95,1.0
1,2025-06-06 01:00:00,16,56,4315.92,39.3125,1.0
1,2025-06-06 02:00:00,23,75,6493.54,36.95652173913044,1.0
1,2025-06-06 03:00:00,17,56,5153.64,38.05882352941177,1.0
1,2025-06-06 04:00:00,24,79,7678.5,38.166666666666664,1.0
1,2025-06-06 05:00:00,16,52,3930.1,38.9375,1.0
1,2025-06-06 06:00:00,18,58,5531.29,37.05555555555556,1.0
1,2025-06-06 07:00:00,15,38,3528.2200000000003,39.86666666666667,0.0
1,2025-06-06 08:00:00,13,37,3080.48,35.07692307692308,0.0
1,2025-06-06 09:00:00,25,73,6878.73,37.24,0.0
1,2025-06-06 10:00:00,11,35,3236.32,36.72727272727273,2.0
1,2025-06-06 11:00:00,13,40,3806.53,39.15384615384615,2.0
1,2025-06-06 12:00:00,13,43,3997.79,39.07692307692308,2.0
1,2025-06-06 13:00:00,13,41,3279.01,34.69230769230769,2.0
1,2025-06-06 14:00:00,14,40,3880.06,42.142857142857146,2.0
1,2025-06-06 15:00:00,14,45,3944.89,40.142857142857146,2.0
1,2025-06-06 16:00:00,24,64,5911.09,39.333333333333336,0.0
1,2025-06-06 17:00:00,24,68,5756.08,38.458333333333336,0.0
1,2025-06-06 18:00:00,20,61,5113.97,33.75,0.0
1,2025-06-06 19:00:00,20,60,5490.88,38.05,0.0
1,2025-06-06 20:00:00,13,40,3985.79,37.0,1.0
1,2025-06-06 21:00:00,19,58,5231.82,36.94736842105263,1.0
1,2025-06-06 22:00:00,20,66,6901.75,36.6,1.0
1,2025-06-06 23:00:00,13,40,3163.5699999999997,40.07692307692308,1.0
1,2025-06-07 00:00:00,17,53,4128.93,40.1764705882353,1.0
1,2025-06-07 01:00:00,13,39,3614.69,38.92307692307692,1.0
1,2025-06-07 02:00:00,19,55,4645.29,35.89473684210526,1.0
1,2025-06-07 03:00:00,19,65,5554.07,40.36842105263158,1.0
1,2025-06-07 04:00:00,16,52,4220.08,39.75,1.0
1,2025-06-07 05:00:00,17,56,4835.26,41.1764705882353,1.0
1,2025-06-07 06:00:00,20,53,5297.5,42.7,1.0
1,2025-06-07 07:00:00,9,26,2609.4,41.77777777777778,0.0
1,2025-06-07 08:00:00,25,78,6602.39,36.36,0.0
1,2025-06-07 09:00:00,19,57,4411.31,37.05263157894737,0.0
1,2025-06-07 10:00:00,16,55,4920.47,40.125,2.0
1,2025-06-07 11:00:00,19,59,4961.87,37.578947368421055,2.0
1,2025-06-07 12:00:00,15,45,4417.59,36.6,2.0
1,2025-06-07 13:00:00,21,67,5816.73,39.095238095238095,2.0
1,2025-06-07 14:00:00,17,49,3841.9500000000003,35.88235294117647,2.0
1,2025-06-07 15:00:00,13,34,2926.48,35.84615384615385,2.0
1,2025-06-07 16:00:00,16,50,5300.04,36.25,0.0
1,2025-06-07 17:00:00,19,48,4653.25,40.78947368421053,0.0
1,2025-06-07 18:00:00,19,57,4177.01,34.31578947368421,0.0
1,2025-06-07 19:00:00,12,38,3424.75,37.416666666666664,0.0
1,2025-06-07 20:00:00,13,36,2618.23,43.69230769230769,1.0
1,2025-06-07 21:00:00,13,44,4178.63,32.53846153846154,1.0
1,2025-06-07 22:00:00,20,63,6069.57,39.5,1.0
1,2025-06-07 23:00:00,14,44,4425.74,31.071428571428573,1.0
1,2025-06-08 00:00:00,14,39,3334.39,38.785714285714285,1.0
1,2025-06-08 01:00:00,15,37,3599.63,42.06666666666667,1.0
1,2025-06-08 02:00:00,21,69,6678.53,42.0,1.0
1,2025-06-08 03:00:00,22,59,4241.89,37.77272727272727,1.0
1,2025-06-08 04:00:00,24,76,5789.81,37.916666666666664,1.0
1,2025-06-08 05:00:00,9,26,2100.39,36.111111111111114,1.0
1,2025-06-08 06:00:00,20,52,4823.83,38.9,1.0
1,2025-06-08 07:00:00,18,47,4302.85,36.27777777777778,0.0
1,2025-06-08 08:00:00,21,65,6537.37,39.904761904761905,0.0
1,2025-06-08 09:00:00,14,37,2964.05,36.92857142857143,0.0
1,2025-06-08 10:00:00,19,52,4699.43,39.21052631578947,2.0
1,2025-06-08 11:00:00,18,57,4871.03,38.27777777777778,2.0
1,2025-06-08 12:00:00,13,35,3288.6499999999996,37.23076923076923,2.0
1,2025-06-08 13:00:00,14,44,3961.0,36.07142857142857,2.0
1,2025-06-08 14:00:00,25,79,6639.42,36.0,2.0
1,2025-06-08 15:00:00,14,35,3388.0299999999997,36.785714285714285,2.0
1,2025-06-08 16:00:00,16,54,4896.74,37.25,0.0
1,2025-06-08 17:00:00,12,38,3167.59,38.333333333333336,0.0
1,2025-06-08 18:00:00,13,31,2313.32,31.307692307692307,0.0
1,2025-06-08 19:00:00,15,44,3866.7799999999997,37.0,0.0
1,2025-06-08 20:00:00,16,41,3532.01,33.6875,1.0
1,2025-06-08 21:00:00,10,35,3416.9700000000003,36.6,1.0
1,2025-06-08 22:00:00,10,26,2622.59,38.5,1.0
1,2025-06-08 23:00:00,22,66,5934.01,39.45454545454545,1.0
1,2025-06-09 00:00:00,15,49,4824.54,33.8,1.0
1,2025-06-09 01:00:00,21,67,5999.78,41.0,1.0
1,2025-06-09 02:00:00,20,68,6249.48,38.85,1.0
1,2025-06-09 03:00:00,17,49,4943.51,37.588235294117645,1.0
1,2025-06-09 04:00:00,19,49,4124.88,40.10526315789474,1.0
1,2025-06-09 05:00:00,17,44,4024.92,39.0,1.0
1,2025-06-09 06:00:00,16,54,4769.900000000001,33.3125,1.0
1,2025-06-09 07:00:00,16,51,4199.97,39.5625,0.0
1,2025-06-09 08:00:00,14,46,4168.65,37.142857142857146,0.0
1,2025-06-09 09:00:00,18,48,3406.7400000000002,38.166666666666664,0.0
1,2025-06-09 10:00:00,23,71,5965.7,37.52173913043478,2.0
1,2025-06-09 11:00:00,15,39,2955.69,37.0,2.0
1,2025-06-09 12:00:00,13,36,3251.73,36.38461538461539,2.0
1,2025-06-09 13:00:00,13,42,2926.37,37.84615384615385,2.0
1,2025-06-09 14:00:00,16,38,3261.32,38.9375,2.0
1,2025-06-09 15:00:00,16,50,3939.13,37.625,2.0
1,2025-06-09 16:00:00,14,36,3880.23,39.642857142857146,0.0
1,2025-06-09 17:00:00,16,51,4289.51,35.4375,0.0
1,2025-06-09 18:00:00,15,56,5904.03,41.86666666666667,0.0
1,2025-06-09 19:00:00,19,48,3692.81,36.31578947368421,0.0
1,2025-06-09 20:00:00,20,66,6713.2,36.45,1.0
1,2025-06-09 21:00:00,16,44,3092.4,43.3125,1.0
1,2025-06-09 22:00:00,14,40,3539.32,38.214285714285715,1.0
1,2025-06-09 23:00:00,20,63,6660.389999999999,35.8,1.0
1,2025-06-10 00:00:00,18,55,4743.0,41.22222222222222,1.0
1,2025-06-10 01:00:00,22,72,6565.61,37.0,1.0
1,2025-06-10 02:00:00,18,55,4858.43,35.22222222222222,1.0
1,2025-06-10 03:00:00,15,59,6002.099999999999,33.93333333333333,1.0
1,2025-06-10 04:00:00,13,38,3594.12,36.30769230769231,1.0
1,2025-06-10 05:00:00,17,51,4548.2,38.1764705882353,1.0
1,2025-06-10 06:00:00,12,36,3265.93,34.083333333333336,1.0
1,2025-06-10 07:00:00,22,57,5903.47,39.31818181818182,0.0
1,2025-06-10 08:00:00,17,56,4897.66,36.94117647058823,0.0
1,2025-06-10 09:00:00,21,64,6141.3,36.285714285714285,0.0
1,2025-06-10 10:00:00,11,39,2800.29,39.63636363636363,2.0
1,2025-06-10 11:00:00,15,51,4242.6,39.06666666666667,2.0
1,2025-06-10 12:00:00,15,43,4538.78,36.13333333333333,2.0
1,2025-06-10 13:00:00,12,28,3348.17,38.0,2.0
1,2025-06-10 14:00:00,16,49,4689.8,35.75,2.0
1,2025-06-10 15:00:00,15,42,4235.6900000000005,36.46666666666667,2.0
1,2025-06-10 16:00:00,20,63,5253.47,32.45,0.0
1,2025-06-10 17:00:00,16,37,3095.83,32.8125,0.0
1,2025-06-10 18:00:00,11,26,2641.71,35.09090909090909,0.0
1,2025-06-10 19:00:00,18,64,5495.389999999999,40.5,0.0
1,2025-06-10 20:00:00,11,36,2668.01,37.90909090909091,1.0
1,2025-06-10 21:00:00,13,46,3866.77,35.38461538461539,1.0
1,2025-06-10 22:00:00,12,43,3748.33,38.25,1.0
1,2025-06-10 23:00:00,20,57,5808.59,37.85,1.0
1,2025-06-11 00:00:00,22,74,7764.56,38.5,1.0
1,2025-06-11 01:00:00,15,46,4266.95,38.4,1.0
1,2025-06-11 02:00:00,23,62,5370.13,42.26086956521739,1.0
1,2025-06-11 03:00:00,12,37,2878.5,41.833333333333336,1.0
1,2025-06-11 04:00:00,21,66,5376.62,37.714285714285715,1.0
1,2025-06-11 05:00:00,19,57,5491.78,39.473684210526315,1.0
1,2025-06-11 06:00:00,17,43,4140.9400000000005,35.588235294117645,1.0
1,2025-06-11 07:00:00,19,51,4271.34,39.36842105263158,0.0
1,2025-06-11 08:00:00,23,69,6781.9,36.08695652173913,0.0
1,2025-06-11 09:00:00,19,65,5939.75,39.421052631578945,0.0
1,2025-06-11 10:00:00,26,77,6755.12,36.88461538461539,2.0
1,2025-06-11 11:00:00,15,52,4628.389999999999,37.266666666666666,2.0
1,2025-06-11 12:00:00,25,88,7269.9,39.48,2.0
1,2025-06-11 13:00:00,19,50,4868.13,35.526315789473685,2.0
1,2025-06-11 14:00:00,23,79,6706.14,37.52173913043478,2.0
1,2025-06-11 15:00:00,22,42,3987.94,36.13636363636363,2.0
1,2025-06-11 16:00:00,24,73,5905.76,34.791666666666664,0.0
1,2025-06-11 17:00:00,15,57,4903.59,37.13333333333333,0.0
1,2025-06-11 18:00:00,17,46,4028.63,36.35294117647059,0.0
1,2025-06-11 19:00:00,17,57,5711.45,40.88235294117647,0.0
1,2025-06-11 20:00:00,16,55,5714.78,35.0,1.0
1,2025-06-11 21:00:00,11,31,2858.98,32.09090909090909,1.0
1,2025-06-11 22:00:00,17,52,5041.47,34.411764705882355,1.0
1,2025-06-11 23:00:00,19,60,5473.65,40.68421052631579,1.0
1,2025-06-12 00:00:00,24,73,6065.41,35.833333333333336,1.0
1,2025-06-12 01:00:00,14,42,3976.4700000000003,32.785714285714285,1.0
1,2025-06-12 02:00:00,22,65,5806.13,36.59090909090909,1.0
1,2025-06-12 03:00:00,20,61,6258.49,37.2,1.0
1,2025-06-12 04:00:00,19,66,6412.32,35.473684210526315,1.0
1,2025-06-12 05:00:00,21,60,5366.95,38.666666666666664,1.0
1,2025-06-12 06:00:00,22,61,5524.82,37.86363636363637,1.0
1,2025-06-12 07:00:00,20,79,6965.82,37.35,0.0
1,2025-06-12 08:00:00,23,58,5650.47,43.26086956521739,0.0
1,2025-06-12 09:00:00,23,64,5375.37,39.869565217391305,0.0
1,2025-06-12 10:00:00,17,57,4763.49,37.76470588235294,2.0
1,2025-06-12 11:00:00,15,47,3695.2799999999997,37.266666666666666,2.0
1,2025-06-12 12:00:00,15,51,4931.71,36.86666666666667,2.0
1,2025-06-12 13:00:00,14,36,3294.4900000000002,34.214285714285715,2.0
1,2025-06-12 14:00:00,20,58,4841.93,37.05,2.0
1,2025-06-12 15:00:00,25,83,7000.46,39.44,2.0
1,2025-06-12 16:00:00,20,50,4256.04,40.75,0.0
1,2025-06-12 17:00:00,13,37,3118.95,36.15384615384615,0.0
1,2025-06-12 18:00:00,23,68,6896.22,39.130434782608695,0.0
1,2025-06-12 19:00:00,14,37,4067.9700000000003,32.714285714285715,0.0
1,2025-06-12 20:00:00,18,46,4464.01,39.0,1.0
1,2025-06-12 21:00:00,20,63,6001.29,39.2,1.0
1,2025-06-12 22:00:00,19,56,5292.21,35.89473684210526,1.0
1,2025-06-12 23:00:00,19,49,4450.19,39.1578947368421,1.0
1,2025-06-13 00:00:00,12,35,2392.4,35.583333333333336,1.0
1,2025-06-13 01:00:00,20,62,5338.87,36.8,1.0
1,2025-06-13 02:00:00,18,61,5660.76,40.611111111111114,1.0
1,2025-06-13 03:00:00,23,63,5700.78,40.21739130434783,1.0
1,2025-06-13 04:00:00,18,61,4760.93,37.888888888888886,1.0
1,2025-06-13 05:00:00,13,38,3317.73,40.0,1.0
1,2025-06-13 06:00:00,13,44,3876.92,32.46153846153846,1.0
1,2025-06-13 07:00:00,16,46,4448.38,38.875,0.0
1,2025-06-13 08:00:00,11,33,2874.37,41.0,0.0
1,2025-06-13 09:00:00,17,56,4730.21,33.470588235294116,0.0
1,2025-06-13 10:00:00,16,58,5479.12,42.6875,2.0
1,2025-06-13 11:00:00,12,34,3263.23,39.083333333333336,2.0
1,2025-06-13 12:00:00,9,25,2391.48,41.333333333333336,2.0
1,2025-06-13 13:00:00,12,40,4558.6,36.833333333333336,2.0
1,2025-06-13 14:00:00,23,68,6263.09,39.91304347826087,2.0
1,2025-06-13 15:00:00,15,45,3323.55,35.8,2.0
1,2025-06-13 16:00:00,17,50,4561.91,34.588235294117645,0.0
1,2025-06-13 17:00:00,14,39,3455.77,36.357142857142854,0.0
1,2025-06-13 18:00:00,16,53,5306.0599999999995,39.0,0.0
1,2025-06-13 19:00:00,14,37,3753.56,37.57142857142857,0.0
1,2025-06-13 20:00:00,12,39,2802.7,36.0,1.0
1,2025-06-13 21:00:00,15,45,3993.0499999999997,38.0,1.0
1,2025-06-13 22:00:00,17,52,4455.45,40.64705882352941,1.0
1,2025-06-13 23:00:00,22,63,5448.05,38.22727272727273,1.0
1,2025-06-14 00:00:00,18,44,3595.77,35.05555555555556,1.0
1,2025-06-14 01:00:00,21,57,5869.3099999999995,35.523809523809526,1.0
1,2025-06-14 02:00:00,22,65,5404.47,36.18181818181818,1.0
1,2025-06-14 03:00:00,16,54,4420.72,38.6875,1.0
1,2025-06-14 04:00:00,16,47,3437.42,41.1875,1.0
1,2025-06-14 05:00:00,21,69,5844.610000000001,35.666666666666664,1.0
1,2025-06-14 06:00:00,12,36,2866.69,36.833333333333336,1.0
1,2025-06-14 07:00:00,19,53,3703.73,37.473684210526315,0.0
1,2025-06-14 08:00:00,18,54,5062.29,38.111111111111114,0.0
1,2025-06-14 09:00:00,23,56,5361.77,37.65217391304348,0.0
1,2025-06-14 10:00:00,17,48,4710.14,41.1764705882353,2.0
1,2025-06-14 11:00:00,13,36,2914.54,39.07692307692308,2.0
1,2025-06-14 12:00:00,19,49,3772.79,41.31578947368421,2.0
1,2025-06-14 13:00:00,18,57,5111.96,38.22222222222222,2.0
1,2025-06-14 14:00:00,15,54,5354.56,34.4,2.0
1,2025-06-14 15:00:00,12,43,4219.9400000000005,42.25,2.0
1,2025-06-14 16:00:00,13,36,3038.0099999999998,37.15384615384615,0.0
1,2025-06-14 17:00:00,19,58,5410.07,38.526315789473685,0.0
1,2025-06-14 18:00:00,14,40,3355.17,37.92857142857143,0.0
1,2025-06-14 19:00:00,16,49,4658.37,36.75,0.0
1,2025-06-14 20:00:00,20,58,5322.4,39.3,1.0
1,2025-06-14 21:00:00,15,47,3961.3199999999997,36.46666666666667,1.0
1,2025-06-14 22:00:00,14,38,3135.59,39.0,1.0
1,2025-06-14 23:00:00,13,40,3231.57,41.46153846153846,1.0
1,2025-06-15 00:00:00,14,47,4731.39,40.285714285714285,1.0
1,2025-06-15 01:00:00,11,31,2888.12,36.81818181818182,1.0
1,2025-06-15 02:00:00,14,37,3215.33,35.714285714285715,1.0
1,2025-06-15 03:00:00,12,28,2398.42,37.833333333333336,1.0
1,2025-06-15 04:00:00,22,71,7082.64,40.09090909090909,1.0
1,2025-06-15 05:00:00,16,45,3908.09,42.1875,1.0
1,2025-06-15 06:00:00,18,59,5912.29,35.72222222222222,1.0
1,2025-06-15 07:00:00,12,43,3482.39,39.75,0.0
1,2025-06-15 08:00:00,16,49,4259.1,37.75,0.0
1,2025-06-15 09:00:00,11,34,2759.1,35.90909090909091,0.0
1,2025-06-15 10:00:00,16,52,4851.88,38.3125,2.0
1,2025-06-15 11:00:00,16,44,4153.24,38.625,2.0
1,2025-06-15 12:00:00,18,44,3885.5099999999998,38.666666666666664,2.0
1,2025-06-15 13:00:00,14,40,3685.6099999999997,38.92857142857143,2.0
1,2025-06-15 14:00:00,17,57,5730.37,42.0,2.0
1,2025-06-15 15:00:00,16,45,3978.02,39.0625,2.0
1,2025-06-15 16:00:00,15,40,4144.78,38.266666666666666,0.0
1,2025-06-15 17:00:00,21,61,5939.52,36.23809523809524,0.0
1,2025-06-15 18:00:00,16,48,4490.62,37.0625,0.0
1,2025-06-15 19:00:00,18,47,4031.7200000000003,35.22222222222222,0.0
1,2025-06-15 20:00:00,10,31,2908.37,34.1,1.0
1,2025-06-15 21:00:00,20,59,5784.69,35.9,1.0
1,2025-06-15 22:00:00,26,73,6688.65,37.57692307692308,1.0
1,2025-06-15 23:00:00,12,46,4792.16,33.416666666666664,1.0
1,2025-06-16 00:00:00,7,26,2294.27,31.571428571428573,1.0
1,2025-06-16 01:00:00,20,54,5096.08,33.35,1.0
1,2025-06-16 02:00:00,13,35,2964.01,37.0,1.0
1,2025-06-16 03:00:00,18,53,5291.08,32.611111111111114,1.0
1,2025-06-16 04:00:00,13,44,3492.9,42.53846153846154,1.0
1,2025-06-16 05:00:00,20,55,4894.84,40.05,1.0
1,2025-06-16 06:00:00,25,63,5645.11,38.76,1.0
1,2025-06-16 07:00:00,13,46,4244.0,40.30769230769231,0.0
1,2025-06-16 08:00:00,19,58,4334.889999999999,35.68421052631579,0.0
1,2025-06-16 09:00:00,13,34,2678.78,40.76923076923077,0.0
2,2025-06-01 10:00:00,20,69,5900.98,37.95,2.0
2,2025-06-01 11:00:00,24,79,8098.38,37.541666666666664,2.0
2,2025-06-01 12:00:00,18,52,3884.61,40.05555555555556,2.0
2,2025-06-01 13:00:00,24,71,6062.03,39.416666666666664,2.0
2,2025-06-01 14:00:00,21,59,5428.77,38.0,2.0
2,2025-06-01 15:00:00,18,58,4304.14,34.05555555555556,2.0
2,2025-06-01 16:00:00,20,61,5858.72,38.85,0.0
2,2025-06-01 17:00:00,21,54,4433.04,36.76190476190476,0.0
2,2025-06-01 18:00:00,21,61,6249.679999999999,36.61904761904762,0.0
2,2025-06-01 19:00:00,27,81,7515.679999999999,35.51851851851852,0.0
2,2025-06-01 20:00:00,24,71,5841.06,39.041666666666664,1.0
2,2025-06-01 21:00:00,25,72,6098.54,39.4,1.0
2,2025-06-01 22:00:00,25,83,8123.11,39.08,1.0
2,2025-06-01 23:00:00,14,46,3703.25,41.92857142857143,1.0
2,2025-06-02 00:00:00,21,54,5050.110000000001,38.04761904761905,1.0
2,2025-06-02 01:00:00,20,68,5481.04,35.4,1.0
2,2025-06-02 02:00:00,20,57,4652.88,38.6,1.0
2,2025-06-02 03:00:00,19,62,4730.9400000000005,35.10526315789474,1.0
2,2025-06-02 04:00:00,20,69,5693.56,34.55,1.0
2,2025-06-02 05:00:00,12,32,2356.65,33.583333333333336,1.0
2,2025-06-02 06:00:00,21,71,6195.39,38.19047619047619,1.0
2,2025-06-02 07:00:00,21,54,5278.13,38.95238095238095,0.0
2,2025-06-02 08:00:00,21,62,5968.48,36.95238095238095,0.0
2,2025-06-02 09:00:00,16,46,4219.81,36.875,0.0
2,2025-06-02 10:00:00,17,55,4662.04,35.76470588235294,2.0
2,2025-06-02 11:00:00,24,72,6479.26,36.625,2.0
2,2025-06-02 12:00:00,14,46,3542.11,37.142857142857146,2.0
2,2025-06-02 13:00:00,23,57,5468.84,37.91304347826087,2.0
2,2025-06-02 14:00:00,25,82,7683.43,33.56,2.0
2,2025-06-02 15:00:00,18,51,5531.66,40.166666666666664,2.0
2,2025-06-02 16:00:00,22,63,6184.03,37.59090909090909,0.0
2,2025-06-02 17:00:00,12,31,2488.97,37.583333333333336,0.0
2,2025-06-02 18:00:00,22,65,5548.92,35.68181818181818,0.0
2,2025-06-02 19:00:00,15,42,3921.5,36.266666666666666,0.0
2,2025-06-02 20:00:00,34,110,10195.69,35.35294117647059,1.0
2,2025-06-02 21:00:00,32,108,9362.59,38.25,1.0
2,2025-06-02 22:00:00,21,67,6419.08,38.61904761904762,1.0
2,2025-06-02 23:00:00,30,91,8509.45,38.166666666666664,1.0
2,2025-06-03 00:00:00,14,42,4194.79,33.785714285714285,1.0
2,2025-06-03 01:00:00,13,39,3632.53,38.15384615384615,1.0
2,2025-06-03 02:00:00,20,54,4607.76,39.25,1.0
2,2025-06-03 03:00:00,23,85,7963.16,37.30434782608695,1.0
2,2025-06-03 04:00:00,16,39,3431.81,35.5625,1.0
2,2025-06-03 05:00:00,26,66,6109.91,37.03846153846154,1.0
2,2025-06-03 06:00:00,20,55,4333.63,39.05,1.0
2,2025-06-03 07:00:00,25,76,7133.87,40.8,0.0
2,2025-06-03 08:00:00,17,47,4316.43,37.705882352941174,0.0
2,2025-06-03 09:00:00,27,81,7229.79,35.48148148148148,0.0
2,2025-06-03 10:00:00,18,54,4478.27,38.77777777777778,2.0
2,2025-06-03 11:00:00,18,48,4424.68,34.333333333333336,2.0
2,2025-06-03 12:00:00,23,68,5190.47,41.04347826086956,2.0
2,2025-06-03 13:00:00,19,68,6682.49,36.31578947368421,2.0
2,2025-06-03 14:00:00,18,59,4686.5,36.666666666666664,2.0
2,2025-06-03 15:00:00,22,52,5219.67,37.0,2.0
2,2025-06-03 16:00:00,16,40,3305.68,37.5,0.0
2,2025-06-03 17:00:00,18,49,4452.05,34.72222222222222,0.0
2,2025-06-03 18:00:00,20,49,4822.91,35.95,0.0
2,2025-06-03 19:00:00,17,49,4206.81,41.94117647058823,0.0
2,2025-06-03 20:00:00,14,38,3338.18,31.571428571428573,1.0
2,2025-06-03 21:00:00,24,66,6261.65,37.833333333333336,1.0
2,2025-06-03 22:00:00,14,39,3478.94,37.0,1.0
2,2025-06-03 23:00:00,17,53,5102.94,37.529411764705884,1.0
2,2025-06-04 00:00:00,19,64,6001.76,38.26315789473684,1.0
2,2025-06-04 01:00:00,28,75,6703.89,39.67857142857143,1.0
2,2025-06-04 02:00:00,18,61,5601.64,36.111111111111114,1.0
2,2025-06-04 03:00:00,19,51,4075.29,38.89473684210526,1.0
2,2025-06-04 04:00:00,17,51,4158.47,38.529411764705884,1.0
2,2025-06-04 05:00:00,16,52,4873.54,38.875,1.0
2,2025-06-04 06:00:00,24,72,6566.030000000001,41.291666666666664,1.0
2,2025-06-04 07:00:00,20,61,5662.58,37.1,0.0
2,2025-06-04 08:00:00,25,66,5899.85,37.64,0.0
2,2025-06-04 09:00:00,18,47,4541.13,37.333333333333336,0.0
2,2025-06-04 10:00:00,23,65,6278.61,39.30434782608695,2.0
2,2025-06-04 11:00:00,21,73,6898.04,36.0,2.0
2,2025-06-04 12:00:00,19,59,6089.82,36.10526315789474,2.0
2,2025-06-04 13:00:00,22,66,5485.42,40.72727272727273,2.0
2,2025-06-04 14:00:00,21,65,4663.34,38.61904761904762,2.0
2,2025-06-04 15:00:00,21,64,6384.19,34.38095238095238,2.0
2,2025-06-04 16:00:00,24,68,5661.76,35.583333333333336,0.0
2,2025-06-04 17:00:00,18,58,5051.01,40.72222222222222,0.0
2,2025-06-04 18:00:00,15,54,4673.23,38.733333333333334,0.0
2,2025-06-04 19:00:00,28,82,6657.74,36.07142857142857,0.0
2,2025-06-04 20:00:00,17,51,4672.38,38.529411764705884,1.0
2,2025-06-04 21:00:00,13,27,2182.28,41.07692307692308,1.0
2,2025-06-04 22:00:00,18,49,4133.0199999999995,37.166666666666664,1.0
2,2025-06-04 23:00:00,20,55,3951.36,36.2,1.0
2,2025-06-05 00:00:00,19,53,4421.65,36.73684210526316,1.0
2,2025-06-05 01:00:00,23,65,5770.3,38.608695652173914,1.0
2,2025-06-05 02:00:00,15,44,3941.87,37.53333333333333,1.0
2,2025-06-05 03:00:00,26,86,8933.57,37.53846153846154,1.0
2,2025-06-05 04:00:00,13,41,3608.2000000000003,41.0,1.0
2,2025-06-05 05:00:00,14,40,3343.56,40.357142857142854,1.0
2,2025-06-05 06:00:00,36,111,9653.71,37.52777777777778,1.0
2,2025-06-05 07:00:00,14,44,4372.53,40.5,0.0
2,2025-06-05 08:00:00,19,58,5400.7,39.1578947368421,0.0
2,2025-06-05 09:00:00,20,59,6216.92,39.8,0.0
2,2025-06-05 10:00:00,22,62,5639.08,34.72727272727273,2.0
2,2025-06-05 11:00:00,16,47,4536.88,35.375,2.0
2,2025-06-05 12:00:00,28,77,7334.97,36.035714285714285,2.0
2,2025-06-05 13:00:00,18,47,4333.67,38.22222222222222,2.0
2,2025-06-05 14:00:00,17,46,4393.82,36.23529411764706,2.0
2,2025-06-05 15:00:00,26,75,7358.37,33.23076923076923,2.0
2,2025-06-05 16:00:00,24,74,6138.14,36.958333333333336,0.0
2,2025-06-05 17:00:00,16,44,3741.77,37.375,0.0
2,2025-06-05 18:00:00,17,49,4901.4,37.0,0.0
2,2025-06-05 19:00:00,16,34,2642.83,33.3125,0.0
2,2025-06-05 20:00:00,23,81,7683.37,34.52173913043478,1.0
2,2025-06-05 21:00:00,17,41,3327.0299999999997,36.23529411764706,1.0
2,2025-06-05 22:00:00,23,70,6615.8,38.869565217391305,1.0
2,2025-06-05 23:00:00,17,47,5163.91,37.94117647058823,1.0
2,2025-06-06 00:00:00,17,48,4933.51,38.470588235294116,1.0
2,2025-06-06 01:00:00,20,57,5628.28,35.25,1.0
2,2025-06-06 02:00:00,11,32,2744.7400000000002,39.81818181818182,1.0
2,2025-06-06 03:00:00,24,67,7054.86,38.583333333333336,1.0
2,2025-06-06 04:00:00,17,51,4269.66,37.8235294117647,1.0
2,2025-06-06 05:00:00,17,53,5132.87,41.705882352941174,1.0
2,2025-06-06 06:00:00,27,82,7207.76,36.22222222222222,1.0
2,2025-06-06 07:00:00,21,62,4844.57,39.857142857142854,0.0
2,2025-06-06 08:00:00,20,53,5096.7,39.15,0.0
2,2025-06-06 09:00:00,20,63,6285.58,37.35,0.0
2,2025-06-06 10:00:00,18,70,6837.75,36.94444444444444,2.0
2,2025-06-06 11:00:00,17,57,4798.83,39.294117647058826,2.0
2,2025-06-06 12:00:00,26,68,5640.01,37.57692307692308,2.0
2,2025-06-06 13:00:00,22,80,7090.78,37.31818181818182,2.0
2,2025-06-06 14:00:00,15,47,4412.1,37.06666666666667,2.0
2,2025-06-06 15:00:00,16,49,4719.85,41.4375,2.0
2,2025-06-06 16:00:00,21,64,5986.34,35.333333333333336,0.0
2,2025-06-06 17:00:00,25,76,6511.76,36.92,0.0
2,2025-06-06 18:00:00,23,63,5875.97,41.73913043478261,0.0
2,2025-06-06 19:00:00,26,79,6354.49,35.61538461538461,0.0
2,2025-06-06 20:00:00,23,78,5915.19,39.391304347826086,1.0
2,2025-06-06 21:00:00,16,45,3714.32,40.4375,1.0
2,2025-06-06 22:00:00,23,55,5542.76,34.65217391304348,1.0
2,2025-06-06 23:00:00,23,64,5641.24,42.34782608695652,1.0
2,2025-06-07 00:00:00,25,62,5186.72,36.92,1.0
2,2025-06-07 01:00:00,25,64,5558.72,38.72,1.0
2,2025-06-07 02:00:00,21,56,5108.13,36.57142857142857,1.0
2,2025-06-07 03:00:00,21,60,5493.0,40.0,1.0
2,2025-06-07 04:00:00,25,81,7388.48,39.04,1.0
2,2025-06-07 05:00:00,31,100,9004.49,37.645161290322584,1.0
2,2025-06-07 06:00:00,23,73,7089.95,37.78260869565217,1.0
2,2025-06-07 07:00:00,11,32,2549.0,44.45454545454545,0.0
2,2025-06-07 08:00:00,34,85,8067.09,34.94117647058823,0.0
2,2025-06-07 09:00:00,18,54,5072.5,40.72222222222222,0.0
2,2025-06-07 10:00:00,20,56,4442.58,34.5,2.0
2,2025-06-07 11:00:00,17,41,2940.79,35.76470588235294,2.0
2,2025-06-07 12:00:00,19,54,4890.67,36.73684210526316,2.0
2,2025-06-07 13:00:00,22,66,5717.37,39.22727272727273,2.0
2,2025-06-07 14:00:00,23,75,6633.59,40.608695652173914,2.0
2,2025-06-07 15:00:00,25,89,7649.05,38.84,2.0
2,2025-06-07 16:00:00,14,41,3626.65,41.285714285714285,0.0
2,2025-06-07 17:00:00,24,63,5800.25,38.041666666666664,0.0
2,2025-06-07 18:00:00,20,65,7192.43,41.65,0.0
2,2025-06-07 19:00:00,27,88,7322.38,38.48148148148148,0.0
2,2025-06-07 20:00:00,21,62,5656.99,33.666666666666664,1.0
2,2025-06-07 21:00:00,20,50,3527.57,36.95,1.0
2,2025-06-07 22:00:00,18,52,4347.13,38.0,1.0
2,2025-06-07 23:00:00,23,73,7496.59,38.17391304347826,1.0
2,2025-06-08 00:00:00,26,82,7060.73,37.46153846153846,1.0
2,2025-06-08 01:00:00,29,94,8976.22,38.758620689655174,1.0
2,2025-06-08 02:00:00,23,66,5704.75,36.391304347826086,1.0
2,2025-06-08 03:00:00,19,42,3801.38,37.1578947368421,1.0
2,2025-06-08 04:00:00,21,69,6771.99,39.19047619047619,1.0
2,2025-06-08 05:00:00,20,61,5841.17,43.6,1.0
2,2025-06-08 06:00:00,17,51,4679.38,32.411764705882355,1.0
2,2025-06-08 07:00:00,27,71,6765.83,36.333333333333336,0.0
2,2025-06-08 08:00:00,17,60,5212.33,41.529411764705884,0.0
2,2025-06-08 09:00:00,26,84,8226.11,40.0,0.0
2,2025-06-08 10:00:00,25,60,5993.44,39.2,2.0
2,2025-06-08 11:00:00,24,71,6259.09,38.958333333333336,2.0
2,2025-06-08 12:00:00,21,55,4740.93,35.857142857142854,2.0
2,2025-06-08 13:00:00,22,66,5487.09,40.59090909090909,2.0
2,2025-06-08 14:00:00,23,64,5649.06,34.34782608695652,2.0
2,2025-06-08 15:00:00,15,43,3824.88,38.06666666666667,2.0
2,2025-06-08 16:00:00,27,85,7694.02,37.0,0.0
2,2025-06-08 17:00:00,23,67,7338.4800000000005,38.78260869565217,0.0
2,2025-06-08 18:00:00,21,59,5524.28,36.38095238095238,0.0
2,2025-06-08 19:00:00,21,57,4887.44,38.285714285714285,0.0
2,2025-06-08 20:00:00,23,66,5264.08,33.78260869565217,1.0
2,2025-06-08 21:00:00,17,39,3659.58,40.05882352941177,1.0
2,2025-06-08 22:00:00,28,81,6575.51,38.75,1.0
2,2025-06-08 23:00:00,26,70,6234.25,34.34615384615385,1.0
2,2025-06-09 00:00:00,18,56,4753.45,36.5,1.0
2,2025-06-09 01:00:00,19,68,6868.2,35.578947368421055,1.0
2,2025-06-09 02:00:00,18,59,6257.14,41.27777777777778,1.0
2,2025-06-09 03:00:00,21,61,5992.16,36.38095238095238,1.0
2,2025-06-09 04:00:00,18,50,4219.2,39.94444444444444,1.0
2,2025-06-09 05:00:00,24,75,6984.83,37.833333333333336,1.0
2,2025-06-09 06:00:00,25,81,7776.33,36.88,1.0
2,2025-06-09 07:00:00,18,57,5652.95,37.77777777777778,0.0
2,2025-06-09 08:00:00,15,49,4236.83,39.8,0.0
2,2025-06-09 09:00:00,17,48,4308.81,36.8235294117647,0.0
2,2025-06-09 10:00:00,16,57,5458.62,33.4375,2.0
2,2025-06-09 11:00:00,20,59,4434.37,40.65,2.0
2,2025-06-09 12:00:00,24,74,7028.65,40.25,2.0
2,2025-06-09 13:00:00,22,62,4947.51,37.09090909090909,2.0
2,2025-06-09 14:00:00,22,67,6122.08,37.09090909090909,2.0
2,2025-06-09 15:00:00,17,49,4065.7,37.64705882352941,2.0
2,2025-06-09 16:00:00,28,93,8062.35,40.42857142857143,0.0
2,2025-06-09 17:00:00,23,70,6616.77,35.73913043478261,0.0
2,2025-06-09 18:00:00,15,51,4856.3,38.46666666666667,0.0
2,2025-06-09 19:00:00,23,68,5824.13,36.869565217391305,0.0
2,2025-06-09 20:00:00,15,40,4088.88,38.93333333333333,1.0
2,2025-06-09 21:00:00,22,62,5754.219999999999,36.40909090909091,1.0
2,2025-06-09 22:00:00,17,53,4650.97,35.0,1.0
2,2025-06-09 23:00:00,23,72,6607.73,42.34782608695652,1.0
2,2025-06-10 00:00:00,17,58,4733.92,38.94117647058823,1.0
2,2025-06-10 01:00:00,25,80,6270.6,33.4,1.0
2,2025-06-10 02:00:00,21,66,5573.83,34.333333333333336,1.0
2,2025-06-10 03:00:00,15,31,3172.1800000000003,34.53333333333333,1.0
2,2025-06-10 04:00:00,19,62,5482.21,37.31578947368421,1.0
2,2025-06-10 05:00:00,29,77,7145.51,36.689655172413794,1.0
2,2025-06-10 06:00:00,25,73,6720.0,37.04,1.0
2,2025-06-10 07:00:00,19,55,5731.77,34.26315789473684,0.0
2,2025-06-10 08:00:00,14,44,3783.36,37.714285714285715,0.0
2,2025-06-10 09:00:00,12,40,3587.89,41.583333333333336,0.0
2,2025-06-10 10:00:00,12,30,2396.47,37.416666666666664,2.0
2,2025-06-10 11:00:00,21,70,7399.8,31.761904761904763,2.0
2,2025-06-10 12:00:00,13,37,3828.57,35.76923076923077,2.0
2,2025-06-10 13:00:00,14,32,2922.06,35.142857142857146,2.0
2,2025-06-10 14:00:00,20,62,5204.58,34.95,2.0
2,2025-06-10 15:00:00,10,36,2882.74,40.3,2.0
2,2025-06-10 16:00:00,18,52,4113.33,38.22222222222222,0.0
2,2025-06-10 17:00:00,25,85,7634.58,37.2,0.0
2,2025-06-10 18:00:00,18,51,4083.93,34.22222222222222,0.0
2,2025-06-10 19:00:00,24,72,6601.33,37.958333333333336,0.0
2,2025-06-10 20:00:00,20,64,5436.89,35.7,1.0
2,2025-06-10 21:00:00,16,48,3681.15,39.1875,1.0
2,2025-06-10 22:00:00,18,52,4562.66,38.72222222222222,1.0
2,2025-06-10 23:00:00,19,60,6827.6,35.8421052631579,1.0
2,2025-06-11 00:00:00,15,47,4136.58,41.13333333333333,1.0
2,2025-06-11 01:00:00,21,47,3489.14,38.80952380952381,1.0
2,2025-06-11 02:00:00,29,91,7432.76,40.724137931034484,1.0
2,2025-06-11 03:00:00,13,43,3286.12,34.23076923076923,1.0
2,2025-06-11 04:00:00,16,54,4828.19,42.8125,1.0
2,2025-06-11 05:00:00,18,55,4442.570000000001,40.77777777777778,1.0
2,2025-06-11 06:00:00,20,51,4316.05,34.55,1.0
2,2025-06-11 07:00:00,20,47,4067.92,35.8,0.0
2,2025-06-11 08:00:00,20,62,5980.17,37.2,0.0
2,2025-06-11 09:00:00,20,64,4876.42,41.3,0.0
2,2025-06-11 10:00:00,25,80,6646.37,37.24,2.0
2,2025-06-11 11:00:00,19,58,4982.29,35.05263157894737,2.0
2,2025-06-11 12:00:00,21,63,4873.81,38.04761904761905,2.0
2,2025-06-11 13:00:00,18,42,3899.4,38.666666666666664,2.0
2,2025-06-11 14:00:00,20,58,4104.76,35.75,2.0
2,2025-06-11 15:00:00,21,66,5839.7699999999995,34.42857142857143,2.0
2,2025-06-11 16:00:00,20,51,4609.86,39.6,0.0
2,2025-06-11 17:00:00,16,40,4163.14,34.4375,0.0
2,2025-06-11 18:00:00,30,96,9341.51,37.96666666666667,0.0
2,2025-06-11 19:00:00,14,51,4502.51,37.92857142857143,0.0
2,2025-06-11 20:00:00,24,74,6914.16,38.083333333333336,1.0
2,2025-06-11 21:00:00,17,44,4066.54,39.529411764705884,1.0
2,2025-06-11 22:00:00,24,72,6530.97,39.625,1.0
2,2025-06-11 23:00:00,16,45,4712.33,35.8125,1.0
2,2025-06-12 00:00:00,23,73,7585.89,42.21739130434783,1.0
2,2025-06-12 01:00:00,19,58,5357.82,37.05263157894737,1.0
2,2025-06-12 02:00:00,21,61,4977.41,35.76190476190476,1.0
2,2025-06-12 03:00:00,22,71,5136.93,35.63636363636363,1.0
2,2025-06-12 04:00:00,20,55,5272.46,39.1,1.0
2,2025-06-12 05:00:00,29,91,9039.68,39.48275862068966,1.0
2,2025-06-12 06:00:00,19,58,4833.0,35.89473684210526,1.0
2,2025-06-12 07:00:00,23,68,5603.02,39.34782608695652,0.0
2,2025-06-12 08:00:00,16,48,3894.2000000000003,35.6875,0.0
2,2025-06-12 09:00:00,25,61,5097.51,37.8,0.0
2,2025-06-12 10:00:00,12,39,3723.85,37.833333333333336,2.0
2,2025-06-12 11:00:00,15,50,4532.86,38.333333333333336,2.0
2,2025-06-12 12:00:00,19,50,5333.86,37.1578947368421,2.0
2,2025-06-12 13:00:00,23,66,6180.41,38.26086956521739,2.0
2,2025-06-12 14:00:00,12,36,3630.9,34.583333333333336,2.0
2,2025-06-12 15:00:00,16,46,4510.9,40.125,2.0
2,2025-06-12 16:00:00,21,73,6512.68,37.80952380952381,0.0
2,2025-06-12 17:00:00,24,66,6250.13,35.041666666666664,0.0
2,2025-06-12 18:00:00,21,70,5854.67,41.23809523809524,0.0
2,2025-06-12 19:00:00,16,51,4754.95,34.125,0.0
2,2025-06-12 20:00:00,18,58,5987.13,38.0,1.0
2,2025-06-12 21:00:00,16,46,3991.57,41.8125,1.0
2,2025-06-12 22:00:00,23,73,7374.79,42.82608695652174,1.0
2,2025-06-12 23:00:00,22,63,6113.82,41.45454545454545,1.0
2,2025-06-13 00:00:00,20,64,5768.63,33.45,1.0
2,2025-06-13 01:00:00,17,51,4724.77,41.294117647058826,1.0
2,2025-06-13 02:00:00,17,52,4865.85,39.11764705882353,1.0
2,2025-06-13 03:00:00,11,39,3757.2599999999998,37.63636363636363,1.0
2,2025-06-13 04:00:00,21,64,6686.66,34.38095238095238,1.0
2,2025-06-13 05:00:00,23,69,6909.98,36.0,1.0
2,2025-06-13 06:00:00,22,69,6773.99,39.77272727272727,1.0
2,2025-06-13 07:00:00,23,76,6670.96,35.608695652173914,0.0
2,2025-06-13 08:00:00,25,81,8775.41,38.12,0.0
2,2025-06-13 09:00:00,21,62,6003.61,36.095238095238095,0.0
2,2025-06-13 10:00:00,15,46,4543.26,38.4,2.0
2,2025-06-13 11:00:00,18,52,4836.91,38.111111111111114,2.0
2,2025-06-13 12:00:00,17,52,4840.43,36.705882352941174,2.0
2,2025-06-13 13:00:00,33,96,8004.0,35.515151515151516,2.0
2,2025-06-13 14:00:00,17,56,5853.43,42.0,2.0
2,2025-06-13 15:00:00,25,72,6200.16,35.84,2.0
2,2025-06-13 16:00:00,22,71,6559.59,37.5,0.0
2,2025-06-13 17:00:00,16,39,3255.67,34.8125,0.0
2,2025-06-13 18:00:00,26,86,7632.56,33.23076923076923,0.0
2,2025-06-13 19:00:00,22,71,6413.719999999999,36.13636363636363,0.0
2,2025-06-13 20:00:00,15,35,4175.97,35.13333333333333,1.0
2,2025-06-13 21:00:00,21,78,7430.53,34.333333333333336,1.0
2,2025-06-13 22:00:00,19,59,4639.78,36.73684210526316,1.0
2,2025-06-13 23:00:00,16,53,3860.7799999999997,40.0,1.0
2,2025-06-14 00:00:00,24,72,6611.2,33.708333333333336,1.0
2,2025-06-14 01:00:00,19,59,5008.22,37.10526315789474,1.0
2,2025-06-14 02:00:00,22,77,7066.04,37.36363636363637,1.0
2,2025-06-14 03:00:00,18,57,5484.91,37.72222222222222,1.0
2,2025-06-14 04:00:00,16,56,5190.9,39.9375,1.0
2,2025-06-14 05:00:00,13,33,2542.29,37.46153846153846,1.0
2,2025-06-14 06:00:00,20,55,5920.46,36.7,1.0
2,2025-06-14 07:00:00,19,58,5604.51,36.94736842105263,0.0
2,2025-06-14 08:00:00,27,87,8754.73,37.407407407407405,0.0
2,2025-06-14 09:00:00,19,46,4270.64,36.31578947368421,0.0
2,2025-06-14 10:00:00,16,39,3597.38,37.0625,2.0
2,2025-06-14 11:00:00,27,82,7323.7,35.111111111111114,2.0
2,2025-06-14 12:00:00,18,52,5271.42,35.27777777777778,2.0
2,2025-06-14 13:00:00,13,38,3343.92,37.76923076923077,2.0
2,2025-06-14 14:00:00,23,61,5444.95,33.869565217391305,2.0
2,2025-06-14 15:00:00,19,48,3218.98,40.31578947368421,2.0
2,2025-06-14 16:00:00,15,48,5326.54,39.13333333333333,0.0
2,2025-06-14 17:00:00,21,68,5167.77,34.904761904761905,0.0
2,2025-06-14 18:00:00,24,77,6116.1,36.416666666666664,0.0
2,2025-06-14 19:00:00,30,83,8112.6,36.233333333333334,0.0
2,2025-06-14 20:00:00,29,88,6380.43,37.55172413793103,1.0
2,2025-06-14 21:00:00,18,53,5222.86,43.611111111111114,1.0
2,2025-06-14 22:00:00,19,56,5156.4,41.1578947368421,1.0
2,2025-06-14 23:00:00,21,57,4615.7699999999995,40.333333333333336,1.0
2,2025-06-15 00:00:00,22,61,5279.97,37.36363636363637,1.0
2,2025-06-15 01:00:00,21,70,6019.88,33.19047619047619,1.0
2,2025-06-15 02:00:00,24,79,6622.16,37.833333333333336,1.0
2,2025-06-15 03:00:00,20,61,5775.01,37.35,1.0
2,2025-06-15 04:00:00,14,44,4709.1,36.785714285714285,1.0
2,2025-06-15 05:00:00,16,52,4709.64,36.8125,1.0
2,2025-06-15 06:00:00,14,44,4318.77,35.214285714285715,1.0
2,2025-06-15 07:00:00,16,48,4413.13,38.9375,0.0
2,2025-06-15 08:00:00,19,46,5128.37,40.421052631578945,0.0
2,2025-06-15 09:00:00,25,72,6308.52,36.16,0.0
2,2025-06-15 10:00:00,20,62,5128.97,39.35,2.0
2,2025-06-15 11:00:00,19,60,5704.67,37.10526315789474,2.0
2,2025-06-15 12:00:00,19,57,5109.8,39.26315789473684,2.0
2,2025-06-15 13:00:00,25,70,6038.29,37.64,2.0
2,2025-06-15 14:00:00,14,47,4254.09,38.357142857142854,2.0
2,2025-06-15 15:00:00,18,47,4390.34,39.388888888888886,2.0
2,2025-06-15 16:00:00,18,51,4483.09,36.27777777777778,0.0
2,2025-06-15 17:00:00,14,31,2715.39,38.857142857142854,0.0
2,2025-06-15 18:00:00,16,41,3880.14,37.1875,0.0
2,2025-06-15 19:00:00,24,70,6199.08,36.958333333333336,0.0
2,2025-06-15 20:00:00,21,58,5241.12,36.61904761904762,1.0
2,2025-06-15 21:00:00,8,28,2191.81,33.25,1.0
2,2025-06-15 22:00:00,19,64,5515.2,43.78947368421053,1.0
2,2025-06-15 23:00:00,16,50,4661.08,38.0,1.0
2,2025-06-16 00:00:00,22,69,5707.29,32.95454545454545,1.0
2,2025-06-16 01:00:00,26,93,8001.91,35.84615384615385,1.0
2,2025-06-16 02:00:00,23,65,5599.89,39.78260869565217,1.0
2,2025-06-16 03:00:00,17,38,4089.49,39.11764705882353,1.0
2,2025-06-16 04:00:00,17,56,4928.89,38.8235294117647,1.0
2,2025-06-16 05:00:00,29,89,7839.74,40.06896551724138,1.0
2,2025-06-16 06:00:00,20,57,5440.21,35.65,1.0
2,2025-06-16 07:00:00,25,66,5847.87,37.36,0.0
2,2025-06-16 08:00:00,20,55,4947.21,38.85,0.0
2,2025-06-16 09:00:00,11,32,2262.49,40.45454545454545,0.0
3,2025-06-01 10:00:00,31,77,6001.15,37.516129032258064,2.0
3,2025-06-01 11:00:00,27,91,7779.59,38.55555555555556,2.0
3,2025-06-01 12:00:00,37,105,9236.47,39.32432432432432,2.0
3,2025-06-01 13:00:00,24,73,7165.3099999999995,37.166666666666664,2.0
3,2025-06-01 14:00:00,25,77,7284.18,39.76,2.0
3,2025-06-01 15:00:00,39,118,10865.539999999999,35.64102564102564,2.0
3,2025-06-01 16:00:00,39,116,11213.25,37.12820512820513,0.0
3,2025-06-01 17:00:00,37,107,9956.56,38.729729729729726,0.0
3,2025-06-01 18:00:00,28,86,7911.1900000000005,38.5,0.0
3,2025-06-01 19:00:00,49,152,14593.59,36.816326530612244,0.0
3,2025-06-01 20:00:00,36,125,11118.58,40.05555555555556,1.0
3,2025-06-01 21:00:00,40,122,10778.99,38.9,1.0
3,2025-06-01 22:00:00,25,78,7634.91,38.0,1.0
3,2025-06-01 23:00:00,34,102,9044.78,37.705882352941174,1.0
3,2025-06-02 00:00:00,39,119,11191.41,38.717948717948715,1.0
3,2025-06-02 01:00:00,30,89,8388.960000000001,38.5,1.0
3,2025-06-02 02:00:00,27,76,7218.96,35.81481481481482,1.0
3,2025-06-02 03:00:00,50,163,15092.57,39.18,1.0
3,2025-06-02 04:00:00,39,96,9448.05,35.53846153846154,1.0
3,2025-06-02 05:00:00,33,100,9356.99,38.36363636363637,1.0
3,2025-06-02 06:00:00,29,90,7696.16,35.275862068965516,1.0
3,2025-06-02 07:00:00,32,101,9554.85,39.28125,0.0
3,2025-06-02 08:00:00,36,122,10126.95,39.22222222222222,0.0
3,2025-06-02 09:00:00,38,115,10770.03,36.89473684210526,0.0
3,2025-06-02 10:00:00,37,106,8518.91,34.86486486486486,2.0
3,2025-06-02 11:00:00,26,80,7306.26,37.42307692307692,2.0
3,2025-06-02 12:00:00,26,86,7966.33,34.5,2.0
3,2025-06-02 13:00:00,23,66,6098.34,38.69565217391305,2.0
3,2025-06-02 14:00:00,37,113,10466.82,34.24324324324324,2.0
3,2025-06-02 15:00:00,35,107,10012.12,36.25714285714286,2.0
3,2025-06-02 16:00:00,30,86,7728.65,37.03333333333333,0.0
3,2025-06-02 17:00:00,28,87,7392.450000000001,40.92857142857143,0.0
3,2025-06-02 18:00:00,35,96,7416.9,38.22857142857143,0.0
3,2025-06-02 19:00:00,28,83,7485.91,37.92857142857143,0.0
3,2025-06-02 20:00:00,25,69,6486.15,37.24,1.0
3,2025-06-02 21:00:00,36,112,10108.84,36.55555555555556,1.0
3,2025-06-02 22:00:00,32,91,8155.6,36.96875,1.0
3,2025-06-02 23:00:00,34,101,10627.02,37.6764705882353,1.0
3,2025-06-03 00:00:00,35,116,9264.87,36.68571428571428,1.0
3,2025-06-03 01:00:00,38,107,8840.949999999999,38.421052631578945,1.0
3,2025-06-03 02:00:00,37,103,9309.56,35.5945945945946,1.0
3,2025-06-03 03:00:00,35,120,11385.83,40.0,1.0
3,2025-06-03 04:00:00,38,99,9450.74,36.31578947368421,1.0
3,2025-06-03 05:00:00,26,64,5432.9,39.69230769230769,1.0
3,2025-06-03 06:00:00,37,110,9289.39,37.891891891891895,1.0
3,2025-06-03 07:00:00,39,124,10775.05,37.256410256410255,0.0
3,2025-06-03 08:00:00,32,96,8329.74,38.21875,0.0
3,2025-06-03 09:00:00,34,108,9895.12,34.11764705882353,0.0
3,2025-06-03 10:00:00,35,105,9577.1,39.857142857142854,2.0
3,2025-06-03 11:00:00,30,90,7333.22,38.96666666666667,2.0
3,2025-06-03 12:00:00,26,72,5958.72,38.34615384615385,2.0
3,2025-06-03 13:00:00,26,68,5939.1,38.46153846153846,2.0
3,2025-06-03 14:00:00,29,98,8489.18,38.06896551724138,2.0
3,2025-06-03 15:00:00,32,104,7999.94,38.4375,2.0
3,2025-06-03 16:00:00,26,81,7456.69,37.26923076923077,0.0
3,2025-06-03 17:00:00,29,82,7631.09,36.41379310344828,0.0
3,2025-06-03 18:00:00,41,136,11167.75,36.53658536585366,0.0
3,2025-06-03 19:00:00,27,85,7145.35,38.48148148148148,0.0
3,2025-06-03 20:00:00,43,130,12614.43,37.16279069767442,1.0
3,2025-06-03 21:00:00,33,82,7420.12,39.303030303030305,1.0
3,2025-06-03 22:00:00,35,107,10485.22,37.97142857142857,1.0
3,2025-06-03 23:00:00,25,71,5832.91,37.68,1.0
3,2025-06-04 00:00:00,29,78,6927.9800000000005,35.310344827586206,1.0
3,2025-06-04 01:00:00,38,109,10372.44,36.6578947368421,1.0
3,2025-06-04 02:00:00,38,110,11515.51,38.63157894736842,1.0
3,2025-06-04 03:00:00,41,109,9932.64,37.292682926829265,1.0
3,2025-06-04 04:00:00,39,110,9334.16,35.92307692307692,1.0
3,2025-06-04 05:00:00,27,79,7251.13,39.370370370370374,1.0
3,2025-06-04 06:00:00,37,111,9558.22,34.486486486486484,1.0
3,2025-06-04 07:00:00,41,119,9864.53,38.02439024390244,0.0
3,2025-06-04 08:00:00,33,98,8188.55,35.18181818181818,0.0
3,2025-06-04 09:00:00,33,104,9390.05,38.333333333333336,0.0
3,2025-06-04 10:00:00,44,135,13109.12,40.93181818181818,2.0
3,2025-06-04 11:00:00,31,100,8853.66,33.483870967741936,2.0
3,2025-06-04 12:00:00,34,98,8417.65,36.794117647058826,2.0
3,2025-06-04 13:00:00,35,100,9599.93,37.25714285714286,2.0
3,2025-06-04 14:00:00,29,83,7387.7,35.758620689655174,2.0
3,2025-06-04 15:00:00,32,93,9420.99,37.71875,2.0
3,2025-06-04 16:00:00,24,75,6291.71,35.5,0.0
3,2025-06-04 17:00:00,32,101,9028.83,36.65625,0.0
3,2025-06-04 18:00:00,23,69,4834.64,39.0,0.0
3,2025-06-04 19:00:00,29,78,7879.63,36.310344827586206,0.0
3,2025-06-04 20:00:00,23,62,5863.65,40.52173913043478,1.0
3,2025-06-04 21:00:00,34,111,10600.91,35.529411764705884,1.0
3,2025-06-04 22:00:00,31,92,7636.650000000001,34.29032258064516,1.0
3,2025-06-04 23:00:00,29,76,6394.76,38.48275862068966,1.0
3,2025-06-05 00:00:00,29,84,6705.83,39.724137931034484,1.0
3,2025-06-05 01:00:00,27,81,8445.71,40.51851851851852,1.0
3,2025-06-05 02:00:00,47,148,14674.89,36.38297872340426,1.0
3,2025-06-05 03:00:00,38,136,11546.65,36.78947368421053,1.0
3,2025-06-05 04:00:00,28,70,5764.34,40.357142857142854,1.0
3,2025-06-05 05:00:00,38,100,8935.11,37.44736842105263,1.0
3,2025-06-05 06:00:00,33,110,8691.25,38.303030303030305,1.0
3,2025-06-05 07:00:00,42,134,12047.55,42.785714285714285,0.0
3,2025-06-05 08:00:00,34,115,8719.1,41.5,0.0
3,2025-06-05 09:00:00,25,74,7363.96,39.2,0.0
3,2025-06-05 10:00:00,45,131,12326.220000000001,39.86666666666667,2.0
3,2025-06-05 11:00:00,31,96,9986.11,36.354838709677416,2.0
3,2025-06-05 12:00:00,30,103,8329.06,37.333333333333336,2.0
3,2025-06-05 13:00:00,39,131,11540.0,34.02564102564103,2.0
3,2025-06-05 14:00:00,35,106,9577.52,39.628571428571426,2.0
3,2025-06-05 15:00:00,29,76,7227.849999999999,40.55172413793103,2.0
3,2025-06-05 16:00:00,27,72,6748.28,36.55555555555556,0.0
3,2025-06-05 17:00:00,34,110,9057.19,36.94117647058823,0.0
3,2025-06-05 18:00:00,35,91,8106.13,39.34285714285714,0.0
3,2025-06-05 19:00:00,36,96,8881.01,37.27777777777778,0.0
3,2025-06-05 20:00:00,28,88,7225.349999999999,37.5,1.0
3,2025-06-05 21:00:00,42,118,9882.63,38.73809523809524,1.0
3,2025-06-05 22:00:00,40,96,9186.75,37.325,1.0
3,2025-06-05 23:00:00,34,96,8781.96,36.35294117647059,1.0
3,2025-06-06 00:00:00,32,98,8115.650000000001,33.5625,1.0
3,2025-06-06 01:00:00,36,99,9140.25,35.94444444444444,1.0
3,2025-06-06 02:00:00,42,136,10957.05,38.285714285714285,1.0
3,2025-06-06 03:00:00,36,117,10386.01,38.416666666666664,1.0
3,2025-06-06 04:00:00,38,109,10474.58,35.18421052631579,1.0
3,2025-06-06 05:00:00,26,79,6399.63,41.0,1.0
3,2025-06-06 06:00:00,30,98,9959.27,38.9,1.0
3,2025-06-06 07:00:00,33,108,9848.890000000001,38.0,0.0
3,2025-06-06 08:00:00,29,98,9297.29,35.724137931034484,0.0
3,2025-06-06 09:00:00,38,134,11344.76,35.76315789473684,0.0
3,2025-06-06 10:00:00,41,123,9813.6,38.78048780487805,2.0
3,2025-06-06 11:00:00,42,134,11649.07,37.0,2.0
3,2025-06-06 12:00:00,38,131,12053.53,39.31578947368421,2.0
3,2025-06-06 13:00:00,33,111,10704.69,34.303030303030305,2.0
3,2025-06-06 14:00:00,28,95,7618.42,36.642857142857146,2.0
3,2025-06-06 15:00:00,40,128,10178.89,35.75,2.0
3,2025-06-06 16:00:00,27,91,7467.610000000001,37.111111111111114,0.0
3,2025-06-06 17:00:00,30,82,6726.4800000000005,40.2,0.0
3,2025-06-06 18:00:00,33,113,10436.28,37.81818181818182,0.0
3,2025-06-06 19:00:00,30,87,6537.99,35.53333333333333,0.0
3,2025-06-06 20:00:00,32,91,8523.3,37.53125,1.0
3,2025-06-06 21:00:00,36,102,8398.79,38.611111111111114,1.0
3,2025-06-06 22:00:00,41,117,10828.76,36.97560975609756,1.0
3,2025-06-06 23:00:00,35,107,9845.2,36.31428571428572,1.0
3,2025-06-07 00:00:00,34,98,8454.85,38.088235294117645,1.0
3,2025-06-07 01:00:00,41,126,12170.67,38.146341463414636,1.0
3,2025-06-07 02:00:00,43,133,11751.55,37.55813953488372,1.0
3,2025-06-07 03:00:00,34,100,9595.63,38.1764705882353,1.0
3,2025-06-07 04:00:00,30,91,7746.04,40.13333333333333,1.0
3,2025-06-07 05:00:00,32,93,9585.41,39.8125,1.0
3,2025-06-07 06:00:00,41,94,8567.28,39.26829268292683,1.0
3,2025-06-07 07:00:00,34,94,8558.2,36.5,0.0
3,2025-06-07 08:00:00,30,92,9427.51,37.333333333333336,0.0
3,2025-06-07 09:00:00,39,133,11535.69,37.94871794871795,0.0
3,2025-06-07 10:00:00,30,75,7529.29,36.13333333333333,2.0
3,2025-06-07 11:00:00,28,81,7585.85,38.17857142857143,2.0
3,2025-06-07 12:00:00,39,113,8802.83,36.53846153846154,2.0
3,2025-06-07 13:00:00,33,94,8058.33,36.878787878787875,2.0
3,2025-06-07 14:00:00,25,80,7424.82,40.6,2.0
3,2025-06-07 15:00:00,41,127,11402.869999999999,35.63414634146341,2.0
3,2025-06-07 16:00:00,25,65,5700.97,36.84,0.0
3,2025-06-07 17:00:00,36,112,10745.38,39.72222222222222,0.0
3,2025-06-07 18:00:00,33,100,9289.99,41.0,0.0
3,2025-06-07 19:00:00,35,112,10411.2,41.42857142857143,0.0
3,2025-06-07 20:00:00,26,72,7164.9800000000005,39.30769230769231,1.0
3,2025-06-07 21:00:00,27,80,7354.03,38.851851851851855,1.0
3,2025-06-07 22:00:00,35,109,9443.99,38.51428571428571,1.0
3,2025-06-07 23:00:00,44,127,11525.93,36.52272727272727,1.0
3,2025-06-08 00:00:00,38,101,8382.77,38.94736842105263,1.0
3,2025-06-08 01:00:00,27,78,6406.42,37.2962962962963,1.0
3,2025-06-08 02:00:00,22,62,5816.44,35.59090909090909,1.0
3,2025-06-08 03:00:00,36,107,10158.29,38.69444444444444,1.0
3,2025-06-08 04:00:00,42,137,13075.39,35.476190476190474,1.0
3,2025-06-08 05:00:00,29,78,7254.88,33.689655172413794,1.0
3,2025-06-08 06:00:00,42,132,11958.69,37.54761904761905,1.0
3,2025-06-08 07:00:00,30,90,8401.82,37.36666666666667,0.0
3,2025-06-08 08:00:00,38,112,9713.369999999999,39.13157894736842,0.0
3,2025-06-08 09:00:00,20,60,5540.85,40.05,0.0
3,2025-06-08 10:00:00,43,131,11735.91,38.372093023255815,2.0
3,2025-06-08 11:00:00,47,154,13233.39,38.59574468085106,2.0
3,2025-06-08 12:00:00,35,105,9972.77,37.51428571428571,2.0
3,2025-06-08 13:00:00,31,79,6967.71,37.32258064516129,2.0
3,2025-06-08 14:00:00,26,87,8461.87,37.88461538461539,2.0
3,2025-06-08 15:00:00,29,92,8140.450000000001,38.0,2.0
3,2025-06-08 16:00:00,22,50,3938.39,35.18181818181818,0.0
3,2025-06-08 17:00:00,31,103,10604.95,39.83870967741935,0.0
3,2025-06-08 18:00:00,36,95,8972.82,39.083333333333336,0.0
3,2025-06-08 19:00:00,30,100,8985.69,39.63333333333333,0.0
3,2025-06-08 20:00:00,27,79,6786.12,39.333333333333336,1.0
3,2025-06-08 21:00:00,33,97,8497.85,36.09090909090909,1.0
3,2025-06-08 22:00:00,35,107,10211.93,36.457142857142856,1.0
3,2025-06-08 23:00:00,36,103,9345.35,35.0,1.0
3,2025-06-09 00:00:00,31,100,8818.25,35.16129032258065,1.0
3,2025-06-09 01:00:00,32,92,8414.92,36.71875,1.0
3,2025-06-09 02:00:00,32,91,7888.61,34.875,1.0
3,2025-06-09 03:00:00,28,87,8851.94,40.0,1.0
3,2025-06-09 04:00:00,28,85,6699.18,35.892857142857146,1.0
3,2025-06-09 05:00:00,34,101,9775.65,36.0,1.0
3,2025-06-09 06:00:00,37,119,10996.79,38.45945945945946,1.0
3,2025-06-09 07:00:00,37,109,10859.0,36.648648648648646,0.0
3,2025-06-09 08:00:00,35,95,9000.02,36.628571428571426,0.0
3,2025-06-09 09:00:00,39,109,10316.42,35.56410256410256,0.0
3,2025-06-09 10:00:00,24,71,6086.47,36.875,2.0
3,2025-06-09 11:00:00,34,94,7541.34,38.205882352941174,2.0
3,2025-06-09 12:00:00,32,111,8361.91,36.6875,2.0
3,2025-06-09 13:00:00,28,89,8047.97,34.82142857142857,2.0
3,2025-06-09 14:00:00,33,102,9786.42,37.15151515151515,2.0
3,2025-06-09 15:00:00,41,116,9786.06,35.90243902439025,2.0
3,2025-06-09 16:00:00,42,127,11458.87,38.904761904761905,0.0
3,2025-06-09 17:00:00,29,93,9351.15,37.55172413793103,0.0
3,2025-06-09 18:00:00,36,118,11612.210000000001,37.19444444444444,0.0
3,2025-06-09 19:00:00,37,122,12140.76,36.054054054054056,0.0
3,2025-06-09 20:00:00,39,136,12970.58,36.69230769230769,1.0
3,2025-06-09 21:00:00,43,134,12248.17,37.674418604651166,1.0
3,2025-06-09 22:00:00,34,97,8793.07,37.73529411764706,1.0
3,2025-06-09 23:00:00,25,86,6857.55,37.88,1.0
3,2025-06-10 00:00:00,36,108,10207.22,31.72222222222222,1.0
3,2025-06-10 01:00:00,44,137,12758.26,38.40909090909091,1.0
3,2025-06-10 02:00:00,31,90,8353.72,39.45161290322581,1.0
3,2025-06-10 03:00:00,37,108,9176.17,36.4054054054054,1.0
3,2025-06-10 04:00:00,26,74,6883.45,37.42307692307692,1.0
3,2025-06-10 05:00:00,36,83,7529.09,36.72222222222222,1.0
3,2025-06-10 06:00:00,29,84,8878.04,36.41379310344828,1.0
3,2025-06-10 07:00:00,28,89,7942.51,40.464285714285715,0.0
3,2025-06-10 08:00:00,34,105,9568.53,35.529411764705884,0.0
3,2025-06-10 09:00:00,37,109,9706.95,34.891891891891895,0.0
3,2025-06-10 10:00:00,40,112,10306.23,39.3,2.0
3,2025-06-10 11:00:00,35,100,9736.02,40.8,2.0
3,2025-06-10 12:00:00,22,67,6786.18,33.5,2.0
3,2025-06-10 13:00:00,45,133,13005.15,37.06666666666667,2.0
3,2025-06-10 14:00:00,33,89,7976.23,36.24242424242424,2.0
3,2025-06-10 15:00:00,36,103,9850.06,40.77777777777778,2.0
3,2025-06-10 16:00:00,38,111,10449.76,36.973684210526315,0.0
3,2025-06-10 17:00:00,40,134,12936.32,38.15,0.0
3,2025-06-10 18:00:00,34,106,8985.11,38.0,0.0
3,2025-06-10 19:00:00,27,79,7503.95,37.851851851851855,0.0
3,2025-06-10 20:00:00,27,81,7890.5,38.2962962962963,1.0
3,2025-06-10 21:00:00,33,106,9373.130000000001,37.09090909090909,1.0
3,2025-06-10 22:00:00,35,103,9872.01,38.4,1.0
3,2025-06-10 23:00:00,35,97,8983.71,38.17142857142857,1.0
3,2025-06-11 00:00:00,41,126,10909.58,37.58536585365854,1.0
3,2025-06-11 01:00:00,37,93,9509.1,36.729729729729726,1.0
3,2025-06-11 02:00:00,46,122,11643.01,36.84782608695652,1.0
3,2025-06-11 03:00:00,27,79,7229.01,38.407407407407405,1.0
3,2025-06-11 04:00:00,37,108,10810.95,35.945945945945944,1.0
3,2025-06-11 05:00:00,30,100,7771.43,37.166666666666664,1.0
3,2025-06-11 06:00:00,32,97,9014.67,38.59375,1.0
3,2025-06-11 07:00:00,25,64,5192.61,40.76,0.0
3,2025-06-11 08:00:00,36,101,8637.29,38.25,0.0
3,2025-06-11 09:00:00,42,120,11177.35,39.45238095238095,0.0
3,2025-06-11 10:00:00,32,93,7398.42,33.75,2.0
3,2025-06-11 11:00:00,34,105,9594.52,38.64705882352941,2.0
3,2025-06-11 12:00:00,36,95,9118.970000000001,38.416666666666664,2.0
3,2025-06-11 13:00:00,37,116,9439.380000000001,36.108108108108105,2.0
3,2025-06-11 14:00:00,32,87,7807.16,36.5625,2.0
3,2025-06-11 15:00:00,28,76,6385.11,35.392857142857146,2.0
3,2025-06-11 16:00:00,27,88,7879.38,37.407407407407405,0.0
3,2025-06-11 17:00:00,36,90,8150.9,37.5,0.0
3,2025-06-11 18:00:00,37,112,9896.28,39.027027027027025,0.0
3,2025-06-11 19:00:00,30,92,8929.48,38.7,0.0
3,2025-06-11 20:00:00,34,102,10598.23,34.970588235294116,1.0
3,2025-06-11 21:00:00,25,80,7354.96,35.44,1.0
3,2025-06-11 22:00:00,32,100,9217.81,40.8125,1.0
3,2025-06-11 23:00:00,29,84,7573.13,38.724137931034484,1.0
3,2025-06-12 00:00:00,30,82,7558.12,33.666666666666664,1.0
3,2025-06-12 01:00:00,31,92,9472.68,33.096774193548384,1.0
3,2025-06-12 02:00:00,38,120,11876.26,38.39473684210526,1.0
3,2025-06-12 03:00:00,35,101,8659.84,37.51428571428571,1.0
3,2025-06-12 04:00:00,41,124,12061.15,37.5609756097561,1.0
3,2025-06-12 05:00:00,35,101,8116.53,36.457142857142856,1.0
3,2025-06-12 06:00:00,25,80,6738.110000000001,37.08,1.0
3,2025-06-12 07:00:00,28,81,7821.79,38.285714285714285,0.0
3,2025-06-12 08:00:00,33,108,9589.3,35.93939393939394,0.0
3,2025-06-12 09:00:00,31,90,8371.62,37.03225806451613,0.0
3,2025-06-12 10:00:00,29,100,9451.23,37.172413793103445,2.0
3,2025-06-12 11:00:00,25,63,5801.15,38.08,2.0
3,2025-06-12 12:00:00,41,115,9686.44,36.8780487804878,2.0
3,2025-06-12 13:00:00,39,135,12649.61,37.43589743589744,2.0
3,2025-06-12 14:00:00,37,100,8681.42,39.027027027027025,2.0
3,2025-06-12 15:00:00,48,142,13180.210000000001,37.125,2.0
3,2025-06-12 16:00:00,33,95,10028.52,38.72727272727273,0.0
3,2025-06-12 17:00:00,37,118,10049.23,33.972972972972975,0.0
3,2025-06-12 18:00:00,25,66,5947.32,36.84,0.0
3,2025-06-12 19:00:00,34,105,10228.4,37.294117647058826,0.0
3,2025-06-12 20:00:00,31,91,8098.860000000001,38.38709677419355,1.0
3,2025-06-12 21:00:00,30,85,7404.0199999999995,38.53333333333333,1.0
3,2025-06-12 22:00:00,30,89,8020.87,37.86666666666667,1.0
3,2025-06-12 23:00:00,29,87,7541.34,37.96551724137931,1.0
3,2025-06-13 00:00:00,32,106,9592.57,38.40625,1.0
3,2025-06-13 01:00:00,38,99,9886.8,35.73684210526316,1.0
3,2025-06-13 02:00:00,25,75,7222.9,36.08,1.0
3,2025-06-13 03:00:00,37,101,9056.77,37.891891891891895,1.0
3,2025-06-13 04:00:00,29,88,7661.51,34.55172413793103,1.0
3,2025-06-13 05:00:00,35,111,9154.08,37.51428571428571,1.0
3,2025-06-13 06:00:00,26,69,7523.1,38.07692307692308,1.0
3,2025-06-13 07:00:00,38,118,10975.26,40.578947368421055,0.0
3,2025-06-13 08:00:00,43,141,13109.46,36.13953488372093,0.0
3,2025-06-13 09:00:00,43,125,11963.41,37.604651162790695,0.0
3,2025-06-13 10:00:00,28,88,8330.63,34.285714285714285,2.0
3,2025-06-13 11:00:00,34,105,10667.42,36.1764705882353,2.0
3,2025-06-13 12:00:00,37,118,12161.86,39.83783783783784,2.0
3,2025-06-13 13:00:00,31,94,8514.72,36.38709677419355,2.0
3,2025-06-13 14:00:00,48,149,14710.94,34.416666666666664,2.0
3,2025-06-13 15:00:00,36,107,9921.7,36.388888888888886,2.0
3,2025-06-13 16:00:00,35,104,7962.93,38.02857142857143,0.0
3,2025-06-13 17:00:00,35,113,9810.15,38.114285714285714,0.0
3,2025-06-13 18:00:00,32,102,10546.34,38.1875,0.0
3,2025-06-13 19:00:00,31,90,7876.58,35.903225806451616,0.0
3,2025-06-13 20:00:00,34,108,9544.97,38.23529411764706,1.0
3,2025-06-13 21:00:00,35,98,7751.45,38.74285714285714,1.0
3,2025-06-13 22:00:00,32,96,8780.51,35.875,1.0
3,2025-06-13 23:00:00,38,93,8508.22,36.973684210526315,1.0
3,2025-06-14 00:00:00,42,115,10874.72,34.857142857142854,1.0
3,2025-06-14 01:00:00,30,89,8286.25,36.666666666666664,1.0
3,2025-06-14 02:00:00,32,80,7652.28,40.4375,1.0
3,2025-06-14 03:00:00,40,133,13465.65,38.5,1.0
3,2025-06-14 04:00:00,34,115,9359.42,37.794117647058826,1.0
3,2025-06-14 05:00:00,40,119,11408.24,35.0,1.0
3,2025-06-14 06:00:00,35,124,12012.25,37.02857142857143,1.0
3,2025-06-14 07:00:00,30,111,9525.22,36.233333333333334,0.0
3,2025-06-14 08:00:00,29,83,6691.63,36.758620689655174,0.0
3,2025-06-14 09:00:00,33,97,8549.31,35.75757575757576,0.0
3,2025-06-14 10:00:00,26,74,7455.0199999999995,38.57692307692308,2.0
3,2025-06-14 11:00:00,42,118,10191.14,35.642857142857146,2.0
3,2025-06-14 12:00:00,37,117,11648.81,38.13513513513514,2.0
3,2025-06-14 13:00:00,31,86,7158.57,37.87096774193548,2.0
3,2025-06-14 14:00:00,39,115,10221.16,38.94871794871795,2.0
3,2025-06-14 15:00:00,32,100,10546.59,38.4375,2.0
3,2025-06-14 16:00:00,29,92,8111.45,36.793103448275865,0.0
3,2025-06-14 17:00:00,32,103,9926.55,34.78125,0.0
3,2025-06-14 18:00:00,42,123,11892.13,37.92857142857143,0.0
3,2025-06-14 19:00:00,32,106,9426.09,33.9375,0.0
3,2025-06-14 20:00:00,30,99,9427.44,37.03333333333333,1.0
3,2025-06-14 21:00:00,27,84,7471.389999999999,39.48148148148148,1.0
3,2025-06-14 22:00:00,30,103,9930.57,36.233333333333334,1.0
3,2025-06-14 23:00:00,33,86,7194.97,40.878787878787875,1.0
3,2025-06-15 00:00:00,33,98,9572.99,36.878787878787875,1.0
3,2025-06-15 01:00:00,33,92,8923.1,36.121212121212125,1.0
3,2025-06-15 02:00:00,36,106,9062.66,37.861111111111114,1.0
3,2025-06-15 03:00:00,39,117,10570.28,37.69230769230769,1.0
3,2025-06-15 04:00:00,30,83,6958.21,35.96666666666667,1.0
3,2025-06-15 05:00:00,28,85,6918.66,36.07142857142857,1.0
3,2025-06-15 06:00:00,36,96,9086.43,36.69444444444444,1.0
3,2025-06-15 07:00:00,34,87,8051.76,36.44117647058823,0.0
3,2025-06-15 08:00:00,31,84,7555.67,40.903225806451616,0.0
3,2025-06-15 09:00:00,32,90,8902.27,42.5,0.0
3,2025-06-15 10:00:00,38,118,10140.94,37.8421052631579,2.0
3,2025-06-15 11:00:00,42,128,11167.49,37.19047619047619,2.0
3,2025-06-15 12:00:00,25,78,6594.62,35.72,2.0
3,2025-06-15 13:00:00,30,90,8702.97,38.53333333333333,2.0
3,2025-06-15 14:00:00,30,103,9720.44,40.1,2.0
3,2025-06-15 15:00:00,40,122,11658.19,37.9,2.0
3,2025-06-15 16:00:00,38,107,9809.08,36.39473684210526,0.0
3,2025-06-15 17:00:00,42,124,10380.76,36.785714285714285,0.0
3,2025-06-15 18:00:00,26,69,6974.36,36.03846153846154,0.0
3,2025-06-15 19:00:00,39,114,10099.51,34.94871794871795,0.0
3,2025-06-15 20:00:00,43,111,9599.78,37.74418604651163,1.0
3,2025-06-15 21:00:00,35,102,9271.28,33.68571428571428,1.0
3,2025-06-15 22:00:00,36,111,9317.5,39.638888888888886,1.0
3,2025-06-15 23:00:00,40,125,10462.42,38.625,1.0
3,2025-06-16 00:00:00,30,85,7802.12,36.666666666666664,1.0
3,2025-06-16 01:00:00,33,104,9881.24,38.15151515151515,1.0
3,2025-06-16 02:00:00,29,101,8933.47,33.206896551724135,1.0
3,2025-06-16 03:00:00,43,138,12453.56,38.906976744186046,1.0
3,2025-06-16 04:00:00,47,150,13595.380000000001,38.12765957446808,1.0
3,2025-06-16 05:00:00,23,70,5743.2,35.78260869565217,1.0
3,2025-06-16 06:00:00,29,82,7018.92,39.37931034482759,1.0
3,2025-06-16 07:00:00,32,90,8478.98,37.90625,0.0
3,2025-06-16 08:00:00,24,71,6161.68,37.208333333333336,0.0
3,2025-06-16 09:00:00,38,111,9857.09,39.18421052631579,0.0
4,2025-06-01 10:00:00,11,43,3585.6000000000004,40.18181818181818,2.0
4,2025-06-01 11:00:00,18,57,5383.79,39.833333333333336,2.0
4,2025-06-01 12:00:00,10,22,2707.74,41.2,2.0
4,2025-06-01 13:00:00,16,45,4622.07,39.0,2.0
4,2025-06-01 14:00:00,21,65,5587.37,36.714285714285715,2.0
4,2025-06-01 15:00:00,21,55,4894.74,34.95238095238095,2.0
4,2025-06-01 16:00:00,13,39,3054.56,36.69230769230769,0.0
4,2025-06-01 17:00:00,13,32,2300.21,34.15384615384615,0.0
4,2025-06-01 18:00:00,21,65,5665.31,39.523809523809526,0.0
4,2025-06-01 19:00:00,14,49,4986.81,37.142857142857146,0.0
4,2025-06-01 20:00:00,12,39,2853.12,40.25,1.0
4,2025-06-01 21:00:00,17,55,4522.76,40.470588235294116,1.0
4,2025-06-01 22:00:00,16,55,5151.54,36.5,1.0
4,2025-06-01 23:00:00,13,40,3938.01,36.30769230769231,1.0
4,2025-06-02 00:00:00,9,27,2316.06,36.0,1.0
4,2025-06-02 01:00:00,18,59,6061.55,35.72222222222222,1.0
4,2025-06-02 02:00:00,11,37,3295.2200000000003,34.90909090909091,1.0
4,2025-06-02 03:00:00,19,55,5621.03,38.421052631578945,1.0
4,2025-06-02 04:00:00,22,65,4751.06,39.18181818181818,1.0
4,2025-06-02 05:00:00,15,49,5283.92,37.46666666666667,1.0
4,2025-06-02 06:00:00,14,38,3677.4700000000003,38.357142857142854,1.0
4,2025-06-02 07:00:00,15,59,4856.92,32.93333333333333,0.0
4,2025-06-02 08:00:00,7,21,1706.49,35.42857142857143,0.0
4,2025-06-02 09:00:00,9,27,2277.34,40.0,0.0
4,2025-06-02 10:00:00,12,42,3803.2799999999997,35.583333333333336,2.0
4,2025-06-02 11:00:00,16,49,4398.22,39.5625,2.0
4,2025-06-02 12:00:00,20,59,6248.67,41.4,2.0
4,2025-06-02 13:00:00,17,43,4290.46,38.88235294117647,2.0
4,2025-06-02 14:00:00,16,46,3744.43,35.5625,2.0
4,2025-06-02 15:00:00,16,46,4278.95,33.4375,2.0
4,2025-06-02 16:00:00,19,60,4907.320000000001,39.1578947368421,0.0
4,2025-06-02 17:00:00,21,65,5067.89,40.61904761904762,0.0
4,2025-06-02 18:00:00,17,44,4470.25,37.0,0.0
4,2025-06-02 19:00:00,17,61,6043.85,39.11764705882353,0.0
4,2025-06-02 20:00:00,21,56,4915.72,37.95238095238095,1.0
4,2025-06-02 21:00:00,22,64,6150.54,36.31818181818182,1.0
4,2025-06-02 22:00:00,19,51,4472.7,39.68421052631579,1.0
4,2025-06-02 23:00:00,23,64,5015.3,36.52173913043478,1.0
4,2025-06-03 00:00:00,16,47,4373.25,41.0,1.0
4,2025-06-03 01:00:00,17,55,4639.8,39.88235294117647,1.0
4,2025-06-03 02:00:00,14,40,3931.2200000000003,41.785714285714285,1.0
4,2025-06-03 03:00:00,10,26,2646.35,35.8,1.0
4,2025-06-03 04:00:00,16,49,4539.13,38.375,1.0
4,2025-06-03 05:00:00,12,33,2340.12,39.166666666666664,1.0
4,2025-06-03 06:00:00,11,35,3148.69,34.63636363636363,1.0
4,2025-06-03 07:00:00,19,50,4303.76,39.473684210526315,0.0
4,2025-06-03 08:00:00,15,41,4364.61,38.53333333333333,0.0
4,2025-06-03 09:00:00,8,32,2845.21,36.125,0.0
4,2025-06-03 10:00:00,10,21,1442.76,36.5,2.0
4,2025-06-03 11:00:00,9,22,1672.92,41.55555555555556,2.0
4,2025-06-03 12:00:00,18,56,4809.099999999999,41.44444444444444,2.0
4,2025-06-03 13:00:00,17,54,5829.58,36.05882352941177,2.0
4,2025-06-03 14:00:00,14,37,2784.33,36.642857142857146,2.0
4,2025-06-03 15:00:00,18,65,5981.25,36.111111111111114,2.0
4,2025-06-03 16:00:00,16,46,4033.75,38.375,0.0
4,2025-06-03 17:00:00,22,70,6848.27,32.81818181818182,0.0
4,2025-06-03 18:00:00,21,54,4374.45,37.04761904761905,0.0
4,2025-06-03 19:00:00,12,38,2561.38,38.666666666666664,0.0
4,2025-06-03 20:00:00,17,45,4234.65,36.1764705882353,1.0
4,2025-06-03 21:00:00,12,39,3654.95,33.583333333333336,1.0
4,2025-06-03 22:00:00,18,55,4441.07,35.666666666666664,1.0
4,2025-06-03 23:00:00,11,37,3695.96,34.54545454545455,1.0
4,2025-06-04 00:00:00,12,29,2532.6,35.25,1.0
4,2025-06-04 01:00:00,14,41,3153.34,40.5,1.0
4,2025-06-04 02:00:00,23,62,5824.429999999999,36.17391304347826,1.0
4,2025-06-04 03:00:00,14,36,3647.06,38.5,1.0
4,2025-06-04 04:00:00,16,44,3421.66,33.875,1.0
4,2025-06-04 05:00:00,11,35,2847.19,41.72727272727273,1.0
4,2025-06-04 06:00:00,16,38,3813.46,40.3125,1.0
4,2025-06-04 07:00:00,18,61,5291.14,38.833333333333336,0.0
4,2025-06-04 08:00:00,15,44,4677.54,40.6,0.0
4,2025-06-04 09:00:00,13,43,3709.41,38.30769230769231,0.0
4,2025-06-04 10:00:00,9,24,2030.36,41.888888888888886,2.0
4,2025-06-04 11:00:00,20,60,5295.98,39.05,2.0
4,2025-06-04 12:00:00,17,44,4255.95,37.8235294117647,2.0
4,2025-06-04 13:00:00,14,34,3043.9,33.07142857142857,2.0
4,2025-06-04 14:00:00,12,35,3215.68,38.5,2.0
4,2025-06-04 15:00:00,14,39,3075.52,39.0,2.0
4,2025-06-04 16:00:00,22,64,5008.8,35.68181818181818,0.0
4,2025-06-04 17:00:00,11,29,2513.21,33.45454545454545,0.0
4,2025-06-04 18:00:00,15,48,4214.64,39.6,0.0
4,2025-06-04 19:00:00,16,54,5004.52,35.6875,0.0
4,2025-06-04 20:00:00,9,25,2453.17,33.111111111111114,1.0
4,2025-06-04 21:00:00,13,27,2182.5699999999997,39.07692307692308,1.0
4,2025-06-04 22:00:00,13,30,2832.0099999999998,43.30769230769231,1.0
4,2025-06-04 23:00:00,11,40,3729.03,40.72727272727273,1.0
4,2025-06-05 00:00:00,22,65,4748.3,43.90909090909091,1.0
4,2025-06-05 01:00:00,7,18,1714.46,39.857142857142854,1.0
4,2025-06-05 02:00:00,12,39,3893.67,36.666666666666664,1.0
4,2025-06-05 03:00:00,12,38,3267.7400000000002,39.25,1.0
4,2025-06-05 04:00:00,12,30,2513.9900000000002,35.0,1.0
4,2025-06-05 05:00:00,17,43,4568.64,37.1764705882353,1.0
4,2025-06-05 06:00:00,19,50,4181.03,35.8421052631579,1.0
4,2025-06-05 07:00:00,17,49,4364.79,38.76470588235294,0.0
4,2025-06-05 08:00:00,14,49,4630.97,34.285714285714285,0.0
4,2025-06-05 09:00:00,15,41,4300.93,35.0,0.0
4,2025-06-05 10:00:00,14,46,3894.9,40.714285714285715,2.0
4,2025-06-05 11:00:00,14,40,3729.9700000000003,36.714285714285715,2.0
4,2025-06-05 12:00:00,12,42,3319.39,36.416666666666664,2.0
4,2025-06-05 13:00:00,11,36,3499.8500000000004,44.81818181818182,2.0
4,2025-06-05 14:00:00,26,83,7711.15,40.30769230769231,2.0
4,2025-06-05 15:00:00,27,79,7839.34,37.48148148148148,2.0
4,2025-06-05 16:00:00,10,25,2139.23,39.4,0.0
4,2025-06-05 17:00:00,10,25,2207.63,42.2,0.0
4,2025-06-05 18:00:00,17,51,4848.0,32.8235294117647,0.0
4,2025-06-05 19:00:00,8,27,2451.87,32.5,0.0
4,2025-06-05 20:00:00,14,43,3182.84,39.0,1.0
4,2025-06-05 21:00:00,15,47,4630.150000000001,37.86666666666667,1.0
4,2025-06-05 22:00:00,22,65,5508.56,39.13636363636363,1.0
4,2025-06-05 23:00:00,15,39,3501.39,38.86666666666667,1.0
4,2025-06-06 00:00:00,21,70,6890.17,36.095238095238095,1.0
4,2025-06-06 01:00:00,14,36,3041.58,38.857142857142854,1.0
4,2025-06-06 02:00:00,11,31,2915.49,37.54545454545455,1.0
4,2025-06-06 03:00:00,15,41,3884.84,38.93333333333333,1.0
4,2025-06-06 04:00:00,21,69,5739.67,35.04761904761905,1.0
4,2025-06-06 05:00:00,13,36,2963.08,35.76923076923077,1.0
4,2025-06-06 06:00:00,9,27,1541.0700000000002,34.44444444444444,1.0
4,2025-06-06 07:00:00,13,46,4459.71,35.76923076923077,0.0
4,2025-06-06 08:00:00,12,30,2821.88,33.25,0.0
4,2025-06-06 09:00:00,17,65,6519.16,32.8235294117647,0.0
4,2025-06-06 10:00:00,17,56,5026.08,37.1764705882353,2.0
4,2025-06-06 11:00:00,21,64,5928.04,39.857142857142854,2.0
4,2025-06-06 12:00:00,17,47,3371.56,39.588235294117645,2.0
4,2025-06-06 13:00:00,10,30,2758.62,39.0,2.0
4,2025-06-06 14:00:00,21,67,6205.93,35.285714285714285,2.0
4,2025-06-06 15:00:00,12,35,2415.7200000000003,40.25,2.0
4,2025-06-06 16:00:00,16,45,3960.4900000000002,32.375,0.0
4,2025-06-06 17:00:00,12,42,3372.69,40.0,0.0
4,2025-06-06 18:00:00,18,53,4310.71,37.111111111111114,0.0
4,2025-06-06 19:00:00,17,39,3603.16,44.411764705882355,0.0
4,2025-06-06 20:00:00,23,73,5898.87,39.73913043478261,1.0
4,2025-06-06 21:00:00,7,23,2415.6,46.857142857142854,1.0
4,2025-06-06 22:00:00,10,23,2087.8900000000003,40.1,1.0
4,2025-06-06 23:00:00,11,29,2176.58,41.09090909090909,1.0
4,2025-06-07 00:00:00,18,66,5954.849999999999,35.5,1.0
4,2025-06-07 01:00:00,15,42,3392.79,34.93333333333333,1.0
4,2025-06-07 02:00:00,17,51,4567.02,38.23529411764706,1.0
4,2025-06-07 03:00:00,12,34,3333.94,38.666666666666664,1.0
4,2025-06-07 04:00:00,16,51,4039.1800000000003,40.25,1.0
4,2025-06-07 05:00:00,21,62,5149.07,38.285714285714285,1.0
4,2025-06-07 06:00:00,14,46,3655.7200000000003,38.142857142857146,1.0
4,2025-06-07 07:00:00,21,67,5695.95,37.857142857142854,0.0
4,2025-06-07 08:00:00,17,46,3318.3,38.411764705882355,0.0
4,2025-06-07 09:00:00,16,46,3977.83,36.4375,0.0
4,2025-06-07 10:00:00,14,37,4012.92,38.07142857142857,2.0
4,2025-06-07 11:00:00,22,66,5738.61,38.90909090909091,2.0
4,2025-06-07 12:00:00,15,43,3511.96,32.666666666666664,2.0
4,2025-06-07 13:00:00,17,57,5615.7699999999995,41.05882352941177,2.0
4,2025-06-07 14:00:00,12,44,3524.5,39.333333333333336,2.0
4,2025-06-07 15:00:00,16,40,3425.03,35.3125,2.0
4,2025-06-07 16:00:00,13,46,4497.19,43.0,0.0
4,2025-06-07 17:00:00,13,36,2826.4900000000002,40.30769230769231,0.0
4,2025-06-07 18:00:00,10,32,3150.59,34.6,0.0
4,2025-06-07 19:00:00,13,40,2910.9,37.0,0.0
4,2025-06-07 20:00:00,13,32,2702.56,33.69230769230769,1.0
4,2025-06-07 21:00:00,15,47,4602.97,38.8,1.0
4,2025-06-07 22:00:00,14,41,3411.59,33.57142857142857,1.0
4,2025-06-07 23:00:00,18,57,4618.89,39.666666666666664,1.0
4,2025-06-08 00:00:00,25,65,6184.4,37.44,1.0
4,2025-06-08 01:00:00,9,26,2680.61,39.0,1.0
4,2025-06-08 02:00:00,18,61,5035.3,40.166666666666664,1.0
4,2025-06-08 03:00:00,24,74,6714.32,41.041666666666664,1.0
4,2025-06-08 04:00:00,10,35,2684.69,35.7,1.0
4,2025-06-08 05:00:00,13,27,2513.1099999999997,35.92307692307692,1.0
4,2025-06-08 06:00:00,23,53,4836.77,39.34782608695652,1.0
4,2025-06-08 07:00:00,15,52,4904.89,41.13333333333333,0.0
4,2025-06-08 08:00:00,15,40,3109.52,37.8,0.0
4,2025-06-08 09:00:00,9,24,2043.28,39.333333333333336,0.0
4,2025-06-08 10:00:00,13,50,4323.02,34.0,2.0
4,2025-06-08 11:00:00,13,45,4184.16,37.30769230769231,2.0
4,2025-06-08 12:00:00,13,48,5103.69,37.15384615384615,2.0
4,2025-06-08 13:00:00,12,39,3945.31,36.416666666666664,2.0
4,2025-06-08 14:00:00,15,37,3159.94,40.8,2.0
4,2025-06-08 15:00:00,17,59,4762.08,36.23529411764706,2.0
4,2025-06-08 16:00:00,20,54,4073.54,39.55,0.0
4,2025-06-08 17:00:00,14,45,3748.21,39.357142857142854,0.0
4,2025-06-08 18:00:00,16,51,4772.33,36.125,0.0
4,2025-06-08 19:00:00,17,46,4243.68,37.8235294117647,0.0
4,2025-06-08 20:00:00,10,27,2512.25,39.7,1.0
4,2025-06-08 21:00:00,10,31,2607.37,37.5,1.0
4,2025-06-08 22:00:00,12,31,2812.2400000000002,30.25,1.0
4,2025-06-08 23:00:00,12,35,2568.36,35.75,1.0
4,2025-06-09 00:00:00,14,44,3586.25,38.07142857142857,1.0
4,2025-06-09 01:00:00,16,42,4392.93,35.625,1.0
4,2025-06-09 02:00:00,18,59,5305.3,39.27777777777778,1.0
4,2025-06-09 03:00:00,18,55,5185.69,36.666666666666664,1.0
4,2025-06-09 04:00:00,13,30,2795.68,41.15384615384615,1.0
4,2025-06-09 05:00:00,11,27,2376.46,41.81818181818182,1.0
4,2025-06-09 06:00:00,20,65,6003.41,35.85,1.0
4,2025-06-09 07:00:00,17,48,3949.59,38.0,0.0
4,2025-06-09 08:00:00,16,37,2764.31,35.9375,0.0
4,2025-06-09 09:00:00,11,33,2869.0,31.90909090909091,0.0
4,2025-06-09 10:00:00,16,47,4532.67,39.1875,2.0
4,2025-06-09 11:00:00,18,62,5181.96,35.888888888888886,2.0
4,2025-06-09 12:00:00,21,75,5911.18,36.333333333333336,2.0
4,2025-06-09 13:00:00,25,73,5662.110000000001,33.68,2.0
4,2025-06-09 14:00:00,16,46,4754.83,39.1875,2.0
4,2025-06-09 15:00:00,15,50,3589.7999999999997,40.93333333333333,2.0
4,2025-06-09 16:00:00,17,40,4100.28,35.94117647058823,0.0
4,2025-06-09 17:00:00,12,36,2768.8,40.25,0.0
4,2025-06-09 18:00:00,17,49,4420.93,37.0,0.0
4,2025-06-09 19:00:00,21,58,5021.06,37.23809523809524,0.0
4,2025-06-09 20:00:00,9,30,2754.32,34.888888888888886,1.0
4,2025-06-09 21:00:00,8,21,2307.5,37.875,1.0
4,2025-06-09 22:00:00,15,42,3503.2,35.46666666666667,1.0
4,2025-06-09 23:00:00,14,47,4166.6900000000005,38.642857142857146,1.0
4,2025-06-10 00:00:00,10,31,2697.04,41.5,1.0
4,2025-06-10 01:00:00,10,35,3687.32,39.0,1.0
4,2025-06-10 02:00:00,17,61,5376.8,38.8235294117647,1.0
4,2025-06-10 03:00:00,9,35,2325.66,35.333333333333336,1.0
4,2025-06-10 04:00:00,13,29,2281.36,34.76923076923077,1.0
4,2025-06-10 05:00:00,10,31,2386.62,35.1,1.0
4,2025-06-10 06:00:00,11,39,2847.48,43.27272727272727,1.0
4,2025-06-10 07:00:00,14,47,5269.24,38.07142857142857,0.0
4,2025-06-10 08:00:00,17,54,5326.76,38.76470588235294,0.0
4,2025-06-10 09:00:00,11,36,3475.65,36.27272727272727,0.0
4,2025-06-10 10:00:00,18,47,4264.92,37.5,2.0
4,2025-06-10 11:00:00,10,28,2817.26,41.2,2.0
4,2025-06-10 12:00:00,18,57,5393.01,39.77777777777778,2.0
4,2025-06-10 13:00:00,20,55,5489.51,40.1,2.0
4,2025-06-10 14:00:00,16,35,3631.98,38.25,2.0
4,2025-06-10 15:00:00,19,63,5030.8,34.05263157894737,2.0
4,2025-06-10 16:00:00,22,66,5539.8099999999995,37.54545454545455,0.0
4,2025-06-10 17:00:00,15,45,3406.42,40.86666666666667,0.0
4,2025-06-10 18:00:00,18,53,3643.26,35.888888888888886,0.0
4,2025-06-10 19:00:00,17,46,4323.33,35.23529411764706,0.0
4,2025-06-10 20:00:00,12,41,3270.84,38.166666666666664,1.0
4,2025-06-10 21:00:00,8,22,2320.19,38.625,1.0
4,2025-06-10 22:00:00,15,46,3605.69,35.733333333333334,1.0
4,2025-06-10 23:00:00,14,44,3924.91,41.714285714285715,1.0
4,2025-06-11 00:00:00,19,66,5123.28,37.94736842105263,1.0
4,2025-06-11 01:00:00,12,30,3443.19,35.0,1.0
4,2025-06-11 02:00:00,14,44,4080.82,38.42857142857143,1.0
4,2025-06-11 03:00:00,19,58,5769.45,36.78947368421053,1.0
4,2025-06-11 04:00:00,19,66,5239.1,37.473684210526315,1.0
4,2025-06-11 05:00:00,19,50,4107.64,39.421052631578945,1.0
4,2025-06-11 06:00:00,12,45,4454.3,36.333333333333336,1.0
4,2025-06-11 07:00:00,19,52,4279.97,39.21052631578947,0.0
4,2025-06-11 08:00:00,11,27,2872.65,32.09090909090909,0.0
4,2025-06-11 09:00:00,18,56,5331.82,36.666666666666664,0.0
4,2025-06-11 10:00:00,21,61,6040.45,38.476190476190474,2.0
4,2025-06-11 11:00:00,11,37,3445.46,35.45454545454545,2.0
4,2025-06-11 12:00:00,21,61,5806.63,36.476190476190474,2.0
4,2025-06-11 13:00:00,18,58,5389.14,40.611111111111114,2.0
4,2025-06-11 14:00:00,10,27,1978.7900000000002,38.7,2.0
4,2025-06-11 15:00:00,19,57,5822.0,37.31578947368421,2.0
4,2025-06-11 16:00:00,16,46,3728.7200000000003,43.625,0.0
4,2025-06-11 17:00:00,17,52,4475.11,37.411764705882355,0.0
4,2025-06-11 18:00:00,16,49,4057.4700000000003,38.125,0.0
4,2025-06-11 19:00:00,12,35,3100.97,36.75,0.0
4,2025-06-11 20:00:00,18,43,3574.79,34.666666666666664,1.0
4,2025-06-11 21:00:00,16,46,3672.06,35.25,1.0
4,2025-06-11 22:00:00,11,30,2977.08,40.54545454545455,1.0
4,2025-06-11 23:00:00,19,67,5223.11,37.421052631578945,1.0
4,2025-06-12 00:00:00,7,26,1633.15,42.714285714285715,1.0
4,2025-06-12 01:00:00,11,27,3217.41,29.727272727272727,1.0
4,2025-06-12 02:00:00,12,48,4814.73,38.666666666666664,1.0
4,2025-06-12 03:00:00,17,49,5185.5,34.76470588235294,1.0
4,2025-06-12 04:00:00,15,45,3652.35,38.6,1.0
4,2025-06-12 05:00:00,17,53,5280.42,38.64705882352941,1.0
4,2025-06-12 06:00:00,11,27,3041.22,39.90909090909091,1.0
4,2025-06-12 07:00:00,18,47,4926.45,41.666666666666664,0.0
4,2025-06-12 08:00:00,13,32,3285.34,35.69230769230769,0.0
4,2025-06-12 09:00:00,16,46,4397.07,35.5,0.0
4,2025-06-12 10:00:00,17,53,5092.5,35.05882352941177,2.0
4,2025-06-12 11:00:00,12,32,3118.19,34.916666666666664,2.0
4,2025-06-12 12:00:00,14,39,3191.41,37.642857142857146,2.0
4,2025-06-12 13:00:00,11,31,2438.59,39.09090909090909,2.0
4,2025-06-12 14:00:00,16,51,3888.3199999999997,33.0,2.0
4,2025-06-12 15:00:00,16,51,4689.86,42.5625,2.0
4,2025-06-12 16:00:00,20,56,4553.85,36.35,0.0
4,2025-06-12 17:00:00,19,55,5056.63,39.21052631578947,0.0
4,2025-06-12 18:00:00,18,53,5025.860000000001,37.94444444444444,0.0
4,2025-06-12 19:00:00,14,35,3611.48,41.42857142857143,0.0
4,2025-06-12 20:00:00,12,35,3369.99,39.583333333333336,1.0
4,2025-06-12 21:00:00,25,67,6364.36,38.28,1.0
4,2025-06-12 22:00:00,10,26,1569.24,36.5,1.0
4,2025-06-12 23:00:00,15,38,3525.36,41.93333333333333,1.0
4,2025-06-13 00:00:00,18,54,4262.81,31.77777777777778,1.0
4,2025-06-13 01:00:00,12,42,4030.8999999999996,39.25,1.0
4,2025-06-13 02:00:00,13,43,3442.32,40.92307692307692,1.0
4,2025-06-13 03:00:00,20,67,6811.99,38.8,1.0
4,2025-06-13 04:00:00,15,44,4302.07,37.333333333333336,1.0
4,2025-06-13 05:00:00,18,50,3660.26,39.05555555555556,1.0
4,2025-06-13 06:00:00,17,38,3758.81,39.23529411764706,1.0
4,2025-06-13 07:00:00,10,31,2880.58,35.2,0.0
4,2025-06-13 08:00:00,15,44,3369.5099999999998,33.46666666666667,0.0
4,2025-06-13 09:00:00,17,51,5351.53,40.8235294117647,0.0
4,2025-06-13 10:00:00,19,66,6349.0,37.0,2.0
4,2025-06-13 11:00:00,11,33,2401.0,36.63636363636363,2.0
4,2025-06-13 12:00:00,25,80,6664.01,40.32,2.0
4,2025-06-13 13:00:00,12,44,3847.26,37.083333333333336,2.0
4,2025-06-13 14:00:00,16,52,5334.6,35.4375,2.0
4,2025-06-13 15:00:00,13,43,3636.72,32.38461538461539,2.0
4,2025-06-13 16:00:00,13,41,3328.9,33.46153846153846,0.0
4,2025-06-13 17:00:00,15,40,3209.95,35.53333333333333,0.0
4,2025-06-13 18:00:00,12,36,3670.63,40.833333333333336,0.0
4,2025-06-13 19:00:00,14,32,3216.06,39.0,0.0
4,2025-06-13 20:00:00,16,46,3051.85,41.125,1.0
4,2025-06-13 21:00:00,18,45,3776.86,44.5,1.0
4,2025-06-13 22:00:00,18,56,4891.860000000001,39.72222222222222,1.0
4,2025-06-13 23:00:00,15,46,3857.94,36.266666666666666,1.0
4,2025-06-14 00:00:00,11,37,3403.31,37.54545454545455,1.0
4,2025-06-14 01:00:00,8,19,1457.64,34.0,1.0
4,2025-06-14 02:00:00,18,50,4228.76,36.666666666666664,1.0
4,2025-06-14 03:00:00,17,55,5185.12,40.05882352941177,1.0
4,2025-06-14 04:00:00,16,40,3725.28,34.0,1.0
4,2025-06-14 05:00:00,13,33,3141.4900000000002,37.76923076923077,1.0
4,2025-06-14 06:00:00,15,48,5222.45,38.8,1.0
4,2025-06-14 07:00:00,11,32,3330.92,37.18181818181818,0.0
4,2025-06-14 08:00:00,23,68,6185.55,36.65217391304348,0.0
4,2025-06-14 09:00:00,20,55,3695.6800000000003,35.9,0.0
4,2025-06-14 10:00:00,21,64,5997.03,38.142857142857146,2.0
4,2025-06-14 11:00:00,25,75,7257.78,40.16,2.0
4,2025-06-14 12:00:00,18,47,4568.2,40.388888888888886,2.0
4,2025-06-14 13:00:00,7,25,3016.6499999999996,37.0,2.0
4,2025-06-14 14:00:00,19,62,5733.8,38.68421052631579,2.0
4,2025-06-14 15:00:00,15,39,2820.58,39.53333333333333,2.0
4,2025-06-14 16:00:00,20,52,3638.64,36.65,0.0
4,2025-06-14 17:00:00,15,48,4395.59,39.06666666666667,0.0
4,2025-06-14 18:00:00,8,26,2841.36,38.5,0.0
4,2025-06-14 19:00:00,18,64,5731.0599999999995,35.05555555555556,0.0
4,2025-06-14 20:00:00,18,58,4669.5,38.27777777777778,1.0
4,2025-06-14 21:00:00,7,27,2195.07,35.0,1.0
4,2025-06-14 22:00:00,18,53,4931.98,41.111111111111114,1.0
4,2025-06-14 23:00:00,29,75,7299.05,39.275862068965516,1.0
4,2025-06-15 00:00:00,15,51,4353.28,37.0,1.0
4,2025-06-15 01:00:00,20,45,3273.38,41.1,1.0
4,2025-06-15 02:00:00,15,42,3981.7,37.4,1.0
4,2025-06-15 03:00:00,20,65,5507.59,35.15,1.0
4,2025-06-15 04:00:00,14,45,3047.62,34.285714285714285,1.0
4,2025-06-15 05:00:00,16,47,4692.08,41.375,1.0
4,2025-06-15 06:00:00,12,37,2829.03,44.166666666666664,1.0
4,2025-06-15 07:00:00,21,60,4883.83,38.76190476190476,0.0
4,2025-06-15 08:00:00,11,34,3335.48,39.63636363636363,0.0
4,2025-06-15 09:00:00,18,62,5627.17,39.5,0.0
4,2025-06-15 10:00:00,16,47,4856.05,40.3125,2.0
4,2025-06-15 11:00:00,16,43,3903.24,36.25,2.0
4,2025-06-15 12:00:00,19,57,4914.59,36.68421052631579,2.0
4,2025-06-15 13:00:00,12,37,3230.35,37.583333333333336,2.0
4,2025-06-15 14:00:00,15,52,5408.32,39.0,2.0
4,2025-06-15 15:00:00,15,52,4746.62,39.93333333333333,2.0
4,2025-06-15 16:00:00,22,64,5510.25,34.36363636363637,0.0
4,2025-06-15 17:00:00,18,55,4929.99,32.27777777777778,0.0
4,2025-06-15 18:00:00,13,44,4087.64,34.38461538461539,0.0
4,2025-06-15 19:00:00,23,63,6296.07,38.56521739130435,0.0
4,2025-06-15 20:00:00,5,11,1108.68,38.0,1.0
4,2025-06-15 21:00:00,21,65,6441.65,39.714285714285715,1.0
4,2025-06-15 22:00:00,18,52,4879.09,39.55555555555556,1.0
4,2025-06-15 23:00:00,12,35,2854.03,37.583333333333336,1.0
4,2025-06-16 00:00:00,16,50,4745.86,33.4375,1.0
4,2025-06-16 01:00:00,22,66,5235.22,42.09090909090909,1.0
4,2025-06-16 02:00:00,23,73,7777.38,35.95652173913044,1.0
4,2025-06-16 03:00:00,19,57,5758.75,38.94736842105263,1.0
4,2025-06-16 04:00:00,14,38,3601.06,38.214285714285715,1.0
4,2025-06-16 05:00:00,13,40,3972.2200000000003,37.38461538461539,1.0
4,2025-06-16 06:00:00,12,33,2632.95,41.583333333333336,1.0
4,2025-06-16 07:00:00,15,36,2604.9,41.0,0.0
4,2025-06-16 08:00:00,13,38,3672.57,40.69230769230769,0.0
4,2025-06-16 09:00:00,20,53,4349.69,36.95,0.0
5,2025-06-01 10:00:00,32,91,8192.0,37.78125,2.0
5,2025-06-01 11:00:00,25,90,8168.56,36.04,2.0
5,2025-06-01 12:00:00,34,89,8132.84,36.61764705882353,2.0
5,2025-06-01 13:00:00,29,73,6138.71,38.172413793103445,2.0
5,2025-06-01 14:00:00,39,120,10322.51,36.94871794871795,2.0
5,2025-06-01 15:00:00,30,80,7132.82,37.53333333333333,2.0
5,2025-06-01 16:00:00,25,77,6459.41,38.2,0.0
5,2025-06-01 17:00:00,41,130,12383.51,39.65853658536585,0.0
5,2025-06-01 18:00:00,27,94,9596.16,37.370370370370374,0.0
5,2025-06-01 19:00:00,34,96,9227.94,40.411764705882355,0.0
5,2025-06-01 20:00:00,21,62,5921.42,35.61904761904762,1.0
5,2025-06-01 21:00:00,45,131,10955.72,39.22222222222222,1.0
5,2025-06-01 22:00:00,34,113,10258.46,38.911764705882355,1.0
5,2025-06-01 23:00:00,35,110,9653.57,36.74285714285714,1.0
5,2025-06-02 00:00:00,28,76,6597.91,35.214285714285715,1.0
5,2025-06-02 01:00:00,28,78,6838.24,43.642857142857146,1.0
5,2025-06-02 02:00:00,36,95,9131.25,38.166666666666664,1.0
5,2025-06-02 03:00:00,36,104,9682.96,36.638888888888886,1.0
5,2025-06-02 04:00:00,26,80,5470.58,37.88461538461539,1.0
5,2025-06-02 05:00:00,34,104,10421.55,38.6764705882353,1.0
5,2025-06-02 06:00:00,37,99,8539.3,38.91891891891892,1.0
5,2025-06-02 07:00:00,29,87,8879.5,35.310344827586206,0.0
5,2025-06-02 08:00:00,38,109,9688.98,38.3421052631579,0.0
5,2025-06-02 09:00:00,21,62,6205.59,35.904761904761905,0.0
5,2025-06-02 10:00:00,32,94,8810.89,35.78125,2.0
5,2025-06-02 11:00:00,41,139,11488.99,37.51219512195122,2.0
5,2025-06-02 12:00:00,35,100,8381.07,35.48571428571429,2.0
5,2025-06-02 13:00:00,31,97,8791.58,36.58064516129032,2.0
5,2025-06-02 14:00:00,36,114,9257.42,38.361111111111114,2.0
5,2025-06-02 15:00:00,26,72,6122.18,35.53846153846154,2.0
5,2025-06-02 16:00:00,32,96,9342.67,37.375,0.0
5,2025-06-02 17:00:00,31,83,7089.64,36.74193548387097,0.0
5,2025-06-02 18:00:00,26,90,7970.67,35.88461538461539,0.0
5,2025-06-02 19:00:00,37,102,9068.65,39.45945945945946,0.0
5,2025-06-02 20:00:00,25,77,7222.41,34.04,1.0
5,2025-06-02 21:00:00,39,119,9928.6,37.282051282051285,1.0
5,2025-06-02 22:00:00,32,103,9495.0,35.71875,1.0
5,2025-06-02 23:00:00,41,135,13161.35,35.78048780487805,1.0
5,2025-06-03 00:00:00,35,112,10286.27,36.542857142857144,1.0
5,2025-06-03 01:00:00,26,66,5646.47,36.0,1.0
5,2025-06-03 02:00:00,34,95,7889.67,35.64705882352941,1.0
5,2025-06-03 03:00:00,35,97,7999.58,40.371428571428574,1.0
5,2025-06-03 04:00:00,37,106,9124.36,39.86486486486486,1.0
5,2025-06-03 05:00:00,25,73,5789.51,38.4,1.0
5,2025-06-03 06:00:00,38,125,12201.24,37.078947368421055,1.0
5,2025-06-03 07:00:00,29,77,7058.23,39.206896551724135,0.0
5,2025-06-03 08:00:00,36,116,9909.06,38.72222222222222,0.0
5,2025-06-03 09:00:00,31,107,9052.550000000001,35.83870967741935,0.0
5,2025-06-03 10:00:00,25,72,5734.03,34.4,2.0
5,2025-06-03 11:00:00,36,101,9380.86,38.638888888888886,2.0
5,2025-06-03 12:00:00,35,110,8782.11,37.94285714285714,2.0
5,2025-06-03 13:00:00,41,108,9789.83,35.21951219512195,2.0
5,2025-06-03 14:00:00,34,94,8611.15,38.38235294117647,2.0
5,2025-06-03 15:00:00,33,89,8795.79,42.303030303030305,2.0
5,2025-06-03 16:00:00,33,104,9949.84,38.81818181818182,0.0
5,2025-06-03 17:00:00,37,108,9769.4,35.486486486486484,0.0
5,2025-06-03 18:00:00,32,93,8274.77,37.3125,0.0
5,2025-06-03 19:00:00,34,88,9094.08,38.411764705882355,0.0
5,2025-06-03 20:00:00,38,113,9379.47,37.026315789473685,1.0
5,2025-06-03 21:00:00,39,103,7576.89,39.82051282051282,1.0
5,2025-06-03 22:00:00,26,76,6199.45,38.26923076923077,1.0
5,2025-06-03 23:00:00,32,94,8085.28,37.09375,1.0
5,2025-06-04 00:00:00,28,83,7655.27,39.107142857142854,1.0
5,2025-06-04 01:00:00,39,97,8277.03,34.666666666666664,1.0
5,2025-06-04 02:00:00,37,103,8624.64,38.24324324324324,1.0
5,2025-06-04 03:00:00,32,90,8399.66,41.65625,1.0
5,2025-06-04 04:00:00,28,86,8429.66,37.32142857142857,1.0
5,2025-06-04 05:00:00,28,87,7465.3,37.035714285714285,1.0
5,2025-06-04 06:00:00,37,112,10647.04,39.513513513513516,1.0
5,2025-06-04 07:00:00,35,89,8718.51,36.0,0.0
5,2025-06-04 08:00:00,44,128,11568.46,37.77272727272727,0.0
5,2025-06-04 09:00:00,28,84,7887.2300000000005,35.535714285714285,0.0
5,2025-06-04 10:00:00,23,59,5858.18,37.26086956521739,2.0
5,2025-06-04 11:00:00,38,110,9371.06,37.05263157894737,2.0
5,2025-06-04 12:00:00,34,112,10242.300000000001,35.588235294117645,2.0
5,2025-06-04 13:00:00,37,92,8209.53,37.432432432432435,2.0
5,2025-06-04 14:00:00,36,103,10273.69,36.0,2.0
5,2025-06-04 15:00:00,28,85,7170.29,39.57142857142857,2.0
5,2025-06-04 16:00:00,31,97,9047.97,36.225806451612904,0.0
5,2025-06-04 17:00:00,44,144,13364.6,36.61363636363637,0.0
5,2025-06-04 18:00:00,29,87,7017.37,37.0,0.0
5,2025-06-04 19:00:00,40,118,10873.76,35.4,0.0
5,2025-06-04 20:00:00,31,78,8142.51,35.54838709677419,1.0
5,2025-06-04 21:00:00,40,112,10748.32,36.375,1.0
5,2025-06-04 22:00:00,25,63,5357.78,40.84,1.0
5,2025-06-04 23:00:00,30,85,7677.87,38.53333333333333,1.0
5,2025-06-05 00:00:00,29,81,7763.67,38.41379310344828,1.0
5,2025-06-05 01:00:00,46,138,11312.51,40.71739130434783,1.0
5,2025-06-05 02:00:00,42,136,12346.62,40.095238095238095,1.0
5,2025-06-05 03:00:00,33,96,8237.3,36.06060606060606,1.0
5,2025-06-05 04:00:00,29,82,7956.15,38.48275862068966,1.0
5,2025-06-05 05:00:00,34,107,9654.0,39.3235294117647,1.0
5,2025-06-05 06:00:00,37,120,10289.08,37.054054054054056,1.0
5,2025-06-05 07:00:00,39,127,11578.58,36.82051282051282,0.0
5,2025-06-05 08:00:00,26,81,7164.46,37.42307692307692,0.0
5,2025-06-05 09:00:00,27,84,8581.61,37.0,0.0
5,2025-06-05 10:00:00,28,92,7168.91,36.0,2.0
5,2025-06-05 11:00:00,38,104,10017.85,37.421052631578945,2.0
5,2025-06-05 12:00:00,34,104,9708.390000000001,36.794117647058826,2.0
5,2025-06-05 13:00:00,34,111,9601.24,39.11764705882353,2.0
5,2025-06-05 14:00:00,35,103,9059.8,39.31428571428572,2.0
5,2025-06-05 15:00:00,38,113,11234.85,37.18421052631579,2.0
5,2025-06-05 16:00:00,27,87,7944.98,36.81481481481482,0.0
5,2025-06-05 17:00:00,30,100,9449.05,37.0,0.0
5,2025-06-05 18:00:00,38,108,10568.05,35.78947368421053,0.0
5,2025-06-05 19:00:00,45,129,12502.08,36.53333333333333,0.0
5,2025-06-05 20:00:00,37,110,10717.94,32.4054054054054,1.0
5,2025-06-05 21:00:00,25,87,7551.71,40.52,1.0
5,2025-06-05 22:00:00,38,111,10197.42,34.60526315789474,1.0
5,2025-06-05 23:00:00,36,109,9848.86,40.111111111111114,1.0
5,2025-06-06 00:00:00,25,61,6147.68,39.92,1.0
5,2025-06-06 01:00:00,28,84,8177.63,38.285714285714285,1.0
5,2025-06-06 02:00:00,36,106,10097.710000000001,38.72222222222222,1.0
5,2025-06-06 03:00:00,21,60,6038.73,36.61904761904762,1.0
5,2025-06-06 04:00:00,22,60,5615.85,38.86363636363637,1.0
5,2025-06-06 05:00:00,26,77,7160.83,34.07692307692308,1.0
5,2025-06-06 06:00:00,34,109,9198.93,42.470588235294116,1.0
5,2025-06-06 07:00:00,34,112,10062.99,37.64705882352941,0.0
5,2025-06-06 08:00:00,27,78,7867.14,36.25925925925926,0.0
5,2025-06-06 09:00:00,36,124,10768.87,37.22222222222222,0.0
5,2025-06-06 10:00:00,39,126,11102.19,39.743589743589745,2.0
5,2025-06-06 11:00:00,23,66,6267.41,34.869565217391305,2.0
5,2025-06-06 12:00:00,34,99,9997.289999999999,39.970588235294116,2.0
5,2025-06-06 13:00:00,31,97,8241.64,39.935483870967744,2.0
5,2025-06-06 14:00:00,28,82,7120.110000000001,36.642857142857146,2.0
5,2025-06-06 15:00:00,27,83,7180.53,35.77777777777778,2.0
5,2025-06-06 16:00:00,31,96,8042.21,36.774193548387096,0.0
5,2025-06-06 17:00:00,36,101,8647.15,37.638888888888886,0.0
5,2025-06-06 18:00:00,36,114,10598.37,39.111111111111114,0.0
5,2025-06-06 19:00:00,30,90,8243.94,37.46666666666667,0.0
5,2025-06-06 20:00:00,38,111,9266.25,38.21052631578947,1.0
5,2025-06-06 21:00:00,23,56,6228.53,36.26086956521739,1.0
5,2025-06-06 22:00:00,38,118,10811.41,38.68421052631579,1.0
5,2025-06-06 23:00:00,25,68,5749.44,39.44,1.0
5,2025-06-07 00:00:00,50,142,12817.97,38.42,1.0
5,2025-06-07 01:00:00,29,101,8197.44,36.758620689655174,1.0
5,2025-06-07 02:00:00,28,98,8850.78,34.392857142857146,1.0
5,2025-06-07 03:00:00,30,91,8639.52,36.833333333333336,1.0
5,2025-06-07 04:00:00,37,107,9111.9,36.91891891891892,1.0
5,2025-06-07 05:00:00,31,104,8317.96,36.67741935483871,1.0
5,2025-06-07 06:00:00,27,91,7181.35,38.25925925925926,1.0
5,2025-06-07 07:00:00,34,99,8934.33,39.705882352941174,0.0
5,2025-06-07 08:00:00,23,77,6787.99,40.34782608695652,0.0
5,2025-06-07 09:00:00,22,57,5463.08,34.95454545454545,0.0
5,2025-06-07 10:00:00,30,94,9646.43,37.03333333333333,2.0
5,2025-06-07 11:00:00,38,120,9148.08,40.31578947368421,2.0
5,2025-06-07 12:00:00,35,101,8902.49,36.42857142857143,2.0
5,2025-06-07 13:00:00,34,103,8498.28,38.14705882352941,2.0
5,2025-06-07 14:00:00,29,95,8045.35,38.10344827586207,2.0
5,2025-06-07 15:00:00,34,115,11471.59,33.94117647058823,2.0
5,2025-06-07 16:00:00,33,96,10407.77,38.42424242424242,0.0
5,2025-06-07 17:00:00,33,107,9919.59,35.75757575757576,0.0
5,2025-06-07 18:00:00,32,90,7494.21,36.125,0.0
5,2025-06-07 19:00:00,45,132,12532.68,35.888888888888886,0.0
5,2025-06-07 20:00:00,35,99,9070.05,36.68571428571428,1.0
5,2025-06-07 21:00:00,41,108,9881.54,38.146341463414636,1.0
5,2025-06-07 22:00:00,45,141,11392.38,37.111111111111114,1.0
5,2025-06-07 23:00:00,27,83,6884.58,37.629629629629626,1.0
5,2025-06-08 00:00:00,33,94,7852.32,39.0,1.0
5,2025-06-08 01:00:00,30,87,7822.04,37.13333333333333,1.0
5,2025-06-08 02:00:00,36,112,10024.29,40.30555555555556,1.0
5,2025-06-08 03:00:00,30,95,7805.4,37.53333333333333,1.0
5,2025-06-08 04:00:00,32,91,7110.66,39.59375,1.0
5,2025-06-08 05:00:00,33,101,8845.57,38.666666666666664,1.0
5,2025-06-08 06:00:00,29,80,7110.5,37.172413793103445,1.0
5,2025-06-08 07:00:00,34,101,9101.58,35.1764705882353,0.0
5,2025-06-08 08:00:00,46,149,12714.66,34.69565217391305,0.0
5,2025-06-08 09:00:00,42,111,8893.25,39.07142857142857,0.0
5,2025-06-08 10:00:00,33,99,8726.63,38.15151515151515,2.0
5,2025-06-08 11:00:00,37,113,10634.0,37.810810810810814,2.0
5,2025-06-08 12:00:00,35,93,7872.22,36.857142857142854,2.0
5,2025-06-08 13:00:00,19,45,3990.98,34.63157894736842,2.0
5,2025-06-08 14:00:00,28,76,6991.54,38.535714285714285,2.0
5,2025-06-08 15:00:00,35,105,8832.97,36.857142857142854,2.0
5,2025-06-08 16:00:00,26,73,6568.4400000000005,36.65384615384615,0.0
5,2025-06-08 17:00:00,31,93,8112.9,40.61290322580645,0.0
5,2025-06-08 18:00:00,33,94,8206.61,38.484848484848484,0.0
5,2025-06-08 19:00:00,40,114,9675.960000000001,39.1,0.0
5,2025-06-08 20:00:00,35,99,8094.5199999999995,34.285714285714285,1.0
5,2025-06-08 21:00:00,47,146,14036.95,36.57446808510638,1.0
5,2025-06-08 22:00:00,27,82,6350.7699999999995,35.888888888888886,1.0
5,2025-06-08 23:00:00,38,100,10148.81,39.421052631578945,1.0
5,2025-06-09 00:00:00,28,84,6742.2,36.357142857142854,1.0
5,2025-06-09 01:00:00,41,128,11493.61,37.073170731707314,1.0
5,2025-06-09 02:00:00,34,92,9250.92,36.23529411764706,1.0
5,2025-06-09 03:00:00,31,86,7320.62,38.774193548387096,1.0
5,2025-06-09 04:00:00,30,100,7997.89,36.46666666666667,1.0
5,2025-06-09 05:00:00,43,138,11618.310000000001,34.674418604651166,1.0
5,2025-06-09 06:00:00,22,73,6626.0599999999995,35.18181818181818,1.0
5,2025-06-09 07:00:00,25,76,5709.53,33.96,0.0
5,2025-06-09 08:00:00,31,96,10015.24,34.903225806451616,0.0
5,2025-06-09 09:00:00,32,94,8528.69,35.4375,0.0
5,2025-06-09 10:00:00,33,98,9217.71,38.303030303030305,2.0
5,2025-06-09 11:00:00,33,112,9792.34,36.333333333333336,2.0
5,2025-06-09 12:00:00,24,73,6757.61,34.25,2.0
5,2025-06-09 13:00:00,26,89,8232.24,40.42307692307692,2.0
5,2025-06-09 14:00:00,34,98,9244.51,38.11764705882353,2.0
5,2025-06-09 15:00:00,34,104,10656.41,35.911764705882355,2.0
5,2025-06-09 16:00:00,34,96,9386.79,37.5,0.0
5,2025-06-09 17:00:00,28,81,6860.92,38.07142857142857,0.0
5,2025-06-09 18:00:00,31,84,7124.75,36.38709677419355,0.0
5,2025-06-09 19:00:00,39,113,9506.21,36.61538461538461,0.0
5,2025-06-09 20:00:00,27,74,6295.9,41.333333333333336,1.0
5,2025-06-09 21:00:00,33,86,6648.48,35.09090909090909,1.0
5,2025-06-09 22:00:00,27,68,5891.55,37.333333333333336,1.0
5,2025-06-09 23:00:00,31,101,8418.42,37.32258064516129,1.0
5,2025-06-10 00:00:00,33,90,7502.51,36.81818181818182,1.0
5,2025-06-10 01:00:00,41,118,9779.45,37.34146341463415,1.0
5,2025-06-10 02:00:00,35,92,7553.46,37.31428571428572,1.0
5,2025-06-10 03:00:00,36,107,9578.63,39.833333333333336,1.0
5,2025-06-10 04:00:00,37,102,8866.88,36.108108108108105,1.0
5,2025-06-10 05:00:00,34,98,9450.26,39.029411764705884,1.0
5,2025-06-10 06:00:00,25,82,6910.01,40.8,1.0
5,2025-06-10 07:00:00,36,103,8778.35,39.30555555555556,0.0
5,2025-06-10 08:00:00,33,98,8429.130000000001,39.21212121212121,0.0
5,2025-06-10 09:00:00,34,101,8962.48,37.35294117647059,0.0
5,2025-06-10 10:00:00,42,119,10911.25,38.166666666666664,2.0
5,2025-06-10 11:00:00,35,111,9302.35,41.51428571428571,2.0
5,2025-06-10 12:00:00,33,103,9959.42,39.15151515151515,2.0
5,2025-06-10 13:00:00,33,108,8789.13,38.0,2.0
5,2025-06-10 14:00:00,27,88,6749.79,38.7037037037037,2.0
5,2025-06-10 15:00:00,47,146,13393.64,38.0,2.0
5,2025-06-10 16:00:00,35,101,9601.07,36.25714285714286,0.0
5,2025-06-10 17:00:00,31,93,7650.3,39.25806451612903,0.0
5,2025-06-10 18:00:00,40,118,11345.65,38.3,0.0
5,2025-06-10 19:00:00,33,90,7654.58,37.18181818181818,0.0
5,2025-06-10 20:00:00,29,82,7306.42,33.13793103448276,1.0
5,2025-06-10 21:00:00,29,87,7482.96,36.758620689655174,1.0
5,2025-06-10 22:00:00,35,111,10700.99,38.97142857142857,1.0
5,2025-06-10 23:00:00,40,117,11004.43,38.05,1.0
5,2025-06-11 00:00:00,26,72,6258.91,41.19230769230769,1.0
5,2025-06-11 01:00:00,40,130,11864.12,38.9,1.0
5,2025-06-11 02:00:00,26,84,7756.41,39.57692307692308,1.0
5,2025-06-11 03:00:00,37,108,9596.45,35.62162162162162,1.0
5,2025-06-11 04:00:00,32,103,8715.52,36.6875,1.0
5,2025-06-11 05:00:00,26,74,6678.71,34.34615384615385,1.0
5,2025-06-11 06:00:00,36,98,8833.85,38.111111111111114,1.0
5,2025-06-11 07:00:00,30,79,8027.82,40.1,0.0
5,2025-06-11 08:00:00,41,136,11789.58,40.292682926829265,0.0
5,2025-06-11 09:00:00,24,58,4733.83,36.333333333333336,0.0
5,2025-06-11 10:00:00,33,94,7604.83,38.84848484848485,2.0
5,2025-06-11 11:00:00,34,101,8731.2,36.8235294117647,2.0
5,2025-06-11 12:00:00,31,101,9793.119999999999,40.32258064516129,2.0
5,2025-06-11 13:00:00,37,123,10459.300000000001,38.432432432432435,2.0
5,2025-06-11 14:00:00,40,129,12063.47,37.525,2.0
5,2025-06-11 15:00:00,39,123,11251.84,33.23076923076923,2.0
5,2025-06-11 16:00:00,43,139,12785.33,37.348837209302324,0.0
5,2025-06-11 17:00:00,32,86,8209.7,35.15625,0.0
5,2025-06-11 18:00:00,31,97,9000.77,34.516129032258064,0.0
5,2025-06-11 19:00:00,26,86,7120.29,37.34615384615385,0.0
5,2025-06-11 20:00:00,28,86,8192.28,41.392857142857146,1.0
5,2025-06-11 21:00:00,43,119,10854.710000000001,40.25581395348837,1.0
5,2025-06-11 22:00:00,32,101,8781.66,39.90625,1.0
5,2025-06-11 23:00:00,27,71,6008.91,37.666666666666664,1.0
5,2025-06-12 00:00:00,38,109,10529.37,34.578947368421055,1.0
5,2025-06-12 01:00:00,38,128,11263.81,39.21052631578947,1.0
5,2025-06-12 02:00:00,29,91,7612.21,41.689655172413794,1.0
5,2025-06-12 03:00:00,31,96,9892.53,41.25806451612903,1.0
5,2025-06-12 04:00:00,38,107,9308.84,36.026315789473685,1.0
5,2025-06-12 05:00:00,27,83,7410.08,37.44444444444444,1.0
5,2025-06-12 06:00:00,32,96,8790.74,35.4375,1.0
5,2025-06-12 07:00:00,31,99,8369.19,37.70967741935484,0.0
5,2025-06-12 08:00:00,30,90,8704.85,34.166666666666664,0.0
5,2025-06-12 09:00:00,43,112,9356.86,39.30232558139535,0.0
5,2025-06-12 10:00:00,47,143,12435.35,38.12765957446808,2.0
5,2025-06-12 11:00:00,35,113,12570.63,38.371428571428574,2.0
5,2025-06-12 12:00:00,38,105,9093.81,39.81578947368421,2.0
5,2025-06-12 13:00:00,29,86,7957.0599999999995,38.0,2.0
5,2025-06-12 14:00:00,33,92,8691.84,39.15151515151515,2.0
5,2025-06-12 15:00:00,26,71,6455.26,40.30769230769231,2.0
5,2025-06-12 16:00:00,34,93,7924.070000000001,39.14705882352941,0.0
5,2025-06-12 17:00:00,31,86,6755.21,34.96774193548387,0.0
5,2025-06-12 18:00:00,26,89,7691.19,37.38461538461539,0.0
5,2025-06-12 19:00:00,39,114,11865.04,37.333333333333336,0.0
5,2025-06-12 20:00:00,31,84,7175.2,35.774193548387096,1.0
5,2025-06-12 21:00:00,28,78,6811.46,34.964285714285715,1.0
5,2025-06-12 22:00:00,35,101,9513.880000000001,38.22857142857143,1.0
5,2025-06-12 23:00:00,26,73,5677.36,39.11538461538461,1.0
5,2025-06-13 00:00:00,40,125,11707.949999999999,39.775,1.0
5,2025-06-13 01:00:00,41,122,10337.37,37.46341463414634,1.0
5,2025-06-13 02:00:00,42,125,11188.77,39.76190476190476,1.0
5,2025-06-13 03:00:00,30,90,8716.91,40.8,1.0
5,2025-06-13 04:00:00,30,92,7262.23,38.333333333333336,1.0
5,2025-06-13 05:00:00,31,91,9147.27,36.0,1.0
5,2025-06-13 06:00:00,27,84,7743.81,37.81481481481482,1.0
5,2025-06-13 07:00:00,40,124,11195.52,38.5,0.0
5,2025-06-13 08:00:00,38,105,10333.85,35.76315789473684,0.0
5,2025-06-13 09:00:00,36,100,8909.4,35.94444444444444,0.0
5,2025-06-13 10:00:00,33,93,9071.16,38.15151515151515,2.0
5,2025-06-13 11:00:00,42,140,13067.73,37.38095238095238,2.0
5,2025-06-13 12:00:00,37,105,8695.25,40.027027027027025,2.0
5,2025-06-13 13:00:00,36,101,9171.289999999999,36.69444444444444,2.0
5,2025-06-13 14:00:00,34,106,9642.7,36.529411764705884,2.0
5,2025-06-13 15:00:00,43,125,11210.04,38.72093023255814,2.0
5,2025-06-13 16:00:00,40,127,10098.0,35.65,0.0
5,2025-06-13 17:00:00,27,75,7862.94,39.407407407407405,0.0
5,2025-06-13 18:00:00,32,103,8362.210000000001,40.5,0.0
5,2025-06-13 19:00:00,30,89,7859.85,39.7,0.0
5,2025-06-13 20:00:00,29,98,9843.11,37.310344827586206,1.0
5,2025-06-13 21:00:00,28,89,8148.0,38.857142857142854,1.0
5,2025-06-13 22:00:00,37,103,9545.85,39.729729729729726,1.0
5,2025-06-13 23:00:00,34,98,8903.41,38.26470588235294,1.0
5,2025-06-14 00:00:00,38,117,9585.37,37.3421052631579,1.0
5,2025-06-14 01:00:00,33,104,10383.41,38.42424242424242,1.0
5,2025-06-14 02:00:00,27,66,5924.26,39.592592592592595,1.0
5,2025-06-14 03:00:00,32,103,9821.83,37.46875,1.0
5,2025-06-14 04:00:00,39,124,10401.26,35.8974358974359,1.0
5,2025-06-14 05:00:00,36,114,10913.18,38.138888888888886,1.0
5,2025-06-14 06:00:00,35,104,10229.25,39.714285714285715,1.0
5,2025-06-14 07:00:00,30,89,8311.9,37.96666666666667,0.0
5,2025-06-14 08:00:00,37,104,9009.22,36.513513513513516,0.0
5,2025-06-14 09:00:00,36,98,8194.42,36.69444444444444,0.0
5,2025-06-14 10:00:00,38,127,11631.64,38.76315789473684,2.0
5,2025-06-14 11:00:00,35,93,8448.25,36.82857142857143,2.0
5,2025-06-14 12:00:00,27,77,7149.62,36.925925925925924,2.0
5,2025-06-14 13:00:00,28,76,6671.2699999999995,35.142857142857146,2.0
5,2025-06-14 14:00:00,37,117,10717.94,41.189189189189186,2.0
5,2025-06-14 15:00:00,25,74,6847.87,35.12,2.0
5,2025-06-14 16:00:00,36,102,8678.09,36.361111111111114,0.0
5,2025-06-14 17:00:00,33,112,9200.94,37.84848484848485,0.0
5,2025-06-14 18:00:00,34,91,8366.210000000001,34.26470588235294,0.0
5,2025-06-14 19:00:00,38,117,10628.96,35.526315789473685,0.0
5,2025-06-14 20:00:00,34,99,9334.57,36.911764705882355,1.0
5,2025-06-14 21:00:00,31,98,8977.45,35.096774193548384,1.0
5,2025-06-14 22:00:00,28,85,7390.24,38.214285714285715,1.0
5,2025-06-14 23:00:00,33,98,9458.85,37.878787878787875,1.0
5,2025-06-15 00:00:00,41,113,9607.12,38.8780487804878,1.0
5,2025-06-15 01:00:00,38,120,10586.19,36.44736842105263,1.0
5,2025-06-15 02:00:00,22,60,5022.6,38.45454545454545,1.0
5,2025-06-15 03:00:00,24,77,6773.52,35.75,1.0
5,2025-06-15 04:00:00,30,91,8350.59,36.1,1.0
5,2025-06-15 05:00:00,30,94,8088.04,37.06666666666667,1.0
5,2025-06-15 06:00:00,34,95,8687.31,39.44117647058823,1.0
5,2025-06-15 07:00:00,23,67,6449.97,40.30434782608695,0.0
5,2025-06-15 08:00:00,32,82,7515.41,38.0,0.0
5,2025-06-15 09:00:00,39,111,10505.789999999999,40.8974358974359,0.0
5,2025-06-15 10:00:00,33,106,9912.67,36.90909090909091,2.0
5,2025-06-15 11:00:00,39,129,11185.6,40.41025641025641,2.0
5,2025-06-15 12:00:00,36,120,10926.36,37.77777777777778,2.0
5,2025-06-15 13:00:00,34,105,10429.06,35.44117647058823,2.0
5,2025-06-15 14:00:00,36,108,9175.4,38.861111111111114,2.0
5,2025-06-15 15:00:00,38,115,11734.4,38.81578947368421,2.0
5,2025-06-15 16:00:00,30,96,8981.14,37.4,0.0
5,2025-06-15 17:00:00,28,86,7724.72,34.535714285714285,0.0
5,2025-06-15 18:00:00,38,121,10578.39,36.1578947368421,0.0
5,2025-06-15 19:00:00,27,80,7341.58,35.629629629629626,0.0
5,2025-06-15 20:00:00,34,107,8606.08,38.705882352941174,1.0
5,2025-06-15 21:00:00,42,118,10919.58,37.595238095238095,1.0
5,2025-06-15 22:00:00,25,67,6486.75,38.72,1.0
5,2025-06-15 23:00:00,25,77,6873.74,35.76,1.0
5,2025-06-16 00:00:00,40,126,11684.09,38.675,1.0
5,2025-06-16 01:00:00,39,115,9789.33,38.38461538461539,1.0
5,2025-06-16 02:00:00,46,131,12465.02,37.630434782608695,1.0
5,2025-06-16 03:00:00,37,101,9325.45,37.54054054054054,1.0
5,2025-06-16 04:00:00,40,115,11501.15,35.625,1.0
5,2025-06-16 05:00:00,38,103,8444.34,39.63157894736842,1.0
5,2025-06-16 06:00:00,32,94,8697.16,36.96875,1.0
5,2025-06-16 07:00:00,29,88,7061.639999999999,39.172413793103445,0.0
5,2025-06-16 08:00:00,31,83,6555.12,40.225806451612904,0.0
5,2025-06-16 09:00:00,29,88,8369.58,36.206896551724135,0.0
5,2025-06-16 10:00:00,2,3,229.98,39.5,2.0
6,2025-06-01 10:00:00,31,85,6996.0199999999995,37.41935483870968,2.0
6,2025-06-01 11:00:00,29,89,7855.79,38.793103448275865,2.0
6,2025-06-01 12:00:00,37,101,7209.23,36.567567567567565,2.0
6,2025-06-01 13:00:00,24,86,6654.46,35.791666666666664,2.0
6,2025-06-01 14:00:00,34,111,11173.93,39.705882352941174,2.0
6,2025-06-01 15:00:00,24,75,6700.01,34.416666666666664,2.0
6,2025-06-01 16:00:00,34,103,10051.36,37.794117647058826,0.0
6,2025-06-01 17:00:00,34,101,8329.83,34.11764705882353,0.0
6,2025-06-01 18:00:00,38,99,8926.01,37.10526315789474,0.0
6,2025-06-01 19:00:00,25,72,5886.05,40.32,0.0
6,2025-06-01 20:00:00,24,70,6549.01,36.666666666666664,1.0
6,2025-06-01 21:00:00,25,78,6350.36,39.12,1.0
6,2025-06-01 22:00:00,33,105,9478.3,36.39393939393939,1.0
6,2025-06-01 23:00:00,29,96,8995.63,36.51724137931034,1.0
6,2025-06-02 00:00:00,33,106,9953.76,37.78787878787879,1.0
6,2025-06-02 01:00:00,28,87,7989.57,35.535714285714285,1.0
6,2025-06-02 02:00:00,25,79,7161.6,34.8,1.0
6,2025-06-02 03:00:00,14,38,4019.76,45.5,1.0
6,2025-06-02 04:00:00,32,89,7347.79,37.125,1.0
6,2025-06-02 05:00:00,30,95,8668.84,41.06666666666667,1.0
6,2025-06-02 06:00:00,23,67,6126.58,36.69565217391305,1.0
6,2025-06-02 07:00:00,37,117,10114.39,38.567567567567565,0.0
6,2025-06-02 08:00:00,32,85,8165.56,38.25,0.0
6,2025-06-02 09:00:00,27,75,6359.68,38.7037037037037,0.0
6,2025-06-02 10:00:00,30,96,9650.45,39.666666666666664,2.0
6,2025-06-02 11:00:00,28,94,8544.94,40.785714285714285,2.0
6,2025-06-02 12:00:00,35,99,7792.92,37.714285714285715,2.0
6,2025-06-02 13:00:00,31,81,7210.12,40.774193548387096,2.0
6,2025-06-02 14:00:00,22,76,7492.52,38.45454545454545,2.0
6,2025-06-02 15:00:00,24,73,7348.5,37.666666666666664,2.0
6,2025-06-02 16:00:00,27,87,7912.21,37.592592592592595,0.0
6,2025-06-02 17:00:00,30,89,7697.1900000000005,36.53333333333333,0.0
6,2025-06-02 18:00:00,24,70,6349.6,33.916666666666664,0.0
6,2025-06-02 19:00:00,31,101,8819.81,36.29032258064516,0.0
6,2025-06-02 20:00:00,26,91,8501.52,34.88461538461539,1.0
6,2025-06-02 21:00:00,23,75,7190.18,38.130434782608695,1.0
6,2025-06-02 22:00:00,32,100,8971.93,40.625,1.0
6,2025-06-02 23:00:00,25,86,7692.56,34.04,1.0
6,2025-06-03 00:00:00,40,116,11258.5,37.95,1.0
6,2025-06-03 01:00:00,26,84,7953.06,38.92307692307692,1.0
6,2025-06-03 02:00:00,21,79,6971.06,41.142857142857146,1.0
6,2025-06-03 03:00:00,25,73,6312.72,37.8,1.0
6,2025-06-03 04:00:00,28,87,7531.54,36.857142857142854,1.0
6,2025-06-03 05:00:00,33,99,8904.52,39.06060606060606,1.0
6,2025-06-03 06:00:00,25,67,6119.84,36.56,1.0
6,2025-06-03 07:00:00,46,119,10825.8,37.5,0.0
6,2025-06-03 08:00:00,28,102,9346.78,32.714285714285715,0.0
6,2025-06-03 09:00:00,20,58,4427.39,36.9,0.0
6,2025-06-03 10:00:00,28,78,7163.8099999999995,36.607142857142854,2.0
6,2025-06-03 11:00:00,21,71,7040.89,38.0,2.0
6,2025-06-03 12:00:00,28,79,6586.02,36.32142857142857,2.0
6,2025-06-03 13:00:00,24,77,7074.25,38.958333333333336,2.0
6,2025-06-03 14:00:00,23,58,6047.38,34.95652173913044,2.0
6,2025-06-03 15:00:00,25,71,6371.36,38.48,2.0
6,2025-06-03 16:00:00,33,85,7609.88,36.42424242424242,0.0
6,2025-06-03 17:00:00,31,96,10140.16,40.32258064516129,0.0
6,2025-06-03 18:00:00,29,85,7162.73,35.48275862068966,0.0
6,2025-06-03 19:00:00,32,83,7678.08,39.90625,0.0
6,2025-06-03 20:00:00,34,113,9964.27,37.294117647058826,1.0
6,2025-06-03 21:00:00,30,94,8785.5,36.0,1.0
6,2025-06-03 22:00:00,21,55,4209.57,37.285714285714285,1.0
6,2025-06-03 23:00:00,33,99,8124.349999999999,39.18181818181818,1.0
6,2025-06-04 00:00:00,31,101,10306.98,37.225806451612904,1.0
6,2025-06-04 01:00:00,20,60,5429.11,37.65,1.0
6,2025-06-04 02:00:00,30,91,8679.14,36.333333333333336,1.0
6,2025-06-04 03:00:00,33,107,8359.03,33.75757575757576,1.0
6,2025-06-04 04:00:00,30,91,8887.03,37.8,1.0
6,2025-06-04 05:00:00,22,64,6363.21,35.0,1.0
6,2025-06-04 06:00:00,22,76,6598.71,35.59090909090909,1.0
6,2025-06-04 07:00:00,29,94,8250.65,37.58620689655172,0.0
6,2025-06-04 08:00:00,33,91,8330.99,37.515151515151516,0.0
6,2025-06-04 09:00:00,34,102,8756.28,38.911764705882355,0.0
6,2025-06-04 10:00:00,26,64,5483.11,35.03846153846154,2.0
6,2025-06-04 11:00:00,27,89,7287.23,38.592592592592595,2.0
6,2025-06-04 12:00:00,23,76,7369.02,37.26086956521739,2.0
6,2025-06-04 13:00:00,25,74,6701.5,38.44,2.0
6,2025-06-04 14:00:00,38,114,11419.2,36.3421052631579,2.0
6,2025-06-04 15:00:00,33,109,9655.91,36.21212121212121,2.0
6,2025-06-04 16:00:00,31,83,8299.92,36.96774193548387,0.0
6,2025-06-04 17:00:00,36,111,11571.41,36.888888888888886,0.0
6,2025-06-04 18:00:00,34,89,8607.52,38.64705882352941,0.0
6,2025-06-04 19:00:00,20,57,4655.69,38.5,0.0
6,2025-06-04 20:00:00,30,95,8723.32,37.93333333333333,1.0
6,2025-06-04 21:00:00,28,80,7713.09,37.82142857142857,1.0
6,2025-06-04 22:00:00,26,81,7773.95,37.73076923076923,1.0
6,2025-06-04 23:00:00,32,84,8337.33,36.0625,1.0
6,2025-06-05 00:00:00,30,88,8041.96,36.06666666666667,1.0
6,2025-06-05 01:00:00,23,72,6862.61,35.0,1.0
6,2025-06-05 02:00:00,23,76,6653.47,35.04347826086956,1.0
6,2025-06-05 03:00:00,27,79,7602.24,38.407407407407405,1.0
6,2025-06-05 04:00:00,27,88,7358.2,35.25925925925926,1.0
6,2025-06-05 05:00:00,31,99,8470.11,40.516129032258064,1.0
6,2025-06-05 06:00:00,34,98,9696.73,38.794117647058826,1.0
6,2025-06-05 07:00:00,25,79,6710.54,36.72,0.0
6,2025-06-05 08:00:00,32,106,9897.45,35.46875,0.0
6,2025-06-05 09:00:00,30,98,9005.85,36.5,0.0
6,2025-06-05 10:00:00,30,76,7302.85,35.0,2.0
6,2025-06-05 11:00:00,28,79,7247.1900000000005,37.857142857142854,2.0
6,2025-06-05 12:00:00,25,86,7155.47,36.44,2.0
6,2025-06-05 13:00:00,21,78,7609.9800000000005,38.23809523809524,2.0
6,2025-06-05 14:00:00,37,108,9610.470000000001,38.21621621621622,2.0
6,2025-06-05 15:00:00,36,104,10392.64,38.69444444444444,2.0
6,2025-06-05 16:00:00,27,85,7415.54,34.74074074074074,0.0
6,2025-06-05 17:00:00,28,84,6678.9,37.714285714285715,0.0
6,2025-06-05 18:00:00,30,91,8961.34,36.5,0.0
6,2025-06-05 19:00:00,29,89,8273.02,36.41379310344828,0.0
6,2025-06-05 20:00:00,25,71,6622.42,34.4,1.0
6,2025-06-05 21:00:00,28,79,7725.52,36.82142857142857,1.0
6,2025-06-05 22:00:00,41,131,10807.77,38.073170731707314,1.0
6,2025-06-05 23:00:00,23,71,7164.76,39.17391304347826,1.0
6,2025-06-06 00:00:00,27,78,7597.12,39.81481481481482,1.0
6,2025-06-06 01:00:00,25,63,4873.75,38.96,1.0
6,2025-06-06 02:00:00,33,104,9368.71,37.63636363636363,1.0
6,2025-06-06 03:00:00,31,77,6550.14,36.58064516129032,1.0
6,2025-06-06 04:00:00,25,81,7116.83,33.72,1.0
6,2025-06-06 05:00:00,28,90,8939.4,34.75,1.0
6,2025-06-06 06:00:00,31,98,8706.51,38.58064516129032,1.0
6,2025-06-06 07:00:00,26,87,8638.66,40.5,0.0
6,2025-06-06 08:00:00,31,78,7483.0,37.774193548387096,0.0
6,2025-06-06 09:00:00,31,101,8834.31,40.12903225806452,0.0
6,2025-06-06 10:00:00,31,89,8335.82,37.74193548387097,2.0
6,2025-06-06 11:00:00,25,67,4992.7,35.16,2.0
6,2025-06-06 12:00:00,27,88,7107.08,35.407407407407405,2.0
6,2025-06-06 13:00:00,26,79,6991.88,39.5,2.0
6,2025-06-06 14:00:00,27,75,7398.9,36.22222222222222,2.0
6,2025-06-06 15:00:00,25,70,6984.2,34.4,2.0
6,2025-06-06 16:00:00,25,81,6378.5199999999995,34.92,0.0
6,2025-06-06 17:00:00,31,91,7273.02,38.41935483870968,0.0
6,2025-06-06 18:00:00,29,96,7140.68,42.37931034482759,0.0
6,2025-06-06 19:00:00,31,87,7173.05,35.70967741935484,0.0
6,2025-06-06 20:00:00,26,77,7661.23,39.65384615384615,1.0
6,2025-06-06 21:00:00,22,57,5760.97,39.27272727272727,1.0
6,2025-06-06 22:00:00,22,67,5696.58,37.86363636363637,1.0
6,2025-06-06 23:00:00,28,89,9285.26,38.357142857142854,1.0
6,2025-06-07 00:00:00,25,69,6499.24,36.28,1.0
6,2025-06-07 01:00:00,29,74,6588.49,39.0,1.0
6,2025-06-07 02:00:00,26,62,4993.1,38.42307692307692,1.0
6,2025-06-07 03:00:00,24,78,7468.01,32.916666666666664,1.0
6,2025-06-07 04:00:00,24,64,5764.14,39.083333333333336,1.0
6,2025-06-07 05:00:00,20,61,5245.66,40.85,1.0
6,2025-06-07 06:00:00,35,105,9378.85,39.142857142857146,1.0
6,2025-06-07 07:00:00,24,67,5625.67,37.333333333333336,0.0
6,2025-06-07 08:00:00,31,89,7496.99,36.225806451612904,0.0
6,2025-06-07 09:00:00,34,94,8375.4,36.205882352941174,0.0
6,2025-06-07 10:00:00,29,76,6908.46,37.51724137931034,2.0
6,2025-06-07 11:00:00,29,79,7503.3,36.93103448275862,2.0
6,2025-06-07 12:00:00,19,61,5284.16,35.473684210526315,2.0
6,2025-06-07 13:00:00,27,88,7445.95,36.81481481481482,2.0
6,2025-06-07 14:00:00,24,66,6079.0199999999995,34.25,2.0
6,2025-06-07 15:00:00,26,73,6458.66,41.65384615384615,2.0
6,2025-06-07 16:00:00,34,103,10370.17,38.26470588235294,0.0
6,2025-06-07 17:00:00,30,98,8346.81,36.63333333333333,0.0
6,2025-06-07 18:00:00,39,120,11887.58,38.84615384615385,0.0
6,2025-06-07 19:00:00,26,78,6952.02,38.07692307692308,0.0
6,2025-06-07 20:00:00,28,77,7611.49,40.25,1.0
6,2025-06-07 21:00:00,24,71,6225.27,37.875,1.0
6,2025-06-07 22:00:00,27,71,5993.99,37.851851851851855,1.0
6,2025-06-07 23:00:00,39,125,11443.47,37.38461538461539,1.0
6,2025-06-08 00:00:00,21,50,4367.95,37.904761904761905,1.0
6,2025-06-08 01:00:00,27,66,5758.610000000001,37.666666666666664,1.0
6,2025-06-08 02:00:00,34,97,8136.65,37.794117647058826,1.0
6,2025-06-08 03:00:00,29,90,7369.7300000000005,38.310344827586206,1.0
6,2025-06-08 04:00:00,43,130,11053.9,36.76744186046512,1.0
6,2025-06-08 05:00:00,25,80,7490.85,37.04,1.0
6,2025-06-08 06:00:00,31,93,9087.43,35.903225806451616,1.0
6,2025-06-08 07:00:00,25,78,6614.74,37.0,0.0
6,2025-06-08 08:00:00,36,87,7372.139999999999,36.083333333333336,0.0
6,2025-06-08 09:00:00,27,75,7009.37,36.55555555555556,0.0
6,2025-06-08 10:00:00,29,67,5638.63,40.58620689655172,2.0
6,2025-06-08 11:00:00,30,104,9160.69,35.9,2.0
6,2025-06-08 12:00:00,22,67,6838.96,34.27272727272727,2.0
6,2025-06-08 13:00:00,31,83,6497.7,38.96774193548387,2.0
6,2025-06-08 14:00:00,26,69,6067.62,35.61538461538461,2.0
6,2025-06-08 15:00:00,30,96,9064.56,37.733333333333334,2.0
6,2025-06-08 16:00:00,22,68,5819.24,38.09090909090909,0.0
6,2025-06-08 17:00:00,30,83,6586.280000000001,39.1,0.0
6,2025-06-08 18:00:00,31,90,7611.93,35.935483870967744,0.0
6,2025-06-08 19:00:00,27,81,5882.39,37.370370370370374,0.0
6,2025-06-08 20:00:00,32,96,8682.45,37.59375,1.0
6,2025-06-08 21:00:00,36,111,11176.53,37.888888888888886,1.0
6,2025-06-08 22:00:00,25,79,7233.28,35.72,1.0
6,2025-06-08 23:00:00,32,86,7478.08,40.8125,1.0
6,2025-06-09 00:00:00,23,68,5634.97,36.0,1.0
6,2025-06-09 01:00:00,31,97,8410.95,35.935483870967744,1.0
6,2025-06-09 02:00:00,34,105,8147.19,34.73529411764706,1.0
6,2025-06-09 03:00:00,26,84,7133.01,38.0,1.0
6,2025-06-09 04:00:00,27,87,6675.3099999999995,38.666666666666664,1.0
6,2025-06-09 05:00:00,24,71,6841.35,36.833333333333336,1.0
6,2025-06-09 06:00:00,28,77,6705.36,39.714285714285715,1.0
6,2025-06-09 07:00:00,25,64,6628.11,39.4,0.0
6,2025-06-09 08:00:00,33,98,8914.210000000001,37.96969696969697,0.0
6,2025-06-09 09:00:00,31,100,7681.69,37.83870967741935,0.0
6,2025-06-09 10:00:00,21,61,4809.99,39.0,2.0
6,2025-06-09 11:00:00,21,65,5404.67,33.095238095238095,2.0
6,2025-06-09 12:00:00,32,95,8823.84,37.6875,2.0
6,2025-06-09 13:00:00,30,79,7498.799999999999,36.43333333333333,2.0
6,2025-06-09 14:00:00,34,99,8309.94,40.0,2.0
6,2025-06-09 15:00:00,40,120,9951.95,34.275,2.0
6,2025-06-09 16:00:00,30,99,9077.7,39.333333333333336,0.0
6,2025-06-09 17:00:00,32,85,6866.54,36.5625,0.0
6,2025-06-09 18:00:00,29,89,7142.71,35.89655172413793,0.0
6,2025-06-09 19:00:00,23,76,6493.9800000000005,37.391304347826086,0.0
6,2025-06-09 20:00:00,33,99,9004.97,37.63636363636363,1.0
6,2025-06-09 21:00:00,31,107,10726.9,40.58064516129032,1.0
6,2025-06-09 22:00:00,23,74,5952.9,37.69565217391305,1.0
6,2025-06-09 23:00:00,26,70,6284.98,38.76923076923077,1.0
6,2025-06-10 00:00:00,25,76,7313.32,31.88,1.0
6,2025-06-10 01:00:00,31,90,9021.84,38.83870967741935,1.0
6,2025-06-10 02:00:00,38,111,9935.68,39.86842105263158,1.0
6,2025-06-10 03:00:00,36,99,9379.210000000001,37.30555555555556,1.0
6,2025-06-10 04:00:00,33,93,9157.42,37.39393939393939,1.0
6,2025-06-10 05:00:00,38,114,9055.89,37.55263157894737,1.0
6,2025-06-10 06:00:00,35,95,7943.9,41.31428571428572,1.0
6,2025-06-10 07:00:00,21,63,5508.05,38.857142857142854,0.0
6,2025-06-10 08:00:00,37,118,9992.630000000001,34.16216216216216,0.0
6,2025-06-10 09:00:00,31,90,7450.2,35.516129032258064,0.0
6,2025-06-10 10:00:00,28,62,6118.26,36.142857142857146,2.0
6,2025-06-10 11:00:00,28,96,7549.21,39.607142857142854,2.0
6,2025-06-10 12:00:00,33,91,8351.64,34.15151515151515,2.0
6,2025-06-10 13:00:00,29,87,7458.05,36.206896551724135,2.0
6,2025-06-10 14:00:00,28,82,7083.14,35.5,2.0
6,2025-06-10 15:00:00,43,101,9682.0,37.51162790697674,2.0
6,2025-06-10 16:00:00,36,117,10240.78,37.583333333333336,0.0
6,2025-06-10 17:00:00,24,72,6646.7,37.708333333333336,0.0
6,2025-06-10 18:00:00,36,122,9663.03,35.611111111111114,0.0
6,2025-06-10 19:00:00,25,75,7071.84,38.88,0.0
6,2025-06-10 20:00:00,18,58,5347.35,34.833333333333336,1.0
6,2025-06-10 21:00:00,36,114,10885.31,34.19444444444444,1.0
6,2025-06-10 22:00:00,29,82,6815.28,35.48275862068966,1.0
6,2025-06-10 23:00:00,30,94,8110.79,38.7,1.0
6,2025-06-11 00:00:00,30,85,7912.01,38.36666666666667,1.0
6,2025-06-11 01:00:00,30,92,8026.610000000001,37.6,1.0
6,2025-06-11 02:00:00,39,116,11176.810000000001,38.12820512820513,1.0
6,2025-06-11 03:00:00,27,97,7848.42,37.0,1.0
6,2025-06-11 04:00:00,32,102,9482.76,40.09375,1.0
6,2025-06-11 05:00:00,29,88,7932.79,37.0,1.0
6,2025-06-11 06:00:00,29,79,7103.57,37.93103448275862,1.0
6,2025-06-11 07:00:00,33,102,8255.710000000001,35.303030303030305,0.0
6,2025-06-11 08:00:00,24,77,6843.46,38.208333333333336,0.0
6,2025-06-11 09:00:00,22,67,5765.54,39.27272727272727,0.0
6,2025-06-11 10:00:00,26,81,6590.43,37.53846153846154,2.0
6,2025-06-11 11:00:00,24,62,5448.54,39.041666666666664,2.0
6,2025-06-11 12:00:00,28,81,6715.98,36.535714285714285,2.0
6,2025-06-11 13:00:00,24,74,6862.01,37.625,2.0
6,2025-06-11 14:00:00,41,130,12407.24,38.8780487804878,2.0
6,2025-06-11 15:00:00,22,76,6715.74,39.13636363636363,2.0
6,2025-06-11 16:00:00,26,78,7198.04,37.57692307692308,0.0
6,2025-06-11 17:00:00,22,73,7139.99,38.45454545454545,0.0
6,2025-06-11 18:00:00,27,79,6591.75,35.370370370370374,0.0
6,2025-06-11 19:00:00,25,74,6139.4,33.28,0.0
6,2025-06-11 20:00:00,40,123,11515.51,38.225,1.0
6,2025-06-11 21:00:00,33,101,8291.52,38.24242424242424,1.0
6,2025-06-11 22:00:00,21,60,5707.67,37.523809523809526,1.0
6,2025-06-11 23:00:00,31,93,7290.530000000001,36.483870967741936,1.0
6,2025-06-12 00:00:00,32,92,8253.38,35.8125,1.0
6,2025-06-12 01:00:00,37,114,10542.14,35.67567567567568,1.0
6,2025-06-12 02:00:00,30,87,8588.22,38.63333333333333,1.0
6,2025-06-12 03:00:00,29,99,9596.2,36.206896551724135,1.0
6,2025-06-12 04:00:00,29,79,7611.21,37.48275862068966,1.0
6,2025-06-12 05:00:00,27,83,8137.9800000000005,37.44444444444444,1.0
6,2025-06-12 06:00:00,25,74,6742.25,38.28,1.0
6,2025-06-12 07:00:00,26,76,7045.63,38.03846153846154,0.0
6,2025-06-12 08:00:00,25,75,6872.04,36.76,0.0
6,2025-06-12 09:00:00,27,84,7654.39,36.407407407407405,0.0
6,2025-06-12 10:00:00,35,108,8779.1,36.91428571428571,2.0
6,2025-06-12 11:00:00,33,94,8684.27,37.15151515151515,2.0
6,2025-06-12 12:00:00,27,83,8232.12,35.77777777777778,2.0
6,2025-06-12 13:00:00,26,70,5642.81,35.65384615384615,2.0
6,2025-06-12 14:00:00,23,69,6951.18,35.34782608695652,2.0
6,2025-06-12 15:00:00,30,84,7470.63,36.9,2.0
6,2025-06-12 16:00:00,31,102,9365.33,39.74193548387097,0.0
6,2025-06-12 17:00:00,24,68,6086.42,34.958333333333336,0.0
6,2025-06-12 18:00:00,30,80,7805.05,39.733333333333334,0.0
6,2025-06-12 19:00:00,11,31,2826.46,37.63636363636363,0.0
6,2025-06-12 20:00:00,37,120,10836.45,37.4054054054054,1.0
6,2025-06-12 21:00:00,42,121,11245.94,37.023809523809526,1.0
6,2025-06-12 22:00:00,29,79,7702.33,32.51724137931034,1.0
6,2025-06-12 23:00:00,26,73,7092.6,40.61538461538461,1.0
6,2025-06-13 00:00:00,23,71,5524.59,38.391304347826086,1.0
6,2025-06-13 01:00:00,27,92,9555.0,37.370370370370374,1.0
6,2025-06-13 02:00:00,25,70,5846.44,39.84,1.0
6,2025-06-13 03:00:00,23,77,7200.45,38.608695652173914,1.0
6,2025-06-13 04:00:00,36,102,8836.27,34.0,1.0
6,2025-06-13 05:00:00,39,106,8970.630000000001,37.48717948717949,1.0
6,2025-06-13 06:00:00,26,85,6957.18,37.19230769230769,1.0
6,2025-06-13 07:00:00,33,94,7917.36,36.18181818181818,0.0
6,2025-06-13 08:00:00,23,81,8128.97,37.21739130434783,0.0
6,2025-06-13 09:00:00,25,80,7676.28,33.6,0.0
6,2025-06-13 10:00:00,22,69,6786.6900000000005,40.72727272727273,2.0
6,2025-06-13 11:00:00,25,65,5554.46,38.48,2.0
6,2025-06-13 12:00:00,29,90,7314.16,35.827586206896555,2.0
6,2025-06-13 13:00:00,31,87,8143.42,38.45161290322581,2.0
6,2025-06-13 14:00:00,44,110,9284.35,36.88636363636363,2.0
6,2025-06-13 15:00:00,21,73,6962.86,34.80952380952381,2.0
6,2025-06-13 16:00:00,29,86,7936.07,39.206896551724135,0.0
6,2025-06-13 17:00:00,25,70,5699.77,37.96,0.0
6,2025-06-13 18:00:00,27,92,8534.15,37.44444444444444,0.0
6,2025-06-13 19:00:00,23,69,6158.389999999999,37.391304347826086,0.0
6,2025-06-13 20:00:00,29,96,9147.06,36.41379310344828,1.0
6,2025-06-13 21:00:00,21,61,5137.65,38.19047619047619,1.0
6,2025-06-13 22:00:00,26,69,5564.69,37.15384615384615,1.0
6,2025-06-13 23:00:00,25,78,6956.03,37.2,1.0
6,2025-06-14 00:00:00,27,75,6717.23,37.666666666666664,1.0
6,2025-06-14 01:00:00,24,80,6875.2300000000005,36.541666666666664,1.0
6,2025-06-14 02:00:00,33,92,7726.34,38.666666666666664,1.0
6,2025-06-14 03:00:00,25,67,4665.45,35.88,1.0
6,2025-06-14 04:00:00,32,105,9403.85,40.4375,1.0
6,2025-06-14 05:00:00,27,73,6126.42,35.407407407407405,1.0
6,2025-06-14 06:00:00,32,106,8962.73,36.3125,1.0
6,2025-06-14 07:00:00,27,81,6658.65,38.370370370370374,0.0
6,2025-06-14 08:00:00,22,75,7352.52,36.77272727272727,0.0
6,2025-06-14 09:00:00,26,75,5834.0599999999995,36.92307692307692,0.0
6,2025-06-14 10:00:00,34,95,8916.59,37.911764705882355,2.0
6,2025-06-14 11:00:00,27,80,7048.02,36.592592592592595,2.0
6,2025-06-14 12:00:00,31,76,6803.62,37.903225806451616,2.0
6,2025-06-14 13:00:00,20,60,5412.75,36.3,2.0
6,2025-06-14 14:00:00,29,73,6345.43,32.172413793103445,2.0
6,2025-06-14 15:00:00,35,99,9471.73,37.25714285714286,2.0
6,2025-06-14 16:00:00,28,82,8173.13,37.785714285714285,0.0
6,2025-06-14 17:00:00,28,88,7861.62,38.785714285714285,0.0
6,2025-06-14 18:00:00,29,81,6092.78,37.03448275862069,0.0
6,2025-06-14 19:00:00,21,68,6011.54,37.23809523809524,0.0
6,2025-06-14 20:00:00,26,71,6184.02,43.0,1.0
6,2025-06-14 21:00:00,23,68,5202.05,36.73913043478261,1.0
6,2025-06-14 22:00:00,25,73,7036.72,34.48,1.0
6,2025-06-14 23:00:00,30,73,6929.0599999999995,37.233333333333334,1.0
6,2025-06-15 00:00:00,43,119,9493.89,36.74418604651163,1.0
6,2025-06-15 01:00:00,27,81,7410.25,34.629629629629626,1.0
6,2025-06-15 02:00:00,21,58,5750.4400000000005,38.476190476190474,1.0
6,2025-06-15 03:00:00,17,52,5394.88,37.1764705882353,1.0
6,2025-06-15 04:00:00,31,81,7269.38,36.645161290322584,1.0
6,2025-06-15 05:00:00,30,82,6233.99,38.03333333333333,1.0
6,2025-06-15 06:00:00,24,77,7741.26,34.791666666666664,1.0
6,2025-06-15 07:00:00,25,77,7306.0599999999995,34.76,0.0
6,2025-06-15 08:00:00,26,79,7114.21,35.46153846153846,0.0
6,2025-06-15 09:00:00,34,104,9331.37,37.3235294117647,0.0
6,2025-06-15 10:00:00,34,110,9819.94,38.088235294117645,2.0
6,2025-06-15 11:00:00,28,73,5978.68,39.0,2.0
6,2025-06-15 12:00:00,34,102,7764.61,37.411764705882355,2.0
6,2025-06-15 13:00:00,21,60,5501.33,38.0,2.0
6,2025-06-15 14:00:00,28,79,6973.650000000001,35.17857142857143,2.0
6,2025-06-15 15:00:00,26,82,6413.61,38.61538461538461,2.0
6,2025-06-15 16:00:00,40,137,11554.17,38.525,0.0
6,2025-06-15 17:00:00,26,75,7545.68,35.76923076923077,0.0
6,2025-06-15 18:00:00,32,107,8688.06,35.96875,0.0
6,2025-06-15 19:00:00,27,79,7508.55,36.0,0.0
6,2025-06-15 20:00:00,30,97,9376.43,37.06666666666667,1.0
6,2025-06-15 21:00:00,26,86,8994.58,35.26923076923077,1.0
6,2025-06-15 22:00:00,24,80,7980.99,40.416666666666664,1.0
6,2025-06-15 23:00:00,18,65,6349.26,39.72222222222222,1.0
6,2025-06-16 00:00:00,30,82,6721.96,36.833333333333336,1.0
6,2025-06-16 01:00:00,27,67,5564.79,35.48148148148148,1.0
6,2025-06-16 02:00:00,23,64,5444.37,41.17391304347826,1.0
6,2025-06-16 03:00:00,36,113,10473.73,36.02777777777778,1.0
6,2025-06-16 04:00:00,33,95,8064.02,36.93939393939394,1.0
6,2025-06-16 05:00:00,29,83,7804.84,39.689655172413794,1.0
6,2025-06-16 06:00:00,26,78,5729.22,35.61538461538461,1.0
6,2025-06-16 07:00:00,25,78,7281.63,38.12,0.0
6,2025-06-16 08:00:00,24,72,6816.7,38.416666666666664,0.0
6,2025-06-16 09:00:00,38,108,9989.58,39.71052631578947,0.0
7,2025-06-01 10:00:00,24,70,6315.67,36.541666666666664,2.0
7,2025-06-01 11:00:00,27,80,6546.91,37.7037037037037,2.0
7,2025-06-01 12:00:00,20,65,5794.62,36.85,2.0
7,2025-06-01 13:00:00,22,61,5247.27,35.40909090909091,2.0
7,2025-06-01 14:00:00,14,41,3908.0,43.857142857142854,2.0
7,2025-06-01 15:00:00,20,64,6187.29,36.3,2.0
7,2025-06-01 16:00:00,15,44,4302.82,39.666666666666664,0.0
7,2025-06-01 17:00:00,21,59,5182.03,35.76190476190476,0.0
7,2025-06-01 18:00:00,21,61,5609.57,35.523809523809526,0.0
7,2025-06-01 19:00:00,22,62,5716.59,36.13636363636363,0.0
7,2025-06-01 20:00:00,14,46,4153.06,42.5,1.0
7,2025-06-01 21:00:00,22,74,6577.62,39.13636363636363,1.0
7,2025-06-01 22:00:00,15,36,3239.21,40.13333333333333,1.0
7,2025-06-01 23:00:00,17,54,4371.25,36.23529411764706,1.0
7,2025-06-02 00:00:00,19,51,4728.61,36.73684210526316,1.0
7,2025-06-02 01:00:00,27,89,7728.53,38.851851851851855,1.0
7,2025-06-02 02:00:00,18,55,5141.58,35.0,1.0
7,2025-06-02 03:00:00,12,26,2304.35,39.0,1.0
7,2025-06-02 04:00:00,21,63,5142.95,36.23809523809524,1.0
7,2025-06-02 05:00:00,8,22,1967.54,35.375,1.0
7,2025-06-02 06:00:00,24,71,7273.54,36.291666666666664,1.0
7,2025-06-02 07:00:00,26,73,6016.75,37.30769230769231,0.0
7,2025-06-02 08:00:00,14,43,3699.9300000000003,37.142857142857146,0.0
7,2025-06-02 09:00:00,20,61,5342.47,40.55,0.0
7,2025-06-02 10:00:00,27,78,7337.48,38.888888888888886,2.0
7,2025-06-02 11:00:00,18,54,4863.5599999999995,34.44444444444444,2.0
7,2025-06-02 12:00:00,26,83,8507.48,36.03846153846154,2.0
7,2025-06-02 13:00:00,18,57,4461.16,38.27777777777778,2.0
7,2025-06-02 14:00:00,23,70,6953.15,35.78260869565217,2.0
7,2025-06-02 15:00:00,18,46,4226.88,36.22222222222222,2.0
7,2025-06-02 16:00:00,17,54,5123.62,35.64705882352941,0.0
7,2025-06-02 17:00:00,18,48,4424.9800000000005,37.333333333333336,0.0
7,2025-06-02 18:00:00,15,44,4016.21,35.8,0.0
7,2025-06-02 19:00:00,20,60,5285.61,39.35,0.0
7,2025-06-02 20:00:00,15,46,4071.76,40.666666666666664,1.0
7,2025-06-02 21:00:00,22,67,6842.87,34.81818181818182,1.0
7,2025-06-02 22:00:00,17,50,5122.72,39.05882352941177,1.0
7,2025-06-02 23:00:00,16,37,3171.82,37.3125,1.0
7,2025-06-03 00:00:00,25,78,6323.11,39.08,1.0
7,2025-06-03 01:00:00,17,54,4909.18,38.411764705882355,1.0
7,2025-06-03 02:00:00,15,33,2787.98,40.46666666666667,1.0
7,2025-06-03 03:00:00,23,70,6845.03,40.130434782608695,1.0
7,2025-06-03 04:00:00,16,49,4975.58,37.9375,1.0
7,2025-06-03 05:00:00,14,42,3811.6000000000004,31.785714285714285,1.0
7,2025-06-03 06:00:00,18,54,5486.71,36.333333333333336,1.0
7,2025-06-03 07:00:00,17,39,3397.95,37.11764705882353,0.0
7,2025-06-03 08:00:00,13,40,3862.7400000000002,35.61538461538461,0.0
7,2025-06-03 09:00:00,15,40,3810.5,34.53333333333333,0.0
7,2025-06-03 10:00:00,19,68,6021.43,36.89473684210526,2.0
7,2025-06-03 11:00:00,20,60,5638.36,37.6,2.0
7,2025-06-03 12:00:00,22,66,5852.3099999999995,36.90909090909091,2.0
7,2025-06-03 13:00:00,17,52,5172.05,37.64705882352941,2.0
7,2025-06-03 14:00:00,20,59,4856.41,37.25,2.0
7,2025-06-03 15:00:00,19,57,5181.099999999999,34.73684210526316,2.0
7,2025-06-03 16:00:00,17,46,3897.32,39.88235294117647,0.0
7,2025-06-03 17:00:00,22,64,6555.46,36.54545454545455,0.0
7,2025-06-03 18:00:00,25,68,6393.26,39.64,0.0
7,2025-06-03 19:00:00,15,39,3475.34,38.733333333333334,0.0
7,2025-06-03 20:00:00,27,81,6664.3,36.81481481481482,1.0
7,2025-06-03 21:00:00,19,64,5392.96,35.578947368421055,1.0
7,2025-06-03 22:00:00,23,77,6142.65,36.04347826086956,1.0
7,2025-06-03 23:00:00,18,57,4056.32,31.444444444444443,1.0
7,2025-06-04 00:00:00,19,59,5549.63,35.0,1.0
7,2025-06-04 01:00:00,15,49,5186.1,36.8,1.0
7,2025-06-04 02:00:00,25,81,7745.61,36.36,1.0
7,2025-06-04 03:00:00,17,52,4943.49,41.294117647058826,1.0
7,2025-06-04 04:00:00,26,70,6773.14,38.07692307692308,1.0
7,2025-06-04 05:00:00,20,48,3835.42,36.45,1.0
7,2025-06-04 06:00:00,24,82,7516.32,41.041666666666664,1.0
7,2025-06-04 07:00:00,15,41,3880.71,34.06666666666667,0.0
7,2025-06-04 08:00:00,19,59,5118.51,36.421052631578945,0.0
7,2025-06-04 09:00:00,24,67,5942.14,36.166666666666664,0.0
7,2025-06-04 10:00:00,24,65,5281.92,37.083333333333336,2.0
7,2025-06-04 11:00:00,13,38,2778.19,37.76923076923077,2.0
7,2025-06-04 12:00:00,26,92,8434.19,37.03846153846154,2.0
7,2025-06-04 13:00:00,17,48,3767.59,39.705882352941174,2.0
7,2025-06-04 14:00:00,13,40,3607.38,37.53846153846154,2.0
7,2025-06-04 15:00:00,19,56,4604.11,37.36842105263158,2.0
7,2025-06-04 16:00:00,22,70,6779.56,36.81818181818182,0.0
7,2025-06-04 17:00:00,26,77,7038.29,38.57692307692308,0.0
7,2025-06-04 18:00:00,21,60,5412.12,42.0,0.0
7,2025-06-04 19:00:00,20,52,4451.63,38.65,0.0
7,2025-06-04 20:00:00,19,55,4545.85,39.8421052631579,1.0
7,2025-06-04 21:00:00,16,46,4532.36,37.0,1.0
7,2025-06-04 22:00:00,18,48,4001.31,36.77777777777778,1.0
7,2025-06-04 23:00:00,18,63,7415.3099999999995,35.5,1.0
7,2025-06-05 00:00:00,17,53,4059.6400000000003,37.470588235294116,1.0
7,2025-06-05 01:00:00,24,68,5510.3,40.75,1.0
7,2025-06-05 02:00:00,20,63,5734.43,36.8,1.0
7,2025-06-05 03:00:00,14,35,3321.9,37.5,1.0
7,2025-06-05 04:00:00,28,61,5568.63,37.785714285714285,1.0
7,2025-06-05 05:00:00,20,56,4790.31,37.05,1.0
7,2025-06-05 06:00:00,20,60,5324.26,35.7,1.0
7,2025-06-05 07:00:00,19,61,5631.19,40.05263157894737,0.0
7,2025-06-05 08:00:00,23,67,5808.05,38.91304347826087,0.0
7,2025-06-05 09:00:00,20,61,5755.15,39.35,0.0
7,2025-06-05 10:00:00,20,64,5421.34,39.85,2.0
7,2025-06-05 11:00:00,20,49,4412.95,36.45,2.0
7,2025-06-05 12:00:00,20,60,5654.37,36.6,2.0
7,2025-06-05 13:00:00,18,50,4175.28,42.111111111111114,2.0
7,2025-06-05 14:00:00,20,56,5248.16,40.15,2.0
7,2025-06-05 15:00:00,22,58,4789.66,35.86363636363637,2.0
7,2025-06-05 16:00:00,14,44,3334.43,35.357142857142854,0.0
7,2025-06-05 17:00:00,20,58,5694.32,38.45,0.0
7,2025-06-05 18:00:00,15,45,3508.4,36.46666666666667,0.0
7,2025-06-05 19:00:00,19,58,4803.0,36.94736842105263,0.0
7,2025-06-05 20:00:00,20,52,4705.22,38.95,1.0
7,2025-06-05 21:00:00,19,55,4472.53,39.68421052631579,1.0
7,2025-06-05 22:00:00,21,58,5395.77,37.0,1.0
7,2025-06-05 23:00:00,19,61,6097.35,39.21052631578947,1.0
7,2025-06-06 00:00:00,15,48,3976.42,34.06666666666667,1.0
7,2025-06-06 01:00:00,26,80,7672.23,36.65384615384615,1.0
7,2025-06-06 02:00:00,20,73,7000.89,37.1,1.0
7,2025-06-06 03:00:00,22,73,6771.19,39.27272727272727,1.0
7,2025-06-06 04:00:00,13,30,3087.52,31.0,1.0
7,2025-06-06 05:00:00,14,47,2950.5,37.214285714285715,1.0
7,2025-06-06 06:00:00,23,62,5229.5,37.65217391304348,1.0
7,2025-06-06 07:00:00,27,80,5974.21,39.2962962962963,0.0
7,2025-06-06 08:00:00,16,51,4602.34,38.4375,0.0
7,2025-06-06 09:00:00,23,64,5254.5199999999995,40.08695652173913,0.0
7,2025-06-06 10:00:00,20,59,5352.45,35.75,2.0
7,2025-06-06 11:00:00,14,31,2618.61,35.357142857142854,2.0
7,2025-06-06 12:00:00,15,37,2575.5299999999997,35.06666666666667,2.0
7,2025-06-06 13:00:00,10,32,2879.9,39.1,2.0
7,2025-06-06 14:00:00,21,58,4479.16,37.857142857142854,2.0
7,2025-06-06 15:00:00,27,95,8648.19,40.81481481481482,2.0
7,2025-06-06 16:00:00,19,54,4319.21,35.63157894736842,0.0
7,2025-06-06 17:00:00,18,46,3894.0099999999998,36.44444444444444,0.0
7,2025-06-06 18:00:00,21,59,6107.58,38.476190476190474,0.0
7,2025-06-06 19:00:00,10,31,3321.31,35.3,0.0
7,2025-06-06 20:00:00,26,78,7971.22,38.46153846153846,1.0
7,2025-06-06 21:00:00,18,50,4552.22,32.22222222222222,1.0
7,2025-06-06 22:00:00,24,74,6639.34,35.791666666666664,1.0
7,2025-06-06 23:00:00,18,50,4678.6,37.888888888888886,1.0
7,2025-06-07 00:00:00,16,53,5225.7300000000005,37.375,1.0
7,2025-06-07 01:00:00,17,57,5729.91,32.64705882352941,1.0
7,2025-06-07 02:00:00,23,55,4620.71,34.82608695652174,1.0
7,2025-06-07 03:00:00,18,54,4736.65,37.94444444444444,1.0
7,2025-06-07 04:00:00,25,71,6935.42,36.8,1.0
7,2025-06-07 05:00:00,19,47,4385.31,36.36842105263158,1.0
7,2025-06-07 06:00:00,20,51,4224.2300000000005,39.55,1.0
7,2025-06-07 07:00:00,17,51,4878.55,40.588235294117645,0.0
7,2025-06-07 08:00:00,15,57,4683.55,35.266666666666666,0.0
7,2025-06-07 09:00:00,18,49,4356.47,36.666666666666664,0.0
7,2025-06-07 10:00:00,17,52,4837.51,36.588235294117645,2.0
7,2025-06-07 11:00:00,19,51,3875.55,36.26315789473684,2.0
7,2025-06-07 12:00:00,17,53,5061.56,40.470588235294116,2.0
7,2025-06-07 13:00:00,16,45,4028.28,39.25,2.0
7,2025-06-07 14:00:00,14,45,4345.650000000001,37.714285714285715,2.0
7,2025-06-07 15:00:00,18,63,5679.63,36.72222222222222,2.0
7,2025-06-07 16:00:00,25,71,6936.46,37.68,0.0
7,2025-06-07 17:00:00,22,61,5764.29,38.04545454545455,0.0
7,2025-06-07 18:00:00,15,54,4516.12,39.0,0.0
7,2025-06-07 19:00:00,12,31,2960.33,42.25,0.0
7,2025-06-07 20:00:00,22,66,5915.21,36.5,1.0
7,2025-06-07 21:00:00,20,61,5701.86,39.1,1.0
7,2025-06-07 22:00:00,21,48,3469.36,36.523809523809526,1.0
7,2025-06-07 23:00:00,19,49,3839.6,37.68421052631579,1.0
7,2025-06-08 00:00:00,16,48,3789.5,36.375,1.0
7,2025-06-08 01:00:00,25,79,6396.04,37.76,1.0
7,2025-06-08 02:00:00,16,39,3952.82,42.3125,1.0
7,2025-06-08 03:00:00,21,70,6157.38,35.095238095238095,1.0
7,2025-06-08 04:00:00,19,58,6208.37,37.26315789473684,1.0
7,2025-06-08 05:00:00,22,78,7464.17,37.18181818181818,1.0
7,2025-06-08 06:00:00,22,65,6896.3,36.45454545454545,1.0
7,2025-06-08 07:00:00,19,58,4632.74,37.526315789473685,0.0
7,2025-06-08 08:00:00,23,61,5903.7,37.43478260869565,0.0
7,2025-06-08 09:00:00,13,48,4870.68,35.15384615384615,0.0
7,2025-06-08 10:00:00,22,66,5325.04,35.27272727272727,2.0
7,2025-06-08 11:00:00,19,62,5512.1,36.421052631578945,2.0
7,2025-06-08 12:00:00,20,50,4377.61,33.6,2.0
7,2025-06-08 13:00:00,21,62,5591.74,38.23809523809524,2.0
7,2025-06-08 14:00:00,30,95,8884.69,36.9,2.0
7,2025-06-08 15:00:00,15,47,4393.14,39.0,2.0
7,2025-06-08 16:00:00,25,67,6753.570000000001,37.12,0.0
7,2025-06-08 17:00:00,18,46,4192.04,38.833333333333336,0.0
7,2025-06-08 18:00:00,17,61,5510.11,34.76470588235294,0.0
7,2025-06-08 19:00:00,14,39,4027.31,38.07142857142857,0.0
7,2025-06-08 20:00:00,14,41,3408.8700000000003,35.642857142857146,1.0
7,2025-06-08 21:00:00,10,34,3510.1800000000003,37.3,1.0
7,2025-06-08 22:00:00,21,53,4846.35,38.61904761904762,1.0
7,2025-06-08 23:00:00,15,38,3743.88,37.333333333333336,1.0
7,2025-06-09 00:00:00,23,77,7721.95,40.391304347826086,1.0
7,2025-06-09 01:00:00,18,57,4677.23,37.77777777777778,1.0
7,2025-06-09 02:00:00,24,72,6423.89,36.416666666666664,1.0
7,2025-06-09 03:00:00,18,61,5830.65,37.22222222222222,1.0
7,2025-06-09 04:00:00,17,45,4565.54,36.1764705882353,1.0
7,2025-06-09 05:00:00,26,75,7220.5,39.11538461538461,1.0
7,2025-06-09 06:00:00,14,43,4175.22,36.214285714285715,1.0
7,2025-06-09 07:00:00,18,63,4836.66,36.77777777777778,0.0
7,2025-06-09 08:00:00,9,34,3226.9,34.55555555555556,0.0
7,2025-06-09 09:00:00,26,72,6892.2699999999995,41.65384615384615,0.0
7,2025-06-09 10:00:00,27,76,7335.16,39.074074074074076,2.0
7,2025-06-09 11:00:00,20,58,3861.52,35.45,2.0
7,2025-06-09 12:00:00,15,46,4047.4700000000003,35.2,2.0
7,2025-06-09 13:00:00,26,70,6747.51,35.88461538461539,2.0
7,2025-06-09 14:00:00,21,55,5514.65,36.38095238095238,2.0
7,2025-06-09 15:00:00,16,43,4647.32,38.5,2.0
7,2025-06-09 16:00:00,17,52,5006.99,35.705882352941174,0.0
7,2025-06-09 17:00:00,16,48,4804.79,39.5625,0.0
7,2025-06-09 18:00:00,18,52,4828.26,37.166666666666664,0.0
7,2025-06-09 19:00:00,23,77,7118.61,36.391304347826086,0.0
7,2025-06-09 20:00:00,26,71,7463.24,37.30769230769231,1.0
7,2025-06-09 21:00:00,15,50,4662.86,35.2,1.0
7,2025-06-09 22:00:00,14,35,3767.88,37.92857142857143,1.0
7,2025-06-09 23:00:00,20,62,5282.91,38.75,1.0
7,2025-06-10 00:00:00,14,40,4273.48,33.5,1.0
7,2025-06-10 01:00:00,22,66,6473.21,36.22727272727273,1.0
7,2025-06-10 02:00:00,13,43,3745.93,37.92307692307692,1.0
7,2025-06-10 03:00:00,20,68,5267.78,38.25,1.0
7,2025-06-10 04:00:00,15,53,5090.6,33.86666666666667,1.0
7,2025-06-10 05:00:00,18,47,4456.56,38.0,1.0
7,2025-06-10 06:00:00,9,20,1734.1299999999999,33.44444444444444,1.0
7,2025-06-10 07:00:00,24,74,6956.59,39.916666666666664,0.0
7,2025-06-10 08:00:00,19,58,5205.02,33.26315789473684,0.0
7,2025-06-10 09:00:00,15,38,3248.76,38.06666666666667,0.0
7,2025-06-10 10:00:00,21,61,5913.77,38.142857142857146,2.0
7,2025-06-10 11:00:00,20,49,4249.42,38.1,2.0
7,2025-06-10 12:00:00,34,108,9419.55,37.1764705882353,2.0
7,2025-06-10 13:00:00,18,50,4581.139999999999,37.27777777777778,2.0
7,2025-06-10 14:00:00,19,51,3437.39,37.0,2.0
7,2025-06-10 15:00:00,26,87,7608.33,37.61538461538461,2.0
7,2025-06-10 16:00:00,19,58,4332.59,36.94736842105263,0.0
7,2025-06-10 17:00:00,22,67,5601.33,35.5,0.0
7,2025-06-10 18:00:00,24,70,6621.26,37.75,0.0
7,2025-06-10 19:00:00,20,61,5139.65,36.7,0.0
7,2025-06-10 20:00:00,24,71,6507.49,36.083333333333336,1.0
7,2025-06-10 21:00:00,19,58,5064.2300000000005,36.10526315789474,1.0
7,2025-06-10 22:00:00,19,59,5480.96,37.63157894736842,1.0
7,2025-06-10 23:00:00,22,67,5504.89,40.45454545454545,1.0
7,2025-06-11 00:00:00,23,78,7788.14,40.26086956521739,1.0
7,2025-06-11 01:00:00,22,66,5373.57,38.72727272727273,1.0
7,2025-06-11 02:00:00,20,62,5117.62,40.9,1.0
7,2025-06-11 03:00:00,19,66,6565.02,35.31578947368421,1.0
7,2025-06-11 04:00:00,12,29,2659.93,38.5,1.0
7,2025-06-11 05:00:00,16,51,4708.8,40.9375,1.0
7,2025-06-11 06:00:00,19,65,5859.34,36.94736842105263,1.0
7,2025-06-11 07:00:00,20,68,7058.21,39.2,0.0
7,2025-06-11 08:00:00,12,35,3244.65,36.583333333333336,0.0
7,2025-06-11 09:00:00,17,58,5330.89,37.94117647058823,0.0
7,2025-06-11 10:00:00,17,57,5591.95,41.35294117647059,2.0
7,2025-06-11 11:00:00,16,48,5424.35,40.25,2.0
7,2025-06-11 12:00:00,17,44,4220.5,36.64705882352941,2.0
7,2025-06-11 13:00:00,16,52,4752.099999999999,41.5,2.0
7,2025-06-11 14:00:00,16,50,4034.31,37.3125,2.0
7,2025-06-11 15:00:00,27,89,8038.91,39.51851851851852,2.0
7,2025-06-11 16:00:00,16,60,5498.33,40.3125,0.0
7,2025-06-11 17:00:00,24,71,6503.17,34.083333333333336,0.0
7,2025-06-11 18:00:00,12,35,2805.37,39.75,0.0
7,2025-06-11 19:00:00,21,56,5249.68,37.0,0.0
7,2025-06-11 20:00:00,24,72,5547.07,37.125,1.0
7,2025-06-11 21:00:00,16,45,4230.88,39.4375,1.0
7,2025-06-11 22:00:00,26,71,5928.27,39.19230769230769,1.0
7,2025-06-11 23:00:00,24,76,5582.6900000000005,40.666666666666664,1.0
7,2025-06-12 00:00:00,17,50,4566.41,36.470588235294116,1.0
7,2025-06-12 01:00:00,14,40,3655.0099999999998,39.5,1.0
7,2025-06-12 02:00:00,14,40,3667.54,37.07142857142857,1.0
7,2025-06-12 03:00:00,24,71,5850.57,34.666666666666664,1.0
7,2025-06-12 04:00:00,22,67,5802.38,36.86363636363637,1.0
7,2025-06-12 05:00:00,15,45,4256.66,41.86666666666667,1.0
7,2025-06-12 06:00:00,13,39,3266.45,40.46153846153846,1.0
7,2025-06-12 07:00:00,14,39,3436.47,38.214285714285715,0.0
7,2025-06-12 08:00:00,19,65,5757.11,39.578947368421055,0.0
7,2025-06-12 09:00:00,17,47,3955.54,35.411764705882355,0.0
7,2025-06-12 10:00:00,16,64,5974.41,38.75,2.0
7,2025-06-12 11:00:00,14,47,4269.08,38.285714285714285,2.0
7,2025-06-12 12:00:00,26,77,6048.95,40.53846153846154,2.0
7,2025-06-12 13:00:00,18,52,4642.55,35.666666666666664,2.0
7,2025-06-12 14:00:00,16,53,4230.26,37.625,2.0
7,2025-06-12 15:00:00,26,68,6633.27,41.38461538461539,2.0
7,2025-06-12 16:00:00,23,76,7912.01,37.73913043478261,0.0
7,2025-06-12 17:00:00,19,61,6230.37,38.1578947368421,0.0
7,2025-06-12 18:00:00,17,44,4168.39,41.35294117647059,0.0
7,2025-06-12 19:00:00,9,23,2292.57,40.77777777777778,0.0
7,2025-06-12 20:00:00,16,48,4761.2300000000005,37.75,1.0
7,2025-06-12 21:00:00,18,60,5785.280000000001,34.111111111111114,1.0
7,2025-06-12 22:00:00,18,50,5543.36,36.0,1.0
7,2025-06-12 23:00:00,31,83,7814.16,38.32258064516129,1.0
7,2025-06-13 00:00:00,23,58,5445.05,34.869565217391305,1.0
7,2025-06-13 01:00:00,12,29,2249.0,37.666666666666664,1.0
7,2025-06-13 02:00:00,27,70,5592.360000000001,36.2962962962963,1.0
7,2025-06-13 03:00:00,20,63,5591.94,39.7,1.0
7,2025-06-13 04:00:00,23,64,6578.2,35.26086956521739,1.0
7,2025-06-13 05:00:00,20,60,4970.45,42.15,1.0
7,2025-06-13 06:00:00,22,76,6625.0599999999995,37.54545454545455,1.0
7,2025-06-13 07:00:00,18,60,5564.63,36.5,0.0
7,2025-06-13 08:00:00,18,62,5590.570000000001,36.333333333333336,0.0
7,2025-06-13 09:00:00,19,64,4836.7300000000005,35.36842105263158,0.0
7,2025-06-13 10:00:00,16,47,4298.99,39.1875,2.0
7,2025-06-13 11:00:00,23,60,6199.41,41.17391304347826,2.0
7,2025-06-13 12:00:00,26,84,7082.46,35.34615384615385,2.0
7,2025-06-13 13:00:00,11,37,3673.06,41.45454545454545,2.0
7,2025-06-13 14:00:00,25,63,5901.62,35.36,2.0
7,2025-06-13 15:00:00,17,54,4535.94,39.1764705882353,2.0
7,2025-06-13 16:00:00,21,57,5150.34,35.333333333333336,0.0
7,2025-06-13 17:00:00,16,54,5184.24,40.1875,0.0
7,2025-06-13 18:00:00,26,74,5868.21,37.15384615384615,0.0
7,2025-06-13 19:00:00,17,56,5715.8,38.05882352941177,0.0
7,2025-06-13 20:00:00,24,63,6320.17,38.708333333333336,1.0
7,2025-06-13 21:00:00,18,50,4904.12,38.611111111111114,1.0
7,2025-06-13 22:00:00,17,56,5211.83,36.529411764705884,1.0
7,2025-06-13 23:00:00,16,44,3693.45,37.4375,1.0
7,2025-06-14 00:00:00,14,35,3048.2200000000003,37.714285714285715,1.0
7,2025-06-14 01:00:00,17,54,6253.03,35.88235294117647,1.0
7,2025-06-14 02:00:00,17,66,6253.48,40.470588235294116,1.0
7,2025-06-14 03:00:00,20,49,4486.37,36.0,1.0
7,2025-06-14 04:00:00,22,70,6680.87,34.09090909090909,1.0
7,2025-06-14 05:00:00,26,72,6632.17,36.84615384615385,1.0
7,2025-06-14 06:00:00,29,79,8342.93,40.55172413793103,1.0
7,2025-06-14 07:00:00,21,69,5660.13,35.0,0.0
7,2025-06-14 08:00:00,16,42,3481.63,39.3125,0.0
7,2025-06-14 09:00:00,14,46,3838.2400000000002,43.42857142857143,0.0
7,2025-06-14 10:00:00,19,52,4843.56,38.89473684210526,2.0
7,2025-06-14 11:00:00,21,52,5208.15,38.523809523809526,2.0
7,2025-06-14 12:00:00,12,37,3633.31,36.5,2.0
7,2025-06-14 13:00:00,15,44,4674.66,38.06666666666667,2.0
7,2025-06-14 14:00:00,20,65,6071.08,39.8,2.0
7,2025-06-14 15:00:00,13,45,4370.74,41.38461538461539,2.0
7,2025-06-14 16:00:00,23,78,6967.15,40.391304347826086,0.0
7,2025-06-14 17:00:00,18,59,5572.96,40.666666666666664,0.0
7,2025-06-14 18:00:00,21,66,5029.7,37.666666666666664,0.0
7,2025-06-14 19:00:00,17,63,6118.38,40.529411764705884,0.0
7,2025-06-14 20:00:00,7,23,2353.88,39.42857142857143,1.0
7,2025-06-14 21:00:00,22,66,5933.43,41.0,1.0
7,2025-06-14 22:00:00,20,65,5314.11,34.1,1.0
7,2025-06-14 23:00:00,12,42,4144.13,40.25,1.0
7,2025-06-15 00:00:00,16,60,5330.57,34.5625,1.0
7,2025-06-15 01:00:00,14,36,4007.61,41.42857142857143,1.0
7,2025-06-15 02:00:00,20,57,5566.31,34.3,1.0
7,2025-06-15 03:00:00,15,38,3296.9300000000003,34.2,1.0
7,2025-06-15 04:00:00,13,36,3296.6800000000003,37.92307692307692,1.0
7,2025-06-15 05:00:00,25,67,5558.85,39.4,1.0
7,2025-06-15 06:00:00,24,65,6867.59,39.541666666666664,1.0
7,2025-06-15 07:00:00,27,95,8641.36,35.48148148148148,0.0
7,2025-06-15 08:00:00,20,57,4770.6,37.1,0.0
7,2025-06-15 09:00:00,26,84,6926.0,34.73076923076923,0.0
7,2025-06-15 10:00:00,11,30,2924.46,42.45454545454545,2.0
7,2025-06-15 11:00:00,21,62,5038.150000000001,39.23809523809524,2.0
7,2025-06-15 12:00:00,19,54,4258.0,37.94736842105263,2.0
7,2025-06-15 13:00:00,26,81,6907.79,36.73076923076923,2.0
7,2025-06-15 14:00:00,25,67,4999.89,37.08,2.0
7,2025-06-15 15:00:00,12,42,3022.7,32.166666666666664,2.0
7,2025-06-15 16:00:00,19,66,5583.73,37.36842105263158,0.0
7,2025-06-15 17:00:00,20,48,4327.55,37.85,0.0
7,2025-06-15 18:00:00,16,40,3678.39,36.625,0.0
7,2025-06-15 19:00:00,21,71,6863.17,37.904761904761905,0.0
7,2025-06-15 20:00:00,15,40,3180.06,33.86666666666667,1.0
7,2025-06-15 21:00:00,23,71,6667.28,42.08695652173913,1.0
7,2025-06-15 22:00:00,17,45,4171.83,35.23529411764706,1.0
7,2025-06-15 23:00:00,27,82,7554.08,33.96296296296296,1.0
7,2025-06-16 00:00:00,22,78,6546.46,34.31818181818182,1.0
7,2025-06-16 01:00:00,23,61,5078.99,38.43478260869565,1.0
7,2025-06-16 02:00:00,20,68,5817.22,36.95,1.0
7,2025-06-16 03:00:00,17,56,5059.81,37.705882352941174,1.0
7,2025-06-16 04:00:00,13,38,2638.87,38.53846153846154,1.0
7,2025-06-16 05:00:00,22,55,5204.19,35.0,1.0
7,2025-06-16 06:00:00,22,71,5672.46,38.18181818181818,1.0
7,2025-06-16 07:00:00,16,57,6223.87,34.0625,0.0
7,2025-06-16 08:00:00,21,66,5471.92,39.42857142857143,0.0
7,2025-06-16 09:00:00,21,60,5508.25,33.904761904761905,0.0
8,2025-06-01 10:00:00,20,69,6065.43,38.55,2.0
8,2025-06-01 11:00:00,22,60,5567.5199999999995,41.63636363636363,2.0
8,2025-06-01 12:00:00,20,58,5755.7,39.6,2.0
8,2025-06-01 13:00:00,19,68,6877.57,37.68421052631579,2.0
8,2025-06-01 14:00:00,18,64,5712.16,39.05555555555556,2.0
8,2025-06-01 15:00:00,21,62,5315.79,36.714285714285715,2.0
8,2025-06-01 16:00:00,16,40,3268.38,40.8125,0.0
8,2025-06-01 17:00:00,18,44,4792.76,37.666666666666664,0.0
8,2025-06-01 18:00:00,16,61,5939.03,37.0,0.0
8,2025-06-01 19:00:00,13,43,3652.13,33.61538461538461,0.0
8,2025-06-01 20:00:00,15,40,3008.45,37.666666666666664,1.0
8,2025-06-01 21:00:00,15,35,3554.2000000000003,39.733333333333334,1.0
8,2025-06-01 22:00:00,12,47,3889.16,38.166666666666664,1.0
8,2025-06-01 23:00:00,17,49,4430.34,39.8235294117647,1.0
8,2025-06-02 00:00:00,19,55,5448.33,39.0,1.0
8,2025-06-02 01:00:00,15,53,4533.55,36.86666666666667,1.0
8,2025-06-02 02:00:00,20,55,5599.01,35.5,1.0
8,2025-06-02 03:00:00,19,69,7158.06,39.0,1.0
8,2025-06-02 04:00:00,12,39,3784.06,37.25,1.0
8,2025-06-02 05:00:00,23,72,6387.03,29.91304347826087,1.0
8,2025-06-02 06:00:00,15,54,4949.88,40.4,1.0
8,2025-06-02 07:00:00,19,53,5098.88,41.36842105263158,0.0
8,2025-06-02 08:00:00,22,73,6516.2,35.77272727272727,0.0
8,2025-06-02 09:00:00,13,40,3358.08,31.692307692307693,0.0
8,2025-06-02 10:00:00,22,58,5403.18,37.5,2.0
8,2025-06-02 11:00:00,20,57,4986.1,38.05,2.0
8,2025-06-02 12:00:00,24,67,5139.05,35.5,2.0
8,2025-06-02 13:00:00,26,92,8286.76,37.65384615384615,2.0
8,2025-06-02 14:00:00,21,63,5423.69,38.904761904761905,2.0
8,2025-06-02 15:00:00,19,50,3791.43,40.68421052631579,2.0
8,2025-06-02 16:00:00,15,48,4777.72,33.93333333333333,0.0
8,2025-06-02 17:00:00,22,54,5228.59,37.31818181818182,0.0
8,2025-06-02 18:00:00,12,28,2148.42,32.833333333333336,0.0
8,2025-06-02 19:00:00,18,52,3960.38,38.72222222222222,0.0
8,2025-06-02 20:00:00,20,57,4342.47,33.4,1.0
8,2025-06-02 21:00:00,24,82,6054.71,34.416666666666664,1.0
8,2025-06-02 22:00:00,21,86,8379.42,38.666666666666664,1.0
8,2025-06-02 23:00:00,21,60,4442.35,32.95238095238095,1.0
8,2025-06-03 00:00:00,22,67,6643.82,35.90909090909091,1.0
8,2025-06-03 01:00:00,11,37,2986.2799999999997,37.18181818181818,1.0
8,2025-06-03 02:00:00,25,72,6400.26,36.44,1.0
8,2025-06-03 03:00:00,19,61,5208.9,36.1578947368421,1.0
8,2025-06-03 04:00:00,13,39,3466.95,40.07692307692308,1.0
8,2025-06-03 05:00:00,18,52,4059.31,32.55555555555556,1.0
8,2025-06-03 06:00:00,22,66,6319.01,38.45454545454545,1.0
8,2025-06-03 07:00:00,26,59,4422.51,36.76923076923077,0.0
8,2025-06-03 08:00:00,22,59,5453.08,40.90909090909091,0.0
8,2025-06-03 09:00:00,21,60,5193.67,37.857142857142854,0.0
8,2025-06-03 10:00:00,14,41,3433.12,43.214285714285715,2.0
8,2025-06-03 11:00:00,17,43,3756.95,38.411764705882355,2.0
8,2025-06-03 12:00:00,17,57,5091.0,36.76470588235294,2.0
8,2025-06-03 13:00:00,16,53,3709.76,41.5625,2.0
8,2025-06-03 14:00:00,15,56,5211.61,37.733333333333334,2.0
8,2025-06-03 15:00:00,15,50,3642.61,38.13333333333333,2.0
8,2025-06-03 16:00:00,21,58,5634.26,36.857142857142854,0.0
8,2025-06-03 17:00:00,12,39,3267.7,34.666666666666664,0.0
8,2025-06-03 18:00:00,24,78,5958.2,37.041666666666664,0.0
8,2025-06-03 19:00:00,22,58,5844.14,35.90909090909091,0.0
8,2025-06-03 20:00:00,13,43,4406.46,37.38461538461539,1.0
8,2025-06-03 21:00:00,17,44,4102.02,38.76470588235294,1.0
8,2025-06-03 22:00:00,16,53,5424.9400000000005,37.25,1.0
8,2025-06-03 23:00:00,17,48,4205.47,36.294117647058826,1.0
8,2025-06-04 00:00:00,15,36,2798.23,37.06666666666667,1.0
8,2025-06-04 01:00:00,18,65,5190.06,39.666666666666664,1.0
8,2025-06-04 02:00:00,15,42,4273.76,39.13333333333333,1.0
8,2025-06-04 03:00:00,24,73,6302.39,37.625,1.0
8,2025-06-04 04:00:00,19,44,4144.02,34.21052631578947,1.0
8,2025-06-04 05:00:00,22,75,6443.35,36.45454545454545,1.0
8,2025-06-04 06:00:00,18,46,4274.14,34.0,1.0
8,2025-06-04 07:00:00,24,69,5985.889999999999,41.083333333333336,0.0
8,2025-06-04 08:00:00,26,82,8174.52,37.92307692307692,0.0
8,2025-06-04 09:00:00,21,62,6031.12,35.904761904761905,0.0
8,2025-06-04 10:00:00,18,48,3982.05,37.77777777777778,2.0
8,2025-06-04 11:00:00,32,106,8901.29,38.4375,2.0
8,2025-06-04 12:00:00,18,61,6148.37,36.611111111111114,2.0
8,2025-06-04 13:00:00,25,78,6854.38,37.4,2.0
8,2025-06-04 14:00:00,21,62,5914.73,34.857142857142854,2.0
8,2025-06-04 15:00:00,11,23,1841.92,38.18181818181818,2.0
8,2025-06-04 16:00:00,19,60,5785.22,39.94736842105263,0.0
8,2025-06-04 17:00:00,22,64,5781.0,38.5,0.0
8,2025-06-04 18:00:00,14,42,3333.54,36.214285714285715,0.0
8,2025-06-04 19:00:00,13,36,3264.08,37.30769230769231,0.0
8,2025-06-04 20:00:00,17,52,4634.71,40.294117647058826,1.0
8,2025-06-04 21:00:00,18,49,4956.68,40.77777777777778,1.0
8,2025-06-04 22:00:00,18,56,4843.07,40.833333333333336,1.0
8,2025-06-04 23:00:00,22,77,7510.11,37.54545454545455,1.0
8,2025-06-05 00:00:00,15,50,3854.44,35.93333333333333,1.0
8,2025-06-05 01:00:00,12,37,3505.02,39.5,1.0
8,2025-06-05 02:00:00,19,45,3832.66,36.8421052631579,1.0
8,2025-06-05 03:00:00,21,66,5756.92,38.095238095238095,1.0
8,2025-06-05 04:00:00,24,68,6326.38,38.416666666666664,1.0
8,2025-06-05 05:00:00,14,46,3880.05,37.0,1.0
8,2025-06-05 06:00:00,13,38,3396.99,37.07692307692308,1.0
8,2025-06-05 07:00:00,14,36,3771.09,40.214285714285715,0.0
8,2025-06-05 08:00:00,16,51,4302.110000000001,40.375,0.0
8,2025-06-05 09:00:00,13,35,2801.12,35.30769230769231,0.0
8,2025-06-05 10:00:00,18,51,5262.9,37.333333333333336,2.0
8,2025-06-05 11:00:00,27,94,8856.789999999999,34.592592592592595,2.0
8,2025-06-05 12:00:00,12,40,4019.36,31.166666666666668,2.0
8,2025-06-05 13:00:00,13,35,3478.31,40.46153846153846,2.0
8,2025-06-05 14:00:00,20,56,5249.36,34.85,2.0
8,2025-06-05 15:00:00,15,46,4363.5,36.333333333333336,2.0
8,2025-06-05 16:00:00,25,75,6476.01,37.48,0.0
8,2025-06-05 17:00:00,19,61,6169.58,39.73684210526316,0.0
8,2025-06-05 18:00:00,19,57,5246.2699999999995,36.473684210526315,0.0
8,2025-06-05 19:00:00,22,65,6048.54,35.04545454545455,0.0
8,2025-06-05 20:00:00,18,51,4808.16,38.333333333333336,1.0
8,2025-06-05 21:00:00,24,77,6514.65,35.166666666666664,1.0
8,2025-06-05 22:00:00,14,39,3011.86,36.5,1.0
8,2025-06-05 23:00:00,18,53,5718.94,35.05555555555556,1.0
8,2025-06-06 00:00:00,13,46,3867.25,33.69230769230769,1.0
8,2025-06-06 01:00:00,25,83,7472.83,37.04,1.0
8,2025-06-06 02:00:00,16,48,3811.92,38.875,1.0
8,2025-06-06 03:00:00,21,65,5809.900000000001,35.285714285714285,1.0
8,2025-06-06 04:00:00,19,66,6117.360000000001,35.421052631578945,1.0
8,2025-06-06 05:00:00,26,78,5869.94,40.15384615384615,1.0
8,2025-06-06 06:00:00,14,44,4115.04,39.214285714285715,1.0
8,2025-06-06 07:00:00,27,84,6584.5199999999995,37.629629629629626,0.0
8,2025-06-06 08:00:00,27,82,7511.320000000001,36.51851851851852,0.0
8,2025-06-06 09:00:00,20,58,5990.7300000000005,35.0,0.0
8,2025-06-06 10:00:00,25,77,6175.12,34.0,2.0
8,2025-06-06 11:00:00,18,54,3825.69,36.888888888888886,2.0
8,2025-06-06 12:00:00,16,47,3907.79,36.8125,2.0
8,2025-06-06 13:00:00,21,69,6505.18,38.857142857142854,2.0
8,2025-06-06 14:00:00,16,45,3892.4,33.1875,2.0
8,2025-06-06 15:00:00,21,55,6040.2,37.38095238095238,2.0
8,2025-06-06 16:00:00,16,52,4264.57,37.0,0.0
8,2025-06-06 17:00:00,18,61,4724.12,37.611111111111114,0.0
8,2025-06-06 18:00:00,20,52,4634.79,35.55,0.0
8,2025-06-06 19:00:00,16,44,3658.34,41.1875,0.0
8,2025-06-06 20:00:00,14,30,2759.8900000000003,36.142857142857146,1.0
8,2025-06-06 21:00:00,14,40,3484.27,37.92857142857143,1.0
8,2025-06-06 22:00:00,16,44,3571.87,40.0,1.0
8,2025-06-06 23:00:00,17,47,3842.88,36.411764705882355,1.0
8,2025-06-07 00:00:00,13,48,4104.79,36.92307692307692,1.0
8,2025-06-07 01:00:00,23,63,5188.53,38.73913043478261,1.0
8,2025-06-07 02:00:00,22,64,4919.3,37.45454545454545,1.0
8,2025-06-07 03:00:00,23,66,6787.34,41.65217391304348,1.0
8,2025-06-07 04:00:00,18,50,4242.78,40.55555555555556,1.0
8,2025-06-07 05:00:00,20,65,4974.72,34.95,1.0
8,2025-06-07 06:00:00,25,82,7204.28,36.48,1.0
8,2025-06-07 07:00:00,18,54,4671.650000000001,38.44444444444444,0.0
8,2025-06-07 08:00:00,16,53,3401.07,39.6875,0.0
8,2025-06-07 09:00:00,16,52,4340.200000000001,35.75,0.0
8,2025-06-07 10:00:00,21,49,5108.7300000000005,38.333333333333336,2.0
8,2025-06-07 11:00:00,24,75,6609.2,39.75,2.0
8,2025-06-07 12:00:00,22,58,6356.13,39.72727272727273,2.0
8,2025-06-07 13:00:00,26,84,6761.89,37.57692307692308,2.0
8,2025-06-07 14:00:00,20,73,6840.2,40.65,2.0
8,2025-06-07 15:00:00,31,102,7809.05,42.38709677419355,2.0
8,2025-06-07 16:00:00,16,54,4969.66,34.375,0.0
8,2025-06-07 17:00:00,18,52,4572.98,35.111111111111114,0.0
8,2025-06-07 18:00:00,21,62,5621.09,41.095238095238095,0.0
8,2025-06-07 19:00:00,23,73,6256.75,38.21739130434783,0.0
8,2025-06-07 20:00:00,22,59,4957.43,37.40909090909091,1.0
8,2025-06-07 21:00:00,16,59,4832.79,35.375,1.0
8,2025-06-07 22:00:00,19,57,5844.12,40.05263157894737,1.0
8,2025-06-07 23:00:00,25,69,7293.65,36.92,1.0
8,2025-06-08 00:00:00,16,39,3965.59,39.8125,1.0
8,2025-06-08 01:00:00,25,65,6157.93,38.08,1.0
8,2025-06-08 02:00:00,20,58,4975.36,35.9,1.0
8,2025-06-08 03:00:00,21,71,6646.53,38.0,1.0
8,2025-06-08 04:00:00,18,55,5053.46,38.22222222222222,1.0
8,2025-06-08 05:00:00,18,59,6429.1,41.0,1.0
8,2025-06-08 06:00:00,20,57,5257.8,39.55,1.0
8,2025-06-08 07:00:00,15,40,2804.39,36.266666666666666,0.0
8,2025-06-08 08:00:00,18,45,3982.78,34.55555555555556,0.0
8,2025-06-08 09:00:00,9,31,1998.68,36.666666666666664,0.0
8,2025-06-08 10:00:00,22,62,5309.59,34.90909090909091,2.0
8,2025-06-08 11:00:00,18,54,4703.97,34.55555555555556,2.0
8,2025-06-08 12:00:00,19,59,5238.41,40.526315789473685,2.0
8,2025-06-08 13:00:00,20,53,3800.07,35.85,2.0
8,2025-06-08 14:00:00,17,46,4180.46,36.588235294117645,2.0
8,2025-06-08 15:00:00,20,71,6493.82,38.85,2.0
8,2025-06-08 16:00:00,28,78,7019.74,35.714285714285715,0.0
8,2025-06-08 17:00:00,21,65,6397.85,36.714285714285715,0.0
8,2025-06-08 18:00:00,18,51,4067.91,38.666666666666664,0.0
8,2025-06-08 19:00:00,18,48,3867.9100000000003,38.833333333333336,0.0
8,2025-06-08 20:00:00,15,34,3275.17,40.4,1.0
8,2025-06-08 21:00:00,14,44,3697.11,38.714285714285715,1.0
8,2025-06-08 22:00:00,15,44,3880.28,37.6,1.0
8,2025-06-08 23:00:00,21,67,5725.37,39.0,1.0
8,2025-06-09 00:00:00,31,95,9058.65,41.903225806451616,1.0
8,2025-06-09 01:00:00,18,52,4151.62,37.611111111111114,1.0
8,2025-06-09 02:00:00,19,60,5210.74,39.21052631578947,1.0
8,2025-06-09 03:00:00,14,36,3746.23,32.214285714285715,1.0
8,2025-06-09 04:00:00,19,58,6745.73,36.36842105263158,1.0
8,2025-06-09 05:00:00,12,39,3557.45,37.583333333333336,1.0
8,2025-06-09 06:00:00,17,41,4005.23,40.23529411764706,1.0
8,2025-06-09 07:00:00,26,90,7347.81,37.96153846153846,0.0
8,2025-06-09 08:00:00,17,53,3470.46,37.588235294117645,0.0
8,2025-06-09 09:00:00,15,45,4125.23,38.666666666666664,0.0
8,2025-06-09 10:00:00,14,40,3900.34,38.07142857142857,2.0
8,2025-06-09 11:00:00,24,73,7543.83,38.916666666666664,2.0
8,2025-06-09 12:00:00,22,62,4936.8,37.95454545454545,2.0
8,2025-06-09 13:00:00,14,46,3459.54,38.92857142857143,2.0
8,2025-06-09 14:00:00,19,57,5554.15,39.0,2.0
8,2025-06-09 15:00:00,12,34,3101.06,36.833333333333336,2.0
8,2025-06-09 16:00:00,18,56,4837.75,35.94444444444444,0.0
8,2025-06-09 17:00:00,14,36,2831.36,35.92857142857143,0.0
8,2025-06-09 18:00:00,13,38,3406.6,36.46153846153846,0.0
8,2025-06-09 19:00:00,27,84,7730.89,39.44444444444444,0.0
8,2025-06-09 20:00:00,28,71,6395.41,40.214285714285715,1.0
8,2025-06-09 21:00:00,21,64,5175.62,40.42857142857143,1.0
8,2025-06-09 22:00:00,10,33,3135.3199999999997,32.7,1.0
8,2025-06-09 23:00:00,17,47,3432.96,36.529411764705884,1.0
8,2025-06-10 00:00:00,17,45,4148.47,42.35294117647059,1.0
8,2025-06-10 01:00:00,20,55,5221.18,38.7,1.0
8,2025-06-10 02:00:00,22,64,6090.13,39.18181818181818,1.0
8,2025-06-10 03:00:00,21,79,6368.93,38.57142857142857,1.0
8,2025-06-10 04:00:00,26,77,6906.91,34.88461538461539,1.0
8,2025-06-10 05:00:00,20,52,4889.49,36.85,1.0
8,2025-06-10 06:00:00,11,32,2987.1099999999997,41.0,1.0
8,2025-06-10 07:00:00,17,52,5165.22,38.0,0.0
8,2025-06-10 08:00:00,13,39,3792.48,36.92307692307692,0.0
8,2025-06-10 09:00:00,17,52,4962.08,34.0,0.0
8,2025-06-10 10:00:00,16,51,4992.04,37.9375,2.0
8,2025-06-10 11:00:00,33,90,8430.08,34.24242424242424,2.0
8,2025-06-10 12:00:00,17,60,5295.3,40.76470588235294,2.0
8,2025-06-10 13:00:00,16,49,4794.7,35.1875,2.0
8,2025-06-10 14:00:00,11,29,2520.84,35.09090909090909,2.0
8,2025-06-10 15:00:00,11,42,3235.11,37.81818181818182,2.0
8,2025-06-10 16:00:00,20,61,5602.7699999999995,39.3,0.0
8,2025-06-10 17:00:00,18,58,5265.62,36.27777777777778,0.0
8,2025-06-10 18:00:00,21,58,4667.65,37.80952380952381,0.0
8,2025-06-10 19:00:00,20,64,5737.73,38.15,0.0
8,2025-06-10 20:00:00,15,33,2451.85,37.06666666666667,1.0
8,2025-06-10 21:00:00,27,85,7423.280000000001,32.851851851851855,1.0
8,2025-06-10 22:00:00,19,55,5147.78,40.1578947368421,1.0
8,2025-06-10 23:00:00,19,57,5259.72,42.21052631578947,1.0
8,2025-06-11 00:00:00,17,45,3376.64,40.35294117647059,1.0
8,2025-06-11 01:00:00,18,46,4175.47,35.333333333333336,1.0
8,2025-06-11 02:00:00,18,55,4520.38,42.22222222222222,1.0
8,2025-06-11 03:00:00,16,45,3754.63,34.25,1.0
8,2025-06-11 04:00:00,18,56,5076.17,39.833333333333336,1.0
8,2025-06-11 05:00:00,25,80,6786.05,36.64,1.0
8,2025-06-11 06:00:00,20,63,6207.42,32.85,1.0
8,2025-06-11 07:00:00,22,64,5822.01,37.63636363636363,0.0
8,2025-06-11 08:00:00,17,47,4185.29,39.11764705882353,0.0
8,2025-06-11 09:00:00,16,50,4330.69,39.4375,0.0
8,2025-06-11 10:00:00,23,87,8206.039999999999,36.56521739130435,2.0
8,2025-06-11 11:00:00,20,63,5767.6,36.25,2.0
8,2025-06-11 12:00:00,14,50,4614.38,34.714285714285715,2.0
8,2025-06-11 13:00:00,19,63,4981.59,41.78947368421053,2.0
8,2025-06-11 14:00:00,17,59,5826.23,36.0,2.0
8,2025-06-11 15:00:00,14,45,3918.89,37.142857142857146,2.0
8,2025-06-11 16:00:00,18,59,5926.0,33.666666666666664,0.0
8,2025-06-11 17:00:00,18,46,3822.29,38.72222222222222,0.0
8,2025-06-11 18:00:00,21,68,6143.06,32.523809523809526,0.0
8,2025-06-11 19:00:00,19,49,4702.0,40.63157894736842,0.0
8,2025-06-11 20:00:00,15,37,3748.35,39.93333333333333,1.0
8,2025-06-11 21:00:00,18,60,5166.08,40.27777777777778,1.0
8,2025-06-11 22:00:00,26,81,7448.38,37.34615384615385,1.0
8,2025-06-11 23:00:00,20,54,5079.8,34.2,1.0
8,2025-06-12 00:00:00,14,38,3406.34,33.0,1.0
8,2025-06-12 01:00:00,30,105,10461.28,38.36666666666667,1.0
8,2025-06-12 02:00:00,22,63,5402.400000000001,38.86363636363637,1.0
8,2025-06-12 03:00:00,12,32,3339.86,40.583333333333336,1.0
8,2025-06-12 04:00:00,14,34,2789.07,36.285714285714285,1.0
8,2025-06-12 05:00:00,24,61,5165.86,37.041666666666664,1.0
8,2025-06-12 06:00:00,20,56,5239.18,35.8,1.0
8,2025-06-12 07:00:00,20,58,4924.43,37.0,0.0
8,2025-06-12 08:00:00,16,40,2942.38,38.0,0.0
8,2025-06-12 09:00:00,22,64,6299.83,37.13636363636363,0.0
8,2025-06-12 10:00:00,18,55,5234.88,35.77777777777778,2.0
8,2025-06-12 11:00:00,23,72,6789.79,39.52173913043478,2.0
8,2025-06-12 12:00:00,17,42,4144.69,38.64705882352941,2.0
8,2025-06-12 13:00:00,23,72,6598.99,35.65217391304348,2.0
8,2025-06-12 14:00:00,11,34,2792.0299999999997,37.81818181818182,2.0
8,2025-06-12 15:00:00,29,92,8152.42,37.689655172413794,2.0
8,2025-06-12 16:00:00,27,78,5685.75,32.25925925925926,0.0
8,2025-06-12 17:00:00,20,58,6179.1,35.35,0.0
8,2025-06-12 18:00:00,22,55,4613.14,36.04545454545455,0.0
8,2025-06-12 19:00:00,18,50,4415.7,38.05555555555556,0.0
8,2025-06-12 20:00:00,12,30,2729.76,41.75,1.0
8,2025-06-12 21:00:00,23,65,5665.61,38.52173913043478,1.0
8,2025-06-12 22:00:00,18,42,3733.94,35.833333333333336,1.0
8,2025-06-12 23:00:00,15,48,5034.49,39.333333333333336,1.0
8,2025-06-13 00:00:00,21,54,4310.27,37.523809523809526,1.0
8,2025-06-13 01:00:00,20,61,4973.4400000000005,34.5,1.0
8,2025-06-13 02:00:00,19,55,4786.48,37.1578947368421,1.0
8,2025-06-13 03:00:00,15,46,4256.74,35.666666666666664,1.0
8,2025-06-13 04:00:00,14,42,3940.52,36.57142857142857,1.0
8,2025-06-13 05:00:00,21,48,4539.56,35.23809523809524,1.0
8,2025-06-13 06:00:00,15,53,4075.83,36.266666666666666,1.0
8,2025-06-13 07:00:00,17,59,4489.97,31.823529411764707,0.0
8,2025-06-13 08:00:00,15,42,4090.76,41.13333333333333,0.0
8,2025-06-13 09:00:00,13,30,2757.56,37.53846153846154,0.0
8,2025-06-13 10:00:00,16,51,3261.2400000000002,38.4375,2.0
8,2025-06-13 11:00:00,19,50,4792.96,41.05263157894737,2.0
8,2025-06-13 12:00:00,17,58,4997.27,39.588235294117645,2.0
8,2025-06-13 13:00:00,21,57,4423.49,36.095238095238095,2.0
8,2025-06-13 14:00:00,22,69,6068.96,37.22727272727273,2.0
8,2025-06-13 15:00:00,22,67,6011.9400000000005,35.95454545454545,2.0
8,2025-06-13 16:00:00,27,73,6456.2,37.592592592592595,0.0
8,2025-06-13 17:00:00,17,53,4192.01,35.1764705882353,0.0
8,2025-06-13 18:00:00,17,49,4215.06,38.05882352941177,0.0
8,2025-06-13 19:00:00,19,53,4482.37,38.10526315789474,0.0
8,2025-06-13 20:00:00,16,41,2948.3999999999996,41.6875,1.0
8,2025-06-13 21:00:00,19,51,4851.31,35.526315789473685,1.0
8,2025-06-13 22:00:00,21,63,6017.06,38.42857142857143,1.0
8,2025-06-13 23:00:00,18,67,5963.85,38.22222222222222,1.0
8,2025-06-14 00:00:00,23,68,4523.23,35.21739130434783,1.0
8,2025-06-14 01:00:00,20,63,5692.85,35.9,1.0
8,2025-06-14 02:00:00,10,26,1725.23,33.2,1.0
8,2025-06-14 03:00:00,18,45,4184.99,36.388888888888886,1.0
8,2025-06-14 04:00:00,23,79,6727.25,40.56521739130435,1.0
8,2025-06-14 05:00:00,13,40,3584.44,35.92307692307692,1.0
8,2025-06-14 06:00:00,22,60,5780.82,39.36363636363637,1.0
8,2025-06-14 07:00:00,20,64,5642.679999999999,38.0,0.0
8,2025-06-14 08:00:00,21,62,6028.51,35.857142857142854,0.0
8,2025-06-14 09:00:00,18,58,5015.75,36.5,0.0
8,2025-06-14 10:00:00,18,58,5925.04,38.0,2.0
8,2025-06-14 11:00:00,15,46,4529.89,36.53333333333333,2.0
8,2025-06-14 12:00:00,21,64,6274.72,41.904761904761905,2.0
8,2025-06-14 13:00:00,17,57,5464.33,36.11764705882353,2.0
8,2025-06-14 14:00:00,20,57,5234.98,33.75,2.0
8,2025-06-14 15:00:00,14,50,4534.98,37.57142857142857,2.0
8,2025-06-14 16:00:00,15,47,4505.35,35.53333333333333,0.0
8,2025-06-14 17:00:00,14,44,4148.6,36.92857142857143,0.0
8,2025-06-14 18:00:00,20,57,5114.1,35.45,0.0
8,2025-06-14 19:00:00,18,49,4223.89,34.888888888888886,0.0
8,2025-06-14 20:00:00,19,59,5030.24,39.526315789473685,1.0
8,2025-06-14 21:00:00,27,77,6493.58,39.370370370370374,1.0
8,2025-06-14 22:00:00,17,49,4683.65,39.64705882352941,1.0
8,2025-06-14 23:00:00,15,47,4137.85,35.93333333333333,1.0
8,2025-06-15 00:00:00,21,64,5239.91,40.857142857142854,1.0
8,2025-06-15 01:00:00,20,74,6077.33,33.05,1.0
8,2025-06-15 02:00:00,22,70,5584.070000000001,36.90909090909091,1.0
8,2025-06-15 03:00:00,17,42,4374.2,37.05882352941177,1.0
8,2025-06-15 04:00:00,9,25,2067.73,32.888888888888886,1.0
8,2025-06-15 05:00:00,17,60,5841.49,36.23529411764706,1.0
8,2025-06-15 06:00:00,26,75,6809.3,36.53846153846154,1.0
8,2025-06-15 07:00:00,19,61,5529.860000000001,33.421052631578945,0.0
8,2025-06-15 08:00:00,25,74,6566.74,40.12,0.0
8,2025-06-15 09:00:00,23,65,5640.06,37.26086956521739,0.0
8,2025-06-15 10:00:00,27,87,7752.51,34.888888888888886,2.0
8,2025-06-15 11:00:00,29,77,6268.15,37.310344827586206,2.0
8,2025-06-15 12:00:00,22,57,5008.31,37.18181818181818,2.0
8,2025-06-15 13:00:00,11,40,3771.65,38.90909090909091,2.0
8,2025-06-15 14:00:00,20,69,6166.5,37.1,2.0
8,2025-06-15 15:00:00,18,59,5735.56,37.94444444444444,2.0
8,2025-06-15 16:00:00,20,61,5635.4,34.9,0.0
8,2025-06-15 17:00:00,21,64,5314.62,36.61904761904762,0.0
8,2025-06-15 18:00:00,14,38,3122.17,36.357142857142854,0.0
8,2025-06-15 19:00:00,11,34,3271.1800000000003,40.18181818181818,0.0
8,2025-06-15 20:00:00,18,52,4914.08,38.388888888888886,1.0
8,2025-06-15 21:00:00,24,64,6009.18,37.958333333333336,1.0
8,2025-06-15 22:00:00,20,77,6003.54,39.05,1.0
8,2025-06-15 23:00:00,23,67,6313.58,36.95652173913044,1.0
8,2025-06-16 00:00:00,16,42,3429.66,36.0625,1.0
8,2025-06-16 01:00:00,20,65,5227.9400000000005,38.65,1.0
8,2025-06-16 02:00:00,17,55,4844.85,39.470588235294116,1.0
8,2025-06-16 03:00:00,19,49,4093.81,36.94736842105263,1.0
8,2025-06-16 04:00:00,22,59,5883.07,38.77272727272727,1.0
8,2025-06-16 05:00:00,17,49,4527.92,36.94117647058823,1.0
8,2025-06-16 06:00:00,21,63,5638.92,40.095238095238095,1.0
8,2025-06-16 07:00:00,9,26,2233.8199999999997,36.44444444444444,0.0
8,2025-06-16 08:00:00,19,57,4730.66,36.10526315789474,0.0
8,2025-06-16 09:00:00,16,46,4550.85,39.6875,0.0
9,2025-06-01 10:00:00,15,43,4804.63,39.6,2.0
9,2025-06-01 11:00:00,20,62,5327.41,35.45,2.0
9,2025-06-01 12:00:00,14,50,4419.7300000000005,33.357142857142854,2.0
9,2025-06-01 13:00:00,5,12,1242.38,41.0,2.0
9,2025-06-01 14:00:00,15,51,4401.150000000001,36.666666666666664,2.0
9,2025-06-01 15:00:00,10,31,2586.7999999999997,39.1,2.0
9,2025-06-01 16:00:00,12,41,3096.46,36.5,0.0
9,2025-06-01 17:00:00,18,55,4339.97,31.61111111111111,0.0
9,2025-06-01 18:00:00,14,42,3159.22,39.642857142857146,0.0
9,2025-06-01 19:00:00,17,59,4673.88,36.8235294117647,0.0
9,2025-06-01 20:00:00,13,35,3045.1,32.53846153846154,1.0
9,2025-06-01 21:00:00,16,52,4759.94,38.875,1.0
9,2025-06-01 22:00:00,15,40,3559.14,41.46666666666667,1.0
9,2025-06-01 23:00:00,19,62,6099.99,39.05263157894737,1.0
9,2025-06-02 00:00:00,11,35,2986.2200000000003,36.63636363636363,1.0
9,2025-06-02 01:00:00,16,37,3039.2599999999998,39.0625,1.0
9,2025-06-02 02:00:00,17,44,3781.92,35.588235294117645,1.0
9,2025-06-02 03:00:00,17,56,6195.07,39.470588235294116,1.0
9,2025-06-02 04:00:00,20,53,5187.78,40.8,1.0
9,2025-06-02 05:00:00,16,39,2892.2,38.375,1.0
9,2025-06-02 06:00:00,13,47,5017.65,38.92307692307692,1.0
9,2025-06-02 07:00:00,22,66,6698.71,35.18181818181818,0.0
9,2025-06-02 08:00:00,19,52,4976.97,37.36842105263158,0.0
9,2025-06-02 09:00:00,22,63,6693.3,34.68181818181818,0.0
9,2025-06-02 10:00:00,20,55,5777.62,34.3,2.0
9,2025-06-02 11:00:00,13,40,4307.9,38.23076923076923,2.0
9,2025-06-02 12:00:00,17,53,4276.54,38.411764705882355,2.0
9,2025-06-02 13:00:00,23,74,6125.0,40.608695652173914,2.0
9,2025-06-02 14:00:00,10,34,2689.51,34.5,2.0
9,2025-06-02 15:00:00,12,39,4070.1800000000003,41.166666666666664,2.0
9,2025-06-02 16:00:00,15,47,4040.17,36.6,0.0
9,2025-06-02 17:00:00,14,46,4296.48,35.142857142857146,0.0
9,2025-06-02 18:00:00,20,50,4501.63,39.1,0.0
9,2025-06-02 19:00:00,13,43,3843.2,40.61538461538461,0.0
9,2025-06-02 20:00:00,16,43,4266.8,40.25,1.0
9,2025-06-02 21:00:00,20,56,5286.66,37.8,1.0
9,2025-06-02 22:00:00,15,43,4444.71,38.2,1.0
9,2025-06-02 23:00:00,16,49,4036.4900000000002,36.0625,1.0
9,2025-06-03 00:00:00,12,38,3488.61,39.666666666666664,1.0
9,2025-06-03 01:00:00,13,34,3673.94,38.23076923076923,1.0
9,2025-06-03 02:00:00,13,41,3763.54,36.76923076923077,1.0
9,2025-06-03 03:00:00,23,77,6429.71,37.08695652173913,1.0
9,2025-06-03 04:00:00,12,32,2902.08,40.416666666666664,1.0
9,2025-06-03 05:00:00,19,62,5248.43,41.421052631578945,1.0
9,2025-06-03 06:00:00,19,56,4441.38,38.473684210526315,1.0
9,2025-06-03 07:00:00,15,51,4036.7999999999997,41.53333333333333,0.0
9,2025-06-03 08:00:00,13,40,3365.75,35.61538461538461,0.0
9,2025-06-03 09:00:00,24,84,8051.46,38.125,0.0
9,2025-06-03 10:00:00,15,45,4209.25,39.13333333333333,2.0
9,2025-06-03 11:00:00,17,48,3623.9900000000002,35.64705882352941,2.0
9,2025-06-03 12:00:00,16,44,3263.56,38.375,2.0
9,2025-06-03 13:00:00,20,58,5511.33,36.4,2.0
9,2025-06-03 14:00:00,17,52,4226.05,36.1764705882353,2.0
9,2025-06-03 15:00:00,18,48,4526.14,41.166666666666664,2.0
9,2025-06-03 16:00:00,10,28,2215.25,35.6,0.0
9,2025-06-03 17:00:00,21,70,6142.5,38.476190476190474,0.0
9,2025-06-03 18:00:00,17,43,3897.37,35.64705882352941,0.0
9,2025-06-03 19:00:00,14,36,3419.5,37.285714285714285,0.0
9,2025-06-03 20:00:00,19,72,7451.29,36.421052631578945,1.0
9,2025-06-03 21:00:00,14,37,3669.12,38.357142857142854,1.0
9,2025-06-03 22:00:00,13,45,4481.47,36.92307692307692,1.0
9,2025-06-03 23:00:00,20,62,6362.1,36.4,1.0
9,2025-06-04 00:00:00,15,48,3919.52,38.666666666666664,1.0
9,2025-06-04 01:00:00,20,55,4719.12,39.3,1.0
9,2025-06-04 02:00:00,12,36,3696.21,41.833333333333336,1.0
9,2025-06-04 03:00:00,18,57,4897.23,36.666666666666664,1.0
9,2025-06-04 04:00:00,18,54,4518.04,35.05555555555556,1.0
9,2025-06-04 05:00:00,11,39,3954.17,39.54545454545455,1.0
9,2025-06-04 06:00:00,18,64,6469.77,38.22222222222222,1.0
9,2025-06-04 07:00:00,16,45,4302.41,32.6875,0.0
9,2025-06-04 08:00:00,15,53,4650.92,35.46666666666667,0.0
9,2025-06-04 09:00:00,13,34,3210.61,34.46153846153846,0.0
9,2025-06-04 10:00:00,17,52,5184.66,38.1764705882353,2.0
9,2025-06-04 11:00:00,10,36,3500.8,37.1,2.0
9,2025-06-04 12:00:00,18,43,4353.43,36.388888888888886,2.0
9,2025-06-04 13:00:00,17,53,4986.8099999999995,42.88235294117647,2.0
9,2025-06-04 14:00:00,12,29,2611.08,32.166666666666664,2.0
9,2025-06-04 15:00:00,20,53,5058.64,34.6,2.0
9,2025-06-04 16:00:00,21,61,6634.18,36.61904761904762,0.0
9,2025-06-04 17:00:00,18,47,4075.15,38.111111111111114,0.0
9,2025-06-04 18:00:00,16,55,3483.6099999999997,37.6875,0.0
9,2025-06-04 19:00:00,19,62,5725.78,40.0,0.0
9,2025-06-04 20:00:00,18,49,4655.3,37.27777777777778,1.0
9,2025-06-04 21:00:00,14,38,3431.64,35.42857142857143,1.0
9,2025-06-04 22:00:00,20,63,5310.16,39.5,1.0
9,2025-06-04 23:00:00,25,79,7489.81,38.56,1.0
9,2025-06-05 00:00:00,15,48,3892.1,40.2,1.0
9,2025-06-05 01:00:00,13,38,3406.09,38.84615384615385,1.0
9,2025-06-05 02:00:00,18,43,4401.46,40.388888888888886,1.0
9,2025-06-05 03:00:00,20,60,5137.73,36.9,1.0
9,2025-06-05 04:00:00,16,46,4506.78,37.8125,1.0
9,2025-06-05 05:00:00,21,58,4629.13,37.095238095238095,1.0
9,2025-06-05 06:00:00,14,30,3117.3,34.5,1.0
9,2025-06-05 07:00:00,13,38,3567.63,40.07692307692308,0.0
9,2025-06-05 08:00:00,20,62,5036.0199999999995,35.3,0.0
9,2025-06-05 09:00:00,15,47,4047.75,34.733333333333334,0.0
9,2025-06-05 10:00:00,15,36,3509.25,36.86666666666667,2.0
9,2025-06-05 11:00:00,17,46,4003.56,35.35294117647059,2.0
9,2025-06-05 12:00:00,19,59,5225.21,40.94736842105263,2.0
9,2025-06-05 13:00:00,12,39,3485.51,36.583333333333336,2.0
9,2025-06-05 14:00:00,20,54,4980.5,37.45,2.0
9,2025-06-05 15:00:00,16,43,3150.1400000000003,41.25,2.0
9,2025-06-05 16:00:00,15,43,4261.76,37.13333333333333,0.0
9,2025-06-05 17:00:00,14,44,3779.77,39.642857142857146,0.0
9,2025-06-05 18:00:00,15,47,4195.52,38.666666666666664,0.0
9,2025-06-05 19:00:00,12,46,3323.0,36.166666666666664,0.0
9,2025-06-05 20:00:00,18,56,5217.37,39.27777777777778,1.0
9,2025-06-05 21:00:00,14,54,4506.06,38.214285714285715,1.0
9,2025-06-05 22:00:00,15,40,3745.36,36.666666666666664,1.0
9,2025-06-05 23:00:00,15,45,3708.14,34.53333333333333,1.0
9,2025-06-06 00:00:00,15,50,4744.03,35.06666666666667,1.0
9,2025-06-06 01:00:00,19,70,7339.83,39.94736842105263,1.0
9,2025-06-06 02:00:00,17,60,5057.0,42.76470588235294,1.0
9,2025-06-06 03:00:00,16,50,5256.92,35.75,1.0
9,2025-06-06 04:00:00,14,46,4582.06,34.857142857142854,1.0
9,2025-06-06 05:00:00,13,37,4063.65,37.15384615384615,1.0
9,2025-06-06 06:00:00,13,39,3718.16,39.15384615384615,1.0
9,2025-06-06 07:00:00,15,46,3980.8,41.4,0.0
9,2025-06-06 08:00:00,21,72,5752.82,33.42857142857143,0.0
9,2025-06-06 09:00:00,17,59,4429.02,38.94117647058823,0.0
9,2025-06-06 10:00:00,16,59,5818.81,39.375,2.0
9,2025-06-06 11:00:00,12,28,2691.23,33.916666666666664,2.0
9,2025-06-06 12:00:00,19,56,4900.0,38.421052631578945,2.0
9,2025-06-06 13:00:00,26,86,7894.6900000000005,32.76923076923077,2.0
9,2025-06-06 14:00:00,19,63,5374.56,35.0,2.0
9,2025-06-06 15:00:00,15,43,3521.3199999999997,36.53333333333333,2.0
9,2025-06-06 16:00:00,20,60,5605.98,37.05,0.0
9,2025-06-06 17:00:00,15,39,3746.71,36.266666666666666,0.0
9,2025-06-06 18:00:00,23,72,6256.33,35.608695652173914,0.0
9,2025-06-06 19:00:00,20,69,7185.57,41.8,0.0
9,2025-06-06 20:00:00,11,33,3263.63,31.363636363636363,1.0
9,2025-06-06 21:00:00,17,50,5352.05,37.411764705882355,1.0
9,2025-06-06 22:00:00,13,41,3737.76,35.84615384615385,1.0
9,2025-06-06 23:00:00,19,73,7131.76,34.10526315789474,1.0
9,2025-06-07 00:00:00,16,38,3261.84,38.3125,1.0
9,2025-06-07 01:00:00,14,43,4030.3199999999997,41.07142857142857,1.0
9,2025-06-07 02:00:00,15,48,5170.22,36.8,1.0
9,2025-06-07 03:00:00,14,54,3988.45,33.714285714285715,1.0
9,2025-06-07 04:00:00,25,76,6995.04,36.68,1.0
9,2025-06-07 05:00:00,18,71,5594.97,38.05555555555556,1.0
9,2025-06-07 06:00:00,16,50,5003.1,35.5625,1.0
9,2025-06-07 07:00:00,15,41,3399.14,41.666666666666664,0.0
9,2025-06-07 08:00:00,15,54,5605.05,35.86666666666667,0.0
9,2025-06-07 09:00:00,18,54,4909.32,43.0,0.0
9,2025-06-07 10:00:00,11,37,3259.76,36.72727272727273,2.0
9,2025-06-07 11:00:00,17,50,4297.88,36.94117647058823,2.0
9,2025-06-07 12:00:00,18,49,5363.58,38.166666666666664,2.0
9,2025-06-07 13:00:00,19,53,4649.84,37.05263157894737,2.0
9,2025-06-07 14:00:00,15,46,4122.65,37.46666666666667,2.0
9,2025-06-07 15:00:00,14,37,2857.62,34.357142857142854,2.0
9,2025-06-07 16:00:00,23,67,7330.82,40.0,0.0
9,2025-06-07 17:00:00,18,48,4892.53,33.55555555555556,0.0
9,2025-06-07 18:00:00,14,48,4329.0599999999995,37.5,0.0
9,2025-06-07 19:00:00,21,80,7241.860000000001,38.0,0.0
9,2025-06-07 20:00:00,18,49,4080.8700000000003,32.0,1.0
9,2025-06-07 21:00:00,20,55,5522.2,36.95,1.0
9,2025-06-07 22:00:00,23,71,6897.01,39.34782608695652,1.0
9,2025-06-07 23:00:00,11,35,3703.0600000000004,37.72727272727273,1.0
9,2025-06-08 00:00:00,16,48,4310.92,33.6875,1.0
9,2025-06-08 01:00:00,18,48,4386.86,37.72222222222222,1.0
9,2025-06-08 02:00:00,22,64,5235.41,36.13636363636363,1.0
9,2025-06-08 03:00:00,25,82,7256.38,41.52,1.0
9,2025-06-08 04:00:00,15,46,4553.53,35.666666666666664,1.0
9,2025-06-08 05:00:00,15,35,3195.26,34.93333333333333,1.0
9,2025-06-08 06:00:00,10,26,2361.05,35.6,1.0
9,2025-06-08 07:00:00,21,74,7224.22,36.57142857142857,0.0
9,2025-06-08 08:00:00,14,47,3671.25,35.57142857142857,0.0
9,2025-06-08 09:00:00,22,71,6374.72,41.72727272727273,0.0
9,2025-06-08 10:00:00,18,55,4894.04,37.833333333333336,2.0
9,2025-06-08 11:00:00,16,48,4636.85,34.5,2.0
9,2025-06-08 12:00:00,15,43,4166.46,36.93333333333333,2.0
9,2025-06-08 13:00:00,17,51,5205.68,37.64705882352941,2.0
9,2025-06-08 14:00:00,15,48,4149.89,38.4,2.0
9,2025-06-08 15:00:00,21,50,5216.31,38.95238095238095,2.0
9,2025-06-08 16:00:00,11,22,2492.2000000000003,40.45454545454545,0.0
9,2025-06-08 17:00:00,18,58,4857.64,40.22222222222222,0.0
9,2025-06-08 18:00:00,16,41,3514.46,48.125,0.0
9,2025-06-08 19:00:00,11,43,3817.35,39.18181818181818,0.0
9,2025-06-08 20:00:00,18,54,4744.48,41.72222222222222,1.0
9,2025-06-08 21:00:00,13,37,3029.77,36.92307692307692,1.0
9,2025-06-08 22:00:00,15,44,4413.94,38.8,1.0
9,2025-06-08 23:00:00,16,48,3968.5,38.375,1.0
9,2025-06-09 00:00:00,10,33,2224.03,41.7,1.0
9,2025-06-09 01:00:00,16,46,4300.89,32.3125,1.0
9,2025-06-09 02:00:00,19,60,5347.94,36.10526315789474,1.0
9,2025-06-09 03:00:00,14,34,3413.88,39.142857142857146,1.0
9,2025-06-09 04:00:00,19,59,5365.65,39.89473684210526,1.0
9,2025-06-09 05:00:00,25,73,7008.88,35.24,1.0
9,2025-06-09 06:00:00,22,75,6904.87,39.59090909090909,1.0
9,2025-06-09 07:00:00,18,55,4390.2,35.833333333333336,0.0
9,2025-06-09 08:00:00,17,48,4493.4,36.94117647058823,0.0
9,2025-06-09 09:00:00,26,76,5887.46,34.73076923076923,0.0
9,2025-06-09 10:00:00,17,58,4672.51,38.64705882352941,2.0
9,2025-06-09 11:00:00,17,55,4764.02,37.23529411764706,2.0
9,2025-06-09 12:00:00,10,27,2387.62,35.3,2.0
9,2025-06-09 13:00:00,22,72,6441.7,36.04545454545455,2.0
9,2025-06-09 14:00:00,14,42,3717.31,35.357142857142854,2.0
9,2025-06-09 15:00:00,14,44,4225.6900000000005,43.642857142857146,2.0
9,2025-06-09 16:00:00,20,64,6560.13,40.2,0.0
9,2025-06-09 17:00:00,14,49,4220.09,40.285714285714285,0.0
9,2025-06-09 18:00:00,26,86,7362.08,36.42307692307692,0.0
9,2025-06-09 19:00:00,22,69,6659.52,37.72727272727273,0.0
9,2025-06-09 20:00:00,16,49,4092.08,38.3125,1.0
9,2025-06-09 21:00:00,16,48,4567.2300000000005,34.9375,1.0
9,2025-06-09 22:00:00,17,42,3761.2400000000002,38.0,1.0
9,2025-06-09 23:00:00,17,48,4159.19,35.11764705882353,1.0
9,2025-06-10 00:00:00,15,51,4991.54,29.533333333333335,1.0
9,2025-06-10 01:00:00,14,52,5638.1,41.42857142857143,1.0
9,2025-06-10 02:00:00,18,57,5322.09,41.05555555555556,1.0
9,2025-06-10 03:00:00,15,51,4917.19,30.933333333333334,1.0
9,2025-06-10 04:00:00,17,49,3950.2,36.88235294117647,1.0
9,2025-06-10 05:00:00,19,62,5846.87,40.68421052631579,1.0
9,2025-06-10 06:00:00,15,39,3407.39,33.13333333333333,1.0
9,2025-06-10 07:00:00,15,51,5266.75,34.53333333333333,0.0
9,2025-06-10 08:00:00,16,57,4856.92,33.1875,0.0
9,2025-06-10 09:00:00,17,47,3868.29,37.705882352941174,0.0
9,2025-06-10 10:00:00,17,48,5128.83,40.0,2.0
9,2025-06-10 11:00:00,12,29,2418.53,42.083333333333336,2.0
9,2025-06-10 12:00:00,10,32,2880.79,33.8,2.0
9,2025-06-10 13:00:00,19,67,5269.49,35.05263157894737,2.0
9,2025-06-10 14:00:00,18,53,4887.65,38.0,2.0
9,2025-06-10 15:00:00,15,47,4370.9400000000005,37.4,2.0
9,2025-06-10 16:00:00,11,35,2860.9500000000003,35.54545454545455,0.0
9,2025-06-10 17:00:00,9,32,2956.8100000000004,34.666666666666664,0.0
9,2025-06-10 18:00:00,16,44,4088.08,37.875,0.0
9,2025-06-10 19:00:00,19,60,5277.16,32.526315789473685,0.0
9,2025-06-10 20:00:00,11,36,2630.71,37.72727272727273,1.0
9,2025-06-10 21:00:00,19,58,5402.93,32.526315789473685,1.0
9,2025-06-10 22:00:00,22,71,6120.9800000000005,39.90909090909091,1.0
9,2025-06-10 23:00:00,17,48,4890.59,39.588235294117645,1.0
9,2025-06-11 00:00:00,22,61,5891.56,36.36363636363637,1.0
9,2025-06-11 01:00:00,17,52,4177.6,38.294117647058826,1.0
9,2025-06-11 02:00:00,10,26,1909.5300000000002,40.9,1.0
9,2025-06-11 03:00:00,16,40,3690.1800000000003,35.5625,1.0
9,2025-06-11 04:00:00,16,52,3850.7599999999998,36.875,1.0
9,2025-06-11 05:00:00,17,57,5570.81,38.470588235294116,1.0
9,2025-06-11 06:00:00,17,51,4731.39,37.94117647058823,1.0
9,2025-06-11 07:00:00,16,43,3672.48,37.3125,0.0
9,2025-06-11 08:00:00,16,49,4850.24,36.5,0.0
9,2025-06-11 09:00:00,19,62,6110.95,40.78947368421053,0.0
9,2025-06-11 10:00:00,17,56,5851.32,38.470588235294116,2.0
9,2025-06-11 11:00:00,20,52,4252.78,36.55,2.0
9,2025-06-11 12:00:00,11,33,3347.01,41.63636363636363,2.0
9,2025-06-11 13:00:00,6,15,1077.98,40.833333333333336,2.0
9,2025-06-11 14:00:00,17,48,3393.21,34.294117647058826,2.0
9,2025-06-11 15:00:00,20,54,5149.55,38.55,2.0
9,2025-06-11 16:00:00,13,43,4522.5199999999995,39.15384615384615,0.0
9,2025-06-11 17:00:00,15,52,5041.2,42.4,0.0
9,2025-06-11 18:00:00,20,49,3632.84,32.05,0.0
9,2025-06-11 19:00:00,11,25,2479.79,40.18181818181818,0.0
9,2025-06-11 20:00:00,18,43,3527.9900000000002,35.111111111111114,1.0
9,2025-06-11 21:00:00,10,26,1845.1,40.6,1.0
9,2025-06-11 22:00:00,18,54,4933.85,35.77777777777778,1.0
9,2025-06-11 23:00:00,15,35,3362.45,38.666666666666664,1.0
9,2025-06-12 00:00:00,17,48,4090.46,40.1764705882353,1.0
9,2025-06-12 01:00:00,25,88,7664.8,43.68,1.0
9,2025-06-12 02:00:00,15,58,4557.7699999999995,40.06666666666667,1.0
9,2025-06-12 03:00:00,18,45,3271.0099999999998,39.388888888888886,1.0
9,2025-06-12 04:00:00,12,38,3855.03,37.0,1.0
9,2025-06-12 05:00:00,20,65,5731.58,39.0,1.0
9,2025-06-12 06:00:00,15,51,4800.5,37.8,1.0
9,2025-06-12 07:00:00,17,34,2693.33,37.294117647058826,0.0
9,2025-06-12 08:00:00,13,39,3309.1699999999996,38.15384615384615,0.0
9,2025-06-12 09:00:00,18,52,4502.47,35.666666666666664,0.0
9,2025-06-12 10:00:00,16,45,4118.5,39.4375,2.0
9,2025-06-12 11:00:00,18,54,5424.37,39.666666666666664,2.0
9,2025-06-12 12:00:00,19,67,5857.97,39.31578947368421,2.0
9,2025-06-12 13:00:00,18,54,5115.59,38.72222222222222,2.0
9,2025-06-12 14:00:00,23,66,5720.59,38.73913043478261,2.0
9,2025-06-12 15:00:00,29,79,6843.84,34.172413793103445,2.0
9,2025-06-12 16:00:00,17,45,3685.32,35.11764705882353,0.0
9,2025-06-12 17:00:00,24,66,6109.76,37.208333333333336,0.0
9,2025-06-12 18:00:00,15,63,5854.74,37.333333333333336,0.0
9,2025-06-12 19:00:00,15,40,3480.55,35.666666666666664,0.0
9,2025-06-12 20:00:00,17,56,5157.88,38.05882352941177,1.0
9,2025-06-12 21:00:00,13,40,2791.23,38.23076923076923,1.0
9,2025-06-12 22:00:00,16,40,3466.14,37.6875,1.0
9,2025-06-12 23:00:00,16,50,4884.36,37.0,1.0
9,2025-06-13 00:00:00,14,40,3181.41,35.0,1.0
9,2025-06-13 01:00:00,19,50,4432.17,33.10526315789474,1.0
9,2025-06-13 02:00:00,23,55,5354.67,36.52173913043478,1.0
9,2025-06-13 03:00:00,13,46,4227.71,37.53846153846154,1.0
9,2025-06-13 04:00:00,19,50,4119.93,43.05263157894737,1.0
9,2025-06-13 05:00:00,16,46,3764.44,38.3125,1.0
9,2025-06-13 06:00:00,12,34,2784.1099999999997,39.333333333333336,1.0
9,2025-06-13 07:00:00,15,56,5351.27,34.2,0.0
9,2025-06-13 08:00:00,19,62,4835.82,39.31578947368421,0.0
9,2025-06-13 09:00:00,17,59,5671.8,36.94117647058823,0.0
9,2025-06-13 10:00:00,14,40,3250.25,38.92857142857143,2.0
9,2025-06-13 11:00:00,17,45,4517.68,37.588235294117645,2.0
9,2025-06-13 12:00:00,18,57,4483.23,41.72222222222222,2.0
9,2025-06-13 13:00:00,12,40,3303.9300000000003,34.416666666666664,2.0
9,2025-06-13 14:00:00,21,65,5298.88,33.666666666666664,2.0
9,2025-06-13 15:00:00,13,42,3126.24,41.53846153846154,2.0
9,2025-06-13 16:00:00,23,68,5306.0,35.391304347826086,0.0
9,2025-06-13 17:00:00,11,36,3249.16,38.90909090909091,0.0
9,2025-06-13 18:00:00,20,53,3992.9300000000003,39.7,0.0
9,2025-06-13 19:00:00,18,53,4796.32,38.0,0.0
9,2025-06-13 20:00:00,27,70,6616.77,38.333333333333336,1.0
9,2025-06-13 21:00:00,14,45,4629.42,37.0,1.0
9,2025-06-13 22:00:00,12,44,4396.42,35.916666666666664,1.0
9,2025-06-13 23:00:00,17,43,3697.59,36.1764705882353,1.0
9,2025-06-14 00:00:00,15,60,5640.74,38.86666666666667,1.0
9,2025-06-14 01:00:00,21,69,6224.79,39.285714285714285,1.0
9,2025-06-14 02:00:00,13,25,2070.7799999999997,35.0,1.0
9,2025-06-14 03:00:00,13,37,3486.58,40.15384615384615,1.0
9,2025-06-14 04:00:00,17,52,4884.34,34.94117647058823,1.0
9,2025-06-14 05:00:00,14,38,4022.97,39.5,1.0
9,2025-06-14 06:00:00,12,38,2846.3,38.083333333333336,1.0
9,2025-06-14 07:00:00,21,62,5062.07,36.42857142857143,0.0
9,2025-06-14 08:00:00,11,23,2566.29,34.09090909090909,0.0
9,2025-06-14 09:00:00,14,39,4039.33,40.92857142857143,0.0
9,2025-06-14 10:00:00,13,42,4328.65,37.23076923076923,2.0
9,2025-06-14 11:00:00,13,47,4159.45,39.92307692307692,2.0
9,2025-06-14 12:00:00,17,59,4654.84,33.94117647058823,2.0
9,2025-06-14 13:00:00,15,44,3988.34,38.13333333333333,2.0
9,2025-06-14 14:00:00,16,37,3721.1099999999997,38.3125,2.0
9,2025-06-14 15:00:00,15,43,3676.93,34.46666666666667,2.0
9,2025-06-14 16:00:00,22,62,4534.87,31.363636363636363,0.0
9,2025-06-14 17:00:00,20,59,5388.89,33.9,0.0
9,2025-06-14 18:00:00,15,51,4738.25,38.93333333333333,0.0
9,2025-06-14 19:00:00,11,30,2354.25,33.27272727272727,0.0
9,2025-06-14 20:00:00,15,53,4532.13,39.333333333333336,1.0
9,2025-06-14 21:00:00,21,56,5432.67,38.61904761904762,1.0
9,2025-06-14 22:00:00,23,62,5271.1900000000005,36.91304347826087,1.0
9,2025-06-14 23:00:00,17,53,4810.98,35.529411764705884,1.0
9,2025-06-15 00:00:00,23,76,7098.3,37.82608695652174,1.0
9,2025-06-15 01:00:00,20,43,4144.09,39.55,1.0
9,2025-06-15 02:00:00,18,53,4514.75,32.111111111111114,1.0
9,2025-06-15 03:00:00,10,37,2517.83,34.1,1.0
9,2025-06-15 04:00:00,13,42,4430.3,39.0,1.0
9,2025-06-15 05:00:00,14,44,4399.01,35.92857142857143,1.0
9,2025-06-15 06:00:00,14,43,4153.14,35.5,1.0
9,2025-06-15 07:00:00,19,62,6519.56,40.10526315789474,0.0
9,2025-06-15 08:00:00,17,45,3975.41,35.76470588235294,0.0
9,2025-06-15 09:00:00,13,39,3453.7200000000003,36.61538461538461,0.0
9,2025-06-15 10:00:00,14,38,3864.9100000000003,37.42857142857143,2.0
9,2025-06-15 11:00:00,16,60,5134.28,36.0625,2.0
9,2025-06-15 12:00:00,26,72,7805.46,35.92307692307692,2.0
9,2025-06-15 13:00:00,21,47,4516.78,32.57142857142857,2.0
9,2025-06-15 14:00:00,21,61,5474.59,38.04761904761905,2.0
9,2025-06-15 15:00:00,21,66,5007.42,42.095238095238095,2.0
9,2025-06-15 16:00:00,14,38,3252.68,36.142857142857146,0.0
9,2025-06-15 17:00:00,14,48,4759.92,43.07142857142857,0.0
9,2025-06-15 18:00:00,23,75,6884.77,37.95652173913044,0.0
9,2025-06-15 19:00:00,19,65,5593.45,34.421052631578945,0.0
9,2025-06-15 20:00:00,17,68,5521.08,39.0,1.0
9,2025-06-15 21:00:00,18,58,5111.39,35.94444444444444,1.0
9,2025-06-15 22:00:00,13,38,3567.14,37.76923076923077,1.0
9,2025-06-15 23:00:00,14,48,3789.5699999999997,41.92857142857143,1.0
9,2025-06-16 00:00:00,14,36,3048.03,39.92857142857143,1.0
9,2025-06-16 01:00:00,14,53,5544.56,37.142857142857146,1.0
9,2025-06-16 02:00:00,14,29,2929.7200000000003,39.5,1.0
9,2025-06-16 03:00:00,18,53,4754.15,35.388888888888886,1.0
9,2025-06-16 04:00:00,17,56,4527.22,38.35294117647059,1.0
9,2025-06-16 05:00:00,20,65,5988.92,36.6,1.0
9,2025-06-16 06:00:00,8,21,1998.72,40.875,1.0
9,2025-06-16 07:00:00,18,58,5451.73,35.94444444444444,0.0
9,2025-06-16 08:00:00,11,25,1978.92,32.81818181818182,0.0
9,2025-06-16 09:00:00,19,50,4644.26,35.31578947368421,0.0
9,2025-06-16 10:00:00,2,7,532.56,31.5,2.0
