year,projected_total_value
2044,606921.7714285664
2045,617938.4519480504
2046,628955.1324675307
2047,639971.8129870109
2048,650988.4935064912
